Date	Close
1/2/1953 16:00:00	1.28061291951
1/5/1953 16:00:00	1.28639832736
1/6/1953 16:00:00	1.27770812854
1/7/1953 16:00:00	1.27239569969
1/8/1953 16:00:00	1.27046081857
1/9/1953 16:00:00	1.25839319047
1/12/1953 16:00:00	1.24777322462
1/13/1953 16:00:00	1.25548871255
1/14/1953 16:00:00	1.25837903333
1/15/1953 16:00:00	1.26078681409
1/16/1953 16:00:00	1.2554745883
1/19/1953 16:00:00	1.25498736555
1/20/1953 16:00:00	1.26125514311
1/21/1953 16:00:00	1.25883794989
1/22/1953 16:00:00	1.26028075714
1/23/1953 16:00:00	1.25786349364
1/26/1953 16:00:00	1.25544634029
1/27/1953 16:00:00	1.25688905193
1/28/1953 16:00:00	1.26074426302
1/29/1953 16:00:00	1.264117037
1/30/1953 16:00:00	1.27279699254
2/2/1953 16:00:00	1.27906458399
2/3/1953 16:00:00	1.28050727205
2/4/1953 16:00:00	1.27471264565
2/5/1953 16:00:00	1.26168087847
2/6/1953 16:00:00	1.27904539737
2/9/1953 16:00:00	1.23947753696
2/10/1953 16:00:00	1.23609558072
2/11/1953 16:00:00	1.2370558212
2/13/1953 16:00:00	1.24187591146
2/16/1953 16:00:00	1.23752902355
2/17/1953 16:00:00	1.23028738928
2/18/1953 16:00:00	1.22931782233
2/19/1953 16:00:00	1.23365539424
2/20/1953 16:00:00	1.23654551445
2/24/1953 16:00:00	1.24233044058
2/25/1953 16:00:00	1.25004510926
2/26/1953 16:00:00	1.25197029226
2/27/1953 16:00:00	1.24955326806
3/2/1953 16:00:00	1.25099597439
3/3/1953 16:00:00	1.25436842682
3/4/1953 16:00:00	1.24374986938
3/5/1953 16:00:00	1.24422766393
3/6/1953 16:00:00	1.24663519008
3/9/1953 16:00:00	1.2461480602
3/10/1953 16:00:00	1.25000292063
3/11/1953 16:00:00	1.26012952817
3/12/1953 16:00:00	1.26060716025
3/13/1953 16:00:00	1.26301467189
3/16/1953 16:00:00	1.26493962747
3/17/1953 16:00:00	1.27024167779
3/18/1953 16:00:00	1.26589502509
3/19/1953 16:00:00	1.26492539688
3/20/1953 16:00:00	1.26299099046
3/23/1953 16:00:00	1.25526744739
3/24/1953 16:00:00	1.26249908275
3/25/1953 16:00:00	1.25911740722
3/26/1953 16:00:00	1.2518763971
3/27/1953 16:00:00	1.25380132926
3/30/1953 16:00:00	1.23546482846
3/31/1953 16:00:00	1.22002293039
4/1/1953 16:00:00	1.21808865849
4/2/1953 16:00:00	1.21711924588
4/6/1953 16:00:00	1.18720534176
4/7/1953 16:00:00	1.19202489298
4/8/1953 16:00:00	1.2026334112
4/9/1953 16:00:00	1.20021682567
4/10/1953 16:00:00	1.19731793696
4/13/1953 16:00:00	1.1949014815
4/14/1953 16:00:00	1.19923859584
4/15/1953 16:00:00	1.20405799358
4/16/1953 16:00:00	1.20164153993
4/17/1953 16:00:00	1.18764767781
4/20/1953 16:00:00	1.19294946702
4/21/1953 16:00:00	1.1900506816
4/22/1953 16:00:00	1.17991602747
4/23/1953 16:00:00	1.16688725165
4/24/1953 16:00:00	1.167365271
4/27/1953 16:00:00	1.17411421653
4/28/1953 16:00:00	1.18279267786
4/29/1953 16:00:00	1.19050629477
4/30/1953 16:00:00	1.18760759451
5/1/1953 16:00:00	1.19290920477
5/4/1953 16:00:00	1.20592883316
5/5/1953 16:00:00	1.20737145865
5/6/1953 16:00:00	1.2059197887
5/7/1953 16:00:00	1.20109156895
5/8/1953 16:00:00	1.20108706485
5/11/1953 16:00:00	1.20156493611
5/12/1953 16:00:00	1.19336026436
5/13/1953 16:00:00	1.19190867415
5/14/1953 16:00:00	1.19865729096
5/15/1953 16:00:00	1.1981704279
5/18/1953 16:00:00	1.19382473023
5/19/1953 16:00:00	1.19140852305
5/20/1953 16:00:00	1.20249812031
5/21/1953 16:00:00	1.20876411814
5/22/1953 16:00:00	1.20731260009
5/25/1953 16:00:00	1.20537864366
5/26/1953 16:00:00	1.19958604222
5/27/1953 16:00:00	1.18848759446
5/28/1953 16:00:00	1.1798009893
5/29/1953 16:00:00	1.18365536484
6/1/1953 16:00:00	1.16483971544
6/2/1953 16:00:00	1.16821167963
6/3/1953 16:00:00	1.16627801271
6/4/1953 16:00:00	1.1590386824
6/5/1953 16:00:00	1.16192828939
6/8/1953 16:00:00	1.15806531141
6/9/1953 16:00:00	1.13828560022
6/10/1953 16:00:00	1.13538741101
6/11/1953 16:00:00	1.14551188345
6/12/1953 16:00:00	1.14888381861
6/15/1953 16:00:00	1.1392331857
6/16/1953 16:00:00	1.13585261614
6/17/1953 16:00:00	1.15031787244
6/18/1953 16:00:00	1.14983123414
6/19/1953 16:00:00	1.14982692228
6/22/1953 16:00:00	1.15561027828
6/23/1953 16:00:00	1.16332295974
6/24/1953 16:00:00	1.16187164511
6/25/1953 16:00:00	1.16669035189
6/26/1953 16:00:00	1.16765051237
6/29/1953 16:00:00	1.16427004187
6/30/1953 16:00:00	1.16426567586
7/1/1953 16:00:00	1.16908430136
7/2/1953 16:00:00	1.17245597113
7/3/1953 16:00:00	1.17486309814
7/6/1953 16:00:00	1.17582320629
7/7/1953 16:00:00	1.18208861968
7/8/1953 16:00:00	1.18160188751
7/9/1953 16:00:00	1.17822146583
7/10/1953 16:00:00	1.17725245608
7/13/1953 16:00:00	1.16567326376
7/14/1953 16:00:00	1.16132835582
7/15/1953 16:00:00	1.16469994065
7/16/1953 16:00:00	1.16614243839
7/17/1953 16:00:00	1.1743367544
7/20/1953 16:00:00	1.16806273955
7/21/1953 16:00:00	1.16516475309
7/22/1953 16:00:00	1.16660722739
7/23/1953 16:00:00	1.16853187828
7/24/1953 16:00:00	1.16852749629
7/27/1953 16:00:00	1.16080688548
7/28/1953 16:00:00	1.16273162837
7/29/1953 16:00:00	1.16996116677
7/30/1953 16:00:00	1.18104872213
7/31/1953 16:00:00	1.19358300046
8/3/1953 16:00:00	1.19791883371
8/4/1953 16:00:00	1.19502084353
8/5/1953 16:00:00	1.19019382237
8/6/1953 16:00:00	1.19597631156
8/7/1953 16:00:00	1.1950073995
8/10/1953 16:00:00	1.19355614496
8/11/1953 16:00:00	1.19210490129
8/12/1953 16:00:00	1.1949939557
8/13/1953 16:00:00	1.19257821282
8/14/1953 16:00:00	1.18726916892
8/17/1953 16:00:00	1.18437122445
8/18/1953 16:00:00	1.17954440615
8/19/1953 16:00:00	1.17230649073
8/20/1953 16:00:00	1.17133770005
8/21/1953 16:00:00	1.17422666422
8/24/1953 16:00:00	1.16168430618
8/25/1953 16:00:00	1.15396432883
8/26/1953 16:00:00	1.15058444151
8/27/1953 16:00:00	1.14720457955
8/28/1953 16:00:00	1.14478911572
8/31/1953 16:00:00	1.12453159948
9/1/1953 16:00:00	1.12934957762
9/2/1953 16:00:00	1.13609633534
9/3/1953 16:00:00	1.13368104139
9/4/1953 16:00:00	1.13657003792
9/8/1953 16:00:00	1.13849466176
9/9/1953 16:00:00	1.1404191792
9/10/1953 16:00:00	1.12884194929
9/11/1953 16:00:00	1.11581815846
9/14/1953 16:00:00	1.09507922214
9/15/1953 16:00:00	1.104236967
9/16/1953 16:00:00	1.10953705067
9/17/1953 16:00:00	1.1124260507
9/18/1953 16:00:00	1.10663557916
9/21/1953 16:00:00	1.10325599307
9/22/1953 16:00:00	1.11868208743
9/23/1953 16:00:00	1.12012440513
9/24/1953 16:00:00	1.12060240443
9/25/1953 16:00:00	1.12349129797
9/28/1953 16:00:00	1.13071993529
9/29/1953 16:00:00	1.13264438057
9/30/1953 16:00:00	1.1258896213
10/1/1953 16:00:00	1.1326358856
10/2/1953 16:00:00	1.13745343565
10/5/1953 16:00:00	1.13214520363
10/6/1953 16:00:00	1.12780138215
10/7/1953 16:00:00	1.13695845561
10/8/1953 16:00:00	1.13888291887
10/9/1953 16:00:00	1.14080727573
10/13/1953 16:00:00	1.13646348673
10/14/1953 16:00:00	1.14176307221
10/15/1953 16:00:00	1.15477722591
10/16/1953 16:00:00	1.16393390092
10/19/1953 16:00:00	1.16489387799
10/20/1953 16:00:00	1.16537167874
10/21/1953 16:00:00	1.16633164318
10/22/1953 16:00:00	1.17163090586
10/23/1953 16:00:00	1.17403733068
10/26/1953 16:00:00	1.17210428051
10/27/1953 16:00:00	1.16968917673
10/28/1953 16:00:00	1.17113126517
10/29/1953 16:00:00	1.18510904274
10/30/1953 16:00:00	1.18317607187
11/2/1953 16:00:00	1.18895728531
11/4/1953 16:00:00	1.18172074479
11/5/1953 16:00:00	1.18798406951
11/6/1953 16:00:00	1.18653326421
11/9/1953 16:00:00	1.18893945089
11/10/1953 16:00:00	1.1749531893
11/12/1953 16:00:00	1.17928787726
11/13/1953 16:00:00	1.18314057648
11/16/1953 16:00:00	1.1754220174
11/17/1953 16:00:00	1.16915001806
11/18/1953 16:00:00	1.17107417276
11/19/1953 16:00:00	1.17637305975
11/20/1953 16:00:00	1.17829717295
11/23/1953 16:00:00	1.17443581154
11/24/1953 16:00:00	1.18118100891
11/25/1953 16:00:00	1.18214083095
11/27/1953 16:00:00	1.18888594897
11/30/1953 16:00:00	1.19370261997
12/1/1953 16:00:00	1.19466238424
12/2/1953 16:00:00	1.2028537352
12/3/1953 16:00:00	1.203813366
12/4/1953 16:00:00	1.20429096662
12/7/1953 16:00:00	1.20284020314
12/8/1953 16:00:00	1.19897889403
12/9/1953 16:00:00	1.1975280694
12/10/1953 16:00:00	1.19463102456
12/11/1953 16:00:00	1.19366233296
12/14/1953 16:00:00	1.19028322029
12/15/1953 16:00:00	1.19124286926
12/16/1953 16:00:00	1.20329063716
12/17/1953 16:00:00	1.20232201948
12/18/1953 16:00:00	1.204727903
12/21/1953 16:00:00	1.20279509709
12/22/1953 16:00:00	1.19363099928
12/23/1953 16:00:00	1.19025197531
12/24/1953 16:00:00	1.19555031343
12/28/1953 16:00:00	1.19120713198
12/29/1953 16:00:00	1.18348947327
12/30/1953 16:00:00	1.19360861852
12/31/1953 16:00:00	1.19601446235
1/4/1954 16:00:00	1.20275901315
1/5/1954 16:00:00	1.2099855003
1/6/1954 16:00:00	1.21190917876
1/7/1954 16:00:00	1.20804812479
1/8/1954 16:00:00	1.20177682502
1/11/1954 16:00:00	1.19550548046
1/12/1954 16:00:00	1.20176781159
1/13/1954 16:00:00	1.20851207183
1/14/1954 16:00:00	1.21429224133
1/15/1954 16:00:00	1.22585695545
1/18/1954 16:00:00	1.22585235849
1/19/1954 16:00:00	1.23789900362
1/20/1954 16:00:00	1.24126868204
1/21/1954 16:00:00	1.24319225577
1/22/1954 16:00:00	1.24607983377
1/25/1954 16:00:00	1.24993149715
1/26/1954 16:00:00	1.25763945342
1/27/1954 16:00:00	1.25377842989
1/28/1954 16:00:00	1.25425577632
1/29/1954 16:00:00	1.2571432587
2/1/1954 16:00:00	1.25280023592
2/2/1954 16:00:00	1.24942133111
2/3/1954 16:00:00	1.25375492163
2/4/1954 16:00:00	1.2629087784
2/5/1954 16:00:00	1.26772423131
2/8/1954 16:00:00	1.264345321
2/9/1954 16:00:00	1.2614484697
2/10/1954 16:00:00	1.25999764373
2/11/1954 16:00:00	1.2561367704
2/12/1954 16:00:00	1.25902422922
2/15/1954 16:00:00	1.25516338847
2/16/1954 16:00:00	1.24407229955
2/17/1954 16:00:00	1.24647774819
2/18/1954 16:00:00	1.2464730739
2/19/1954 16:00:00	1.24936042271
2/23/1954 16:00:00	1.24501767324
2/24/1954 16:00:00	1.24501300442
2/25/1954 16:00:00	1.24886435365
2/26/1954 16:00:00	1.26042768125
3/1/1954 16:00:00	1.26524296424
3/2/1954 16:00:00	1.2686121861
3/3/1954 16:00:00	1.26860742881
3/4/1954 16:00:00	1.27294062227
3/5/1954 16:00:00	1.27823778915
3/8/1954 16:00:00	1.27485907971
3/9/1954 16:00:00	1.27774620303
3/10/1954 16:00:00	1.28063330469
3/11/1954 16:00:00	1.28641235904
3/12/1954 16:00:00	1.28640753499
3/15/1954 16:00:00	1.28061889752
3/16/1954 16:00:00	1.2801321049
3/17/1954 16:00:00	1.28301923535
3/18/1954 16:00:00	1.28831609373
3/19/1954 16:00:00	1.29216704971
3/22/1954 16:00:00	1.29119832984
3/23/1954 16:00:00	1.28203602746
3/24/1954 16:00:00	1.27576557882
3/25/1954 16:00:00	1.27335099843
3/26/1954 16:00:00	1.28009370111
3/29/1954 16:00:00	1.28490854914
3/30/1954 16:00:00	1.28634964743
3/31/1954 16:00:00	1.29839380846
4/1/1954 16:00:00	1.30947394229
4/2/1954 16:00:00	1.31139680721
4/5/1954 16:00:00	1.31380171465
4/6/1954 16:00:00	1.30174798284
4/7/1954 16:00:00	1.30656262345
4/8/1954 16:00:00	1.31957026558
4/9/1954 16:00:00	1.31956531719
4/12/1954 16:00:00	1.32871734919
4/13/1954 16:00:00	1.3320859541
4/14/1954 16:00:00	1.34220177563
4/15/1954 16:00:00	1.34653420603
4/19/1954 16:00:00	1.33785426163
4/20/1954 16:00:00	1.33736729768
4/21/1954 16:00:00	1.33206097736
4/22/1954 16:00:00	1.33398375564
4/23/1954 16:00:00	1.33879807701
4/26/1954 16:00:00	1.3436122704
4/27/1954 16:00:00	1.33541447018
4/28/1954 16:00:00	1.33781914314
4/29/1954 16:00:00	1.35805490937
4/30/1954 16:00:00	1.36190518529
5/3/1954 16:00:00	1.35949042432
5/4/1954 16:00:00	1.36285882892
5/5/1954 16:00:00	1.36333564535
5/6/1954 16:00:00	1.37393261472
5/7/1954 16:00:00	1.38067420838
5/10/1954 16:00:00	1.3792233575
5/11/1954 16:00:00	1.37295331804
5/12/1954 16:00:00	1.38403201071
5/13/1954 16:00:00	1.37631634302
5/14/1954 16:00:00	1.38787685458
5/17/1954 16:00:00	1.38979930095
5/18/1954 16:00:00	1.39027600013
5/19/1954 16:00:00	1.38400605999
5/20/1954 16:00:00	1.38881985106
5/21/1954 16:00:00	1.39700685268
5/24/1954 16:00:00	1.3974835176
5/25/1954 16:00:00	1.39410505567
5/26/1954 16:00:00	1.40566515411
5/27/1954 16:00:00	1.39987719525
5/28/1954 16:00:00	1.40661840451
6/1/1954 16:00:00	1.40661312969
6/2/1954 16:00:00	1.40516217627
6/3/1954 16:00:00	1.40467501584
6/4/1954 16:00:00	1.40226039394
6/7/1954 16:00:00	1.39695446546
6/8/1954 16:00:00	1.36562739601
6/9/1954 16:00:00	1.35646666682
6/10/1954 16:00:00	1.36561715359
6/11/1954 16:00:00	1.37717688089
6/14/1954 16:00:00	1.37909922999
6/15/1954 16:00:00	1.38921319069
6/16/1954 16:00:00	1.39932716771
6/17/1954 16:00:00	1.39546693634
6/18/1954 16:00:00	1.39931667274
6/21/1954 16:00:00	1.40027507213
6/22/1954 16:00:00	1.40123355624
6/23/1954 16:00:00	1.40363753851
6/24/1954 16:00:00	1.4098964144
6/25/1954 16:00:00	1.40700004624
6/28/1954 16:00:00	1.41084956086
6/29/1954 16:00:00	1.41807196454
6/30/1954 16:00:00	1.40746598214
7/1/1954 16:00:00	1.40746070415
7/2/1954 16:00:00	1.4257654771
7/6/1954 16:00:00	1.44166085695
7/7/1954 16:00:00	1.44261914982
7/8/1954 16:00:00	1.44261374
7/9/1954 16:00:00	1.45224497321
7/12/1954 16:00:00	1.45127593091
7/13/1954 16:00:00	1.4464521572
7/14/1954 16:00:00	1.44981952474
7/15/1954 16:00:00	1.45463238319
7/16/1954 16:00:00	1.44836314031
7/19/1954 16:00:00	1.44450312003
7/20/1954 16:00:00	1.43775222088
7/21/1954 16:00:00	1.44690144353
7/22/1954 16:00:00	1.45845965426
7/23/1954 16:00:00	1.46038140468
7/26/1954 16:00:00	1.4618214065
7/27/1954 16:00:00	1.47048857787
7/28/1954 16:00:00	1.47337390652
7/29/1954 16:00:00	1.47866831693
7/30/1954 16:00:00	1.4878170549
8/2/1954 16:00:00	1.49311137159
8/3/1954 16:00:00	1.49021497263
8/4/1954 16:00:00	1.48876394392
8/5/1954 16:00:00	1.48249499323
8/6/1954 16:00:00	1.46369921738
8/9/1954 16:00:00	1.45116708762
8/10/1954 16:00:00	1.46320652495
8/11/1954 16:00:00	1.48006373259
8/12/1954 16:00:00	1.47379493211
8/13/1954 16:00:00	1.48005263203
8/16/1954 16:00:00	1.49594608139
8/17/1954 16:00:00	1.49931305211
8/18/1954 16:00:00	1.49786204345
8/19/1954 16:00:00	1.50122888981
8/20/1954 16:00:00	1.50363212732
8/23/1954 16:00:00	1.4935091744
8/24/1954 16:00:00	1.48724051118
8/25/1954 16:00:00	1.47663581777
8/26/1954 16:00:00	1.47277609591
8/27/1954 16:00:00	1.47710652572
8/30/1954 16:00:00	1.4621661452
8/31/1954 16:00:00	1.43710869979
9/1/1954 16:00:00	1.44722044953
9/2/1954 16:00:00	1.45829558273
9/3/1954 16:00:00	1.46937063316
9/7/1954 16:00:00	1.47707328948
9/8/1954 16:00:00	1.47803129064
9/9/1954 16:00:00	1.48043449758
9/10/1954 16:00:00	1.48572828538
9/13/1954 16:00:00	1.49921184937
9/14/1954 16:00:00	1.50691424984
9/15/1954 16:00:00	1.50739036001
9/16/1954 16:00:00	1.51557433956
9/17/1954 16:00:00	1.52761231782
9/20/1954 16:00:00	1.52086219324
9/21/1954 16:00:00	1.53145489172
9/22/1954 16:00:00	1.54156566704
9/23/1954 16:00:00	1.55023120775
9/24/1954 16:00:00	1.56082367763
9/27/1954 16:00:00	1.56708025607
9/28/1954 16:00:00	1.57478211426
9/29/1954 16:00:00	1.5656233654
9/30/1954 16:00:00	1.55646468541
10/1/1954 16:00:00	1.55549536972
10/4/1954 16:00:00	1.56416063086
10/5/1954 16:00:00	1.57186235543
10/6/1954 16:00:00	1.57811872825
10/7/1954 16:00:00	1.57474077627
10/8/1954 16:00:00	1.57377141007
10/11/1954 16:00:00	1.56124093089
10/12/1954 16:00:00	1.55497271926
10/13/1954 16:00:00	1.55448525497
10/14/1954 16:00:00	1.53569258782
10/15/1954 16:00:00	1.52749774917
10/18/1954 16:00:00	1.53327256401
10/19/1954 16:00:00	1.53712046452
10/20/1954 16:00:00	1.54963894797
10/21/1954 16:00:00	1.54770646388
10/22/1954 16:00:00	1.54770065998
10/25/1954 16:00:00	1.53950586844
10/26/1954 16:00:00	1.53853676968
10/27/1954 16:00:00	1.54238456379
10/28/1954 16:00:00	1.53563499982
10/29/1954 16:00:00	1.5259954504
11/1/1954 16:00:00	1.53128835258
11/3/1954 16:00:00	1.56259226409
11/4/1954 16:00:00	1.58089055833
11/5/1954 16:00:00	1.57558606424
11/8/1954 16:00:00	1.59051240456
11/9/1954 16:00:00	1.59676835136
11/10/1954 16:00:00	1.59820734385
11/11/1954 16:00:00	1.61217005427
11/12/1954 16:00:00	1.61553572682
11/15/1954 16:00:00	1.61215796299
11/16/1954 16:00:00	1.61696856904
11/17/1954 16:00:00	1.61985259583
11/18/1954 16:00:00	1.6106946945
11/19/1954 16:00:00	1.61117042438
11/22/1954 16:00:00	1.61742608268
11/23/1954 16:00:00	1.63909472733
11/24/1954 16:00:00	1.64824027073
11/26/1954 16:00:00	1.66412877132
11/29/1954 16:00:00	1.66364095356
11/30/1954 16:00:00	1.64918506222
12/1/1954 16:00:00	1.63713751547
12/2/1954 16:00:00	1.64628271084
12/3/1954 16:00:00	1.6612077806
12/6/1954 16:00:00	1.67420591473
12/7/1954 16:00:00	1.68190598582
12/8/1954 16:00:00	1.67900992328
12/9/1954 16:00:00	1.67081558877
12/10/1954 16:00:00	1.66454811115
12/13/1954 16:00:00	1.66598673048
12/14/1954 16:00:00	1.65442108408
12/15/1954 16:00:00	1.66452938479
12/16/1954 16:00:00	1.68234357307
12/17/1954 16:00:00	1.73001881392
12/20/1954 16:00:00	1.70159626798
12/21/1954 16:00:00	1.70399799655
12/22/1954 16:00:00	1.70206505264
12/23/1954 16:00:00	1.70350348805
12/27/1954 16:00:00	1.68904842131
12/28/1954 16:00:00	1.70638050961
12/29/1954 16:00:00	1.72130440413
12/30/1954 16:00:00	1.72129794924
12/31/1954 16:00:00	1.73285019083
1/3/1955 16:00:00	1.76992805776
1/4/1955 16:00:00	1.75402810081
1/5/1955 16:00:00	1.71067662053
1/6/1955 16:00:00	1.68755297621
1/7/1955 16:00:00	1.70151331156
1/10/1955 16:00:00	1.72366075271
1/11/1955 16:00:00	1.71835661561
1/12/1955 16:00:00	1.71353422339
1/13/1955 16:00:00	1.70630371853
1/14/1955 16:00:00	1.69907326798
1/17/1955 16:00:00	1.66535527107
1/18/1955 16:00:00	1.67594398898
1/19/1955 16:00:00	1.68364318661
1/20/1955 16:00:00	1.6918240208
1/21/1955 16:00:00	1.70674683388
1/24/1955 16:00:00	1.71059322357
1/25/1955 16:00:00	1.71010512004
1/26/1955 16:00:00	1.73128852589
1/27/1955 16:00:00	1.73320840698
1/28/1955 16:00:00	1.74283337107
1/31/1955 16:00:00	1.7640164173
2/1/1955 16:00:00	1.76834400214
2/2/1955 16:00:00	1.76304001483
2/3/1955 16:00:00	1.75484656118
2/4/1955 16:00:00	1.77988172171
2/7/1955 16:00:00	1.77987504715
2/8/1955 16:00:00	1.75578997582
2/9/1955 16:00:00	1.76974885275
2/10/1955 16:00:00	1.78563392672
2/11/1955 16:00:00	1.78899815357
2/14/1955 16:00:00	1.77647076319
2/15/1955 16:00:00	1.77646410143
2/16/1955 16:00:00	1.77067880596
2/17/1955 16:00:00	1.77404303821
2/18/1955 16:00:00	1.77644411623
2/21/1955 16:00:00	1.77451120376
2/23/1955 16:00:00	1.77305995851
2/24/1955 16:00:00	1.76342231151
2/25/1955 16:00:00	1.76100800417
2/28/1955 16:00:00	1.77015067863
3/1/1955 16:00:00	1.77351500807
3/2/1955 16:00:00	1.78891764962
3/3/1955 16:00:00	1.79565245851
3/4/1955 16:00:00	1.80672105958
3/7/1955 16:00:00	1.79515735257
3/8/1955 16:00:00	1.76144341285
3/9/1955 16:00:00	1.74410163324
3/10/1955 16:00:00	1.75517026028
3/11/1955 16:00:00	1.72482735149
3/14/1955 16:00:00	1.68340958836
3/15/1955 16:00:00	1.71951761266
3/16/1955 16:00:00	1.73251230013
3/17/1955 16:00:00	1.7392470669
3/18/1955 16:00:00	1.74212972566
3/21/1955 16:00:00	1.73104831606
3/22/1955 16:00:00	1.74163504107
3/23/1955 16:00:00	1.76425971361
3/24/1955 16:00:00	1.77821698794
3/25/1955 16:00:00	1.77965479129
3/28/1955 16:00:00	1.77338864138
3/29/1955 16:00:00	1.77434484259
3/30/1955 16:00:00	1.75844862835
3/31/1955 16:00:00	1.76133111772
4/1/1955 16:00:00	1.77914000205
4/4/1955 16:00:00	1.77335538994
4/5/1955 16:00:00	1.78057109219
4/6/1955 16:00:00	1.7897127673
4/7/1955 16:00:00	1.79789154782
4/11/1955 16:00:00	1.80269965337
4/12/1955 16:00:00	1.81328573883
4/13/1955 16:00:00	1.81568634485
4/14/1955 16:00:00	1.81953151788
4/15/1955 16:00:00	1.82770984994
4/18/1955 16:00:00	1.84262903863
4/19/1955 16:00:00	1.8402147589
4/20/1955 16:00:00	1.84309661762
4/21/1955 16:00:00	1.84501566093
4/22/1955 16:00:00	1.83008292289
4/25/1955 16:00:00	1.83489091114
4/26/1955 16:00:00	1.84451351276
4/27/1955 16:00:00	1.8348771493
4/28/1955 16:00:00	1.8141671008
4/29/1955 16:00:00	1.82764131066
5/2/1955 16:00:00	1.83148626562
5/3/1955 16:00:00	1.81510963953
5/4/1955 16:00:00	1.81221399816
5/5/1955 16:00:00	1.82087349029
5/6/1955 16:00:00	1.82423685212
5/9/1955 16:00:00	1.82615587941
5/10/1955 16:00:00	1.82229730939
5/11/1955 16:00:00	1.80158800733
5/12/1955 16:00:00	1.79098946335
5/13/1955 16:00:00	1.80253741479
5/16/1955 16:00:00	1.78230997041
5/17/1955 16:00:00	1.77989609772
5/18/1955 16:00:00	1.7948140492
5/19/1955 16:00:00	1.80491773083
5/20/1955 16:00:00	1.81694695632
5/23/1955 16:00:00	1.80442265287
5/24/1955 16:00:00	1.80345299195
5/25/1955 16:00:00	1.81018628037
5/26/1955 16:00:00	1.8222153057
5/27/1955 16:00:00	1.82606000652
5/31/1955 16:00:00	1.82509027887
6/1/1955 16:00:00	1.82749053375
6/2/1955 16:00:00	1.82989077061
6/3/1955 16:00:00	1.84721518511
6/6/1955 16:00:00	1.91075591374
6/7/1955 16:00:00	1.92374711044
6/8/1955 16:00:00	1.88811505193
6/9/1955 16:00:00	1.87799808821
6/10/1955 16:00:00	1.88954507578
6/13/1955 16:00:00	1.90735021061
6/14/1955 16:00:00	1.90975007617
6/15/1955 16:00:00	1.92033397504
6/16/1955 16:00:00	1.9236966107
6/17/1955 16:00:00	1.93042904542
6/20/1955 16:00:00	1.93234746547
6/21/1955 16:00:00	1.95015204052
6/22/1955 16:00:00	1.9544773364
6/23/1955 16:00:00	1.96169105621
6/24/1955 16:00:00	1.97179298394
6/27/1955 16:00:00	1.97322989894
6/28/1955 16:00:00	1.96263179504
6/29/1955 16:00:00	1.96358723953
6/30/1955 16:00:00	1.97513311786
7/1/1955 16:00:00	1.9828279048
7/5/1955 16:00:00	2.0068897575
7/6/1955 16:00:00	2.07860852588
7/7/1955 16:00:00	2.04971787016
7/8/1955 16:00:00	2.05259834865
7/11/1955 16:00:00	2.05788584546
7/12/1955 16:00:00	2.05787812839
7/13/1955 16:00:00	2.0333203671
7/14/1955 16:00:00	2.03379403453
7/15/1955 16:00:00	2.04100705179
7/18/1955 16:00:00	2.03907387566
7/19/1955 16:00:00	2.02655056445
7/20/1955 16:00:00	2.03280077361
7/21/1955 16:00:00	2.05252907332
7/22/1955 16:00:00	2.06985045067
7/25/1955 16:00:00	2.09294797406
7/26/1955 16:00:00	2.09775382352
7/27/1955 16:00:00	2.10641021372
7/28/1955 16:00:00	2.09388716064
7/29/1955 16:00:00	2.09484203734
8/1/1955 16:00:00	2.06643443194
8/2/1955 16:00:00	2.07124010672
8/3/1955 16:00:00	2.07412049329
8/4/1955 16:00:00	2.03897446968
8/5/1955 16:00:00	2.04859374618
8/8/1955 16:00:00	2.03655250145
8/9/1955 16:00:00	2.00958971996
8/10/1955 16:00:00	2.00910092593
8/11/1955 16:00:00	2.02786550736
8/12/1955 16:00:00	2.03170848948
8/15/1955 16:00:00	2.02977549266
8/16/1955 16:00:00	2.01484671727
8/17/1955 16:00:00	2.016764525
8/18/1955 16:00:00	2.01386892785
8/19/1955 16:00:00	2.02252526256
8/22/1955 16:00:00	2.02059233632
8/23/1955 16:00:00	2.04802013374
8/24/1955 16:00:00	2.0509004448
8/25/1955 16:00:00	2.06003774952
8/26/1955 16:00:00	2.06917516944
8/29/1955 16:00:00	2.06772333886
8/30/1955 16:00:00	2.06579028628
8/31/1955 16:00:00	2.07829674997
9/1/1955 16:00:00	2.08743378094
9/2/1955 16:00:00	2.09849602053
9/6/1955 16:00:00	2.11100222152
9/7/1955 16:00:00	2.11051289779
9/8/1955 16:00:00	2.11194901675
9/9/1955 16:00:00	2.1124223172
9/12/1955 16:00:00	2.12685333597
9/13/1955 16:00:00	2.15620453369
9/14/1955 16:00:00	2.16534118302
9/15/1955 16:00:00	2.15378192943
9/16/1955 16:00:00	2.17013778984
9/19/1955 16:00:00	2.17349866895
9/20/1955 16:00:00	2.17204671171
9/21/1955 16:00:00	2.1845519387
9/22/1955 16:00:00	2.18454374663
9/23/1955 16:00:00	2.19608642864
9/26/1955 16:00:00	2.05073123157
9/27/1955 16:00:00	2.09740769456
9/28/1955 16:00:00	2.13253306913
9/29/1955 16:00:00	2.11904922531
9/30/1955 16:00:00	2.10171538663
10/3/1955 16:00:00	2.04491756052
10/4/1955 16:00:00	2.06079171632
10/5/1955 16:00:00	2.06896564837
10/6/1955 16:00:00	2.05500111122
10/7/1955 16:00:00	2.03959294322
10/10/1955 16:00:00	1.98038995913
10/11/1955 16:00:00	1.96353828011
10/12/1955 16:00:00	1.99818165177
10/13/1955 16:00:00	1.99191775815
10/14/1955 16:00:00	1.98372902785
10/17/1955 16:00:00	1.98997775863
10/18/1955 16:00:00	2.00440800897
10/19/1955 16:00:00	2.02461292132
10/20/1955 16:00:00	2.04963027919
10/21/1955 16:00:00	2.04962259307
10/24/1955 16:00:00	2.06501473329
10/25/1955 16:00:00	2.05153223752
10/26/1955 16:00:00	2.03516232855
10/27/1955 16:00:00	2.03756085799
10/28/1955 16:00:00	2.0389968718
10/31/1955 16:00:00	2.03754557631
11/1/1955 16:00:00	2.03465046428
11/2/1955 16:00:00	2.03801144635
11/3/1955 16:00:00	2.08083347991
11/4/1955 16:00:00	2.11547402668
11/7/1955 16:00:00	2.12460952492
11/9/1955 16:00:00	2.14673787479
11/10/1955 16:00:00	2.15202331193
11/11/1955 16:00:00	2.17703879007
11/14/1955 16:00:00	2.2333332633
11/15/1955 16:00:00	2.22370048929
11/16/1955 16:00:00	2.20925569806
11/17/1955 16:00:00	2.19384856448
11/18/1955 16:00:00	2.19143431092
11/21/1955 16:00:00	2.17602736013
11/22/1955 16:00:00	2.19719233193
11/23/1955 16:00:00	2.20007140208
11/25/1955 16:00:00	2.19813828594
11/28/1955 16:00:00	2.18369397015
11/29/1955 16:00:00	2.19234742897
11/30/1955 16:00:00	2.18993306064
12/1/1955 16:00:00	2.18222568407
12/2/1955 16:00:00	2.18654827583
12/5/1955 16:00:00	2.19905123912
12/6/1955 16:00:00	2.19904299268
12/7/1955 16:00:00	2.19181680756
12/8/1955 16:00:00	2.2048007189
12/9/1955 16:00:00	2.20816074812
12/12/1955 16:00:00	2.18553668497
12/13/1955 16:00:00	2.1869721654
12/14/1955 16:00:00	2.16867899737
12/15/1955 16:00:00	2.16818976542
12/16/1955 16:00:00	2.17154986856
12/19/1955 16:00:00	2.16624875371
12/20/1955 16:00:00	2.1628724217
12/21/1955 16:00:00	2.20568867361
12/22/1955 16:00:00	2.18499002707
12/23/1955 16:00:00	2.18931236488
12/27/1955 16:00:00	2.17583152222
12/28/1955 16:00:00	2.16764344988
12/29/1955 16:00:00	2.1724470706
12/30/1955 16:00:00	2.18831717863
1/3/1956 16:00:00	2.17291185642
1/4/1956 16:00:00	2.16520517907
1/5/1956 16:00:00	2.16279131272
1/6/1956 16:00:00	2.17192507928
1/9/1956 16:00:00	2.14160423766
1/10/1956 16:00:00	2.12475598549
1/11/1956 16:00:00	2.13533336439
1/12/1956 16:00:00	2.1531277689
1/13/1956 16:00:00	2.14927043961
1/16/1956 16:00:00	2.12376180326
1/17/1956 16:00:00	2.13963162107
1/18/1956 16:00:00	2.12518923724
1/19/1956 16:00:00	2.1035301763
1/20/1956 16:00:00	2.07946544774
1/23/1956 16:00:00	2.07416513559
1/24/1956 16:00:00	2.10013859283
1/25/1956 16:00:00	2.10349862236
1/26/1956 16:00:00	2.09098126214
1/27/1956 16:00:00	2.08568098608
1/30/1956 16:00:00	2.09289012767
1/31/1956 16:00:00	2.108278238
2/1/1956 16:00:00	2.11837385781
2/2/1956 16:00:00	2.1275073224
2/3/1956 16:00:00	2.1544418787
2/6/1956 16:00:00	2.15587727535
2/7/1956 16:00:00	2.14576563214
2/8/1956 16:00:00	2.12458866257
2/9/1956 16:00:00	2.10052511712
2/10/1956 16:00:00	2.09955499865
2/13/1956 16:00:00	2.09666059517
2/14/1956 16:00:00	2.08895485845
2/15/1956 16:00:00	2.11877562469
2/16/1956 16:00:00	2.1081833647
2/17/1956 16:00:00	2.14185254651
2/20/1956 16:00:00	2.1384768366
2/21/1956 16:00:00	2.14376091524
2/23/1956 16:00:00	2.16251556516
2/24/1956 16:00:00	2.18030786587
2/27/1956 16:00:00	2.17789426759
2/28/1956 16:00:00	2.18558353249
2/29/1956 16:00:00	2.18124553576
3/1/1956 16:00:00	2.19085911987
3/2/1956 16:00:00	2.20384020923
3/5/1956 16:00:00	2.21585901394
3/6/1956 16:00:00	2.2148885205
3/7/1956 16:00:00	2.21343685238
3/8/1956 16:00:00	2.21872043232
3/9/1956 16:00:00	2.24661458269
3/12/1956 16:00:00	2.26729234505
3/13/1956 16:00:00	2.26391635345
3/14/1956 16:00:00	2.28651803764
3/15/1956 16:00:00	2.30863874898
3/16/1956 16:00:00	2.31584598065
3/19/1956 16:00:00	2.33748524951
3/20/1956 16:00:00	2.35094618994
3/21/1956 16:00:00	2.3201494844
3/22/1956 16:00:00	2.34371277539
3/23/1956 16:00:00	2.34899564963
3/26/1956 16:00:00	2.33888452924
3/27/1956 16:00:00	2.32107681156
3/28/1956 16:00:00	2.33357538369
3/29/1956 16:00:00	2.33212354032
4/2/1956 16:00:00	2.34269792255
4/3/1956 16:00:00	2.33451124651
4/4/1956 16:00:00	2.34749072867
4/5/1956 16:00:00	2.33641795424
4/6/1956 16:00:00	2.34987829252
4/9/1956 16:00:00	2.33832463323
4/10/1956 16:00:00	2.30560528141
4/11/1956 16:00:00	2.32387605254
4/12/1956 16:00:00	2.30991730357
4/13/1956 16:00:00	2.3065414297
4/16/1956 16:00:00	2.30701372997
4/17/1956 16:00:00	2.3055620512
4/18/1956 16:00:00	2.29641395989
4/19/1956 16:00:00	2.28822782603
4/20/1956 16:00:00	2.29735862183
4/23/1956 16:00:00	2.29205892433
4/24/1956 16:00:00	2.27329040683
4/25/1956 16:00:00	2.26510466616
4/26/1956 16:00:00	2.28433688809
4/27/1956 16:00:00	2.30837903574
4/30/1956 16:00:00	2.32712983719
5/1/1956 16:00:00	2.31653881625
5/2/1956 16:00:00	2.31701105739
5/3/1956 16:00:00	2.32517958451
5/4/1956 16:00:00	2.33334786697
5/7/1956 16:00:00	2.31939015505
5/8/1956 16:00:00	2.30976138705
5/9/1956 16:00:00	2.30590463843
5/10/1956 16:00:00	2.26837820125
5/11/1956 16:00:00	2.26644566588
5/14/1956 16:00:00	2.25393139247
5/15/1956 16:00:00	2.23035422168
5/16/1956 16:00:00	2.21495416739
5/17/1956 16:00:00	2.24188130965
5/18/1956 16:00:00	2.23129112576
5/21/1956 16:00:00	2.2120434535
5/22/1956 16:00:00	2.17692319731
5/23/1956 16:00:00	2.16537157525
5/24/1956 16:00:00	2.14516220349
5/25/1956 16:00:00	2.14611613733
5/28/1956 16:00:00	2.12109730049
5/29/1956 16:00:00	2.16966786971
5/31/1956 16:00:00	2.17398849507
6/1/1956 16:00:00	2.19225728811
6/4/1956 16:00:00	2.20523507164
6/5/1956 16:00:00	2.20570787207
6/6/1956 16:00:00	2.19463741588
6/7/1956 16:00:00	2.21194390856
6/8/1956 16:00:00	2.17105374126
6/11/1956 16:00:00	2.19846030931
6/12/1956 16:00:00	2.22971442746
6/13/1956 16:00:00	2.23259168769
6/14/1956 16:00:00	2.22729296775
6/15/1956 16:00:00	2.23017021541
6/18/1956 16:00:00	2.22054279351
6/19/1956 16:00:00	2.22293935971
6/20/1956 16:00:00	2.23206895996
6/21/1956 16:00:00	2.24745083724
6/22/1956 16:00:00	2.24070922401
6/25/1956 16:00:00	2.23204384898
6/26/1956 16:00:00	2.24694469365
6/27/1956 16:00:00	2.26376904145
6/28/1956 16:00:00	2.26664623857
6/29/1956 16:00:00	2.25894278757
7/2/1956 16:00:00	2.25701054014
7/3/1956 16:00:00	2.27575836716
7/5/1956 16:00:00	2.29883442692
7/6/1956 16:00:00	2.31036815211
7/9/1956 16:00:00	2.32045888846
7/10/1956 16:00:00	2.33439703031
7/11/1956 16:00:00	2.34160200119
7/12/1956 16:00:00	2.33630324844
7/13/1956 16:00:00	2.34302732008
7/16/1956 16:00:00	2.36321695654
7/17/1956 16:00:00	2.37138374721
7/18/1956 16:00:00	2.37089383845
7/19/1956 16:00:00	2.37184679269
7/20/1956 16:00:00	2.37328056876
7/23/1956 16:00:00	2.37231001453
7/24/1956 16:00:00	2.37230111837
7/25/1956 16:00:00	2.3775820157
7/26/1956 16:00:00	2.3794967539
7/27/1956 16:00:00	2.36025191195
7/30/1956 16:00:00	2.35639578171
7/31/1956 16:00:00	2.37514190271
8/1/1956 16:00:00	2.38619356602
8/2/1956 16:00:00	2.38714642684
8/3/1956 16:00:00	2.38713747504
8/6/1956 16:00:00	2.35442799484
8/7/1956 16:00:00	2.36403696402
8/8/1956 16:00:00	2.37364586125
8/9/1956 16:00:00	2.3717133781
8/10/1956 16:00:00	2.36064420448
8/13/1956 16:00:00	2.33611050834
8/14/1956 16:00:00	2.30821067503
8/15/1956 16:00:00	2.35580894512
8/16/1956 16:00:00	2.35051045146
8/17/1956 16:00:00	2.34761632911
8/20/1956 16:00:00	2.3201978451
8/21/1956 16:00:00	2.3028777943
8/22/1956 16:00:00	2.28026829427
8/23/1956 16:00:00	2.30815008146
8/24/1956 16:00:00	2.30573713958
8/27/1956 16:00:00	2.29178342798
8/28/1956 16:00:00	2.28744707763
8/29/1956 16:00:00	2.27734050106
8/30/1956 16:00:00	2.2571358564
8/31/1956 16:00:00	2.28453614346
9/4/1956 16:00:00	2.30280007078
9/5/1956 16:00:00	2.30904256229
9/6/1956 16:00:00	2.3128806094
9/7/1956 16:00:00	2.29892747263
9/10/1956 16:00:00	2.28689768764
9/11/1956 16:00:00	2.27823389163
9/12/1956 16:00:00	2.26235744325
9/13/1956 16:00:00	2.21618825571
9/14/1956 16:00:00	2.27003389317
9/17/1956 16:00:00	2.26473613846
9/18/1956 16:00:00	2.24982185596
9/19/1956 16:00:00	2.22336759139
9/20/1956 16:00:00	2.22191663281
9/21/1956 16:00:00	2.23969915267
9/24/1956 16:00:00	2.23103582647
9/25/1956 16:00:00	2.1997736531
9/26/1956 16:00:00	2.20313116317
9/27/1956 16:00:00	2.19254473582
9/28/1956 16:00:00	2.18051598302
10/1/1956 16:00:00	2.14925465403
10/2/1956 16:00:00	2.18867362185
10/3/1956 16:00:00	2.22520733572
10/4/1956 16:00:00	2.22567990795
10/5/1956 16:00:00	2.23336455017
10/8/1956 16:00:00	2.23239453216
10/9/1956 16:00:00	2.22132758396
10/10/1956 16:00:00	2.25209086165
10/11/1956 16:00:00	2.25064005985
10/12/1956 16:00:00	2.2597668156
10/15/1956 16:00:00	2.25302715052
10/16/1956 16:00:00	2.24147942956
10/17/1956 16:00:00	2.22416227281
10/18/1956 16:00:00	2.22800038834
10/19/1956 16:00:00	2.22318416457
10/22/1956 16:00:00	2.22269493252
10/23/1956 16:00:00	2.21739787144
10/24/1956 16:00:00	2.20825463512
10/25/1956 16:00:00	2.20439997025
10/26/1956 16:00:00	2.22458477662
10/29/1956 16:00:00	2.23082666988
10/30/1956 16:00:00	2.22937583478
10/31/1956 16:00:00	2.1913860106
11/1/1956 16:00:00	2.23657085472
11/2/1956 16:00:00	2.25867812827
11/5/1956 16:00:00	2.28847761993
11/7/1956 16:00:00	2.26491128224
11/8/1956 16:00:00	2.24663344695
11/9/1956 16:00:00	2.22787506099
11/12/1956 16:00:00	2.23507828733
11/13/1956 16:00:00	2.22449300895
11/14/1956 16:00:00	2.21198471187
11/15/1956 16:00:00	2.19803446568
11/16/1956 16:00:00	2.19898776492
11/19/1956 16:00:00	2.17734536621
11/20/1956 16:00:00	2.15810687546
11/21/1956 16:00:00	2.1475221251
11/23/1956 16:00:00	2.17010950644
11/26/1956 16:00:00	2.15712107239
11/27/1956 16:00:00	2.15903602352
11/28/1956 16:00:00	2.13595207974
11/29/1956 16:00:00	2.13354037931
11/30/1956 16:00:00	2.16718447086
12/3/1956 16:00:00	2.21044300284
12/4/1956 16:00:00	2.20370438148
12/5/1956 16:00:00	2.2301366875
12/6/1956 16:00:00	2.25031935369
12/7/1956 16:00:00	2.26136779186
12/10/1956 16:00:00	2.24982164049
12/11/1956 16:00:00	2.23442982225
12/12/1956 16:00:00	2.21759599055
12/13/1956 16:00:00	2.23537454057
12/14/1956 16:00:00	2.23728910476
12/17/1956 16:00:00	2.23728071493
12/18/1956 16:00:00	2.23727232513
12/19/1956 16:00:00	2.2319759827
12/20/1956 16:00:00	2.21466171766
12/21/1956 16:00:00	2.22907487633
12/26/1956 16:00:00	2.23002796907
12/27/1956 16:00:00	2.22809671012
12/28/1956 16:00:00	2.23818343101
12/31/1956 16:00:00	2.24346268812
1/2/1957 16:00:00	2.22086113854
1/3/1957 16:00:00	2.24008093493
1/4/1957 16:00:00	2.24295682512
1/7/1957 16:00:00	2.23141147865
1/8/1957 16:00:00	2.22323129095
1/9/1957 16:00:00	2.21889665858
1/10/1957 16:00:00	2.22417603242
1/11/1957 16:00:00	2.21984142895
1/14/1957 16:00:00	2.20445093531
1/15/1957 16:00:00	2.17175563659
1/16/1957 16:00:00	2.17415090384
1/17/1957 16:00:00	2.17366214366
1/18/1957 16:00:00	2.1457741165
1/21/1957 16:00:00	2.13422975239
1/22/1957 16:00:00	2.14047048769
1/23/1957 16:00:00	2.1568056074
1/24/1957 16:00:00	2.16448837242
1/25/1957 16:00:00	2.15438608306
1/28/1957 16:00:00	2.13851581896
1/29/1957 16:00:00	2.14908248856
1/30/1957 16:00:00	2.15868789732
1/31/1957 16:00:00	2.14954714276
2/1/1957 16:00:00	2.14473229241
2/4/1957 16:00:00	2.14039824702
2/5/1957 16:00:00	2.10962773211
2/6/1957 16:00:00	2.10625519809
2/7/1957 16:00:00	2.09663404885
2/8/1957 16:00:00	2.08220645629
2/11/1957 16:00:00	2.04614936701
2/12/1957 16:00:00	2.03748988485
2/13/1957 16:00:00	2.06872479093
2/14/1957 16:00:00	2.06631381158
2/15/1957 16:00:00	2.09129969407
2/18/1957 16:00:00	2.08888864799
2/19/1957 16:00:00	2.09032287815
2/20/1957 16:00:00	2.09704403267
2/21/1957 16:00:00	2.08982645533
2/25/1957 16:00:00	2.08501228317
2/26/1957 16:00:00	2.08836892311
2/27/1957 16:00:00	2.08643849869
2/28/1957 16:00:00	2.0792210694
3/1/1957 16:00:00	2.10228384865
3/4/1957 16:00:00	2.11765617002
3/5/1957 16:00:00	2.12533830266
3/6/1957 16:00:00	2.12581088024
3/7/1957 16:00:00	2.1248416335
3/8/1957 16:00:00	2.11810494926
3/11/1957 16:00:00	2.1041588993
3/12/1957 16:00:00	2.10270920422
3/13/1957 16:00:00	2.11663932122
3/14/1957 16:00:00	2.11807317752
3/15/1957 16:00:00	2.11710398143
3/18/1957 16:00:00	2.10748372858
3/19/1957 16:00:00	2.11660757165
3/20/1957 16:00:00	2.11948317851
3/21/1957 16:00:00	2.11995594157
3/22/1957 16:00:00	2.11754499517
3/25/1957 16:00:00	2.10888615258
3/26/1957 16:00:00	2.11031999468
3/27/1957 16:00:00	2.11896291779
3/28/1957 16:00:00	2.12328037393
3/29/1957 16:00:00	2.11990824284
4/1/1957 16:00:00	2.12134202201
4/2/1957 16:00:00	2.13479064117
4/3/1957 16:00:00	2.14054987458
4/4/1957 16:00:00	2.1357358331
4/5/1957 16:00:00	2.13813091393
4/8/1957 16:00:00	2.13331691758
4/9/1957 16:00:00	2.15253239217
4/10/1957 16:00:00	2.1616553358
4/11/1957 16:00:00	2.16164722959
4/12/1957 16:00:00	2.16163912342
4/15/1957 16:00:00	2.1601893424
4/16/1957 16:00:00	2.16354525931
4/17/1957 16:00:00	2.16642065747
4/18/1957 16:00:00	2.18227132865
4/22/1957 16:00:00	2.18562712504
4/23/1957 16:00:00	2.19378869478
4/24/1957 16:00:00	2.19714442282
4/25/1957 16:00:00	2.18944714671
4/26/1957 16:00:00	2.18655548959
4/29/1957 16:00:00	2.19760018587
4/30/1957 16:00:00	2.19807260738
5/1/1957 16:00:00	2.21151993138
5/2/1957 16:00:00	2.22929216848
5/3/1957 16:00:00	2.22688107293
5/6/1957 16:00:00	2.22350886812
5/7/1957 16:00:00	2.2167728472
5/8/1957 16:00:00	2.22541443197
5/9/1957 16:00:00	2.22780878631
5/10/1957 16:00:00	2.23885295563
5/13/1957 16:00:00	2.2527803703
5/14/1957 16:00:00	2.24268040364
5/15/1957 16:00:00	2.25036081063
5/16/1957 16:00:00	2.25948253294
5/17/1957 16:00:00	2.26572108539
5/20/1957 16:00:00	2.27532313588
5/21/1957 16:00:00	2.27435369896
5/22/1957 16:00:00	2.26521496225
5/23/1957 16:00:00	2.26568709962
5/24/1957 16:00:00	2.26856165081
5/27/1957 16:00:00	2.24789052517
5/28/1957 16:00:00	2.24355737357
5/29/1957 16:00:00	2.26373098154
5/31/1957 16:00:00	2.27909912625
6/3/1957 16:00:00	2.27620740281
6/4/1957 16:00:00	2.27187420969
6/5/1957 16:00:00	2.27138525596
6/6/1957 16:00:00	2.29684387178
6/7/1957 16:00:00	2.29923777834
6/10/1957 16:00:00	2.30163185023
6/11/1957 16:00:00	2.30354511052
6/12/1957 16:00:00	2.3088220662
6/13/1957 16:00:00	2.31313795217
6/14/1957 16:00:00	2.31360988283
6/17/1957 16:00:00	2.31792571844
6/18/1957 16:00:00	2.30830701594
6/19/1957 16:00:00	2.29292247455
6/20/1957 16:00:00	2.27897947542
6/21/1957 16:00:00	2.26551717705
6/24/1957 16:00:00	2.24773036639
6/25/1957 16:00:00	2.26550018517
6/26/1957 16:00:00	2.26260869659
6/27/1957 16:00:00	2.27076838624
6/28/1957 16:00:00	2.27604522671
7/1/1957 16:00:00	2.27891965211
7/2/1957 16:00:00	2.30149375452
7/3/1957 16:00:00	2.32839182209
7/5/1957 16:00:00	2.33943404117
7/8/1957 16:00:00	2.34951538833
7/9/1957 16:00:00	2.34950657765
7/10/1957 16:00:00	2.35430241047
7/11/1957 16:00:00	2.34756703284
7/12/1957 16:00:00	2.35812858572
7/15/1957 16:00:00	2.36052203747
7/16/1957 16:00:00	2.34850157354
7/17/1957 16:00:00	2.33407892327
7/18/1957 16:00:00	2.33166771957
7/19/1957 16:00:00	2.3340614177
7/22/1957 16:00:00	2.32876760587
7/23/1957 16:00:00	2.33308297934
7/24/1957 16:00:00	2.33547646186
7/25/1957 16:00:00	2.33546770382
7/26/1957 16:00:00	2.32777175241
7/29/1957 16:00:00	2.302299142
7/30/1957 16:00:00	2.30229050837
7/31/1957 16:00:00	2.30180151081
8/1/1957 16:00:00	2.29602761661
8/2/1957 16:00:00	2.29073412611
8/5/1957 16:00:00	2.2705469941
8/6/1957 16:00:00	2.24219266659
8/7/1957 16:00:00	2.25947996782
8/8/1957 16:00:00	2.2532259877
8/9/1957 16:00:00	2.25417824075
8/12/1957 16:00:00	2.22582458386
8/13/1957 16:00:00	2.22437482737
8/14/1957 16:00:00	2.19698218805
8/15/1957 16:00:00	2.19793482078
8/16/1957 16:00:00	2.20177004979
8/19/1957 16:00:00	2.15756295544
8/20/1957 16:00:00	2.17581084833
8/21/1957 16:00:00	2.18541107546
8/22/1957 16:00:00	2.16954907428
8/23/1957 16:00:00	2.13831396297
8/26/1957 16:00:00	2.10852044838
8/27/1957 16:00:00	2.14310213627
8/28/1957 16:00:00	2.14453526636
8/29/1957 16:00:00	2.13587988995
8/30/1957 16:00:00	2.17238275112
9/3/1957 16:00:00	2.18294334766
9/4/1957 16:00:00	2.16419954105
9/5/1957 16:00:00	2.15314225966
9/6/1957 16:00:00	2.14640864757
9/9/1957 16:00:00	2.12718469146
9/10/1957 16:00:00	2.10748056675
9/11/1957 16:00:00	2.12620793051
9/12/1957 16:00:00	2.15310188687
9/13/1957 16:00:00	2.15213301346
9/16/1957 16:00:00	2.14155655706
9/17/1957 16:00:00	2.14443071913
9/18/1957 16:00:00	2.14682455703
9/19/1957 16:00:00	2.13288558416
9/20/1957 16:00:00	2.09877049358
9/23/1957 16:00:00	2.0507248443
9/24/1957 16:00:00	2.06464810047
9/25/1957 16:00:00	2.06464035804
9/26/1957 16:00:00	2.04493735643
9/27/1957 16:00:00	2.04396892486
9/30/1957 16:00:00	2.03771641513
10/1/1957 16:00:00	2.05404125653
10/2/1957 16:00:00	2.07036597595
10/3/1957 16:00:00	2.07227970947
10/4/1957 16:00:00	2.05545935737
10/7/1957 16:00:00	2.02807115906
10/8/1957 16:00:00	2.01509386821
10/9/1957 16:00:00	2.01700777998
10/10/1957 16:00:00	1.96752359885
10/11/1957 16:00:00	1.96655549374
10/14/1957 16:00:00	1.98095878524
10/15/1957 16:00:00	2.00160618911
10/16/1957 16:00:00	1.98526705832
10/17/1957 16:00:00	1.95259612105
10/18/1957 16:00:00	1.93721782368
10/21/1957 16:00:00	1.88053023381
10/22/1957 16:00:00	1.87235731062
10/23/1957 16:00:00	1.95640943069
10/24/1957 16:00:00	1.95544139971
10/25/1957 16:00:00	1.94967010501
10/28/1957 16:00:00	1.94149704396
10/29/1957 16:00:00	1.95445871719
10/30/1957 16:00:00	1.97030233358
10/31/1957 16:00:00	1.97221629786
11/1/1957 16:00:00	1.94242859321
11/4/1957 16:00:00	1.93905905853
11/6/1957 16:00:00	1.94193378383
11/7/1957 16:00:00	1.95345407902
11/8/1957 16:00:00	1.93039150139
11/11/1957 16:00:00	1.92990402666
11/12/1957 16:00:00	1.9020384555
11/13/1957 16:00:00	1.8996297957
11/14/1957 16:00:00	1.89433922226
11/15/1957 16:00:00	1.93900088411
11/18/1957 16:00:00	1.92314356424
11/19/1957 16:00:00	1.91208934623
11/20/1957 16:00:00	1.91736536338
11/21/1957 16:00:00	1.94425514936
11/22/1957 16:00:00	1.96297953652
11/25/1957 16:00:00	1.97786149191
11/26/1957 16:00:00	1.92550173612
11/27/1957 16:00:00	1.98120870136
11/29/1957 16:00:00	2.00377510233
12/2/1957 16:00:00	1.9864770743
12/3/1957 16:00:00	1.98694983382
12/4/1957 16:00:00	1.99510736757
12/5/1957 16:00:00	1.99413929228
12/6/1957 16:00:00	1.98404589371
12/9/1957 16:00:00	1.96530729328
12/10/1957 16:00:00	1.94800998301
12/11/1957 16:00:00	1.94560113851
12/12/1957 16:00:00	1.94751499358
12/13/1957 16:00:00	1.95615265463
12/16/1957 16:00:00	1.92684862555
12/17/1957 16:00:00	1.89322236837
12/18/1957 16:00:00	1.89129432993
12/19/1957 16:00:00	1.91145839385
12/20/1957 16:00:00	1.89608273054
12/23/1957 16:00:00	1.89607562023
12/24/1957 16:00:00	1.8979896032
12/26/1957 16:00:00	1.91719279668
12/27/1957 16:00:00	1.91046201418
12/30/1957 16:00:00	1.90084985788
12/31/1957 16:00:00	1.92053318234
1/2/1958 16:00:00	1.93685460119
1/3/1958 16:00:00	1.96278078261
1/6/1958 16:00:00	1.95364874239
1/7/1958 16:00:00	1.96900933648
1/8/1958 16:00:00	1.96852178713
1/9/1958 16:00:00	1.95698845948
1/10/1958 16:00:00	1.93873185194
1/13/1958 16:00:00	1.94448760259
1/14/1958 16:00:00	1.95312444338
1/15/1958 16:00:00	1.96848487683
1/16/1958 16:00:00	1.97183912798
1/17/1958 16:00:00	1.97375252865
1/20/1958 16:00:00	1.9857509215
1/21/1958 16:00:00	1.98334236164
1/22/1958 16:00:00	1.97853271554
1/23/1958 16:00:00	1.98620891077
1/24/1958 16:00:00	2.00300924967
1/27/1958 16:00:00	1.99723911609
1/28/1958 16:00:00	1.99915255438
1/29/1958 16:00:00	2.0111505374
1/30/1958 16:00:00	2.00153861088
1/31/1958 16:00:00	2.00249155828
2/3/1958 16:00:00	2.01881132527
2/4/1958 16:00:00	2.03897257113
2/5/1958 16:00:00	2.02599922692
2/6/1958 16:00:00	2.02166974639
2/7/1958 16:00:00	2.00389457192
2/10/1958 16:00:00	1.99188193753
2/11/1958 16:00:00	1.97410700902
2/12/1958 16:00:00	1.96545597054
2/13/1958 16:00:00	1.96592871883
2/14/1958 16:00:00	1.98464920506
2/17/1958 16:00:00	1.97407739707
2/18/1958 16:00:00	1.97695104081
2/19/1958 16:00:00	1.97598340411
2/20/1958 16:00:00	1.96445134494
2/21/1958 16:00:00	1.96300347122
2/24/1958 16:00:00	1.95195183677
2/25/1958 16:00:00	1.95002373324
2/26/1958 16:00:00	1.96490198055
2/27/1958 16:00:00	1.95337036244
2/28/1958 16:00:00	1.96104590253
3/3/1958 16:00:00	1.97496374707
3/4/1958 16:00:00	1.98552008737
3/5/1958 16:00:00	1.9912748635
3/6/1958 16:00:00	2.01671647304
3/7/1958 16:00:00	2.02007008982
3/10/1958 16:00:00	2.02678484833
3/11/1958 16:00:00	2.04118222114
3/12/1958 16:00:00	2.03637298789
3/13/1958 16:00:00	2.03876613188
3/14/1958 16:00:00	2.03251651752
3/17/1958 16:00:00	2.01858421745
3/18/1958 16:00:00	2.0113742047
3/19/1958 16:00:00	2.02096982226
3/20/1958 16:00:00	2.02192257438
3/21/1958 16:00:00	2.03679960515
3/24/1958 16:00:00	2.04447455578
3/25/1958 16:00:00	2.03774464906
3/26/1958 16:00:00	2.03101497603
3/27/1958 16:00:00	2.02476541833
3/28/1958 16:00:00	2.02619838077
3/31/1958 16:00:00	2.02138925475
4/1/1958 16:00:00	2.01321938275
4/2/1958 16:00:00	1.99736718548
4/3/1958 16:00:00	1.99159811032
4/7/1958 16:00:00	1.9843887334
4/8/1958 16:00:00	1.98918254616
4/9/1958 16:00:00	1.99973802626
4/10/1958 16:00:00	2.00213113641
4/11/1958 16:00:00	2.00404418183
4/14/1958 16:00:00	2.01651985072
4/15/1958 16:00:00	2.0371576257
4/16/1958 16:00:00	2.02130587272
4/17/1958 16:00:00	2.02850016874
4/18/1958 16:00:00	2.05057796354
4/21/1958 16:00:00	2.06113289772
4/22/1958 16:00:00	2.05488362465
4/23/1958 16:00:00	2.05487591884
4/24/1958 16:00:00	2.07119200133
4/25/1958 16:00:00	2.08174670017
4/28/1958 16:00:00	2.07501741615
4/29/1958 16:00:00	2.06444724817
4/30/1958 16:00:00	2.08556401705
5/1/1958 16:00:00	2.09035732836
5/2/1958 16:00:00	2.09755088613
5/5/1958 16:00:00	2.10234411659
5/6/1958 16:00:00	2.11289823879
5/7/1958 16:00:00	2.10904965025
5/8/1958 16:00:00	2.11192236673
5/9/1958 16:00:00	2.11671528826
5/12/1958 16:00:00	2.10038429504
5/13/1958 16:00:00	2.09413522541
5/14/1958 16:00:00	2.07012307075
5/15/1958 16:00:00	2.08067721905
5/16/1958 16:00:00	2.08162960333
5/19/1958 16:00:00	2.07586088104
5/20/1958 16:00:00	2.09361596148
5/21/1958 16:00:00	2.09072758231
5/22/1958 16:00:00	2.10176145035
5/23/1958 16:00:00	2.10607423701
5/26/1958 16:00:00	2.10510617397
5/27/1958 16:00:00	2.10221797799
5/28/1958 16:00:00	2.10509038569
5/29/1958 16:00:00	2.11660416192
6/2/1958 16:00:00	2.12715770113
6/3/1958 16:00:00	2.13435055427
6/4/1958 16:00:00	2.13626283786
6/5/1958 16:00:00	2.13865508557
6/6/1958 16:00:00	2.14296758834
6/9/1958 16:00:00	2.13959917857
6/10/1958 16:00:00	2.13527066475
6/11/1958 16:00:00	2.1357428119
6/12/1958 16:00:00	2.14821602393
6/13/1958 16:00:00	2.16116929348
6/16/1958 16:00:00	2.16884192552
6/17/1958 16:00:00	2.15731263922
6/18/1958 16:00:00	2.17650633776
6/19/1958 16:00:00	2.14145519781
6/20/1958 16:00:00	2.15296800721
6/23/1958 16:00:00	2.14527934129
6/24/1958 16:00:00	2.137110778
6/25/1958 16:00:00	2.14238316562
6/26/1958 16:00:00	2.15245576114
6/27/1958 16:00:00	2.15532793701
6/30/1958 16:00:00	2.17164083009
7/1/1958 16:00:00	2.17355265403
7/2/1958 16:00:00	2.17546464672
7/3/1958 16:00:00	2.18265690838
7/7/1958 16:00:00	2.18984893305
7/8/1958 16:00:00	2.17928041651
7/9/1958 16:00:00	2.17207190551
7/10/1958 16:00:00	2.18022394249
7/11/1958 16:00:00	2.19461633606
7/14/1958 16:00:00	2.16676730443
7/15/1958 16:00:00	2.16531920619
7/16/1958 16:00:00	2.17203117853
7/17/1958 16:00:00	2.1864232035
7/18/1958 16:00:00	2.19697517525
7/21/1958 16:00:00	2.22384718791
7/22/1958 16:00:00	2.22767876553
7/23/1958 16:00:00	2.22719049257
7/24/1958 16:00:00	2.23918208898
7/25/1958 16:00:00	2.25453355404
7/28/1958 16:00:00	2.26316501261
7/29/1958 16:00:00	2.25403654984
7/30/1958 16:00:00	2.26026802831
7/31/1958 16:00:00	2.26505936868
8/1/1958 16:00:00	2.27945063616
8/4/1958 16:00:00	2.30104128371
8/5/1958 16:00:00	2.29191303243
8/6/1958 16:00:00	2.277984922
8/7/1958 16:00:00	2.29285582472
8/8/1958 16:00:00	2.30628655718
8/11/1958 16:00:00	2.31155767828
8/12/1958 16:00:00	2.29091008738
8/13/1958 16:00:00	2.29474136665
8/14/1958 16:00:00	2.29953239802
8/15/1958 16:00:00	2.27984504517
8/18/1958 16:00:00	2.26639746776
8/19/1958 16:00:00	2.2702285981
8/20/1958 16:00:00	2.27118003426
8/21/1958 16:00:00	2.28605040436
8/22/1958 16:00:00	2.29084136027
8/25/1958 16:00:00	2.29131283053
8/26/1958 16:00:00	2.29898353619
8/27/1958 16:00:00	2.29945478924
8/28/1958 16:00:00	2.28744734142
8/29/1958 16:00:00	2.29175833148
9/2/1958 16:00:00	2.30374847211
9/3/1958 16:00:00	2.31237890447
9/4/1958 16:00:00	2.30853057872
9/5/1958 16:00:00	2.30228278152
9/8/1958 16:00:00	2.3099532158
9/9/1958 16:00:00	2.32578249161
9/10/1958 16:00:00	2.31857480053
9/11/1958 16:00:00	2.33440392544
9/12/1958 16:00:00	2.32911585687
9/15/1958 16:00:00	2.34974426578
9/16/1958 16:00:00	2.36845275094
9/17/1958 16:00:00	2.36844386925
9/18/1958 16:00:00	2.36987489563
9/19/1958 16:00:00	2.37082588267
9/22/1958 16:00:00	2.3612184704
9/23/1958 16:00:00	2.37848685317
9/24/1958 16:00:00	2.38903606386
9/25/1958 16:00:00	2.37894885269
9/26/1958 16:00:00	2.3832591925
9/29/1958 16:00:00	2.39332843188
9/30/1958 16:00:00	2.40243793003
10/1/1958 16:00:00	2.39858953958
10/2/1958 16:00:00	2.40769876661
10/3/1958 16:00:00	2.41728793602
10/6/1958 16:00:00	2.45087234817
10/7/1958 16:00:00	2.4508631574
10/8/1958 16:00:00	2.4503741445
10/9/1958 16:00:00	2.44988495216
10/10/1958 16:00:00	2.46619234237
10/13/1958 16:00:00	2.47722071074
10/14/1958 16:00:00	2.45993515254
10/15/1958 16:00:00	2.42729332292
10/16/1958 16:00:00	2.44456017523
10/17/1958 16:00:00	2.46950531603
10/20/1958 16:00:00	2.46037824296
10/21/1958 16:00:00	2.46036901654
10/22/1958 16:00:00	2.45076205901
10/23/1958 16:00:00	2.44595411267
10/24/1958 16:00:00	2.43826684979
10/27/1958 16:00:00	2.41954225936
10/28/1958 16:00:00	2.42721140179
10/29/1958 16:00:00	2.45071610676
10/30/1958 16:00:00	2.46030443163
10/31/1958 16:00:00	2.46317450417
11/3/1958 16:00:00	2.47420226294
11/5/1958 16:00:00	2.49674668163
11/6/1958 16:00:00	2.51689181784
11/7/1958 16:00:00	2.50776482786
11/10/1958 16:00:00	2.52263124781
11/11/1958 16:00:00	2.5422960971
11/12/1958 16:00:00	2.54564556599
11/13/1958 16:00:00	2.53507927281
11/14/1958 16:00:00	2.54754594141
11/17/1958 16:00:00	2.55473427429
11/18/1958 16:00:00	2.54944628832
11/19/1958 16:00:00	2.55279566745
11/20/1958 16:00:00	2.55326586273
11/21/1958 16:00:00	2.52878417133
11/24/1958 16:00:00	2.49662496569
11/25/1958 16:00:00	2.44815150409
11/26/1958 16:00:00	2.49036842935
11/28/1958 16:00:00	2.51818970138
12/1/1958 16:00:00	2.52825681184
12/2/1958 16:00:00	2.5172111205
12/3/1958 16:00:00	2.52056050699
12/4/1958 16:00:00	2.52151074202
12/5/1958 16:00:00	2.51718280196
12/8/1958 16:00:00	2.51717336253
12/9/1958 16:00:00	2.53443773103
12/10/1958 16:00:00	2.565137023
12/11/1958 16:00:00	2.55984931464
12/12/1958 16:00:00	2.55360216338
12/15/1958 16:00:00	2.56078977774
12/16/1958 16:00:00	2.57037657574
12/17/1958 16:00:00	2.5871604385
12/18/1958 16:00:00	2.59818663438
12/19/1958 16:00:00	2.59433830056
12/22/1958 16:00:00	2.57705534492
12/23/1958 16:00:00	2.56313116929
12/24/1958 16:00:00	2.59622838692
12/29/1958 16:00:00	2.62644645809
12/30/1958 16:00:00	2.63555281653
12/31/1958 16:00:00	2.64897733276
1/2/1959 16:00:00	2.6600027837
1/5/1959 16:00:00	2.67054843412
1/6/1959 16:00:00	2.66717985729
1/7/1959 16:00:00	2.63358417575
1/8/1959 16:00:00	2.65804384928
1/9/1959 16:00:00	2.6757861083
1/12/1959 16:00:00	2.67625578308
1/13/1959 16:00:00	2.66137244527
1/14/1959 16:00:00	2.66855914381
1/15/1959 16:00:00	2.67862474203
1/16/1959 16:00:00	2.67765511059
1/19/1959 16:00:00	2.67140787147
1/20/1959 16:00:00	2.67331701245
1/21/1959 16:00:00	2.68865983406
1/22/1959 16:00:00	2.68529134036
1/23/1959 16:00:00	2.68672053192
1/26/1959 16:00:00	2.67567573364
1/27/1959 16:00:00	2.67614538904
1/28/1959 16:00:00	2.64638979382
1/29/1959 16:00:00	2.64829897817
1/30/1959 16:00:00	2.66028315458
2/2/1959 16:00:00	2.64875879775
2/3/1959 16:00:00	2.65210717518
2/4/1959 16:00:00	2.64154265829
2/5/1959 16:00:00	2.62953882501
2/6/1959 16:00:00	2.60841961423
2/9/1959 16:00:00	2.57050944691
2/10/1959 16:00:00	2.60600132736
2/11/1959 16:00:00	2.60743074593
2/12/1959 16:00:00	2.59062985844
2/13/1959 16:00:00	2.61076939908
2/16/1959 16:00:00	2.61459765242
2/17/1959 16:00:00	2.60451329514
2/18/1959 16:00:00	2.60498318857
2/19/1959 16:00:00	2.66254214655
2/20/1959 16:00:00	2.66349165862
2/24/1959 16:00:00	2.66156268451
2/25/1959 16:00:00	2.65003919673
2/26/1959 16:00:00	2.65482650506
2/27/1959 16:00:00	2.65817464568
3/2/1959 16:00:00	2.67351596931
3/3/1959 16:00:00	2.69845174551
3/4/1959 16:00:00	2.70323880067
3/5/1959 16:00:00	2.70706653503
3/6/1959 16:00:00	2.6965024594
3/9/1959 16:00:00	2.69361414849
3/10/1959 16:00:00	2.70127952101
3/11/1959 16:00:00	2.70318811518
3/12/1959 16:00:00	2.71517082733
3/13/1959 16:00:00	2.71851861601
3/16/1959 16:00:00	2.68924624232
3/17/1959 16:00:00	2.7113027074
3/18/1959 16:00:00	2.70505630071
3/19/1959 16:00:00	2.7026476685
3/20/1959 16:00:00	2.70503601282
3/23/1959 16:00:00	2.68008137558
3/24/1959 16:00:00	2.68438862861
3/25/1959 16:00:00	2.68054107522
3/26/1959 16:00:00	2.67477453992
3/30/1959 16:00:00	2.65989410776
3/31/1959 16:00:00	2.65940433833
4/1/1959 16:00:00	2.67138662929
4/2/1959 16:00:00	2.68624702898
4/3/1959 16:00:00	2.70734311633
4/6/1959 16:00:00	2.71500791943
4/7/1959 16:00:00	2.70924158869
4/8/1959 16:00:00	2.6962800042
4/9/1959 16:00:00	2.69435113011
4/10/1959 16:00:00	2.69673956258
4/13/1959 16:00:00	2.70680260575
4/14/1959 16:00:00	2.72022327964
4/15/1959 16:00:00	2.73220489385
4/16/1959 16:00:00	2.75473923473
4/17/1959 16:00:00	2.7782325843
4/20/1959 16:00:00	2.79021384701
4/21/1959 16:00:00	2.7873255081
4/22/1959 16:00:00	2.76908778564
4/23/1959 16:00:00	2.76284174639
4/24/1959 16:00:00	2.78009917638
4/27/1959 16:00:00	2.78872261416
4/28/1959 16:00:00	2.77815965583
4/29/1959 16:00:00	2.7671172027
4/30/1959 16:00:00	2.76231037074
5/1/1959 16:00:00	2.76517798421
5/4/1959 16:00:00	2.76516761479
5/5/1959 16:00:00	2.76995364671
5/6/1959 16:00:00	2.76322824952
5/7/1959 16:00:00	2.72820390831
5/8/1959 16:00:00	2.74929786093
5/11/1959 16:00:00	2.77998449737
5/12/1959 16:00:00	2.77997407242
5/13/1959 16:00:00	2.78044338665
5/14/1959 16:00:00	2.79961824492
5/15/1959 16:00:00	2.78953549555
5/18/1959 16:00:00	2.78904548402
5/19/1959 16:00:00	2.79718863839
5/20/1959 16:00:00	2.78614673416
5/21/1959 16:00:00	2.78853437891
5/22/1959 16:00:00	2.79763689654
5/25/1959 16:00:00	2.79043199789
5/26/1959 16:00:00	2.78610494208
5/27/1959 16:00:00	2.79089060785
5/28/1959 16:00:00	2.80047251637
5/29/1959 16:00:00	2.81437089629
6/1/1959 16:00:00	2.81196231246
6/2/1959 16:00:00	2.79276723417
6/3/1959 16:00:00	2.79371600263
6/4/1959 16:00:00	2.76396988779
6/5/1959 16:00:00	2.75820411822
6/8/1959 16:00:00	2.72222345415
6/9/1959 16:00:00	2.70302925739
6/10/1959 16:00:00	2.74282587932
6/11/1959 16:00:00	2.74569325282
6/12/1959 16:00:00	2.74760138867
6/15/1959 16:00:00	2.73320326343
6/16/1959 16:00:00	2.7125704801
6/17/1959 16:00:00	2.73797860725
6/18/1959 16:00:00	2.73604993642
6/19/1959 16:00:00	2.73987646866
6/22/1959 16:00:00	2.73986619412
6/23/1959 16:00:00	2.73937623269
6/24/1959 16:00:00	2.75327390174
6/25/1959 16:00:00	2.76861015091
6/26/1959 16:00:00	2.78058924625
6/29/1959 16:00:00	2.79928230503
6/30/1959 16:00:00	2.80406767276
7/1/1959 16:00:00	2.82803584414
7/2/1959 16:00:00	2.84289185235
7/6/1959 16:00:00	2.86062541916
7/7/1959 16:00:00	2.87787899958
7/8/1959 16:00:00	2.87882736266
7/9/1959 16:00:00	2.87593929541
7/10/1959 16:00:00	2.87305106685
7/13/1959 16:00:00	2.84906223354
7/14/1959 16:00:00	2.85576535152
7/15/1959 16:00:00	2.85767291662
7/16/1959 16:00:00	2.84903018162
7/17/1959 16:00:00	2.83846925169
7/20/1959 16:00:00	2.82503120509
7/21/1959 16:00:00	2.84899812958
7/22/1959 16:00:00	2.8585784541
7/23/1959 16:00:00	2.86144489811
7/24/1959 16:00:00	2.86047523868
7/27/1959 16:00:00	2.87820755894
7/28/1959 16:00:00	2.89258297134
7/29/1959 16:00:00	2.90695827616
7/30/1959 16:00:00	2.90119297232
7/31/1959 16:00:00	2.90166154839
8/3/1959 16:00:00	2.91124138835
8/4/1959 16:00:00	2.90643521999
8/5/1959 16:00:00	2.89155880526
8/6/1959 16:00:00	2.88867090601
8/7/1959 16:00:00	2.87091744169
8/10/1959 16:00:00	2.81096602324
8/11/1959 16:00:00	2.8478788046
8/12/1959 16:00:00	2.8411548518
8/13/1959 16:00:00	2.83634907258
8/14/1959 16:00:00	2.84305165907
8/17/1959 16:00:00	2.83728667139
8/18/1959 16:00:00	2.81090277564
8/19/1959 16:00:00	2.79410936713
8/20/1959 16:00:00	2.83581627631
8/21/1959 16:00:00	2.83292870499
8/24/1959 16:00:00	2.82284829101
8/25/1959 16:00:00	2.82859190193
8/26/1959 16:00:00	2.83241722851
8/27/1959 16:00:00	2.85686130214
8/28/1959 16:00:00	2.85780942801
8/31/1959 16:00:00	2.85779871123
9/1/1959 16:00:00	2.82278477629
9/2/1959 16:00:00	2.82517162736
9/3/1959 16:00:00	2.79351451394
9/4/1959 16:00:00	2.80692991078
9/8/1959 16:00:00	2.76664228338
9/9/1959 16:00:00	2.74697293276
9/10/1959 16:00:00	2.73257810078
9/11/1959 16:00:00	2.75270608427
9/14/1959 16:00:00	2.73255760593
9/15/1959 16:00:00	2.71768340753
9/16/1959 16:00:00	2.71959117359
9/17/1959 16:00:00	2.70471713555
9/18/1959 16:00:00	2.69415848952
9/21/1959 16:00:00	2.65003696202
9/22/1959 16:00:00	2.64379384846
9/23/1959 16:00:00	2.67638786321
9/24/1959 16:00:00	2.7224066679
9/25/1959 16:00:00	2.71999916653
9/28/1959 16:00:00	2.74012654902
9/29/1959 16:00:00	2.75737675913
9/30/1959 16:00:00	2.72716054459
10/1/1959 16:00:00	2.73002695225
10/2/1959 16:00:00	2.74248269387
10/5/1959 16:00:00	2.73959561366
10/6/1959 16:00:00	2.7371881107
10/7/1959 16:00:00	2.72998600193
10/8/1959 16:00:00	2.72374305126
10/9/1959 16:00:00	2.7328422797
10/12/1959 16:00:00	2.74817428935
10/13/1959 16:00:00	2.7404928834
10/14/1959 16:00:00	2.71890766093
10/15/1959 16:00:00	2.72656850749
10/16/1959 16:00:00	2.74861260749
10/19/1959 16:00:00	2.73326014682
10/20/1959 16:00:00	2.71646973732
10/21/1959 16:00:00	2.7111857537
10/22/1959 16:00:00	2.68480688443
10/23/1959 16:00:00	2.71164495109
10/26/1959 16:00:00	2.72985291553
10/27/1959 16:00:00	2.75285511591
10/28/1959 16:00:00	2.7547625344
10/29/1959 16:00:00	2.75235512734
10/30/1959 16:00:00	2.75761846469
11/2/1959 16:00:00	2.75233448468
11/4/1959 16:00:00	2.74513283137
11/5/1959 16:00:00	2.7479990957
11/6/1959 16:00:00	2.76141231472
11/9/1959 16:00:00	2.75660791385
11/10/1959 16:00:00	2.75563873448
11/11/1959 16:00:00	2.75610791152
11/12/1959 16:00:00	2.74075640063
11/13/1959 16:00:00	2.72540518804
11/16/1959 16:00:00	2.69519271924
11/17/1959 16:00:00	2.70285302163
11/18/1959 16:00:00	2.73208626943
11/19/1959 16:00:00	2.72967889045
11/20/1959 16:00:00	2.73110696553
11/23/1959 16:00:00	2.73637008576
11/24/1959 16:00:00	2.74930324963
11/25/1959 16:00:00	2.75360745968
11/27/1959 16:00:00	2.76606133698
11/30/1959 16:00:00	2.79385529817
12/1/1959 16:00:00	2.81397908326
12/2/1959 16:00:00	2.80917458969
12/3/1959 16:00:00	2.81539606393
12/4/1959 16:00:00	2.82113800957
12/7/1959 16:00:00	2.82640061486
12/8/1959 16:00:00	2.84460635353
12/9/1959 16:00:00	2.82685889303
12/10/1959 16:00:00	2.82924511756
12/11/1959 16:00:00	2.82252334919
12/14/1959 16:00:00	2.83018265768
12/15/1959 16:00:00	2.82346093612
12/16/1959 16:00:00	2.82680588972
12/17/1959 16:00:00	2.82152226279
12/18/1959 16:00:00	2.83493374768
12/21/1959 16:00:00	2.83827862056
12/22/1959 16:00:00	2.83491248571
12/23/1959 16:00:00	2.82627342871
12/24/1959 16:00:00	2.82818029163
12/28/1959 16:00:00	2.82721095882
12/29/1959 16:00:00	2.84253956755
12/30/1959 16:00:00	2.86505836981
12/31/1959 16:00:00	2.87079974131
1/4/1960 16:00:00	2.87174768861
1/5/1960 16:00:00	2.89474539192
1/6/1960 16:00:00	2.88227172903
1/7/1960 16:00:00	2.8611698416
1/8/1960 16:00:00	2.85205175163
1/11/1960 16:00:00	2.81704951907
1/12/1960 16:00:00	2.79978287996
1/13/1960 16:00:00	2.78395449344
1/14/1960 16:00:00	2.79928263075
1/15/1960 16:00:00	2.79831345309
1/18/1960 16:00:00	2.77481583602
1/19/1960 16:00:00	2.74508729481
1/20/1960 16:00:00	2.73549048862
1/21/1960 16:00:00	2.7421907089
1/22/1960 16:00:00	2.75032896383
1/25/1960 16:00:00	2.72155943709
1/26/1960 16:00:00	2.72538385158
1/27/1960 16:00:00	2.71866325377
1/28/1960 16:00:00	2.69037358593
1/29/1960 16:00:00	2.66543929483
2/1/1960 16:00:00	2.68220505336
2/2/1960 16:00:00	2.72341547437
2/3/1960 16:00:00	2.69943997215
2/4/1960 16:00:00	2.69703336594
2/5/1960 16:00:00	2.68312344509
2/8/1960 16:00:00	2.65147956632
2/9/1960 16:00:00	2.67639316983
2/10/1960 16:00:00	2.65960781955
2/11/1960 16:00:00	2.6447396364
2/12/1960 16:00:00	2.65814986842
2/15/1960 16:00:00	2.64424040689
2/16/1960 16:00:00	2.62314181623
2/17/1960 16:00:00	2.63751057528
2/18/1960 16:00:00	2.67440572542
2/19/1960 16:00:00	2.69548431763
2/23/1960 16:00:00	2.68109559119
2/24/1960 16:00:00	2.67150007142
2/25/1960 16:00:00	2.68059628454
2/26/1960 16:00:00	2.6916095814
2/29/1960 16:00:00	2.68968234314
3/1/1960 16:00:00	2.68440022003
3/2/1960 16:00:00	2.6656985899
3/3/1960 16:00:00	2.62542992282
3/4/1960 16:00:00	2.6153554938
3/7/1960 16:00:00	2.58898608325
3/8/1960 16:00:00	2.56261687143
3/9/1960 16:00:00	2.58992521189
3/10/1960 16:00:00	2.57985106751
3/11/1960 16:00:00	2.5994910031
3/14/1960 16:00:00	2.60331521735
3/15/1960 16:00:00	2.62343427601
3/16/1960 16:00:00	2.6378020095
3/17/1960 16:00:00	2.63395801551
3/18/1960 16:00:00	2.63634435165
3/21/1960 16:00:00	2.63921002047
3/22/1960 16:00:00	2.64974360317
3/23/1960 16:00:00	2.67129971155
3/24/1960 16:00:00	2.68279142013
3/25/1960 16:00:00	2.68278135967
3/28/1960 16:00:00	2.6770204793
3/29/1960 16:00:00	2.67317645304
3/30/1960 16:00:00	2.6674156519
3/31/1960 16:00:00	2.65207018023
4/1/1960 16:00:00	2.65637333074
4/4/1960 16:00:00	2.66163493142
4/5/1960 16:00:00	2.65347797134
4/6/1960 16:00:00	2.70809983092
4/7/1960 16:00:00	2.70856900281
4/8/1960 16:00:00	2.70232889415
4/11/1960 16:00:00	2.69177583327
4/12/1960 16:00:00	2.69799564377
4/13/1960 16:00:00	2.69798552629
4/14/1960 16:00:00	2.70420526683
4/18/1960 16:00:00	2.71186254459
4/19/1960 16:00:00	2.68980865211
4/20/1960 16:00:00	2.65673292304
4/21/1960 16:00:00	2.6639111638
4/22/1960 16:00:00	2.65575456178
4/25/1960 16:00:00	2.62890923424
4/26/1960 16:00:00	2.63752504953
4/27/1960 16:00:00	2.63751515881
4/28/1960 16:00:00	2.61450370476
4/29/1960 16:00:00	2.60538902364
5/2/1960 16:00:00	2.59387864993
5/3/1960 16:00:00	2.62741255854
5/4/1960 16:00:00	2.63746570435
5/5/1960 16:00:00	2.62883036647
5/6/1960 16:00:00	2.62354940115
5/9/1960 16:00:00	2.6259354618
5/10/1960 16:00:00	2.60771652159
5/11/1960 16:00:00	2.61489456827
5/12/1960 16:00:00	2.62830179176
5/13/1960 16:00:00	2.64985506862
5/16/1960 16:00:00	2.64744927753
5/17/1960 16:00:00	2.65750200886
5/18/1960 16:00:00	2.65653367219
5/19/1960 16:00:00	2.66802393667
5/20/1960 16:00:00	2.67040974984
5/23/1960 16:00:00	2.67183718481
5/24/1960 16:00:00	2.66895227818
5/25/1960 16:00:00	2.66750464859
5/26/1960 16:00:00	2.66941134442
5/27/1960 16:00:00	2.67083894436
5/31/1960 16:00:00	2.67514137768
6/1/1960 16:00:00	2.67800617925
6/2/1960 16:00:00	2.68949597543
6/3/1960 16:00:00	2.69427736476
6/6/1960 16:00:00	2.72589135271
6/7/1960 16:00:00	2.75175534123
6/8/1960 16:00:00	2.77378585326
6/9/1960 16:00:00	2.77904610522
6/10/1960 16:00:00	2.77759830465
6/13/1960 16:00:00	2.77854619875
6/14/1960 16:00:00	2.77470255318
6/15/1960 16:00:00	2.75840136417
6/16/1960 16:00:00	2.75503706403
6/17/1960 16:00:00	2.75215184556
6/20/1960 16:00:00	2.73872580118
6/21/1960 16:00:00	2.73631990113
6/22/1960 16:00:00	2.74445478733
6/23/1960 16:00:00	2.75929758171
6/24/1960 16:00:00	2.76359939275
6/27/1960 16:00:00	2.74681968866
6/28/1960 16:00:00	2.72812338694
6/29/1960 16:00:00	2.72811315647
6/30/1960 16:00:00	2.72714466273
7/1/1960 16:00:00	2.733842254
7/5/1960 16:00:00	2.73191548981
7/6/1960 16:00:00	2.72807223496
7/7/1960 16:00:00	2.74243555607
7/8/1960 16:00:00	2.74913280675
7/11/1960 16:00:00	2.72468778893
7/12/1960 16:00:00	2.6949729195
7/13/1960 16:00:00	2.6877761458
7/14/1960 16:00:00	2.68872429756
7/15/1960 16:00:00	2.68536051057
7/18/1960 16:00:00	2.66858198205
7/19/1960 16:00:00	2.66857197487
7/20/1960 16:00:00	2.66425008475
7/21/1960 16:00:00	2.63980612115
7/22/1960 16:00:00	2.62159079351
7/25/1960 16:00:00	2.59570995748
7/26/1960 16:00:00	2.6115101005
7/27/1960 16:00:00	2.59521129871
7/28/1960 16:00:00	2.61436509841
7/29/1960 16:00:00	2.65938918892
8/1/1960 16:00:00	2.66033740397
8/2/1960 16:00:00	2.63685255514
8/3/1960 16:00:00	2.62151214371
8/4/1960 16:00:00	2.62964654283
8/5/1960 16:00:00	2.65598580916
8/8/1960 16:00:00	2.65980852838
8/9/1960 16:00:00	2.67512884787
8/10/1960 16:00:00	2.68613741229
8/11/1960 16:00:00	2.69618773521
8/12/1960 16:00:00	2.71438221302
8/15/1960 16:00:00	2.7119767457
8/16/1960 16:00:00	2.71723630011
8/17/1960 16:00:00	2.72297479606
8/18/1960 16:00:00	2.72152746458
8/19/1960 16:00:00	2.73109826878
8/22/1960 16:00:00	2.73971105008
8/23/1960 16:00:00	2.76652787858
8/24/1960 16:00:00	2.78184716777
8/25/1960 16:00:00	2.76842337584
8/26/1960 16:00:00	2.75931094905
8/29/1960 16:00:00	2.75163585611
8/30/1960 16:00:00	2.72288289551
8/31/1960 16:00:00	2.72862115476
9/1/1960 16:00:00	2.73483851496
9/2/1960 16:00:00	2.73051689335
9/6/1960 16:00:00	2.70607579369
9/7/1960 16:00:00	2.67253307264
9/8/1960 16:00:00	2.67012791509
9/9/1960 16:00:00	2.68784205795
9/12/1960 16:00:00	2.66914980512
9/13/1960 16:00:00	2.67440914436
9/14/1960 16:00:00	2.65571689964
9/15/1960 16:00:00	2.64516850557
9/16/1960 16:00:00	2.6398892971
9/19/1960 16:00:00	2.58000166961
9/20/1960 16:00:00	2.58717718474
9/21/1960 16:00:00	2.61399256747
9/22/1960 16:00:00	2.60392346412
9/23/1960 16:00:00	2.58187907107
9/26/1960 16:00:00	2.54163230642
9/27/1960 16:00:00	2.53587451202
9/28/1960 16:00:00	2.51383062425
9/29/1960 16:00:00	2.52052727124
9/30/1960 16:00:00	2.56362839388
10/3/1960 16:00:00	2.55595472668
10/4/1960 16:00:00	2.53822211884
10/5/1960 16:00:00	2.55737249871
10/6/1960 16:00:00	2.5731699439
10/7/1960 16:00:00	2.58800907304
10/10/1960 16:00:00	2.5932683405
10/11/1960 16:00:00	2.59709064785
10/12/1960 16:00:00	2.59372798459
10/13/1960 16:00:00	2.61383572761
10/14/1960 16:00:00	2.62771661215
10/17/1960 16:00:00	2.61669010471
10/18/1960 16:00:00	2.60326861351
10/19/1960 16:00:00	2.59846910155
10/20/1960 16:00:00	2.57977914782
10/21/1960 16:00:00	2.5730638015
10/24/1960 16:00:00	2.52419848989
10/25/1960 16:00:00	2.50024027222
10/26/1960 16:00:00	2.54094354738
10/27/1960 16:00:00	2.56823537732
10/28/1960 16:00:00	2.55816742699
10/31/1960 16:00:00	2.55719987618
11/1/1960 16:00:00	2.58353338459
11/2/1960 16:00:00	2.59693482106
11/3/1960 16:00:00	2.60698325155
11/4/1960 16:00:00	2.62948468799
11/7/1960 16:00:00	2.63953292145
11/9/1960 16:00:00	2.65101789265
11/10/1960 16:00:00	2.70273521885
11/11/1960 16:00:00	2.67590361583
11/14/1960 16:00:00	2.66248298945
11/15/1960 16:00:00	2.67300996334
11/16/1960 16:00:00	2.66773148013
11/17/1960 16:00:00	2.66053720707
11/18/1960 16:00:00	2.67345875614
11/21/1960 16:00:00	2.67871713082
11/22/1960 16:00:00	2.66864936809
11/23/1960 16:00:00	2.67247077937
11/25/1960 16:00:00	2.68826578024
11/28/1960 16:00:00	2.68346623325
11/29/1960 16:00:00	2.67387763966
11/30/1960 16:00:00	2.65997853976
12/1/1960 16:00:00	2.64847415894
12/2/1960 16:00:00	2.6527745903
12/5/1960 16:00:00	2.64893332434
12/6/1960 16:00:00	2.65658618088
12/7/1960 16:00:00	2.68291694953
12/8/1960 16:00:00	2.6891329162
12/9/1960 16:00:00	2.71306880562
12/12/1960 16:00:00	2.72263683932
12/13/1960 16:00:00	2.72406350138
12/14/1960 16:00:00	2.72213758586
12/15/1960 16:00:00	2.71446478816
12/16/1960 16:00:00	2.73935797739
12/19/1960 16:00:00	2.7359953583
12/20/1960 16:00:00	2.73406942674
12/21/1960 16:00:00	2.75608876637
12/22/1960 16:00:00	2.74841598468
12/23/1960 16:00:00	2.75080014935
12/27/1960 16:00:00	2.75462111961
12/28/1960 16:00:00	2.7670620565
12/29/1960 16:00:00	2.77998189874
12/30/1960 16:00:00	2.78284490592
1/3/1961 16:00:00	2.75697422621
1/4/1961 16:00:00	2.7947963033
1/5/1961 16:00:00	2.80484244822
1/6/1961 16:00:00	2.79669093496
1/9/1961 16:00:00	2.81631474235
1/10/1961 16:00:00	2.82396631207
1/11/1961 16:00:00	2.83209662592
1/12/1961 16:00:00	2.84070586119
1/13/1961 16:00:00	2.85410374154
1/16/1961 16:00:00	2.85313544645
1/17/1961 16:00:00	2.85599787838
1/18/1961 16:00:00	2.85790270378
1/19/1961 16:00:00	2.8622018338
1/20/1961 16:00:00	2.8712895515
1/23/1961 16:00:00	2.8870814997
1/24/1961 16:00:00	2.89473251744
1/25/1961 16:00:00	2.89855247868
1/26/1961 16:00:00	2.90285137568
1/27/1961 16:00:00	2.93252996306
1/30/1961 16:00:00	2.96747561976
1/31/1961 16:00:00	2.9583660957
2/1/1961 16:00:00	2.96410139328
2/2/1961 16:00:00	2.98324429638
2/3/1961 16:00:00	2.97940239286
2/6/1961 16:00:00	2.95736399876
2/7/1961 16:00:00	2.95208573617
2/8/1961 16:00:00	2.9788899256
2/9/1961 16:00:00	2.96978078011
2/10/1961 16:00:00	2.94486981509
2/13/1961 16:00:00	2.92762048027
2/14/1961 16:00:00	2.9405381716
2/15/1961 16:00:00	2.96494775255
2/16/1961 16:00:00	2.98313242447
2/17/1961 16:00:00	2.97354453198
2/20/1961 16:00:00	2.98406773614
2/21/1961 16:00:00	2.98597190921
2/23/1961 16:00:00	2.99697373564
2/24/1961 16:00:00	3.00893315415
2/27/1961 16:00:00	3.03094775373
2/28/1961 16:00:00	3.03763987647
3/1/1961 16:00:00	3.03714974477
3/2/1961 16:00:00	3.05724867117
3/3/1961 16:00:00	3.06202548952
3/6/1961 16:00:00	3.06680227203
3/7/1961 16:00:00	3.03901948583
3/8/1961 16:00:00	3.03757152947
3/9/1961 16:00:00	3.04043306523
3/10/1961 16:00:00	3.03946402498
3/13/1961 16:00:00	3.04807115969
3/14/1961 16:00:00	3.03465325431
3/15/1961 16:00:00	3.04373906497
3/16/1961 16:00:00	3.07437089703
3/17/1961 16:00:00	3.06430462459
3/20/1961 16:00:00	3.10546975607
3/21/1961 16:00:00	3.09971242914
3/22/1961 16:00:00	3.09778558527
3/23/1961 16:00:00	3.08963458833
3/24/1961 16:00:00	3.08435627824
3/27/1961 16:00:00	3.0809932061
3/28/1961 16:00:00	3.08241795443
3/29/1961 16:00:00	3.10873971866
3/30/1961 16:00:00	3.11495211176
4/3/1961 16:00:00	3.14079467378
4/4/1961 16:00:00	3.14365582231
4/5/1961 16:00:00	3.13406825657
4/6/1961 16:00:00	3.14123821825
4/7/1961 16:00:00	3.15798346609
4/10/1961 16:00:00	3.1852616424
4/11/1961 16:00:00	3.18955882423
4/12/1961 16:00:00	3.17470477779
4/13/1961 16:00:00	3.17229925612
4/14/1961 16:00:00	3.17755380798
4/17/1961 16:00:00	3.28813615515
4/18/1961 16:00:00	3.16939073398
4/19/1961 16:00:00	3.15070723987
4/20/1961 16:00:00	3.15117428513
4/21/1961 16:00:00	3.14876854037
4/24/1961 16:00:00	3.08316759237
4/25/1961 16:00:00	3.12624384838
4/26/1961 16:00:00	3.13820089871
4/27/1961 16:00:00	3.13388019807
4/28/1961 16:00:00	3.12668716252
5/1/1961 16:00:00	3.11997302876
5/2/1961 16:00:00	3.14246234426
5/3/1961 16:00:00	3.16830267091
5/4/1961 16:00:00	3.1807381373
5/5/1961 16:00:00	3.18455583925
5/8/1961 16:00:00	3.17927813037
5/9/1961 16:00:00	3.18213850013
5/10/1961 16:00:00	3.17925428581
5/11/1961 16:00:00	3.17828469661
5/12/1961 16:00:00	3.18353883106
5/15/1961 16:00:00	3.19932499269
5/16/1961 16:00:00	3.21128114166
5/17/1961 16:00:00	3.22610942861
5/18/1961 16:00:00	3.20694836638
5/19/1961 16:00:00	3.22034045521
5/22/1961 16:00:00	3.20022228168
5/23/1961 16:00:00	3.19207218152
5/24/1961 16:00:00	3.17195426546
5/25/1961 16:00:00	3.15997453874
5/26/1961 16:00:00	3.18006848307
5/31/1961 16:00:00	3.1862796523
6/1/1961 16:00:00	3.18626770375
6/2/1961 16:00:00	3.19439403656
6/5/1961 16:00:00	3.21113663547
6/6/1961 16:00:00	3.20202912883
6/7/1961 16:00:00	3.14217953044
6/8/1961 16:00:00	3.19147367522
6/9/1961 16:00:00	3.19098327302
6/12/1961 16:00:00	3.16655774253
6/13/1961 16:00:00	3.14979166759
6/14/1961 16:00:00	3.15839632145
6/15/1961 16:00:00	3.14450242566
6/16/1961 16:00:00	3.12007743702
6/19/1961 16:00:00	3.09134463068
6/20/1961 16:00:00	3.1186180404
6/21/1961 16:00:00	3.1181275606
6/22/1961 16:00:00	3.10662762751
6/23/1961 16:00:00	3.1190617373
6/26/1961 16:00:00	3.08602118734
6/27/1961 16:00:00	3.08600961476
6/28/1961 16:00:00	3.09174189329
6/29/1961 16:00:00	3.08837961028
6/30/1961 16:00:00	3.09411220206
7/3/1961 16:00:00	3.12138468063
7/5/1961 16:00:00	3.14147688387
7/6/1961 16:00:00	3.15008108415
7/7/1961 16:00:00	3.14815457552
7/10/1961 16:00:00	3.14527091958
7/11/1961 16:00:00	3.14430196669
7/12/1961 16:00:00	3.12657971246
7/13/1961 16:00:00	3.10454986452
7/14/1961 16:00:00	3.12464160276
7/17/1961 16:00:00	3.10117602905
7/18/1961 16:00:00	3.08297581565
7/19/1961 16:00:00	3.09684474257
7/20/1961 16:00:00	3.09731187847
7/21/1961 16:00:00	3.10448001188
7/24/1961 16:00:00	3.10494711556
7/25/1961 16:00:00	3.12216659285
7/26/1961 16:00:00	3.15135156737
7/27/1961 16:00:00	3.18819507037
7/28/1961 16:00:00	3.19296940257
7/31/1961 16:00:00	3.19535074653
8/1/1961 16:00:00	3.22453537635
8/2/1961 16:00:00	3.20394214824
8/3/1961 16:00:00	3.22068207284
8/4/1961 16:00:00	3.23933642455
8/7/1961 16:00:00	3.23884554944
8/8/1961 16:00:00	3.24601283021
8/9/1961 16:00:00	3.24217159587
8/10/1961 16:00:00	3.25221041334
8/11/1961 16:00:00	3.25746304679
8/14/1961 16:00:00	3.24117804925
8/15/1961 16:00:00	3.23302953447
8/16/1961 16:00:00	3.24163245541
8/17/1961 16:00:00	3.25980738579
8/18/1961 16:00:00	3.26841014197
8/21/1961 16:00:00	3.27509836016
8/22/1961 16:00:00	3.27556478641
8/23/1961 16:00:00	3.2535367703
8/24/1961 16:00:00	3.23485875438
8/25/1961 16:00:00	3.2386755131
8/28/1961 16:00:00	3.24009910495
8/29/1961 16:00:00	3.23290829709
8/30/1961 16:00:00	3.24533937665
8/31/1961 16:00:00	3.25777072825
9/1/1961 16:00:00	3.26350173824
9/5/1961 16:00:00	3.25248178155
9/6/1961 16:00:00	3.2763989684
9/7/1961 16:00:00	3.27112220788
9/8/1961 16:00:00	3.24861643035
9/11/1961 16:00:00	3.21988938386
9/12/1961 16:00:00	3.25242079625
9/13/1961 16:00:00	3.25480163922
9/14/1961 16:00:00	3.23181758157
9/15/1961 16:00:00	3.23754849488
9/18/1961 16:00:00	3.21647901173
9/19/1961 16:00:00	3.16238850181
9/20/1961 16:00:00	3.20449064283
9/21/1961 16:00:00	3.20591427129
9/22/1961 16:00:00	3.19298112478
9/25/1961 16:00:00	3.14750532272
9/26/1961 16:00:00	3.1479721843
9/27/1961 16:00:00	3.1809811841
9/28/1961 16:00:00	3.18623343272
9/29/1961 16:00:00	3.19339991426
10/2/1961 16:00:00	3.19530183906
10/3/1961 16:00:00	3.1933759638
10/4/1961 16:00:00	3.21489867118
10/5/1961 16:00:00	3.24312088792
10/6/1961 16:00:00	3.2048250905
10/9/1961 16:00:00	3.2512321286
10/10/1961 16:00:00	3.25935510705
10/11/1961 16:00:00	3.26221402449
10/12/1961 16:00:00	3.26172351305
10/13/1961 16:00:00	3.25596867948
10/16/1961 16:00:00	3.24686414171
10/17/1961 16:00:00	3.24780924167
10/18/1961 16:00:00	3.26406703739
10/19/1961 16:00:00	3.275539464
10/20/1961 16:00:00	3.25399346519
10/23/1961 16:00:00	3.25685231659
10/24/1961 16:00:00	3.2530121676
10/25/1961 16:00:00	3.27022652793
10/26/1961 16:00:00	3.27595667293
10/27/1961 16:00:00	3.27020200124
10/30/1961 16:00:00	3.2740179815
10/31/1961 16:00:00	3.28357627688
11/1/1961 16:00:00	3.28882766764
11/2/1961 16:00:00	3.30699873945
11/3/1961 16:00:00	3.32421281128
11/6/1961 16:00:00	3.35003995869
11/8/1961 16:00:00	3.39117917895
11/9/1961 16:00:00	3.38638110006
11/10/1961 16:00:00	3.40072370299
11/13/1961 16:00:00	3.4102808724
11/14/1961 16:00:00	3.42892998282
11/15/1961 16:00:00	3.42939536132
11/16/1961 16:00:00	3.42699022992
11/17/1961 16:00:00	3.42697737871
11/20/1961 16:00:00	3.43174939903
11/21/1961 16:00:00	3.43460736909
11/22/1961 16:00:00	3.43076647478
11/24/1961 16:00:00	3.43745242716
11/27/1961 16:00:00	3.43791812621
11/28/1961 16:00:00	3.43312045219
11/29/1961 16:00:00	3.43071501354
11/30/1961 16:00:00	3.41251996791
12/1/1961 16:00:00	3.43451721117
12/4/1961 16:00:00	3.44550949335
12/5/1961 16:00:00	3.44166867296
12/6/1961 16:00:00	3.4445264982
12/7/1961 16:00:00	3.43063782254
12/8/1961 16:00:00	3.44689316573
12/11/1961 16:00:00	3.46362659376
12/12/1961 16:00:00	3.47557529401
12/13/1961 16:00:00	3.47029910797
12/14/1961 16:00:00	3.44397079509
12/15/1961 16:00:00	3.44539320827
12/18/1961 16:00:00	3.43341877886
12/19/1961 16:00:00	3.40948297519
12/20/1961 16:00:00	3.40277182419
12/21/1961 16:00:00	3.39031913256
12/22/1961 16:00:00	3.39269883069
12/26/1961 16:00:00	3.3979487373
12/27/1961 16:00:00	3.42807855198
12/28/1961 16:00:00	3.42997953168
12/29/1961 16:00:00	3.42326845438
1/2/1962 16:00:00	3.39502721904
1/3/1962 16:00:00	3.40314792086
1/4/1962 16:00:00	3.37969167142
1/5/1962 16:00:00	3.33279219934
1/8/1962 16:00:00	3.30694406048
1/9/1962 16:00:00	3.30836690657
1/10/1962 16:00:00	3.29926414914
1/11/1962 16:00:00	3.31886764698
1/12/1962 16:00:00	3.3303374142
1/15/1962 16:00:00	3.32362696248
1/16/1962 16:00:00	3.30447737735
1/17/1962 16:00:00	3.26858315489
1/18/1962 16:00:00	3.27191984127
1/19/1962 16:00:00	3.28913074967
1/22/1962 16:00:00	3.29198881274
1/23/1962 16:00:00	3.26709893265
1/24/1962 16:00:00	3.27234927983
1/25/1962 16:00:00	3.26994479438
1/26/1962 16:00:00	3.2594074134
1/29/1962 16:00:00	3.2483919643
1/30/1962 16:00:00	3.26129664448
1/31/1962 16:00:00	3.2933375588
2/1/1962 16:00:00	3.31341848223
2/2/1962 16:00:00	3.33971799658
2/5/1962 16:00:00	3.34305426577
2/6/1962 16:00:00	3.34686901141
2/7/1962 16:00:00	3.36886270281
2/8/1962 16:00:00	3.37650457659
2/9/1962 16:00:00	3.37170804821
2/12/1962 16:00:00	3.37073841561
2/13/1962 16:00:00	3.37024728278
2/14/1962 16:00:00	3.36879953706
2/15/1962 16:00:00	3.38409526606
2/16/1962 16:00:00	3.37690672797
2/19/1962 16:00:00	3.36828351761
2/20/1962 16:00:00	3.38023042121
2/21/1962 16:00:00	3.3639526492
2/23/1962 16:00:00	3.35628617942
2/26/1962 16:00:00	3.33713848042
2/27/1962 16:00:00	3.34334469929
2/28/1962 16:00:00	3.34668075397
3/1/1962 16:00:00	3.3581489964
3/2/1962 16:00:00	3.35622324922
3/5/1962 16:00:00	3.34903508496
3/6/1962 16:00:00	3.33801996518
3/7/1962 16:00:00	3.3337023519
3/8/1962 16:00:00	3.35760793227
3/9/1962 16:00:00	3.36859741351
3/12/1962 16:00:00	3.36762822572
3/13/1962 16:00:00	3.37718257656
3/14/1962 16:00:00	3.39199914927
3/15/1962 16:00:00	3.39916142776
3/16/1962 16:00:00	3.39340870359
3/19/1962 16:00:00	3.38909064655
3/20/1962 16:00:00	3.37998958666
3/21/1962 16:00:00	3.37280165598
3/22/1962 16:00:00	3.36752719788
3/23/1962 16:00:00	3.36990606029
3/26/1962 16:00:00	3.34310649272
3/27/1962 16:00:00	3.3340054112
3/28/1962 16:00:00	3.35025654019
3/29/1962 16:00:00	3.34880903091
3/30/1962 16:00:00	3.32679320133
4/2/1962 16:00:00	3.31817075079
4/3/1962 16:00:00	3.29137161656
4/4/1962 16:00:00	3.27605280755
4/5/1962 16:00:00	3.29613048027
4/6/1962 16:00:00	3.29276950183
4/9/1962 16:00:00	3.26740613841
4/10/1962 16:00:00	3.27935189419
4/11/1962 16:00:00	3.27216511024
4/12/1962 16:00:00	3.24775858283
4/13/1962 16:00:00	3.24774640373
4/16/1962 16:00:00	3.23338468403
4/17/1962 16:00:00	3.24772204544
4/18/1962 16:00:00	3.26540708698
4/19/1962 16:00:00	3.28070067623
4/23/1962 16:00:00	3.27781865438
4/24/1962 16:00:00	3.27445824772
4/25/1962 16:00:00	3.23857328783
4/26/1962 16:00:00	3.20699349364
4/27/1962 16:00:00	3.17110905861
4/30/1962 16:00:00	3.12039743996
5/1/1962 16:00:00	3.14238727147
5/2/1962 16:00:00	3.15624603893
5/3/1962 16:00:00	3.18206199215
5/4/1962 16:00:00	3.16817961138
5/7/1962 16:00:00	3.15764533632
5/8/1962 16:00:00	3.11697924107
5/9/1962 16:00:00	3.07344386323
5/10/1962 16:00:00	3.04043072408
5/11/1962 16:00:00	2.99641758089
5/14/1962 16:00:00	3.01792875029
5/15/1962 16:00:00	3.0748325308
5/16/1962 16:00:00	3.07386424506
5/17/1962 16:00:00	3.05759159093
5/18/1962 16:00:00	3.05231910604
5/21/1962 16:00:00	3.04130747181
5/22/1962 16:00:00	2.98151254229
5/23/1962 16:00:00	2.9226746203
5/24/1962 16:00:00	2.89922861764
5/25/1962 16:00:00	2.84421764106
5/28/1962 16:00:00	2.65433733887
5/29/1962 16:00:00	2.77771828951
5/31/1962 16:00:00	2.85183771284
6/1/1962 16:00:00	2.83987063046
6/4/1962 16:00:00	2.73894841719
6/5/1962 16:00:00	2.75328566541
6/6/1962 16:00:00	2.79249183212
6/7/1962 16:00:00	2.79295971075
6/8/1962 16:00:00	2.79534043323
6/11/1962 16:00:00	2.76520048217
6/12/1962 16:00:00	2.6944101841
6/13/1962 16:00:00	2.65422782306
6/14/1962 16:00:00	2.59826396533
6/15/1962 16:00:00	2.67285914188
6/18/1962 16:00:00	2.66567569304
6/19/1962 16:00:00	2.65610098279
6/20/1962 16:00:00	2.61974528263
6/21/1962 16:00:00	2.56282612382
6/22/1962 16:00:00	2.51929773407
6/25/1962 16:00:00	2.50828909684
6/26/1962 16:00:00	2.50206271731
6/27/1962 16:00:00	2.51544352018
6/28/1962 16:00:00	2.60199219293
6/29/1962 16:00:00	2.61824190513
7/2/1962 16:00:00	2.67131428057
7/3/1962 16:00:00	2.70143191856
7/5/1962 16:00:00	2.71672462699
7/6/1962 16:00:00	2.68610869337
7/9/1962 16:00:00	2.70427067326
7/10/1962 16:00:00	2.73534417659
7/11/1962 16:00:00	2.76067883261
7/12/1962 16:00:00	2.7750146008
7/13/1962 16:00:00	2.76544027129
7/16/1962 16:00:00	2.76542990089
7/17/1962 16:00:00	2.71520839888
7/18/1962 16:00:00	2.68746282553
7/19/1962 16:00:00	2.69797294047
7/20/1962 16:00:00	2.71661255944
7/23/1962 16:00:00	2.71612407733
7/24/1962 16:00:00	2.69507355947
7/25/1962 16:00:00	2.69984527056
7/26/1962 16:00:00	2.71465901711
7/27/1962 16:00:00	2.73521082756
7/30/1962 16:00:00	2.765326195
7/31/1962 16:00:00	2.78444299282
8/1/1962 16:00:00	2.76147992584
8/2/1962 16:00:00	2.77246765027
8/3/1962 16:00:00	2.77915169611
8/6/1962 16:00:00	2.76144885898
8/7/1962 16:00:00	2.74278978719
8/8/1962 16:00:00	2.74995195965
8/9/1962 16:00:00	2.7528107292
8/10/1962 16:00:00	2.75184404912
8/13/1962 16:00:00	2.75565914353
8/14/1962 16:00:00	2.78529492631
8/15/1962 16:00:00	2.80488912514
8/16/1962 16:00:00	2.80392226404
8/17/1962 16:00:00	2.82160356812
8/20/1962 16:00:00	2.83880666336
8/21/1962 16:00:00	2.82684214081
8/22/1962 16:00:00	2.85838964934
8/23/1962 16:00:00	2.85455381318
8/24/1962 16:00:00	2.84880536314
8/27/1962 16:00:00	2.84736011234
8/28/1962 16:00:00	2.81101040982
8/29/1962 16:00:00	2.8047839415
8/30/1962 16:00:00	2.80572973047
8/31/1962 16:00:00	2.82675733478
9/4/1962 16:00:00	2.79997107079
9/5/1962 16:00:00	2.77892242066
9/6/1962 16:00:00	2.7903873276
9/7/1962 16:00:00	2.7913331526
9/10/1962 16:00:00	2.79466959269
9/11/1962 16:00:00	2.8013529028
9/12/1962 16:00:00	2.81329560175
9/13/1962 16:00:00	2.80659131181
9/14/1962 16:00:00	2.81566508843
9/17/1962 16:00:00	2.82473897944
9/18/1962 16:00:00	2.82233763574
9/19/1962 16:00:00	2.81850219314
9/20/1962 16:00:00	2.79888881707
9/21/1962 16:00:00	2.75823838507
9/24/1962 16:00:00	2.70754809673
9/25/1962 16:00:00	2.72331554336
9/26/1962 16:00:00	2.68457852304
9/27/1962 16:00:00	2.66640028707
9/28/1962 16:00:00	2.69029561589
10/1/1962 16:00:00	2.65299341285
10/2/1962 16:00:00	2.68214759156
10/3/1962 16:00:00	2.68500620629
10/4/1962 16:00:00	2.71081354873
10/5/1962 16:00:00	2.7284929441
10/8/1962 16:00:00	2.72848271225
10/9/1962 16:00:00	2.73468775412
10/10/1962 16:00:00	2.73658991184
10/11/1962 16:00:00	2.72749581404
10/12/1962 16:00:00	2.7227047722
10/15/1962 16:00:00	2.73799332737
10/16/1962 16:00:00	2.72889950886
10/17/1962 16:00:00	2.71980557625
10/18/1962 16:00:00	2.69350093142
10/19/1962 16:00:00	2.6576348547
10/22/1962 16:00:00	2.62750593205
10/23/1962 16:00:00	2.55721902343
10/24/1962 16:00:00	2.63943807377
10/25/1962 16:00:00	2.61456838546
10/26/1962 16:00:00	2.60738763032
10/29/1962 16:00:00	2.6637899932
10/30/1962 16:00:00	2.70298149239
10/31/1962 16:00:00	2.70201520364
11/1/1962 16:00:00	2.73068881111
11/2/1962 16:00:00	2.76079651395
11/5/1962 16:00:00	2.78946968816
11/7/1962 16:00:00	2.80666935304
11/8/1962 16:00:00	2.7880146558
11/9/1962 16:00:00	2.80999467049
11/12/1962 16:00:00	2.84870648057
11/13/1962 16:00:00	2.84248108263
11/14/1962 16:00:00	2.87593391066
11/15/1962 16:00:00	2.86684028856
11/16/1962 16:00:00	2.87591234109
11/19/1962 16:00:00	2.85964805513
11/20/1962 16:00:00	2.88975403721
11/21/1962 16:00:00	2.90695268292
11/23/1962 16:00:00	2.94183857645
11/26/1962 16:00:00	2.93322286737
11/27/1962 16:00:00	2.9508991122
11/28/1962 16:00:00	2.96953131315
11/29/1962 16:00:00	2.98338313321
11/30/1962 16:00:00	2.97620142761
12/3/1962 16:00:00	2.96089338965
12/4/1962 16:00:00	2.99434414742
12/5/1962 16:00:00	2.98238231129
12/6/1962 16:00:00	3.0081843858
12/7/1962 16:00:00	3.01438742548
12/10/1962 16:00:00	2.97661258245
12/11/1962 16:00:00	2.97899146925
12/12/1962 16:00:00	2.99379883865
12/13/1962 16:00:00	2.98374918902
12/14/1962 16:00:00	2.99090824899
12/17/1962 16:00:00	2.98133679759
12/18/1962 16:00:00	2.96698540947
12/19/1962 16:00:00	2.99135270931
12/20/1962 16:00:00	3.0028134994
12/21/1962 16:00:00	2.99419817408
12/24/1962 16:00:00	2.99370902507
12/26/1962 16:00:00	3.01233973819
12/27/1962 16:00:00	3.00802645788
12/28/1962 16:00:00	3.00944910629
12/31/1962 16:00:00	3.0161297053
1/2/1963 16:00:00	2.99652072843
1/3/1963 16:00:00	3.04574260985
1/4/1963 16:00:00	3.06532852608
1/7/1963 16:00:00	3.06483930698
1/8/1963 16:00:00	3.09446264421
1/9/1963 16:00:00	3.08728122017
1/10/1963 16:00:00	3.09300555008
1/11/1963 16:00:00	3.09968563568
1/14/1963 16:00:00	3.11640316017
1/15/1963 16:00:00	3.112089865
1/16/1963 16:00:00	3.09104721439
1/17/1963 16:00:00	3.11302230811
1/18/1963 16:00:00	3.11540063308
1/21/1963 16:00:00	3.12016856537
1/22/1963 16:00:00	3.12780451189
1/23/1963 16:00:00	3.13639617116
1/24/1963 16:00:00	3.14259780301
1/25/1963 16:00:00	3.15071127868
1/28/1963 16:00:00	3.1659941643
1/29/1963 16:00:00	3.1655045963
1/30/1963 16:00:00	3.14733015368
1/31/1963 16:00:00	3.16404668493
2/1/1963 16:00:00	3.16929232856
2/4/1963 16:00:00	3.16258916022
2/5/1963 16:00:00	3.15970972255
2/6/1963 16:00:00	3.17355838951
2/7/1963 16:00:00	3.16255358104
2/8/1963 16:00:00	3.16254172146
2/11/1963 16:00:00	3.14293443205
2/12/1963 16:00:00	3.14626821241
2/13/1963 16:00:00	3.16155042636
2/14/1963 16:00:00	3.17109715592
2/15/1963 16:00:00	3.1739531209
2/18/1963 16:00:00	3.17919814594
2/19/1963 16:00:00	3.1638924403
2/20/1963 16:00:00	3.1461974215
2/21/1963 16:00:00	3.15048679656
2/25/1963 16:00:00	3.12849043912
2/26/1963 16:00:00	3.12895673337
2/27/1963 16:00:00	3.10696062212
2/28/1963 16:00:00	3.07253864388
3/1/1963 16:00:00	3.06344655202
3/4/1963 16:00:00	3.09306603635
3/5/1963 16:00:00	3.09401010695
3/6/1963 16:00:00	3.09925557904
3/7/1963 16:00:00	3.11883850065
3/8/1963 16:00:00	3.122172158
3/11/1963 16:00:00	3.13076280598
3/12/1963 16:00:00	3.13839737323
3/13/1963 16:00:00	3.14985556968
3/14/1963 16:00:00	3.13502853221
3/15/1963 16:00:00	3.15078758652
3/18/1963 16:00:00	3.13548302025
3/19/1963 16:00:00	3.1287807317
3/20/1963 16:00:00	3.15170777006
3/21/1963 16:00:00	3.14691708864
3/22/1963 16:00:00	3.16315379673
3/25/1963 16:00:00	3.16409755441
3/26/1963 16:00:00	3.17316568102
3/27/1963 16:00:00	3.18653454214
3/28/1963 16:00:00	3.18174381953
3/29/1963 16:00:00	3.1812539031
4/1/1963 16:00:00	3.19462258349
4/2/1963 16:00:00	3.19413262234
4/3/1963 16:00:00	3.2189704753
4/4/1963 16:00:00	3.24237420942
4/5/1963 16:00:00	3.26291064198
4/8/1963 16:00:00	3.27436723439
4/9/1963 16:00:00	3.27100987789
4/10/1963 16:00:00	3.26335190486
4/11/1963 16:00:00	3.28627706589
4/15/1963 16:00:00	3.30155640601
4/16/1963 16:00:00	3.30393348681
4/17/1963 16:00:00	3.29340808858
4/18/1963 16:00:00	3.29196221791
4/19/1963 16:00:00	3.30819722715
4/22/1963 16:00:00	3.31152979881
4/23/1963 16:00:00	3.32250782317
4/24/1963 16:00:00	3.33157467642
4/25/1963 16:00:00	3.3334736293
4/26/1963 16:00:00	3.33059378781
4/29/1963 16:00:00	3.32819228158
4/30/1963 16:00:00	3.33534755261
5/1/1963 16:00:00	3.34345829652
5/2/1963 16:00:00	3.35300244633
5/3/1963 16:00:00	3.34630014323
5/6/1963 16:00:00	3.32239568969
5/7/1963 16:00:00	3.31808287906
5/8/1963 16:00:00	3.34530698812
5/9/1963 16:00:00	3.36154058077
5/10/1963 16:00:00	3.36965101346
5/13/1963 16:00:00	3.36772738147
5/14/1963 16:00:00	3.35481320967
5/15/1963 16:00:00	3.36531284976
5/16/1963 16:00:00	3.35669938734
5/17/1963 16:00:00	3.35859813137
5/20/1963 16:00:00	3.34281738299
5/21/1963 16:00:00	3.35140559295
5/22/1963 16:00:00	3.35139302518
5/23/1963 16:00:00	3.34946915449
5/24/1963 16:00:00	3.34563400238
5/27/1963 16:00:00	3.33845457958
5/28/1963 16:00:00	3.34513136315
5/29/1963 16:00:00	3.36040864869
5/31/1963 16:00:00	3.38285298055
6/3/1963 16:00:00	3.37758442089
6/4/1963 16:00:00	3.37804929476
6/5/1963 16:00:00	3.36991410629
6/6/1963 16:00:00	3.37229060838
6/7/1963 16:00:00	3.36415550248
6/10/1963 16:00:00	3.34168645868
6/11/1963 16:00:00	3.34597389209
6/12/1963 16:00:00	3.36411765539
6/13/1963 16:00:00	3.35550481025
6/14/1963 16:00:00	3.35644764258
6/17/1963 16:00:00	3.34210132586
6/18/1963 16:00:00	3.34543326879
6/19/1963 16:00:00	3.3487651867
6/20/1963 16:00:00	3.34493065977
6/21/1963 16:00:00	3.35638470945
6/24/1963 16:00:00	3.35398309129
6/25/1963 16:00:00	3.34632629716
6/26/1963 16:00:00	3.31621414323
6/27/1963 16:00:00	3.29995727715
6/28/1963 16:00:00	3.31427814769
7/1/1963 16:00:00	3.28989943879
7/2/1963 16:00:00	3.31855301258
7/3/1963 16:00:00	3.34147343019
7/5/1963 16:00:00	3.35483820091
7/8/1963 16:00:00	3.33189292914
7/9/1963 16:00:00	3.34621335794
7/10/1963 16:00:00	3.3390343747
7/11/1963 16:00:00	3.33281116078
7/12/1963 16:00:00	3.32706548498
7/15/1963 16:00:00	3.30603180014
7/16/1963 16:00:00	3.30315301747
7/17/1963 16:00:00	3.29310795614
7/18/1963 16:00:00	3.27207463594
7/19/1963 16:00:00	3.26537396638
7/22/1963 16:00:00	3.24386342785
7/23/1963 16:00:00	3.24432910671
7/24/1963 16:00:00	3.26199306863
7/25/1963 16:00:00	3.2610255211
7/26/1963 16:00:00	3.27438983982
7/29/1963 16:00:00	3.28058797346
7/30/1963 16:00:00	3.30780640074
7/31/1963 16:00:00	3.30253893098
8/1/1963 16:00:00	3.29966029041
8/2/1963 16:00:00	3.31063579777
8/5/1963 16:00:00	3.33020992665
8/6/1963 16:00:00	3.35217267201
8/7/1963 16:00:00	3.34212799063
8/8/1963 16:00:00	3.34498166009
8/9/1963 16:00:00	3.36694446766
8/12/1963 16:00:00	3.37218638534
8/13/1963 16:00:00	3.38172824805
8/14/1963 16:00:00	3.39509146386
8/15/1963 16:00:00	3.40988765403
8/16/1963 16:00:00	3.41512969656
8/19/1963 16:00:00	3.41272857178
8/20/1963 16:00:00	3.40984929291
8/21/1963 16:00:00	3.40553734709
8/22/1963 16:00:00	3.41746712544
8/23/1963 16:00:00	3.42796377219
8/26/1963 16:00:00	3.43511646611
8/27/1963 16:00:00	3.41647308151
8/28/1963 16:00:00	3.44130060366
8/29/1963 16:00:00	3.4470201463
8/30/1963 16:00:00	3.46324854712
9/3/1963 16:00:00	3.47087876615
9/4/1963 16:00:00	3.46991017093
9/5/1963 16:00:00	3.48709387945
9/6/1963 16:00:00	3.47943768242
9/9/1963 16:00:00	3.46700515719
9/10/1963 16:00:00	3.48657686691
9/11/1963 16:00:00	3.49659500161
9/12/1963 16:00:00	3.49419372338
9/13/1963 16:00:00	3.49513581008
9/16/1963 16:00:00	3.49034604271
9/17/1963 16:00:00	3.49272145747
9/18/1963 16:00:00	3.47742294184
9/19/1963 16:00:00	3.49747186863
9/20/1963 16:00:00	3.50128017006
9/23/1963 16:00:00	3.48502626129
9/24/1963 16:00:00	3.50125391023
9/25/1963 16:00:00	3.48165651224
9/26/1963 16:00:00	3.45202846606
9/27/1963 16:00:00	3.44532834923
9/30/1963 16:00:00	3.42477623199
10/1/1963 16:00:00	3.44960158083
10/2/1963 16:00:00	3.45340994694
10/3/1963 16:00:00	3.47871239055
10/4/1963 16:00:00	3.47965448156
10/7/1963 16:00:00	3.47247666288
10/8/1963 16:00:00	3.4676872672
10/9/1963 16:00:00	3.43280653689
10/10/1963 16:00:00	3.44855554238
10/11/1963 16:00:00	3.45188607077
10/14/1963 16:00:00	3.45330634481
10/15/1963 16:00:00	3.45806967915
10/16/1963 16:00:00	3.48528183045
10/17/1963 16:00:00	3.49912013662
10/18/1963 16:00:00	3.50197268048
10/21/1963 16:00:00	3.50482520291
10/22/1963 16:00:00	3.48475182239
10/23/1963 16:00:00	3.48664929822
10/24/1963 16:00:00	3.50000961434
10/25/1963 16:00:00	3.53486301238
10/28/1963 16:00:00	3.55729793773
10/29/1963 16:00:00	3.5563291581
10/30/1963 16:00:00	3.52479335122
10/31/1963 16:00:00	3.53480998888
11/1/1963 16:00:00	3.52619969432
11/4/1963 16:00:00	3.50803703225
11/6/1963 16:00:00	3.47745693833
11/7/1963 16:00:00	3.48938407455
11/8/1963 16:00:00	3.50369929357
11/11/1963 16:00:00	3.5113276212
11/12/1963 16:00:00	3.49746432475
11/13/1963 16:00:00	3.50031669213
11/14/1963 16:00:00	3.48406504026
11/15/1963 16:00:00	3.45539626843
11/18/1963 16:00:00	3.43054855606
11/19/1963 16:00:00	3.43387882593
11/20/1963 16:00:00	3.46538676048
11/21/1963 16:00:00	3.4204806329
11/22/1963 16:00:00	3.3244726495
11/26/1963 16:00:00	3.45675120411
11/27/1963 16:00:00	3.45052978344
11/29/1963 16:00:00	3.49732003801
12/2/1963 16:00:00	3.51784288667
12/3/1963 16:00:00	3.51591933731
12/4/1963 16:00:00	3.52450254667
12/5/1963 16:00:00	3.54741271859
12/6/1963 16:00:00	3.53402742808
12/9/1963 16:00:00	3.53210384666
12/10/1963 16:00:00	3.53352325142
12/11/1963 16:00:00	3.52921206637
12/12/1963 16:00:00	3.52967649974
12/13/1963 16:00:00	3.5368264336
12/16/1963 16:00:00	3.54827492854
12/17/1963 16:00:00	3.56927403834
12/18/1963 16:00:00	3.5640074781
12/19/1963 16:00:00	3.55301050697
12/20/1963 16:00:00	3.54726639003
12/23/1963 16:00:00	3.52480802099
12/24/1963 16:00:00	3.53243580297
12/26/1963 16:00:00	3.54913672587
12/27/1963 16:00:00	3.55485412378
12/30/1963 16:00:00	3.56057111445
12/31/1963 16:00:00	3.58252476213
1/2/1964 16:00:00	3.60209075098
1/3/1964 16:00:00	3.60542001462
1/6/1964 16:00:00	3.61352457112
1/7/1964 16:00:00	3.61446629901
1/8/1964 16:00:00	3.6292562286
1/9/1964 16:00:00	3.6426135046
1/10/1964 16:00:00	3.64068967336
1/13/1964 16:00:00	3.6397211208
1/14/1964 16:00:00	3.64639283956
1/15/1964 16:00:00	3.65974985097
1/16/1964 16:00:00	3.6554385788
1/17/1964 16:00:00	3.65590213158
1/20/1964 16:00:00	3.64872589552
1/21/1964 16:00:00	3.65874007644
1/22/1964 16:00:00	3.67830438882
1/23/1964 16:00:00	3.68115557358
1/24/1964 16:00:00	3.68209700135
1/27/1964 16:00:00	3.68065071502
1/28/1964 16:00:00	3.6815917732
1/29/1964 16:00:00	3.65913500145
1/30/1964 16:00:00	3.6624638132
1/31/1964 16:00:00	3.6786854411
2/3/1964 16:00:00	3.67532913753
2/4/1964 16:00:00	3.67101765207
2/5/1964 16:00:00	3.66479652065
2/6/1964 16:00:00	3.67337775476
2/7/1964 16:00:00	3.68530138288
2/10/1964 16:00:00	3.67908026764
2/11/1964 16:00:00	3.69243620429
2/12/1964 16:00:00	3.70388203411
2/13/1964 16:00:00	3.70148055391
2/14/1964 16:00:00	3.69955704517
2/17/1964 16:00:00	3.69858799702
2/18/1964 16:00:00	3.69905171293
2/19/1964 16:00:00	3.70285778347
2/20/1964 16:00:00	3.7061862434
2/24/1964 16:00:00	3.70903709808
2/25/1964 16:00:00	3.70902318919
2/26/1964 16:00:00	3.7180814155
2/27/1964 16:00:00	3.7061306508
2/28/1964 16:00:00	3.71471124681
3/2/1964 16:00:00	3.7228142072
3/3/1964 16:00:00	3.73473693431
3/4/1964 16:00:00	3.72756087037
3/5/1964 16:00:00	3.72706932609
3/6/1964 16:00:00	3.73899190301
3/9/1964 16:00:00	3.73993300649
3/10/1964 16:00:00	3.75233264208
3/11/1964 16:00:00	3.76950704398
3/12/1964 16:00:00	3.7757000564
3/13/1964 16:00:00	3.77855050021
3/16/1964 16:00:00	3.77853633065
3/17/1964 16:00:00	3.78711626902
3/18/1964 16:00:00	3.78996663782
3/19/1964 16:00:00	3.78613313386
3/20/1964 16:00:00	3.76797582082
3/23/1964 16:00:00	3.76843923537
3/24/1964 16:00:00	3.76174096346
3/25/1964 16:00:00	3.77079831217
3/26/1964 16:00:00	3.7808103069
3/30/1964 16:00:00	3.77840880663
3/31/1964 16:00:00	3.77075589077
4/1/1964 16:00:00	3.78315471292
4/2/1964 16:00:00	3.80510225944
4/3/1964 16:00:00	3.81654652832
4/6/1964 16:00:00	3.82035135041
4/7/1964 16:00:00	3.80696919406
4/8/1964 16:00:00	3.8074324427
4/9/1964 16:00:00	3.80503091415
4/10/1964 16:00:00	3.8121780062
4/13/1964 16:00:00	3.80834428377
4/14/1964 16:00:00	3.81883320452
4/15/1964 16:00:00	3.82359294945
4/16/1964 16:00:00	3.82883017268
4/17/1964 16:00:00	3.8455254652
4/20/1964 16:00:00	3.84312385638
4/21/1964 16:00:00	3.84501911514
4/22/1964 16:00:00	3.84261752612
4/23/1964 16:00:00	3.83735165296
4/24/1964 16:00:00	3.80726111106
4/27/1964 16:00:00	3.78815078049
4/28/1964 16:00:00	3.81439359483
4/29/1964 16:00:00	3.80483115362
4/30/1964 16:00:00	3.79335952811
5/1/1964 16:00:00	3.82724011579
5/4/1964 16:00:00	3.84154762644
5/5/1964 16:00:00	3.86110597151
5/6/1964 16:00:00	3.86968447303
5/7/1964 16:00:00	3.87396661808
5/8/1964 16:00:00	3.8667912664
5/11/1964 16:00:00	3.86200302239
5/12/1964 16:00:00	3.87440051784
5/13/1964 16:00:00	3.86531568913
5/14/1964 16:00:00	3.86005002613
5/15/1964 16:00:00	3.87149243634
5/18/1964 16:00:00	3.85333788717
5/19/1964 16:00:00	3.83327394716
5/20/1964 16:00:00	3.8504448888
5/21/1964 16:00:00	3.86379667601
5/22/1964 16:00:00	3.85375755445
5/25/1964 16:00:00	3.84562764265
5/26/1964 16:00:00	3.83749815604
5/27/1964 16:00:00	3.83127821468
5/28/1964 16:00:00	3.83651481836
6/1/1964 16:00:00	3.82408905885
6/2/1964 16:00:00	3.8045029983
6/3/1964 16:00:00	3.79446436282
6/4/1964 16:00:00	3.75530735206
6/5/1964 16:00:00	3.77200042453
6/8/1964 16:00:00	3.75384720256
6/9/1964 16:00:00	3.77770041474
6/10/1964 16:00:00	3.79200671414
6/11/1964 16:00:00	3.80583546221
6/12/1964 16:00:00	3.79961553157
6/15/1964 16:00:00	3.81726294394
6/16/1964 16:00:00	3.83777412884
6/17/1964 16:00:00	3.85733028616
6/18/1964 16:00:00	3.8563613148
6/19/1964 16:00:00	3.86112009572
6/22/1964 16:00:00	3.87160692868
6/23/1964 16:00:00	3.85536307091
6/24/1964 16:00:00	3.86919111506
6/25/1964 16:00:00	3.87633654377
6/26/1964 16:00:00	3.88825507174
6/29/1964 16:00:00	3.89683227949
6/30/1964 16:00:00	3.89920440703
7/1/1964 16:00:00	3.92687390644
7/2/1964 16:00:00	3.94261067735
7/6/1964 16:00:00	3.96073404433
7/7/1964 16:00:00	3.9674015286
7/8/1964 16:00:00	3.96738665084
7/9/1964 16:00:00	3.97214478323
7/10/1964 16:00:00	3.97881214961
7/13/1964 16:00:00	3.97641055981
7/14/1964 16:00:00	3.96446307512
7/15/1964 16:00:00	3.97781258178
7/16/1964 16:00:00	3.99211679105
7/17/1964 16:00:00	4.00976196155
7/20/1964 16:00:00	3.99685973493
7/21/1964 16:00:00	3.98729901264
7/22/1964 16:00:00	3.98632927197
7/23/1964 16:00:00	3.98440548207
7/24/1964 16:00:00	3.98343575941
7/27/1964 16:00:00	3.96528405344
7/28/1964 16:00:00	3.95429146789
7/29/1964 16:00:00	3.95761760733
7/30/1964 16:00:00	3.96571646334
7/31/1964 16:00:00	3.96999729813
8/3/1964 16:00:00	3.9613913945
8/4/1964 16:00:00	3.91173978414
8/5/1964 16:00:00	3.91792954939
8/6/1964 16:00:00	3.88211942174
8/7/1964 16:00:00	3.90692314233
8/10/1964 16:00:00	3.90309025288
8/11/1964 16:00:00	3.90212124232
8/12/1964 16:00:00	3.92167429756
8/13/1964 16:00:00	3.93311417805
8/14/1964 16:00:00	3.93023561082
8/17/1964 16:00:00	3.93069823434
8/18/1964 16:00:00	3.93259257056
8/19/1964 16:00:00	3.92875968498
8/20/1964 16:00:00	3.91060940919
8/21/1964 16:00:00	3.91679889948
8/24/1964 16:00:00	3.90914838491
8/25/1964 16:00:00	3.88670295487
8/26/1964 16:00:00	3.88096127983
8/27/1964 16:00:00	3.8990819283
8/28/1964 16:00:00	3.91290742145
8/31/1964 16:00:00	3.90525706467
9/1/1964 16:00:00	3.92194575593
9/2/1964 16:00:00	3.92813501766
9/3/1964 16:00:00	3.94005120422
9/4/1964 16:00:00	3.94958134545
9/8/1964 16:00:00	3.95481612789
9/9/1964 16:00:00	3.96339147576
9/10/1964 16:00:00	3.96576254228
9/11/1964 16:00:00	3.98245056916
9/14/1964 16:00:00	3.97145964156
9/15/1964 16:00:00	3.96094575849
9/16/1964 16:00:00	3.97238414013
9/17/1964 16:00:00	3.99861652211
9/18/1964 16:00:00	3.98380786044
9/21/1964 16:00:00	4.00192703693
9/22/1964 16:00:00	4.00334361717
9/23/1964 16:00:00	4.00428323542
9/24/1964 16:00:00	4.00856294956
9/25/1964 16:00:00	4.01856928114
9/28/1964 16:00:00	4.02189465357
9/29/1964 16:00:00	4.01997070257
9/30/1964 16:00:00	4.01709251711
10/1/1964 16:00:00	4.01230549862
10/2/1964 16:00:00	4.02565202024
10/5/1964 16:00:00	4.0437703605
10/6/1964 16:00:00	4.04614132882
10/7/1964 16:00:00	4.0466034533
10/8/1964 16:00:00	4.05804082747
10/9/1964 16:00:00	4.06661508041
10/12/1964 16:00:00	4.06755405085
10/13/1964 16:00:00	4.05417757981
10/14/1964 16:00:00	4.04605029128
10/15/1964 16:00:00	4.02026709361
10/16/1964 16:00:00	4.04792872118
10/19/1964 16:00:00	4.05268528124
10/20/1964 16:00:00	4.0645995705
10/21/1964 16:00:00	4.06076681937
10/22/1964 16:00:00	4.05311696643
10/23/1964 16:00:00	4.06264510373
10/26/1964 16:00:00	4.05594948545
10/27/1964 16:00:00	4.05593427564
10/28/1964 16:00:00	4.0411269515
10/29/1964 16:00:00	4.04302050873
10/30/1964 16:00:00	4.04920836334
11/2/1964 16:00:00	4.064462392
11/4/1964 16:00:00	4.06253846024
11/5/1964 16:00:00	4.06347774918
11/6/1964 16:00:00	4.06680260261
11/9/1964 16:00:00	4.06487868355
11/10/1964 16:00:00	4.04816274406
11/11/1964 16:00:00	4.05959948869
11/12/1964 16:00:00	4.06483295363
11/13/1964 16:00:00	4.06577184845
11/16/1964 16:00:00	4.0867511982
11/17/1964 16:00:00	4.10486727047
11/18/1964 16:00:00	4.11391772418
11/19/1964 16:00:00	4.11199368561
11/20/1964 16:00:00	4.11674959416
11/23/1964 16:00:00	4.10337434089
11/24/1964 16:00:00	4.09047642653
11/25/1964 16:00:00	4.07662413562
11/27/1964 16:00:00	4.06324918362
11/30/1964 16:00:00	4.02792597806
12/1/1964 16:00:00	3.98640085191
12/2/1964 16:00:00	3.99783686225
12/3/1964 16:00:00	4.01642974623
12/4/1964 16:00:00	4.02452570506
12/7/1964 16:00:00	4.02355652885
12/8/1964 16:00:00	4.00779637952
12/9/1964 16:00:00	3.98201690131
12/10/1964 16:00:00	3.98152475
12/11/1964 16:00:00	3.99152955517
12/14/1964 16:00:00	3.98149488853
12/15/1964 16:00:00	3.97050659846
12/16/1964 16:00:00	3.98623641501
12/17/1964 16:00:00	4.00292016933
12/18/1964 16:00:00	4.02151226678
12/21/1964 16:00:00	4.02579095017
12/22/1964 16:00:00	4.02339055924
12/23/1964 16:00:00	4.0147876438
12/24/1964 16:00:00	4.01477258834
12/28/1964 16:00:00	4.01094066839
12/29/1964 16:00:00	3.99852104611
12/30/1964 16:00:00	4.02188389838
12/31/1964 16:00:00	4.04333780107
1/4/1965 16:00:00	4.0185141184
1/5/1965 16:00:00	4.03758228601
1/6/1965 16:00:00	4.04997149406
1/7/1965 16:00:00	4.06760856944
1/8/1965 16:00:00	4.07284125649
1/11/1965 16:00:00	4.07425716832
1/12/1965 16:00:00	4.08426051117
1/13/1965 16:00:00	4.09521777387
1/14/1965 16:00:00	4.0952024168
1/15/1965 16:00:00	4.11283892614
1/18/1965 16:00:00	4.12618146484
1/19/1965 16:00:00	4.13284494762
1/20/1965 16:00:00	4.13139830196
1/21/1965 16:00:00	4.12756618756
1/22/1965 16:00:00	4.13804619734
1/25/1965 16:00:00	4.14375556924
1/26/1965 16:00:00	4.14755660891
1/27/1965 16:00:00	4.16137582875
1/28/1965 16:00:00	4.17328666997
1/29/1965 16:00:00	4.1770871921
2/1/1965 16:00:00	4.17802584041
2/2/1965 16:00:00	4.17657907356
2/3/1965 16:00:00	4.18037954042
2/4/1965 16:00:00	4.17750168696
2/5/1965 16:00:00	4.16412875997
2/8/1965 16:00:00	4.14789341389
2/9/1965 16:00:00	4.16171216555
2/10/1965 16:00:00	4.1244873605
2/11/1965 16:00:00	4.08058430566
2/12/1965 16:00:00	4.11062227536
2/15/1965 16:00:00	4.10583656966
2/16/1965 16:00:00	4.086739717
2/17/1965 16:00:00	4.09149464671
2/18/1965 16:00:00	4.10483647705
2/19/1965 16:00:00	4.11245336199
2/23/1965 16:00:00	4.132950134
2/24/1965 16:00:00	4.15821693623
2/25/1965 16:00:00	4.15963235628
2/26/1965 16:00:00	4.17058842554
3/1/1965 16:00:00	4.16198640602
3/2/1965 16:00:00	4.16912614885
3/3/1965 16:00:00	4.16243230975
3/4/1965 16:00:00	4.14906034105
3/5/1965 16:00:00	4.14045853122
3/8/1965 16:00:00	4.14187398028
3/9/1965 16:00:00	4.13518034372
3/10/1965 16:00:00	4.12800964768
3/11/1965 16:00:00	4.14516641143
3/12/1965 16:00:00	4.15993788023
3/15/1965 16:00:00	4.16135322943
3/16/1965 16:00:00	4.15609058852
3/17/1965 16:00:00	4.15082798705
3/18/1965 16:00:00	4.1407955275
3/19/1965 16:00:00	4.142210927
3/22/1965 16:00:00	4.14171866228
3/23/1965 16:00:00	4.14647297464
3/24/1965 16:00:00	4.15408907409
3/25/1965 16:00:00	4.14214879408
3/26/1965 16:00:00	4.11160616738
3/29/1965 16:00:00	4.10348209985
3/30/1965 16:00:00	4.11157533034
3/31/1965 16:00:00	4.10965230851
4/1/1965 16:00:00	4.11726837407
4/2/1965 16:00:00	4.12726941476
4/5/1965 16:00:00	4.1272539375
4/6/1965 16:00:00	4.12580759723
4/7/1965 16:00:00	4.12817713089
4/8/1965 16:00:00	4.15153308759
4/9/1965 16:00:00	4.17631971657
4/12/1965 16:00:00	4.19442902029
4/13/1965 16:00:00	4.19918286692
4/14/1965 16:00:00	4.20870623572
4/15/1965 16:00:00	4.20439797622
4/19/1965 16:00:00	4.22155278048
4/20/1965 16:00:00	4.21915201555
4/21/1965 16:00:00	4.21150508825
4/22/1965 16:00:00	4.23438288943
4/23/1965 16:00:00	4.2391364612
4/26/1965 16:00:00	4.23959761689
4/27/1965 16:00:00	4.24673602278
4/28/1965 16:00:00	4.2448122659
4/29/1965 16:00:00	4.24145774602
4/30/1965 16:00:00	4.25002683646
5/3/1965 16:00:00	4.25573432934
5/4/1965 16:00:00	4.26907262756
5/5/1965 16:00:00	4.27859523408
5/6/1965 16:00:00	4.28859480735
5/7/1965 16:00:00	4.28524019828
5/10/1965 16:00:00	4.27616265484
5/11/1965 16:00:00	4.27090035018
5/12/1965 16:00:00	4.28948454059
5/13/1965 16:00:00	4.30520678044
5/14/1965 16:00:00	4.2970829889
5/17/1965 16:00:00	4.27035926081
5/18/1965 16:00:00	4.26652778397
5/19/1965 16:00:00	4.27652706436
5/20/1965 16:00:00	4.25314212844
5/21/1965 16:00:00	4.2326187514
5/24/1965 16:00:00	4.20112632837
5/25/1965 16:00:00	4.22543323836
5/26/1965 16:00:00	4.21111027503
5/27/1965 16:00:00	4.18915633011
5/28/1965 16:00:00	4.21680134987
6/1/1965 16:00:00	4.2310928576
6/2/1965 16:00:00	4.15334139675
6/3/1965 16:00:00	4.14426492665
6/4/1965 16:00:00	4.15426425131
6/7/1965 16:00:00	4.14327984356
6/8/1965 16:00:00	4.0979592495
6/9/1965 16:00:00	4.05550025108
6/10/1965 16:00:00	4.0407014686
6/11/1965 16:00:00	4.05928505365
6/14/1965 16:00:00	4.00633504818
6/15/1965 16:00:00	4.02921043816
6/16/1965 16:00:00	4.06305419706
6/17/1965 16:00:00	4.08879075714
6/18/1965 16:00:00	4.06970004999
6/21/1965 16:00:00	4.05585556736
6/22/1965 16:00:00	4.06347023182
6/23/1965 16:00:00	4.03770358354
6/24/1965 16:00:00	3.98475524812
6/25/1965 16:00:00	3.9608966279
6/28/1965 16:00:00	3.89125854289
6/29/1965 16:00:00	3.92987066227
6/30/1965 16:00:00	4.01140033657
7/1/1965 16:00:00	4.02855251353
7/2/1965 16:00:00	4.06096421552
7/6/1965 16:00:00	4.05284204193
7/7/1965 16:00:00	4.03756730443
7/8/1965 16:00:00	4.0718860888
7/9/1965 16:00:00	4.08713024439
7/12/1965 16:00:00	4.08616136631
7/13/1965 16:00:00	4.08137721295
7/14/1965 16:00:00	4.09471407305
7/15/1965 16:00:00	4.08754588988
7/16/1965 16:00:00	4.08610007412
7/19/1965 16:00:00	4.08322342325
7/20/1965 16:00:00	4.03170912993
7/21/1965 16:00:00	4.00880537889
7/22/1965 16:00:00	3.99829977753
7/23/1965 16:00:00	4.0087753128
7/26/1965 16:00:00	4.00780676438
7/27/1965 16:00:00	3.99920867247
7/28/1965 16:00:00	4.00682283367
7/29/1965 16:00:00	4.03780198865
7/30/1965 16:00:00	4.0649661796
8/2/1965 16:00:00	4.07305693958
8/3/1965 16:00:00	4.07494901764
8/4/1965 16:00:00	4.09066905898
8/5/1965 16:00:00	4.09065371897
8/6/1965 16:00:00	4.10398932942
8/9/1965 16:00:00	4.09396076408
8/10/1965 16:00:00	4.09442233175
8/11/1965 16:00:00	4.10680394146
8/12/1965 16:00:00	4.11870890572
8/13/1965 16:00:00	4.13728913098
8/16/1965 16:00:00	4.14204201745
8/17/1965 16:00:00	4.1501321546
8/18/1965 16:00:00	4.14773240881
8/19/1965 16:00:00	4.13818088695
8/20/1965 16:00:00	4.13339740276
8/23/1965 16:00:00	4.12718324259
8/24/1965 16:00:00	4.13431984284
8/25/1965 16:00:00	4.13907225149
8/26/1965 16:00:00	4.15479110919
8/27/1965 16:00:00	4.15763618198
8/30/1965 16:00:00	4.15809748586
8/31/1965 16:00:00	4.15617468386
9/1/1965 16:00:00	4.15615909821
9/2/1965 16:00:00	4.1790294867
9/3/1965 16:00:00	4.19856185276
9/7/1965 16:00:00	4.21284978069
9/8/1965 16:00:00	4.22713760159
9/9/1965 16:00:00	4.23808750155
9/10/1965 16:00:00	4.24903768318
9/13/1965 16:00:00	4.2614176921
9/14/1965 16:00:00	4.24471464828
9/15/1965 16:00:00	4.26806053155
9/16/1965 16:00:00	4.29188311374
9/17/1965 16:00:00	4.29329763464
9/20/1965 16:00:00	4.29471178112
9/21/1965 16:00:00	4.28182277957
9/22/1965 16:00:00	4.30135424604
9/23/1965 16:00:00	4.28417462524
9/24/1965 16:00:00	4.29178654688
9/27/1965 16:00:00	4.32180651779
9/28/1965 16:00:00	4.31130158853
9/29/1965 16:00:00	4.29173826386
9/30/1965 16:00:00	4.28886176296
10/1/1965 16:00:00	4.28598528358
10/4/1965 16:00:00	4.29455073111
10/5/1965 16:00:00	4.32075557676
10/6/1965 16:00:00	4.31644882785
10/7/1965 16:00:00	4.31309544106
10/8/1965 16:00:00	4.33119537615
10/11/1965 16:00:00	4.35596988968
10/12/1965 16:00:00	4.3549998719
10/13/1965 16:00:00	4.354506701
10/14/1965 16:00:00	4.34733962216
10/15/1965 16:00:00	4.35638102281
10/18/1965 16:00:00	4.37066680545
10/19/1965 16:00:00	4.37637131444
10/20/1965 16:00:00	4.37540124159
10/21/1965 16:00:00	4.38301264198
10/22/1965 16:00:00	4.38490315058
10/25/1965 16:00:00	4.37010803057
10/26/1965 16:00:00	4.39535783627
10/27/1965 16:00:00	4.41011991959
10/28/1965 16:00:00	4.39580169097
10/29/1965 16:00:00	4.40579620704
11/1/1965 16:00:00	4.3967223553
11/3/1965 16:00:00	4.40051929362
11/4/1965 16:00:00	4.40765352968
11/5/1965 16:00:00	4.40334679246
11/8/1965 16:00:00	4.39665640478
11/9/1965 16:00:00	4.38233860223
11/10/1965 16:00:00	4.3775552026
11/11/1965 16:00:00	4.39088638655
11/12/1965 16:00:00	4.41184484981
11/15/1965 16:00:00	4.41564161706
11/16/1965 16:00:00	4.40513803599
11/17/1965 16:00:00	4.41417847311
11/18/1965 16:00:00	4.39604771126
11/19/1965 16:00:00	4.39698444877
11/22/1965 16:00:00	4.36836665889
11/23/1965 16:00:00	4.37502387715
11/24/1965 16:00:00	4.38263462107
11/26/1965 16:00:00	4.3869081694
11/29/1965 16:00:00	4.3759282267
11/30/1965 16:00:00	4.36685476884
12/1/1965 16:00:00	4.36159489693
12/2/1965 16:00:00	4.34775486321
12/3/1965 16:00:00	4.35059849422
12/6/1965 16:00:00	4.31816836976
12/7/1965 16:00:00	4.35628605469
12/8/1965 16:00:00	4.35102632079
12/9/1965 16:00:00	4.36435665293
12/10/1965 16:00:00	4.37578053997
12/13/1965 16:00:00	4.3771940662
12/14/1965 16:00:00	4.37956074724
12/15/1965 16:00:00	4.3862175482
12/16/1965 16:00:00	4.39096798254
12/17/1965 16:00:00	4.38904484323
12/20/1965 16:00:00	4.368532179
12/21/1965 16:00:00	4.38567536301
12/22/1965 16:00:00	4.39900511518
12/23/1965 16:00:00	4.39422218924
12/27/1965 16:00:00	4.36226998829
12/28/1965 16:00:00	4.36273037825
12/29/1965 16:00:00	4.37606001601
12/30/1965 16:00:00	4.39463265687
12/31/1965 16:00:00	4.40557908695
1/3/1966 16:00:00	4.39364657805
1/4/1966 16:00:00	4.39744329097
1/5/1966 16:00:00	4.42554814651
1/6/1966 16:00:00	4.43554082452
1/7/1966 16:00:00	4.43933733757
1/10/1966 16:00:00	4.44837678774
1/11/1966 16:00:00	4.45217322409
1/12/1966 16:00:00	4.44167067569
1/13/1966 16:00:00	4.44975656113
1/14/1966 16:00:00	4.45641257376
1/17/1966 16:00:00	4.46926448719
1/18/1966 16:00:00	4.47782689989
1/19/1966 16:00:00	4.46541829927
1/20/1966 16:00:00	4.44967312854
1/21/1966 16:00:00	4.454899231
1/24/1966 16:00:00	4.4663211288
1/25/1966 16:00:00	4.47297690425
1/26/1966 16:00:00	4.46581092044
1/27/1966 16:00:00	4.46436440972
1/28/1966 16:00:00	4.44718983827
1/31/1966 16:00:00	4.42667918384
2/1/1966 16:00:00	4.3923475457
2/2/1966 16:00:00	4.4099650488
2/3/1966 16:00:00	4.41566782328
2/4/1966 16:00:00	4.44472368787
2/7/1966 16:00:00	4.46043437391
2/8/1966 16:00:00	4.45851159498
2/9/1966 16:00:00	4.48280076917
2/10/1966 16:00:00	4.47182260367
2/11/1966 16:00:00	4.47085245529
2/14/1966 16:00:00	4.45749134185
2/15/1966 16:00:00	4.44031756836
2/16/1966 16:00:00	4.43982459662
2/17/1966 16:00:00	4.41597891968
2/18/1966 16:00:00	4.40404789088
2/21/1966 16:00:00	4.37829617606
2/23/1966 16:00:00	4.35969335509
2/24/1966 16:00:00	4.3315589883
2/25/1966 16:00:00	4.34345703425
2/28/1966 16:00:00	4.34725339187
3/1/1966 16:00:00	4.29195502666
3/2/1966 16:00:00	4.24857159724
3/3/1966 16:00:00	4.26380571099
3/4/1966 16:00:00	4.25282862176
3/7/1966 16:00:00	4.19562552115
3/8/1966 16:00:00	4.20228158453
3/9/1966 16:00:00	4.239437231
3/10/1966 16:00:00	4.23942133311
3/11/1966 16:00:00	4.23416331591
3/14/1966 16:00:00	4.18649225053
3/15/1966 16:00:00	4.16264904792
3/16/1966 16:00:00	4.18693750146
3/17/1966 16:00:00	4.20169462533
3/18/1966 16:00:00	4.21883450764
3/21/1966 16:00:00	4.25074697611
3/22/1966 16:00:00	4.26312120769
3/23/1966 16:00:00	4.24737933435
3/24/1966 16:00:00	4.25498818249
3/25/1966 16:00:00	4.26688562123
3/28/1966 16:00:00	4.27068197979
3/29/1966 16:00:00	4.25398704582
3/30/1966 16:00:00	4.23062120378
3/31/1966 16:00:00	4.25204934587
4/1/1966 16:00:00	4.28586676423
4/4/1966 16:00:00	4.32492573496
4/5/1966 16:00:00	4.35111808084
4/6/1966 16:00:00	4.36301480269
4/7/1966 16:00:00	4.37252905471
4/11/1966 16:00:00	4.37394215349
4/12/1966 16:00:00	4.35772401169
4/13/1966 16:00:00	4.36199648884
4/14/1966 16:00:00	4.37770513478
4/15/1966 16:00:00	4.38340661569
4/18/1966 16:00:00	4.36385349606
4/19/1966 16:00:00	4.36336052256
4/20/1966 16:00:00	4.38764604044
4/21/1966 16:00:00	4.40383053763
4/22/1966 16:00:00	4.39666642195
4/25/1966 16:00:00	4.38759667944
4/26/1966 16:00:00	4.38329155197
4/27/1966 16:00:00	4.37231589783
4/28/1966 16:00:00	4.34228009994
4/29/1966 16:00:00	4.3389283803
5/2/1966 16:00:00	4.3312884398
5/3/1966 16:00:00	4.28124066828
5/4/1966 16:00:00	4.25930622942
5/5/1966 16:00:00	4.18972337887
5/6/1966 16:00:00	4.18541912283
5/9/1966 16:00:00	4.11297829907
5/10/1966 16:00:00	4.1491754832
5/11/1966 16:00:00	4.15630717506
5/12/1966 16:00:00	4.10864391018
5/13/1966 16:00:00	4.07241630252
5/16/1966 16:00:00	4.02189499052
5/17/1966 16:00:00	3.98471483636
5/18/1966 16:00:00	4.05569412051
5/19/1966 16:00:00	4.05091394276
5/20/1966 16:00:00	4.07043403314
5/23/1966 16:00:00	4.10710635569
5/24/1966 16:00:00	4.13424930036
5/25/1966 16:00:00	4.14852776321
5/26/1966 16:00:00	4.14851220623
5/27/1966 16:00:00	4.16088463644
5/31/1966 16:00:00	4.10369417333
6/1/1966 16:00:00	4.10224948203
6/2/1966 16:00:00	4.0955638032
6/3/1966 16:00:00	4.10031287172
6/6/1966 16:00:00	4.06980484147
6/7/1966 16:00:00	4.0416794181
6/8/1966 16:00:00	4.04642863486
6/9/1966 16:00:00	4.07357068527
6/10/1966 16:00:00	4.11834098119
6/13/1966 16:00:00	4.13690663903
6/14/1966 16:00:00	4.14832552313
6/15/1966 16:00:00	4.13211132798
6/16/1966 16:00:00	4.11970844953
6/17/1966 16:00:00	4.12159877265
6/20/1966 16:00:00	4.12015408386
6/21/1966 16:00:00	4.13109628591
6/22/1966 16:00:00	4.13775073969
6/23/1966 16:00:00	4.12106042208
6/24/1966 16:00:00	4.1248564407
6/27/1966 16:00:00	4.10101990323
6/28/1966 16:00:00	4.08147114681
6/29/1966 16:00:00	4.04286611636
6/30/1966 16:00:00	4.03713383289
7/1/1966 16:00:00	4.07856685993
7/5/1966 16:00:00	4.08855618276
7/6/1966 16:00:00	4.14761566949
7/7/1966 16:00:00	4.16284518583
7/8/1966 16:00:00	4.17378709859
7/11/1966 16:00:00	4.16614878719
7/12/1966 16:00:00	4.13897817705
7/13/1966 16:00:00	4.11133163126
7/14/1966 16:00:00	4.13608885074
7/15/1966 16:00:00	4.14845979446
7/18/1966 16:00:00	4.14415648129
7/19/1966 16:00:00	4.11269908642
7/20/1966 16:00:00	4.07361946915
7/21/1966 16:00:00	4.07408032238
7/22/1966 16:00:00	4.0688250977
7/25/1966 16:00:00	3.99354054059
7/26/1966 16:00:00	3.98733231945
7/27/1966 16:00:00	4.00637279192
7/28/1966 16:00:00	3.99063707384
7/29/1966 16:00:00	3.98252373217
8/1/1966 16:00:00	3.92105593462
8/2/1966 16:00:00	3.92199418745
8/3/1966 16:00:00	3.96104220274
8/4/1966 16:00:00	3.99818439063
8/5/1966 16:00:00	4.00150398205
8/8/1966 16:00:00	3.98957973837
8/9/1966 16:00:00	3.9771791147
8/10/1966 16:00:00	3.95906242548
8/11/1966 16:00:00	3.95476011271
8/12/1966 16:00:00	3.96189079038
8/15/1966 16:00:00	3.94139241415
8/16/1966 16:00:00	3.88850178068
8/17/1966 16:00:00	3.86705128071
8/18/1966 16:00:00	3.81844871188
8/19/1966 16:00:00	3.79271126762
8/22/1966 16:00:00	3.72696029681
8/23/1966 16:00:00	3.72075390486
8/24/1966 16:00:00	3.7664693121
8/25/1966 16:00:00	3.71834412086
8/26/1966 16:00:00	3.63973364496
8/29/1966 16:00:00	3.55016736284
8/30/1966 16:00:00	3.61350745331
8/31/1966 16:00:00	3.67255983315
9/1/1966 16:00:00	3.70112622109
9/2/1966 16:00:00	3.68777500771
9/6/1966 16:00:00	3.6658498744
9/7/1966 16:00:00	3.63773272275
9/8/1966 16:00:00	3.62247653418
9/9/1966 16:00:00	3.63389472629
9/12/1966 16:00:00	3.71104611907
9/13/1966 16:00:00	3.73056132746
9/14/1966 16:00:00	3.76912938049
9/15/1966 16:00:00	3.81436597657
9/16/1966 16:00:00	3.81006460898
9/19/1966 16:00:00	3.79099754341
9/20/1966 16:00:00	3.76478617438
9/21/1966 16:00:00	3.70142220259
9/22/1966 16:00:00	3.71236366316
9/23/1966 16:00:00	3.6994891565
9/26/1966 16:00:00	3.70852526395
9/27/1966 16:00:00	3.71994261994
9/28/1966 16:00:00	3.67277456876
9/29/1966 16:00:00	3.63465638864
9/30/1966 16:00:00	3.64655029539
10/3/1966 16:00:00	3.56747106157
10/4/1966 16:00:00	3.57698349545
10/5/1966 16:00:00	3.5574421314
10/6/1966 16:00:00	3.52694598582
10/7/1966 16:00:00	3.48644760797
10/10/1966 16:00:00	3.549781281
10/11/1966 16:00:00	3.56786718093
10/12/1966 16:00:00	3.6693028326
10/13/1966 16:00:00	3.6621447189
10/14/1966 16:00:00	3.6483187173
10/17/1966 16:00:00	3.68974168581
10/18/1966 16:00:00	3.74735769298
10/19/1966 16:00:00	3.71733823819
10/20/1966 16:00:00	3.70732217188
10/21/1966 16:00:00	3.72397817498
10/24/1966 16:00:00	3.73491828402
10/25/1966 16:00:00	3.75776545324
10/26/1966 16:00:00	3.79013769376
10/27/1966 16:00:00	3.82108094779
10/28/1966 16:00:00	3.82154262295
10/31/1966 16:00:00	3.81962319236
11/1/1966 16:00:00	3.8486608958
11/2/1966 16:00:00	3.85198027221
11/3/1966 16:00:00	3.83672556327
11/4/1966 16:00:00	3.84861759834
11/7/1966 16:00:00	3.84479340112
11/9/1966 16:00:00	3.87573515979
11/10/1966 16:00:00	3.90000955768
11/11/1966 16:00:00	3.90237632697
11/14/1966 16:00:00	3.8752155709
11/15/1966 16:00:00	3.89044090314
11/16/1966 16:00:00	3.92281095008
11/17/1966 16:00:00	3.89565042226
11/18/1966 16:00:00	3.86991876325
11/21/1966 16:00:00	3.81418400403
11/22/1966 16:00:00	3.79416782331
11/23/1966 16:00:00	3.81987035363
11/25/1966 16:00:00	3.85033495597
11/28/1966 16:00:00	3.84365329948
11/29/1966 16:00:00	3.82982816854
11/30/1966 16:00:00	3.83124243355
12/1/1966 16:00:00	3.81360791664
12/2/1966 16:00:00	3.81597452139
12/5/1966 16:00:00	3.82119869321
12/6/1966 16:00:00	3.8497575622
12/7/1966 16:00:00	3.8916506665
12/8/1966 16:00:00	3.90735134235
12/9/1966 16:00:00	3.9116224582
12/12/1966 16:00:00	3.95256222991
12/13/1966 16:00:00	3.93968983511
12/14/1966 16:00:00	3.93538897762
12/15/1966 16:00:00	3.88775334616
12/16/1966 16:00:00	3.88488164177
12/19/1966 16:00:00	3.87010446698
12/20/1966 16:00:00	3.8553277665
12/21/1966 16:00:00	3.87531368724
12/22/1966 16:00:00	3.89006159508
12/23/1966 16:00:00	3.87957059317
12/27/1966 16:00:00	3.85717476471
12/28/1966 16:00:00	3.83858874717
12/29/1966 16:00:00	3.82714583129
12/30/1966 16:00:00	3.82522667257
1/3/1967 16:00:00	3.82759305521
1/4/1967 16:00:00	3.83567416124
1/5/1967 16:00:00	3.88565903455
1/6/1967 16:00:00	3.91326320594
1/9/1967 16:00:00	3.9432478627
1/10/1967 16:00:00	3.94323307552
1/11/1967 16:00:00	3.97464623608
1/12/1967 16:00:00	3.99558321832
1/13/1967 16:00:00	4.02509084217
1/16/1967 16:00:00	4.01459988257
1/17/1967 16:00:00	4.0588687707
1/18/1967 16:00:00	4.08504301811
1/19/1967 16:00:00	4.08645614427
1/20/1967 16:00:00	4.09834496874
1/23/1967 16:00:00	4.11356683875
1/24/1967 16:00:00	4.11926549231
1/25/1967 16:00:00	4.08782327078
1/26/1967 16:00:00	4.08590326263
1/27/1967 16:00:00	4.10255372678
1/30/1967 16:00:00	4.12634610423
1/31/1967 16:00:00	4.12394971779
2/1/1967 16:00:00	4.11536350823
2/2/1967 16:00:00	4.12963271761
2/3/1967 16:00:00	4.15961443164
2/6/1967 16:00:00	4.15102818448
2/7/1967 16:00:00	4.14006113368
2/8/1967 16:00:00	4.17670880423
2/9/1967 16:00:00	4.15955203695
2/10/1967 16:00:00	4.17239203706
2/13/1967 16:00:00	4.16999592147
2/14/1967 16:00:00	4.1980721117
2/15/1967 16:00:00	4.20281763483
2/16/1967 16:00:00	4.18328064823
2/17/1967 16:00:00	4.18469329364
2/20/1967 16:00:00	4.1613474066
2/21/1967 16:00:00	4.15847479435
2/23/1967 16:00:00	4.16369660315
2/24/1967 16:00:00	4.16177681644
2/27/1967 16:00:00	4.11652946443
2/28/1967 16:00:00	4.13174983806
3/1/1967 16:00:00	4.17458501479
3/2/1967 16:00:00	4.19742308745
3/3/1967 16:00:00	4.20359670113
3/6/1967 16:00:00	4.1945346852
3/7/1967 16:00:00	4.19737586656
3/8/1967 16:00:00	4.20259698965
3/9/1967 16:00:00	4.21496011557
3/10/1967 16:00:00	4.23208412913
3/13/1967 16:00:00	4.21016754065
3/14/1967 16:00:00	4.20634285157
3/15/1967 16:00:00	4.24631966119
3/16/1967 16:00:00	4.28915228187
3/17/1967 16:00:00	4.29675391428
3/20/1967 16:00:00	4.29435718308
3/21/1967 16:00:00	4.28481936792
3/22/1967 16:00:00	4.29670557587
3/23/1967 16:00:00	4.32953973843
3/27/1967 16:00:00	4.32619090477
3/28/1967 16:00:00	4.32807906795
3/29/1967 16:00:00	4.31949331261
3/30/1967 16:00:00	4.31804856302
3/31/1967 16:00:00	4.2942283532
4/3/1967 16:00:00	4.24850875287
4/4/1967 16:00:00	4.24754082729
4/5/1967 16:00:00	4.27466115705
4/6/1967 16:00:00	4.28178629746
4/7/1967 16:00:00	4.25415801233
4/10/1967 16:00:00	4.20082213281
4/11/1967 16:00:00	4.23127468963
4/12/1967 16:00:00	4.22649823476
4/13/1967 16:00:00	4.25885476801
4/14/1967 16:00:00	4.30501691452
4/17/1967 16:00:00	4.33546862638
4/18/1967 16:00:00	4.37306106712
4/19/1967 16:00:00	4.37685321256
4/20/1967 16:00:00	4.38492965353
4/21/1967 16:00:00	4.39395834449
4/24/1967 16:00:00	4.40917551052
4/25/1967 16:00:00	4.43248532589
4/26/1967 16:00:00	4.42818408092
4/27/1967 16:00:00	4.46577518975
4/28/1967 16:00:00	4.47527955495
5/1/1967 16:00:00	4.46716976706
5/2/1967 16:00:00	4.45906040317
5/3/1967 16:00:00	4.47046888733
5/4/1967 16:00:00	4.48996947412
5/5/1967 16:00:00	4.49566519685
5/8/1967 16:00:00	4.50231278503
5/9/1967 16:00:00	4.4556445844
5/10/1967 16:00:00	4.44372711543
5/11/1967 16:00:00	4.46275166898
5/12/1967 16:00:00	4.44988236865
5/15/1967 16:00:00	4.41321154902
5/16/1967 16:00:00	4.43366401395
5/17/1967 16:00:00	4.41651058546
5/18/1967 16:00:00	4.4045935314
5/19/1967 16:00:00	4.38268023455
5/22/1967 16:00:00	4.3636230828
5/23/1967 16:00:00	4.34266233657
5/24/1967 16:00:00	4.29266459222
5/25/1967 16:00:00	4.34072567807
5/26/1967 16:00:00	4.3307132561
5/29/1967 16:00:00	4.30737240385
5/31/1967 16:00:00	4.24023968424
6/1/1967 16:00:00	4.29496426388
6/2/1967 16:00:00	4.27400396303
6/5/1967 16:00:00	4.20925190768
6/6/1967 16:00:00	4.29491594039
6/7/1967 16:00:00	4.32726760617
6/8/1967 16:00:00	4.35057501545
6/9/1967 16:00:00	4.35817439807
6/12/1967 16:00:00	4.38100578752
6/13/1967 16:00:00	4.40859682673
6/14/1967 16:00:00	4.39810851027
6/15/1967 16:00:00	4.40237571491
6/16/1967 16:00:00	4.40473927115
6/19/1967 16:00:00	4.4032948649
6/20/1967 16:00:00	4.40185046942
6/21/1967 16:00:00	4.38850625598
6/22/1967 16:00:00	4.37754253528
6/23/1967 16:00:00	4.37895398652
6/26/1967 16:00:00	4.36180249906
6/27/1967 16:00:00	4.34560328671
6/28/1967 16:00:00	4.34606269891
6/29/1967 16:00:00	4.32415192176
6/30/1967 16:00:00	4.31414046172
7/3/1967 16:00:00	4.32697552337
7/5/1967 16:00:00	4.34837746576
7/6/1967 16:00:00	4.34645727275
7/7/1967 16:00:00	4.36405158605
7/10/1967 16:00:00	4.38116970872
7/11/1967 16:00:00	4.40161937656
7/12/1967 16:00:00	4.39779515426
7/13/1967 16:00:00	4.39873040645
7/14/1967 16:00:00	4.41394429874
7/17/1967 16:00:00	4.41440379641
7/18/1967 16:00:00	4.45008322997
7/19/1967 16:00:00	4.45720578573
7/20/1967 16:00:00	4.46670778494
7/21/1967 16:00:00	4.47573403316
7/24/1967 16:00:00	4.46096324438
7/25/1967 16:00:00	4.43762531214
7/26/1967 16:00:00	4.47663539224
7/27/1967 16:00:00	4.49042073537
7/28/1967 16:00:00	4.49706691879
7/31/1967 16:00:00	4.50942434871
8/1/1967 16:00:00	4.53891514793
8/2/1967 16:00:00	4.55841094183
8/3/1967 16:00:00	4.55268297848
8/4/1967 16:00:00	4.56075651579
8/7/1967 16:00:00	4.54884137364
8/8/1967 16:00:00	4.55405946215
8/9/1967 16:00:00	4.55832547215
8/10/1967 16:00:00	4.54641047299
8/11/1967 16:00:00	4.5283088064
8/14/1967 16:00:00	4.50402017913
8/15/1967 16:00:00	4.51018999928
8/16/1967 16:00:00	4.49970339175
8/17/1967 16:00:00	4.50349350008
8/18/1967 16:00:00	4.51061526692
8/21/1967 16:00:00	4.48537551379
8/22/1967 16:00:00	4.46108759449
8/23/1967 16:00:00	4.4548842946
8/24/1967 16:00:00	4.43012067231
8/25/1967 16:00:00	4.41154412353
8/28/1967 16:00:00	4.40867232797
8/29/1967 16:00:00	4.42007712476
8/30/1967 16:00:00	4.42910259803
8/31/1967 16:00:00	4.45621166996
9/1/1967 16:00:00	4.45809855323
9/5/1967 16:00:00	4.48330372673
9/6/1967 16:00:00	4.49185284202
9/7/1967 16:00:00	4.48898082006
9/8/1967 16:00:00	4.49039156978
9/11/1967 16:00:00	4.49894056218
9/12/1967 16:00:00	4.52033800788
9/13/1967 16:00:00	4.56790857224
9/14/1967 16:00:00	4.57788474021
9/15/1967 16:00:00	4.58119865989
9/18/1967 16:00:00	4.59355419754
9/19/1967 16:00:00	4.57640569299
9/20/1967 16:00:00	4.57448502288
9/21/1967 16:00:00	4.60397159642
9/22/1967 16:00:00	4.61585089896
9/25/1967 16:00:00	4.64390920938
9/26/1967 16:00:00	4.60439576171
9/27/1967 16:00:00	4.60580600917
9/28/1967 16:00:00	4.6057887374
9/29/1967 16:00:00	4.60196454835
10/2/1967 16:00:00	4.58338909243
10/3/1967 16:00:00	4.59907504839
10/4/1967 16:00:00	4.58858907854
10/5/1967 16:00:00	4.59999208882
10/6/1967 16:00:00	4.62804987385
10/9/1967 16:00:00	4.6399285956
10/10/1967 16:00:00	4.60802955302
10/11/1967 16:00:00	4.58564812131
10/12/1967 16:00:00	4.55612885655
10/13/1967 16:00:00	4.56800766887
10/16/1967 16:00:00	4.53230297892
10/17/1967 16:00:00	4.52039017444
10/18/1967 16:00:00	4.5322689866
10/19/1967 16:00:00	4.54081692288
10/20/1967 16:00:00	4.53842061469
10/23/1967 16:00:00	4.51841902439
10/24/1967 16:00:00	4.4927075728
10/25/1967 16:00:00	4.49744886867
10/26/1967 16:00:00	4.51741671197
10/27/1967 16:00:00	4.51835124803
10/30/1967 16:00:00	4.51024551476
10/31/1967 16:00:00	4.43933234523
11/1/1967 16:00:00	4.4112425615
11/2/1967 16:00:00	4.39362088635
11/3/1967 16:00:00	4.36695921786
11/6/1967 16:00:00	4.35266884098
11/8/1967 16:00:00	4.33647494282
11/9/1967 16:00:00	4.35786970259
11/10/1967 16:00:00	4.38735321092
11/13/1967 16:00:00	4.3759176562
11/14/1967 16:00:00	4.34830485399
11/15/1967 16:00:00	4.36589315174
11/16/1967 16:00:00	4.40584336828
11/17/1967 16:00:00	4.41629435107
11/20/1967 16:00:00	4.36061030105
11/21/1967 16:00:00	4.42958327253
11/22/1967 16:00:00	4.45573512946
11/24/1967 16:00:00	4.46761306823
11/27/1967 16:00:00	4.48044232651
11/28/1967 16:00:00	4.49565054562
11/29/1967 16:00:00	4.49468228549
11/30/1967 16:00:00	4.47230376924
12/1/1967 16:00:00	4.49607584793
12/4/1967 16:00:00	4.52460542837
12/5/1967 16:00:00	4.53077374825
12/6/1967 16:00:00	4.55026320746
12/7/1967 16:00:00	4.54501264613
12/8/1967 16:00:00	4.53976212415
12/11/1967 16:00:00	4.52547232827
12/12/1967 16:00:00	4.5202219189
12/13/1967 16:00:00	4.5359048627
12/14/1967 16:00:00	4.54207297791
12/15/1967 16:00:00	4.52112242493
12/18/1967 16:00:00	4.50873567693
12/19/1967 16:00:00	4.50205821979
12/20/1967 16:00:00	4.52678073871
12/21/1967 16:00:00	4.53770585695
12/22/1967 16:00:00	4.52912532134
12/26/1967 16:00:00	4.53196307478
12/27/1967 16:00:00	4.56286968739
12/28/1967 16:00:00	4.56190088353
12/29/1967 16:00:00	4.58947696529
1/2/1968 16:00:00	4.57233303673
1/3/1968 16:00:00	4.55138323325
1/4/1968 16:00:00	4.5366184106
1/5/1968 16:00:00	4.56419417269
1/8/1968 16:00:00	4.59652699809
1/9/1968 16:00:00	4.59080084113
1/10/1968 16:00:00	4.59173492724
1/11/1968 16:00:00	4.59647528733
1/12/1968 16:00:00	4.60121524887
1/15/1968 16:00:00	4.58692608986
1/16/1968 16:00:00	4.55836555029
1/17/1968 16:00:00	4.54978545086
1/18/1968 16:00:00	4.54596254256
1/19/1968 16:00:00	4.53072252886
1/22/1968 16:00:00	4.47314390242
1/23/1968 16:00:00	4.45552592188
1/24/1968 16:00:00	4.4321990269
1/25/1968 16:00:00	4.43836688105
1/26/1968 16:00:00	4.44548558467
1/29/1968 16:00:00	4.4407119126
1/30/1968 16:00:00	4.41881284485
1/31/1968 16:00:00	4.38787545279
2/1/1968 16:00:00	4.4030814488
2/2/1968 16:00:00	4.38926958628
2/5/1968 16:00:00	4.37022547823
2/6/1968 16:00:00	4.37163612184
2/7/1968 16:00:00	4.37923065774
2/8/1968 16:00:00	4.32403402354
2/9/1968 16:00:00	4.27454586927
2/13/1968 16:00:00	4.23695032574
2/14/1968 16:00:00	4.28783300651
2/15/1968 16:00:00	4.29542807633
2/16/1968 16:00:00	4.27923851844
2/19/1968 16:00:00	4.29587128152
2/20/1968 16:00:00	4.34009348128
2/21/1968 16:00:00	4.34007720593
2/23/1968 16:00:00	4.32341230684
2/26/1968 16:00:00	4.28962319493
2/27/1968 16:00:00	4.30625560705
2/28/1968 16:00:00	4.28483437842
2/29/1968 16:00:00	4.25057002077
3/1/1968 16:00:00	4.23866237905
3/4/1968 16:00:00	4.18204207889
3/5/1968 16:00:00	4.17251325166
3/6/1968 16:00:00	4.2457497039
3/7/1968 16:00:00	4.23812303301
3/8/1968 16:00:00	4.23477754045
3/11/1968 16:00:00	4.28708389857
3/12/1968 16:00:00	4.29182466844
3/13/1968 16:00:00	4.28229527976
3/14/1968 16:00:00	4.20094276545
3/15/1968 16:00:00	4.23802767134
3/18/1968 16:00:00	4.26131845147
3/19/1968 16:00:00	4.23276374318
3/20/1968 16:00:00	4.2322724867
3/21/1968 16:00:00	4.20133974144
3/22/1968 16:00:00	4.20560458398
3/25/1968 16:00:00	4.20130823143
3/26/1968 16:00:00	4.22983066826
3/27/1968 16:00:00	4.26453639165
3/28/1968 16:00:00	4.26023950316
3/29/1968 16:00:00	4.2901882386
4/1/1968 16:00:00	4.39861624141
4/2/1968 16:00:00	4.40620962033
4/3/1968 16:00:00	4.44567023518
4/4/1968 16:00:00	4.46325146975
4/5/1968 16:00:00	4.43707565356
4/8/1968 16:00:00	4.51601204175
4/10/1968 16:00:00	4.55023980694
4/11/1968 16:00:00	4.59112594293
4/15/1968 16:00:00	4.59396230905
4/16/1968 16:00:00	4.59537223062
4/17/1968 16:00:00	4.60439139684
4/18/1968 16:00:00	4.61721583454
4/19/1968 16:00:00	4.55869840803
4/22/1968 16:00:00	4.53347417018
4/23/1968 16:00:00	4.5952860647
4/24/1968 16:00:00	4.60953673493
4/25/1968 16:00:00	4.59525159995
4/26/1968 16:00:00	4.62329461966
4/29/1968 16:00:00	4.65942288276
4/30/1968 16:00:00	4.63514986645
5/1/1968 16:00:00	4.65938793668
5/2/1968 16:00:00	4.68885701836
5/3/1968 16:00:00	4.69216892441
5/6/1968 16:00:00	4.67740779892
5/7/1968 16:00:00	4.70354774317
5/8/1968 16:00:00	4.70400579268
5/9/1968 16:00:00	4.67925755899
5/10/1968 16:00:00	4.68447144983
5/13/1968 16:00:00	4.66971099258
5/14/1968 16:00:00	4.6663644422
5/15/1968 16:00:00	4.66396891178
5/16/1968 16:00:00	4.64159931535
5/17/1968 16:00:00	4.60829189494
5/20/1968 16:00:00	4.58687366013
5/21/1968 16:00:00	4.60968398475
5/22/1968 16:00:00	4.62155590706
5/23/1968 16:00:00	4.61155172187
5/24/1968 16:00:00	4.62009460909
5/27/1968 16:00:00	4.6124681016
5/28/1968 16:00:00	4.64241139346
5/29/1968 16:00:00	4.65666054995
5/31/1968 16:00:00	4.69278557146
6/3/1968 16:00:00	4.75506567946
6/4/1968 16:00:00	4.77359443014
6/5/1968 16:00:00	4.75027456525
6/6/1968 16:00:00	4.78639869625
6/7/1968 16:00:00	4.81586454036
6/10/1968 16:00:00	4.82250447298
6/11/1968 16:00:00	4.83437501963
6/13/1968 16:00:00	4.81485943459
6/14/1968 16:00:00	4.80913474819
6/17/1968 16:00:00	4.76156272522
6/18/1968 16:00:00	4.75488736518
6/20/1968 16:00:00	4.82715125517
6/21/1968 16:00:00	4.78671278969
6/24/1968 16:00:00	4.77385525222
6/25/1968 16:00:00	4.75909600668
6/27/1968 16:00:00	4.75432294095
6/28/1968 16:00:00	4.73528394433
7/1/1968 16:00:00	4.72670671183
7/2/1968 16:00:00	4.74285662196
7/3/1968 16:00:00	4.79847518944
7/8/1968 16:00:00	4.84743572463
7/9/1968 16:00:00	4.86120762683
7/11/1968 16:00:00	4.86879747623
7/12/1968 16:00:00	4.86640149841
7/15/1968 16:00:00	4.86257941985
7/16/1968 16:00:00	4.83593230149
7/18/1968 16:00:00	4.82355117883
7/19/1968 16:00:00	4.77693316707
7/22/1968 16:00:00	4.72318320691
7/23/1968 16:00:00	4.71745931409
7/25/1968 16:00:00	4.65705297783
7/26/1968 16:00:00	4.6760552476
7/29/1968 16:00:00	4.64322854032
7/30/1968 16:00:00	4.64749042733
8/1/1968 16:00:00	4.62560026148
8/2/1968 16:00:00	4.59467576842
8/5/1968 16:00:00	4.60511941292
8/6/1968 16:00:00	4.62412181147
8/8/1968 16:00:00	4.61411926436
8/9/1968 16:00:00	4.61267556051
8/12/1968 16:00:00	4.66020671632
8/13/1968 16:00:00	4.68491418489
8/15/1968 16:00:00	4.66302453423
8/16/1968 16:00:00	4.69201130832
8/19/1968 16:00:00	4.70720897658
8/20/1968 16:00:00	4.70528937839
8/22/1968 16:00:00	4.69290931135
8/23/1968 16:00:00	4.69241650205
8/26/1968 16:00:00	4.70428566297
8/27/1968 16:00:00	4.69808669897
8/29/1968 16:00:00	4.6947408285
8/30/1968 16:00:00	4.70042893323
9/3/1968 16:00:00	4.72228256894
9/4/1968 16:00:00	4.75554701299
9/5/1968 16:00:00	4.78976233075
9/6/1968 16:00:00	4.81161538695
9/9/1968 16:00:00	4.81302401633
9/10/1968 16:00:00	4.7892332526
9/12/1968 16:00:00	4.77923047114
9/13/1968 16:00:00	4.79537806211
9/16/1968 16:00:00	4.81342700867
9/17/1968 16:00:00	4.8257706862
9/19/1968 16:00:00	4.83003142394
9/20/1968 16:00:00	4.83334176479
9/23/1968 16:00:00	4.86089898992
9/24/1968 16:00:00	4.87752109082
9/26/1968 16:00:00	4.86656792292
9/27/1968 16:00:00	4.86417234575
9/30/1968 16:00:00	4.88126978349
10/1/1968 16:00:00	4.89028482043
10/3/1968 16:00:00	4.90738203222
10/4/1968 16:00:00	4.93065956718
10/7/1968 16:00:00	4.93016554805
10/8/1968 16:00:00	4.93204880671
10/10/1968 16:00:00	4.91063637518
10/11/1968 16:00:00	4.90538828662
10/14/1968 16:00:00	4.91202574879
10/15/1968 16:00:00	4.92199107737
10/17/1968 16:00:00	4.94479279055
10/18/1968 16:00:00	4.98328275643
10/21/1968 16:00:00	4.99134600908
10/22/1968 16:00:00	4.9713600925
10/24/1968 16:00:00	4.9366363761
10/25/1968 16:00:00	4.95373258031
10/28/1968 16:00:00	4.93945203509
10/29/1968 16:00:00	4.91090931926
10/31/1968 16:00:00	4.9161203613
11/1/1968 16:00:00	4.89946260595
11/4/1968 16:00:00	4.90134587273
11/6/1968 16:00:00	4.90940915938
11/7/1968 16:00:00	4.92032500516
11/8/1968 16:00:00	4.94169912628
11/12/1968 16:00:00	4.97353213089
11/13/1968 16:00:00	4.99775811788
11/14/1968 16:00:00	5.00106708057
11/15/1968 16:00:00	5.02862083749
11/18/1968 16:00:00	5.03525733898
11/19/1968 16:00:00	5.04569694223
11/21/1968 16:00:00	5.03759662604
11/22/1968 16:00:00	5.05326534562
11/25/1968 16:00:00	5.06180320941
11/26/1968 16:00:00	5.09886349323
11/27/1968 16:00:00	5.1226130812
11/29/1968 16:00:00	5.1515916168
12/2/1968 16:00:00	5.13968803265
12/3/1968 16:00:00	5.13491478028
12/5/1968 16:00:00	5.11825774992
12/6/1968 16:00:00	5.13059815496
12/9/1968 16:00:00	5.11774426058
12/10/1968 16:00:00	5.10489009999
12/12/1968 16:00:00	5.10154345175
12/13/1968 16:00:00	5.11388373392
12/16/1968 16:00:00	5.09104729234
12/17/1968 16:00:00	5.07011284677
12/19/1968 16:00:00	5.08482965375
12/20/1968 16:00:00	5.05486324083
12/23/1968 16:00:00	5.00112995582
12/24/1968 16:00:00	4.99303038281
12/26/1968 16:00:00	4.99824048973
12/27/1968 16:00:00	4.97873247504
12/30/1968 16:00:00	4.9340318992
12/31/1968 16:00:00	4.936865322
1/2/1969 16:00:00	4.94017416351
1/3/1969 16:00:00	4.9430075419
1/6/1969 16:00:00	4.87073826012
1/7/1969 16:00:00	4.81130335825
1/8/1969 16:00:00	4.79132148879
1/9/1969 16:00:00	4.81126727323
1/10/1969 16:00:00	4.79746468349
1/13/1969 16:00:00	4.77415582369
1/14/1969 16:00:00	4.80693503998
1/15/1969 16:00:00	4.83020807141
1/16/1969 16:00:00	4.85680779571
1/17/1969 16:00:00	4.84965972773
1/20/1969 16:00:00	4.83348093613
1/21/1969 16:00:00	4.83061067245
1/22/1969 16:00:00	4.84722881925
1/23/1969 16:00:00	4.86859952334
1/24/1969 16:00:00	4.86620457144
1/27/1969 16:00:00	4.86713714251
1/28/1969 16:00:00	4.86759429864
1/29/1969 16:00:00	4.87232901836
1/30/1969 16:00:00	4.87421200181
1/31/1969 16:00:00	4.89605752645
2/3/1969 16:00:00	4.89033544487
2/4/1969 16:00:00	4.89174294044
2/5/1969 16:00:00	4.90503281712
2/6/1969 16:00:00	4.92117460413
2/7/1969 16:00:00	4.92068075608
2/11/1969 16:00:00	4.92636591806
2/12/1969 16:00:00	4.92539666402
2/13/1969 16:00:00	4.92918057497
2/14/1969 16:00:00	4.92440931317
2/17/1969 16:00:00	4.86878279871
2/18/1969 16:00:00	4.81933523145
2/19/1969 16:00:00	4.78367118883
2/20/1969 16:00:00	4.74277932975
2/24/1969 16:00:00	4.68620358331
2/25/1969 16:00:00	4.65671924144
2/26/1969 16:00:00	4.67903927747
2/27/1969 16:00:00	4.66428845735
2/28/1969 16:00:00	4.66379559589
3/3/1969 16:00:00	4.67565978333
3/4/1969 16:00:00	4.72031730281
3/5/1969 16:00:00	4.73883485004
3/6/1969 16:00:00	4.69081554129
3/7/1969 16:00:00	4.68842186855
3/10/1969 16:00:00	4.70456289052
3/11/1969 16:00:00	4.72022879626
3/12/1969 16:00:00	4.70737938041
3/13/1969 16:00:00	4.67599486722
3/14/1969 16:00:00	4.65744257103
3/17/1969 16:00:00	4.66930633667
3/18/1969 16:00:00	4.68069466439
3/19/1969 16:00:00	4.71489485922
3/20/1969 16:00:00	4.74481741462
3/21/1969 16:00:00	4.73481957999
3/24/1969 16:00:00	4.72862383026
3/25/1969 16:00:00	4.73621008917
3/26/1969 16:00:00	4.7708844115
3/27/1969 16:00:00	4.80460816412
3/28/1969 16:00:00	4.82407488445
4/1/1969 16:00:00	4.81977952228
4/2/1969 16:00:00	4.78934677636
4/3/1969 16:00:00	4.78457660977
4/7/1969 16:00:00	4.74701576047
4/8/1969 16:00:00	4.7588785673
4/9/1969 16:00:00	4.80068017521
4/10/1969 16:00:00	4.82584917864
4/11/1969 16:00:00	4.83058319928
4/14/1969 16:00:00	4.82676325975
4/15/1969 16:00:00	4.8248442541
4/16/1969 16:00:00	4.78205685883
4/17/1969 16:00:00	4.78916717659
4/18/1969 16:00:00	4.8110088376
4/21/1969 16:00:00	4.77867661668
4/22/1969 16:00:00	4.78911329802
4/23/1969 16:00:00	4.79004595135
4/24/1969 16:00:00	4.81236222311
4/25/1969 16:00:00	4.83372844753
4/28/1969 16:00:00	4.84844138672
4/29/1969 16:00:00	4.88453832665
4/30/1969 16:00:00	4.92728770987
5/1/1969 16:00:00	4.91871572429
5/2/1969 16:00:00	4.94198160089
5/5/1969 16:00:00	4.9595452489
5/6/1969 16:00:00	4.98281079848
5/7/1969 16:00:00	4.97376344413
5/8/1969 16:00:00	4.99417777079
5/9/1969 16:00:00	4.991783343
5/12/1969 16:00:00	4.98416154345
5/13/1969 16:00:00	5.00552580162
5/14/1969 16:00:00	5.04447198212
5/15/1969 16:00:00	5.02972235292
5/16/1969 16:00:00	5.03398025077
5/19/1969 16:00:00	4.9878695584
5/20/1969 16:00:00	4.94365994069
5/21/1969 16:00:00	4.96407369017
5/22/1969 16:00:00	4.97023212034
5/23/1969 16:00:00	4.96973821486
5/26/1969 16:00:00	4.95879101351
5/27/1969 16:00:00	4.92123457387
5/28/1969 16:00:00	4.90648626786
5/29/1969 16:00:00	4.91597089255
6/2/1969 16:00:00	4.89124447019
6/3/1969 16:00:00	4.87649608017
6/4/1969 16:00:00	4.87457713743
6/5/1969 16:00:00	4.88263670558
6/6/1969 16:00:00	4.85220885456
6/9/1969 16:00:00	4.80847679117
6/10/1969 16:00:00	4.77139743388
6/11/1969 16:00:00	4.70628502505
6/12/1969 16:00:00	4.6687310881
6/13/1969 16:00:00	4.68724403258
6/16/1969 16:00:00	4.67154678902
6/17/1969 16:00:00	4.6539490719
6/18/1969 16:00:00	4.64727975589
6/19/1969 16:00:00	4.62017973879
6/20/1969 16:00:00	4.59307992546
6/23/1969 16:00:00	4.57215723564
6/24/1969 16:00:00	4.62392887181
6/25/1969 16:00:00	4.60918273362
6/26/1969 16:00:00	4.62056833534
6/27/1969 16:00:00	4.62435207687
6/30/1969 16:00:00	4.6423892003
7/1/1969 16:00:00	4.6599513305
7/2/1969 16:00:00	4.70079397919
7/3/1969 16:00:00	4.73260901021
7/7/1969 16:00:00	4.70503457309
7/8/1969 16:00:00	4.63850116971
7/9/1969 16:00:00	4.60285050712
7/10/1969 16:00:00	4.53156697934
7/11/1969 16:00:00	4.55007911583
7/14/1969 16:00:00	4.4920995642
7/15/1969 16:00:00	4.47735427752
7/16/1969 16:00:00	4.52199712292
7/17/1969 16:00:00	4.54953602384
7/18/1969 16:00:00	4.51103579996
7/22/1969 16:00:00	4.44308014974
7/23/1969 16:00:00	4.42406001294
7/24/1969 16:00:00	4.40884048229
7/25/1969 16:00:00	4.3736669872
7/28/1969 16:00:00	4.28575923827
7/29/1969 16:00:00	4.25106202306
7/30/1969 16:00:00	4.27242476805
7/31/1969 16:00:00	4.3626746594
8/1/1969 16:00:00	4.44057165705
8/4/1969 16:00:00	4.41775101139
8/5/1969 16:00:00	4.43768799986
8/6/1969 16:00:00	4.46189998945
8/7/1969 16:00:00	4.46520876461
8/8/1969 16:00:00	4.46281687375
8/11/1969 16:00:00	4.43524593453
8/12/1969 16:00:00	4.40054909242
8/13/1969 16:00:00	4.40385804759
8/14/1969 16:00:00	4.43424570308
8/15/1969 16:00:00	4.46558346203
8/18/1969 16:00:00	4.49264523961
8/19/1969 16:00:00	4.51638140718
8/20/1969 16:00:00	4.51636447074
8/21/1969 16:00:00	4.52964906528
8/22/1969 16:00:00	4.55671019788
8/25/1969 16:00:00	4.509662945
8/26/1969 16:00:00	4.4797179261
8/27/1969 16:00:00	4.48872682321
8/28/1969 16:00:00	4.50771197608
8/29/1969 16:00:00	4.53714805798
9/2/1969 16:00:00	4.53855611854
9/3/1969 16:00:00	4.51193683475
9/4/1969 16:00:00	4.47486643507
9/5/1969 16:00:00	4.44824759106
9/8/1969 16:00:00	4.40357730459
9/9/1969 16:00:00	4.43586320767
9/10/1969 16:00:00	4.51042682685
9/11/1969 16:00:00	4.47573279407
9/12/1969 16:00:00	4.47144055154
9/15/1969 16:00:00	4.50657613323
9/16/1969 16:00:00	4.51035916979
9/17/1969 16:00:00	4.50131703351
9/18/1969 16:00:00	4.50795044508
9/19/1969 16:00:00	4.52170919606
9/22/1969 16:00:00	4.54259284409
9/23/1969 16:00:00	4.54257580937
9/24/1969 16:00:00	4.53638369999
9/25/1969 16:00:00	4.50169050709
9/26/1969 16:00:00	4.47269821466
9/29/1969 16:00:00	4.43705566113
9/30/1969 16:00:00	4.42326372881
10/1/1969 16:00:00	4.39474644186
10/2/1969 16:00:00	4.4289303822
10/3/1969 16:00:00	4.42653897481
10/6/1969 16:00:00	4.43554715711
10/7/1969 16:00:00	4.42175548875
10/8/1969 16:00:00	4.40178908138
10/9/1969 16:00:00	4.41887246447
10/10/1969 16:00:00	4.44403053674
10/13/1969 16:00:00	4.49103839876
10/14/1969 16:00:00	4.54564521237
10/15/1969 16:00:00	4.54657834727
10/16/1969 16:00:00	4.57743554358
10/17/1969 16:00:00	4.57219350854
10/20/1969 16:00:00	4.5816758925
10/21/1969 16:00:00	4.61680727441
10/22/1969 16:00:00	4.6467139451
10/23/1969 16:00:00	4.62912218802
10/24/1969 16:00:00	4.6604534603
10/27/1969 16:00:00	4.65331128822
10/28/1969 16:00:00	4.63856978889
10/29/1969 16:00:00	4.59817954473
10/30/1969 16:00:00	4.60386206593
10/31/1969 16:00:00	4.61286930397
11/3/1969 16:00:00	4.61427684554
11/4/1969 16:00:00	4.61710921098
11/5/1969 16:00:00	4.63751529347
11/6/1969 16:00:00	4.63892272661
11/7/1969 16:00:00	4.66692808958
11/10/1969 16:00:00	4.67023527346
11/11/1969 16:00:00	4.65786882155
11/12/1969 16:00:00	4.64930217731
11/13/1969 16:00:00	4.62696195447
11/14/1969 16:00:00	4.61032142892
11/17/1969 16:00:00	4.57895775243
11/18/1969 16:00:00	4.57799048576
11/19/1969 16:00:00	4.55470113682
11/20/1969 16:00:00	4.50766482495
11/21/1969 16:00:00	4.47962621615
11/24/1969 16:00:00	4.42831590046
11/25/1969 16:00:00	4.4140513907
11/26/1969 16:00:00	4.42970743675
11/28/1969 16:00:00	4.45533729428
12/1/1969 16:00:00	4.42729977069
12/2/1969 16:00:00	4.40021215903
12/3/1969 16:00:00	4.35270281326
12/4/1969 16:00:00	4.3669340727
12/5/1969 16:00:00	4.35646965383
12/8/1969 16:00:00	4.31418482881
12/9/1969 16:00:00	4.30039625205
12/10/1969 16:00:00	4.29705570353
12/11/1969 16:00:00	4.2989389416
12/12/1969 16:00:00	4.31269542636
12/15/1969 16:00:00	4.29985673069
12/16/1969 16:00:00	4.26089780558
12/17/1969 16:00:00	4.23618627401
12/18/1969 16:00:00	4.30313270181
12/19/1969 16:00:00	4.33968424758
12/22/1969 16:00:00	4.30167576937
12/23/1969 16:00:00	4.28503808891
12/24/1969 16:00:00	4.33013753543
12/26/1969 16:00:00	4.36383914865
12/29/1969 16:00:00	4.3334293311
12/30/1969 16:00:00	4.35003438105
12/31/1969 16:00:00	4.37186317613
1/2/1970 16:00:00	4.41648682258
1/5/1970 16:00:00	4.43831520586
1/6/1970 16:00:00	4.40790567698
1/7/1970 16:00:00	4.39886616906
1/8/1970 16:00:00	4.40122424677
1/9/1970 16:00:00	4.3879110502
1/12/1970 16:00:00	4.35465262832
1/13/1970 16:00:00	4.36508372395
1/14/1970 16:00:00	4.35224579293
1/15/1970 16:00:00	4.35365404439
1/16/1970 16:00:00	4.31754711649
1/19/1970 16:00:00	4.25722218774
1/20/1970 16:00:00	4.26575392288
1/21/1970 16:00:00	4.27143612992
1/22/1970 16:00:00	4.27569411104
1/23/1970 16:00:00	4.24386213765
1/26/1970 16:00:00	4.18686229304
1/27/1970 16:00:00	4.16072937394
1/28/1970 16:00:00	4.12130024815
1/29/1970 16:00:00	4.06905038912
1/30/1970 16:00:00	4.03721943083
2/2/1970 16:00:00	4.0718688861
2/3/1970 16:00:00	4.12028851566
2/4/1970 16:00:00	4.09510597955
2/5/1970 16:00:00	4.07894589805
2/6/1970 16:00:00	4.09934908803
2/9/1970 16:00:00	4.1316232854
2/10/1970 16:00:00	4.08839675598
2/11/1970 16:00:00	4.1282684112
2/12/1970 16:00:00	4.11828131112
2/13/1970 16:00:00	4.10924380515
2/16/1970 16:00:00	4.10590454745
2/17/1970 16:00:00	4.10114086554
2/18/1970 16:00:00	4.15193270329
2/19/1970 16:00:00	4.16711174883
2/20/1970 16:00:00	4.17991638374
2/24/1970 16:00:00	4.17800135106
2/25/1970 16:00:00	4.24256216412
2/26/1970 16:00:00	4.22117927008
2/27/1970 16:00:00	4.24965276662
3/2/1970 16:00:00	4.25960803925
3/3/1970 16:00:00	4.2842828962
3/4/1970 16:00:00	4.27524517237
3/5/1970 16:00:00	4.27332983191
3/6/1970 16:00:00	4.246724315
3/9/1970 16:00:00	4.20255080032
3/10/1970 16:00:00	4.21393039936
3/11/1970 16:00:00	4.21106585869
3/12/1970 16:00:00	4.19395697623
3/13/1970 16:00:00	4.17162533292
3/16/1970 16:00:00	4.12650348277
3/17/1970 16:00:00	4.14453035016
3/18/1970 16:00:00	4.15638481134
3/19/1970 16:00:00	4.15067151427
3/20/1970 16:00:00	4.13356324381
3/23/1970 16:00:00	4.13022419397
3/24/1970 16:00:00	4.17721347331
3/25/1970 16:00:00	4.26218512164
3/26/1970 16:00:00	4.26929105329
3/30/1970 16:00:00	4.25550615622
3/31/1970 16:00:00	4.25549019807
4/1/1970 16:00:00	4.27636485846
4/2/1970 16:00:00	4.26305497348
4/3/1970 16:00:00	4.24404769092
4/6/1970 16:00:00	4.21412084156
4/7/1970 16:00:00	4.20271012956
4/8/1970 16:00:00	4.20127010168
4/9/1970 16:00:00	4.20315348416
4/10/1970 16:00:00	4.18936930061
4/13/1970 16:00:00	4.16086747025
4/14/1970 16:00:00	4.1252442606
4/15/1970 16:00:00	4.11763271866
4/16/1970 16:00:00	4.07726200476
4/17/1970 16:00:00	4.06727674163
4/20/1970 16:00:00	4.07485783798
4/21/1970 16:00:00	4.05347817836
4/22/1970 16:00:00	4.00076488228
4/23/1970 16:00:00	3.94235514928
4/24/1970 16:00:00	3.92952181147
4/27/1970 16:00:00	3.86731468495
4/28/1970 16:00:00	3.81080479867
4/29/1970 16:00:00	3.8839017966
4/30/1970 16:00:00	3.87011953718
5/1/1970 16:00:00	3.86630734102
5/4/1970 16:00:00	3.76802104993
5/5/1970 16:00:00	3.73145164448
5/6/1970 16:00:00	3.77274011009
5/7/1970 16:00:00	3.78981654645
5/8/1970 16:00:00	3.77128766464
5/11/1970 16:00:00	3.73139567107
5/12/1970 16:00:00	3.69577675712
5/13/1970 16:00:00	3.63309848836
5/14/1970 16:00:00	3.58133961256
5/15/1970 16:00:00	3.65063626189
5/18/1970 16:00:00	3.65347080684
5/19/1970 16:00:00	3.58224860482
5/20/1970 16:00:00	3.49013907911
5/21/1970 16:00:00	3.42556444502
5/22/1970 16:00:00	3.42982388629
5/25/1970 16:00:00	3.33486780268
5/26/1970 16:00:00	3.28928276971
5/27/1970 16:00:00	3.45447017272
5/28/1970 16:00:00	3.54180418996
5/29/1970 16:00:00	3.6338845782
6/1/1970 16:00:00	3.69510787499
6/2/1970 16:00:00	3.69509401834
6/3/1970 16:00:00	3.72736003299
6/4/1970 16:00:00	3.67228081041
6/5/1970 16:00:00	3.61577759914
6/8/1970 16:00:00	3.62146055111
6/9/1970 16:00:00	3.6195481407
6/10/1970 16:00:00	3.58298322421
6/11/1970 16:00:00	3.5340761007
6/12/1970 16:00:00	3.507005462
6/15/1970 16:00:00	3.54022078892
6/16/1970 16:00:00	3.61473346404
6/17/1970 16:00:00	3.60759954734
6/18/1970 16:00:00	3.63179501194
6/19/1970 16:00:00	3.65741428484
6/22/1970 16:00:00	3.63793849048
6/23/1970 16:00:00	3.54868535937
6/24/1970 16:00:00	3.51117252528
6/25/1970 16:00:00	3.5135325171
6/26/1970 16:00:00	3.48741252038
6/29/1970 16:00:00	3.45986840115
6/30/1970 16:00:00	3.45178612636
7/1/1970 16:00:00	3.46221593723
7/2/1970 16:00:00	3.46125341857
7/6/1970 16:00:00	3.40712871529
7/7/1970 16:00:00	3.38100970801
7/8/1970 16:00:00	3.46501184814
7/9/1970 16:00:00	3.51531260913
7/10/1970 16:00:00	3.53381103644
7/13/1970 16:00:00	3.53854463068
7/14/1970 16:00:00	3.53236062927
7/15/1970 16:00:00	3.57079444695
7/16/1970 16:00:00	3.62346690781
7/17/1970 16:00:00	3.68753116466
7/20/1970 16:00:00	3.69226373207
7/21/1970 16:00:00	3.65380375453
7/22/1970 16:00:00	3.65616305165
7/23/1970 16:00:00	3.70218961988
7/24/1970 16:00:00	3.69363220767
7/27/1970 16:00:00	3.68554959898
7/28/1970 16:00:00	3.69123117994
7/29/1970 16:00:00	3.70403266805
7/30/1970 16:00:00	3.70544261772
7/31/1970 16:00:00	3.70447962005
8/3/1970 16:00:00	3.65557863535
8/4/1970 16:00:00	3.66363386476
8/5/1970 16:00:00	3.66314539931
8/6/1970 16:00:00	3.65838549836
8/7/1970 16:00:00	3.66786407207
8/10/1970 16:00:00	3.61659125991
8/11/1970 16:00:00	3.59854233286
8/12/1970 16:00:00	3.57954410567
8/13/1970 16:00:00	3.54820629938
8/14/1970 16:00:00	3.56812664939
8/17/1970 16:00:00	3.5752325086
8/18/1970 16:00:00	3.61650988536
8/19/1970 16:00:00	3.65256660361
8/20/1970 16:00:00	3.69431809122
8/21/1970 16:00:00	3.76074888306
8/24/1970 16:00:00	3.84379019069
8/25/1970 16:00:00	3.84994581607
8/26/1970 16:00:00	3.85420259441
8/27/1970 16:00:00	3.84801850986
8/28/1970 16:00:00	3.88502245267
8/31/1970 16:00:00	3.86887151641
9/1/1970 16:00:00	3.84180529477
9/2/1970 16:00:00	3.8422655793
9/3/1970 16:00:00	3.89587950085
9/4/1970 16:00:00	3.93098454486
9/8/1970 16:00:00	3.94093603736
9/9/1970 16:00:00	3.92905668758
9/10/1970 16:00:00	3.90578758277
9/11/1970 16:00:00	3.91621337599
9/14/1970 16:00:00	3.89484284749
9/15/1970 16:00:00	3.86113340978
9/16/1970 16:00:00	3.8815256234
9/17/1970 16:00:00	3.90523967497
9/18/1970 16:00:00	3.92088593965
9/21/1970 16:00:00	3.88717690887
9/22/1970 16:00:00	3.88478935308
9/23/1970 16:00:00	3.88714775509
9/24/1970 16:00:00	3.87526909704
9/25/1970 16:00:00	3.93077816929
9/28/1970 16:00:00	3.9820159645
9/29/1970 16:00:00	3.97962809735
9/30/1970 16:00:00	4.00049376122
10/1/1970 16:00:00	4.00142770887
10/2/1970 16:00:00	4.04127531218
10/5/1970 16:00:00	4.10342620443
10/6/1970 16:00:00	4.12144355239
10/7/1970 16:00:00	4.12332632977
10/8/1970 16:00:00	4.07870346893
10/9/1970 16:00:00	4.03740309842
10/12/1970 16:00:00	3.99420446584
10/13/1970 16:00:00	3.98896951682
10/14/1970 16:00:00	3.99512378885
10/15/1970 16:00:00	4.01693744749
10/16/1970 16:00:00	3.99936446476
10/19/1970 16:00:00	3.94572736313
10/20/1970 16:00:00	3.96896449622
10/21/1970 16:00:00	3.9698988743
10/22/1970 16:00:00	3.95659690759
10/23/1970 16:00:00	3.97508855188
10/26/1970 16:00:00	3.95324557836
10/27/1970 16:00:00	3.94421507523
10/28/1970 16:00:00	3.95891030612
10/29/1970 16:00:00	3.95557384313
10/30/1970 16:00:00	3.95033929363
11/2/1970 16:00:00	3.96266197722
11/3/1970 16:00:00	3.99633752921
11/4/1970 16:00:00	4.00438915483
11/5/1970 16:00:00	3.99061330735
11/6/1970 16:00:00	3.99629257045
11/9/1970 16:00:00	4.01763022547
11/10/1970 16:00:00	4.02330934469
11/11/1970 16:00:00	4.03468222329
11/12/1970 16:00:00	3.99291113267
11/13/1970 16:00:00	3.95588527687
11/16/1970 16:00:00	3.94970174391
11/17/1970 16:00:00	3.96060049191
11/18/1970 16:00:00	3.9283200412
11/19/1970 16:00:00	3.93399934538
11/20/1970 16:00:00	3.97241819226
11/23/1970 16:00:00	3.99707654097
11/24/1970 16:00:00	4.02268388154
11/25/1970 16:00:00	4.03737771604
11/27/1970 16:00:00	4.07721935628
11/30/1970 16:00:00	4.13746305515
12/1/1970 16:00:00	4.15025869495
12/2/1970 16:00:00	4.19816550589
12/3/1970 16:00:00	4.21807767595
12/4/1970 16:00:00	4.2446323099
12/7/1970 16:00:00	4.26739123915
12/8/1970 16:00:00	4.24507504701
12/9/1970 16:00:00	4.24838039716
12/10/1970 16:00:00	4.26639409345
12/11/1970 16:00:00	4.28251011123
12/14/1970 16:00:00	4.26066876173
12/15/1970 16:00:00	4.2540103454
12/16/1970 16:00:00	4.25684103824
12/17/1970 16:00:00	4.27200773018
12/18/1970 16:00:00	4.28053194435
12/21/1970 16:00:00	4.26723121376
12/22/1970 16:00:00	4.27195967015
12/23/1970 16:00:00	4.27479024235
12/24/1970 16:00:00	4.29897123955
12/28/1970 16:00:00	4.32172840848
12/29/1970 16:00:00	4.36868261628
12/30/1970 16:00:00	4.37768042807
12/31/1970 16:00:00	4.3719709339
1/4/1971 16:00:00	4.32451047106
1/5/1971 16:00:00	4.35533285379
1/6/1971 16:00:00	4.3814103454
1/7/1971 16:00:00	4.38281716323
1/8/1971 16:00:00	4.37378673603
1/11/1971 16:00:00	4.36380731029
1/12/1971 16:00:00	4.39889866475
1/13/1971 16:00:00	4.39129114336
1/14/1971 16:00:00	4.40266117153
1/15/1971 16:00:00	4.41355622648
1/18/1971 16:00:00	4.43156797769
1/19/1971 16:00:00	4.44815602657
1/20/1971 16:00:00	4.44908802545
1/21/1971 16:00:00	4.46852263596
1/22/1971 16:00:00	4.50124032381
1/25/1971 16:00:00	4.52020007833
1/26/1971 16:00:00	4.53488979221
1/27/1971 16:00:00	4.50166419618
1/28/1971 16:00:00	4.5168283791
1/29/1971 16:00:00	4.54859661874
2/1/1971 16:00:00	4.57419748399
2/2/1971 16:00:00	4.5746548355
2/3/1971 16:00:00	4.58412556816
2/4/1971 16:00:00	4.58363423844
2/5/1971 16:00:00	4.59832327402
2/8/1971 16:00:00	4.62297447825
2/9/1971 16:00:00	4.62580375535
2/10/1971 16:00:00	4.62009356535
2/11/1971 16:00:00	4.64474477279
2/12/1971 16:00:00	4.66939543383
2/16/1971 16:00:00	4.68028899361
2/17/1971 16:00:00	4.65844938415
2/18/1971 16:00:00	4.62807137672
2/19/1971 16:00:00	4.58915470604
2/22/1971 16:00:00	4.54075086763
2/23/1971 16:00:00	4.55828561194
2/24/1971 16:00:00	4.58862896063
2/25/1971 16:00:00	4.59952217424
2/26/1971 16:00:00	4.58954313297
3/1/1971 16:00:00	4.60138520677
3/2/1971 16:00:00	4.6004193716
3/3/1971 16:00:00	4.59897871253
3/4/1971 16:00:00	4.64497503114
3/5/1971 16:00:00	4.69429154197
3/8/1971 16:00:00	4.71419707773
3/9/1971 16:00:00	4.71797437241
3/10/1971 16:00:00	4.71036712451
3/11/1971 16:00:00	4.71461850171
3/12/1971 16:00:00	4.72313923395
3/15/1971 16:00:00	4.77719780881
3/16/1971 16:00:00	4.80089748866
3/17/1971 16:00:00	4.79661050796
3/18/1971 16:00:00	4.79991294454
3/19/1971 16:00:00	4.79135669234
3/22/1971 16:00:00	4.7728393074
3/23/1971 16:00:00	4.75669355937
3/24/1971 16:00:00	4.72536939034
3/25/1971 16:00:00	4.72487722945
3/26/1971 16:00:00	4.74098681711
3/29/1971 16:00:00	4.74476381218
3/30/1971 16:00:00	4.75565586254
3/31/1971 16:00:00	4.75800947326
4/1/1971 16:00:00	4.76178636185
4/2/1971 16:00:00	4.76983200716
4/5/1971 16:00:00	4.78072380009
4/6/1971 16:00:00	4.81485734515
4/7/1971 16:00:00	4.83713254903
4/8/1971 16:00:00	4.84280603822
4/12/1971 16:00:00	4.87978477148
4/13/1971 16:00:00	4.88450994307
4/14/1971 16:00:00	4.9029899349
4/15/1971 16:00:00	4.91008597787
4/16/1971 16:00:00	4.90864468454
4/19/1971 16:00:00	4.93329065301
4/20/1971 16:00:00	4.91429971064
4/21/1971 16:00:00	4.9024235953
4/22/1971 16:00:00	4.91189118017
4/23/1971 16:00:00	4.93511391273
4/26/1971 16:00:00	4.92987805357
4/27/1971 16:00:00	4.96068880041
4/28/1971 16:00:00	4.96920758696
4/29/1971 16:00:00	4.96254882595
4/30/1971 16:00:00	4.9302781395
5/3/1971 16:00:00	4.89895648494
5/4/1971 16:00:00	4.92265268662
5/5/1971 16:00:00	4.92215983566
5/6/1971 16:00:00	4.89605575982
5/7/1971 16:00:00	4.8789630704
5/10/1971 16:00:00	4.85475617195
5/11/1971 16:00:00	4.86706941414
5/12/1971 16:00:00	4.88033096635
5/13/1971 16:00:00	4.87035284956
5/14/1971 16:00:00	4.84756912015
5/17/1971 16:00:00	4.77546123571
5/18/1971 16:00:00	4.78208312952
5/19/1971 16:00:00	4.79344761974
5/20/1971 16:00:00	4.80481202477
5/21/1971 16:00:00	4.78961743562
5/24/1971 16:00:00	4.7488125253
5/25/1971 16:00:00	4.71749343379
5/26/1971 16:00:00	4.72316666679
5/27/1971 16:00:00	4.71413823902
5/28/1971 16:00:00	4.72502832395
6/1/1971 16:00:00	4.75204327374
6/2/1971 16:00:00	4.78806899799
6/3/1971 16:00:00	4.79042245778
6/4/1971 16:00:00	4.80415785346
6/7/1971 16:00:00	4.79418025866
6/8/1971 16:00:00	4.75764528732
6/9/1971 16:00:00	4.75620476322
6/10/1971 16:00:00	4.77278543572
6/11/1971 16:00:00	4.79316001797
6/14/1971 16:00:00	4.75283157846
6/15/1971 16:00:00	4.75755608122
6/16/1971 16:00:00	4.76702285662
6/17/1971 16:00:00	4.76605666693
6/18/1971 16:00:00	4.69348097449
6/21/1971 16:00:00	4.64129785058
6/22/1971 16:00:00	4.62800167688
6/23/1971 16:00:00	4.66687145594
6/24/1971 16:00:00	4.65357528565
6/25/1971 16:00:00	4.64691870586
6/28/1971 16:00:00	4.63504568544
6/29/1971 16:00:00	4.6862443664
6/30/1971 16:00:00	4.68053601989
7/1/1971 16:00:00	4.73173414801
7/2/1971 16:00:00	4.731716404
7/6/1971 16:00:00	4.73075038942
7/7/1971 16:00:00	4.74401055915
7/8/1971 16:00:00	4.75821889304
7/9/1971 16:00:00	4.77479867495
7/12/1971 16:00:00	4.78094534089
7/13/1971 16:00:00	4.71833222875
7/14/1971 16:00:00	4.70503687406
7/15/1971 16:00:00	4.70786432916
7/16/1971 16:00:00	4.69978534988
7/19/1971 16:00:00	4.69123213097
7/20/1971 16:00:00	4.70970819762
7/21/1971 16:00:00	4.7077937114
7/22/1971 16:00:00	4.6997148533
7/23/1971 16:00:00	4.69163605578
7/26/1971 16:00:00	4.65368311679
7/27/1971 16:00:00	4.63659486078
7/28/1971 16:00:00	4.60291028039
7/29/1971 16:00:00	4.55310348762
7/30/1971 16:00:00	4.53222261445
8/2/1971 16:00:00	4.55022436849
8/3/1971 16:00:00	4.48145145363
8/4/1971 16:00:00	4.45203551427
8/5/1971 16:00:00	4.4615021882
8/6/1971 16:00:00	4.46907241385
8/9/1971 16:00:00	4.43491520291
8/10/1971 16:00:00	4.43537284362
8/11/1971 16:00:00	4.488463221
8/12/1971 16:00:00	4.5519845685
8/13/1971 16:00:00	4.53726849748
8/16/1971 16:00:00	4.68281959379
8/17/1971 16:00:00	4.74112370159
8/18/1971 16:00:00	4.67519773963
8/19/1971 16:00:00	4.65431750194
8/20/1971 16:00:00	4.66236061694
8/23/1971 16:00:00	4.70596525402
8/24/1971 16:00:00	4.7604752361
8/25/1971 16:00:00	4.76093163652
8/26/1971 16:00:00	4.75285297281
8/27/1971 16:00:00	4.76421494655
8/30/1971 16:00:00	4.71867878674
8/31/1971 16:00:00	4.69542814753
9/1/1971 16:00:00	4.69730715107
9/2/1971 16:00:00	4.7077206789
9/3/1971 16:00:00	4.77408247981
9/7/1971 16:00:00	4.79587482148
9/8/1971 16:00:00	4.80486515451
9/9/1971 16:00:00	4.77924426457
9/10/1971 16:00:00	4.76120911917
9/13/1971 16:00:00	4.74459680181
9/14/1971 16:00:00	4.70996752158
9/15/1971 16:00:00	4.73033729172
9/16/1971 16:00:00	4.72510451921
9/17/1971 16:00:00	4.73931025656
9/20/1971 16:00:00	4.72601716303
9/21/1971 16:00:00	4.70987920993
9/22/1971 16:00:00	4.6686135907
9/23/1971 16:00:00	4.66432885744
9/24/1971 16:00:00	4.6534069574
9/27/1971 16:00:00	4.62826164193
9/28/1971 16:00:00	4.64057088469
9/29/1971 16:00:00	4.6415019015
9/30/1971 16:00:00	4.66234493228
10/1/1971 16:00:00	4.6902998108
10/4/1971 16:00:00	4.70355704495
10/5/1971 16:00:00	4.69879846788
10/6/1971 16:00:00	4.73244185626
10/7/1971 16:00:00	4.74190591617
10/8/1971 16:00:00	4.71059800008
10/11/1971 16:00:00	4.70346885302
10/12/1971 16:00:00	4.7205185638
10/13/1971 16:00:00	4.69489993433
10/14/1971 16:00:00	4.65221427678
10/15/1971 16:00:00	4.63607805118
10/18/1971 16:00:00	4.61520080658
10/19/1971 16:00:00	4.59859065658
10/20/1971 16:00:00	4.53457248022
10/21/1971 16:00:00	4.53218493236
10/22/1971 16:00:00	4.53074576075
10/25/1971 16:00:00	4.50844713348
10/26/1971 16:00:00	4.49136352075
10/27/1971 16:00:00	4.44630992772
10/28/1971 16:00:00	4.45435237058
10/29/1971 16:00:00	4.46713573257
11/1/1971 16:00:00	4.39932735146
11/2/1971 16:00:00	4.41732521018
11/3/1971 16:00:00	4.49932181775
11/4/1971 16:00:00	4.4936160721
11/5/1971 16:00:00	4.47795514975
11/8/1971 16:00:00	4.47461996342
11/9/1971 16:00:00	4.47792156514
11/10/1971 16:00:00	4.4281292363
11/11/1971 16:00:00	4.36695975056
11/12/1971 16:00:00	4.36694337446
11/15/1971 16:00:00	4.35223122051
11/16/1971 16:00:00	4.39487925912
11/17/1971 16:00:00	4.40149939163
11/18/1971 16:00:00	4.36735165297
11/19/1971 16:00:00	4.34268523453
11/22/1971 16:00:00	4.30379764127
11/23/1971 16:00:00	4.27391719245
11/24/1971 16:00:00	4.28195970638
11/26/1971 16:00:00	4.35826333907
11/29/1971 16:00:00	4.42792996555
11/30/1971 16:00:00	4.45540692258
12/1/1971 16:00:00	4.5241247672
12/2/1971 16:00:00	4.54306863836
12/3/1971 16:00:00	4.6008828779
12/6/1971 16:00:00	4.5747944873
12/7/1971 16:00:00	4.59184218283
12/8/1971 16:00:00	4.59419485175
12/9/1971 16:00:00	4.59607374407
12/10/1971 16:00:00	4.63065994623
12/13/1971 16:00:00	4.6439149643
12/14/1971 16:00:00	4.62967698573
12/15/1971 16:00:00	4.67089881528
12/16/1971 16:00:00	4.72776240629
12/17/1971 16:00:00	4.75239333071
12/20/1971 16:00:00	4.81352244338
12/21/1971 16:00:00	4.82535452142
12/22/1971 16:00:00	4.79594808678
12/23/1971 16:00:00	4.77507391636
12/27/1971 16:00:00	4.7850099623
12/28/1971 16:00:00	4.83239182146
12/29/1971 16:00:00	4.84469770425
12/30/1971 16:00:00	4.82429775882
12/31/1971 16:00:00	4.83897332604
1/3/1972 16:00:00	4.81904764723
1/4/1972 16:00:00	4.8389370335
1/5/1972 16:00:00	4.88489572163
1/6/1972 16:00:00	4.90620697331
1/7/1972 16:00:00	4.90429259622
1/10/1972 16:00:00	4.89716440166
1/11/1972 16:00:00	4.91278747385
1/12/1972 16:00:00	4.90992493385
1/13/1972 16:00:00	4.88146798922
1/14/1972 16:00:00	4.90040875435
1/17/1972 16:00:00	4.91508343091
1/18/1972 16:00:00	4.93165428816
1/19/1972 16:00:00	4.92357803569
1/20/1972 16:00:00	4.92355957228
1/21/1972 16:00:00	4.91264009145
1/24/1972 16:00:00	4.86143343734
1/25/1972 16:00:00	4.8675765894
1/26/1972 16:00:00	4.85807926596
1/27/1972 16:00:00	4.90545694344
1/28/1972 16:00:00	4.93671989626
1/31/1972 16:00:00	4.92627430632
2/1/1972 16:00:00	4.92957349384
2/2/1972 16:00:00	4.9613096964
2/3/1972 16:00:00	4.95939524769
2/4/1972 16:00:00	4.96980357097
2/7/1972 16:00:00	4.95461865901
2/8/1972 16:00:00	4.96407882994
2/9/1972 16:00:00	5.00244984313
2/10/1972 16:00:00	5.00432653067
2/11/1972 16:00:00	4.98013711259
2/14/1972 16:00:00	4.95689523095
2/15/1972 16:00:00	4.97772993717
2/16/1972 16:00:00	5.00567357141
2/17/1972 16:00:00	5.00423269937
2/18/1972 16:00:00	4.98952220157
2/22/1972 16:00:00	4.98997752089
2/23/1972 16:00:00	4.994223978
2/24/1972 16:00:00	4.99752271183
2/25/1972 16:00:00	5.03210054259
2/28/1972 16:00:00	5.03255569515
2/29/1972 16:00:00	5.05054564968
3/1/1972 16:00:00	5.08749226754
3/2/1972 16:00:00	5.08605149815
3/3/1972 16:00:00	5.11541526097
3/6/1972 16:00:00	5.15473056871
3/7/1972 16:00:00	5.15945063844
3/8/1972 16:00:00	5.16369630062
3/9/1972 16:00:00	5.1627292808
3/10/1972 16:00:00	5.13617095309
3/13/1972 16:00:00	5.08639199393
3/14/1972 16:00:00	5.09964212265
3/15/1972 16:00:00	5.10625757552
3/16/1972 16:00:00	5.09439096169
3/17/1972 16:00:00	5.11427543796
3/20/1972 16:00:00	5.09861763556
3/21/1972 16:00:00	5.05594840971
3/22/1972 16:00:00	5.06303753299
3/23/1972 16:00:00	5.10614268414
3/24/1972 16:00:00	5.09522395412
3/27/1972 16:00:00	5.08477965496
3/28/1972 16:00:00	5.07859985857
3/29/1972 16:00:00	5.04635678179
3/30/1972 16:00:00	5.079983353
4/3/1972 16:00:00	5.09323322037
4/4/1972 16:00:00	5.12354223807
4/5/1972 16:00:00	5.16522394028
4/6/1972 16:00:00	5.19031982191
4/7/1972 16:00:00	5.1945653941
4/10/1972 16:00:00	5.18648984611
4/11/1972 16:00:00	5.20116056401
4/12/1972 16:00:00	5.22104337262
4/13/1972 16:00:00	5.20822960075
4/14/1972 16:00:00	5.20489268106
4/17/1972 16:00:00	5.18923601357
4/18/1972 16:00:00	5.20153664189
4/19/1972 16:00:00	5.17450725739
4/20/1972 16:00:00	5.16690634515
4/21/1972 16:00:00	5.1597790838
4/24/1972 16:00:00	5.12659020912
4/25/1972 16:00:00	5.0758689802
4/26/1972 16:00:00	5.06495126314
4/27/1972 16:00:00	5.07251399616
4/28/1972 16:00:00	5.10187315097
5/1/1972 16:00:00	5.05541755591
5/2/1972 16:00:00	5.02649422351
5/3/1972 16:00:00	5.02221062667
5/4/1972 16:00:00	5.03451168693
5/5/1972 16:00:00	5.05249846034
5/8/1972 16:00:00	5.02926171815
5/9/1972 16:00:00	4.96290618873
5/10/1972 16:00:00	4.99510810287
5/11/1972 16:00:00	5.01167332344
5/12/1972 16:00:00	5.04055803617
5/15/1972 16:00:00	5.06328292841
5/16/1972 16:00:00	5.05378760638
5/17/1972 16:00:00	5.06466636251
5/18/1972 16:00:00	5.11439865794
5/19/1972 16:00:00	5.16365666226
5/22/1972 16:00:00	5.19727825459
5/23/1972 16:00:00	5.20152292743
5/24/1972 16:00:00	5.22661547157
5/25/1972 16:00:00	5.23370311783
5/26/1972 16:00:00	5.24315990454
5/30/1972 16:00:00	5.22845194775
5/31/1972 16:00:00	5.18958024263
6/1/1972 16:00:00	5.19714182665
6/2/1972 16:00:00	5.19901759151
6/5/1972 16:00:00	5.15588203848
6/6/1972 16:00:00	5.12696092852
6/7/1972 16:00:00	5.10040916728
6/8/1972 16:00:00	5.08285947527
6/9/1972 16:00:00	5.06294116308
6/12/1972 16:00:00	5.0700291291
6/13/1972 16:00:00	5.09559483116
6/14/1972 16:00:00	5.13537377824
6/15/1972 16:00:00	5.13772359857
6/16/1972 16:00:00	5.13391396613
6/19/1972 16:00:00	5.12205013584
6/20/1972 16:00:00	5.14335094404
6/21/1972 16:00:00	5.15422874573
6/22/1972 16:00:00	5.14899783263
6/23/1972 16:00:00	5.12955353345
6/26/1972 16:00:00	5.09210645078
6/27/1972 16:00:00	5.08687582951
6/28/1972 16:00:00	5.07027449106
6/29/1972 16:00:00	5.06078024433
6/30/1972 16:00:00	5.07592179944
7/3/1972 16:00:00	5.09248447926
7/5/1972 16:00:00	5.12136498894
7/6/1972 16:00:00	5.16587950871
7/7/1972 16:00:00	5.14927860759
7/10/1972 16:00:00	5.12178123216
7/11/1972 16:00:00	5.08433522093
7/12/1972 16:00:00	5.06394468894
7/13/1972 16:00:00	5.0350267435
7/14/1972 16:00:00	5.0596431223
7/17/1972 16:00:00	5.01603893444
7/18/1972 16:00:00	5.0136516034
7/19/1972 16:00:00	5.02831880551
7/20/1972 16:00:00	5.01266631052
7/21/1972 16:00:00	5.05291589084
7/24/1972 16:00:00	5.11258797979
7/25/1972 16:00:00	5.09740918359
7/26/1972 16:00:00	5.09407392433
7/27/1972 16:00:00	5.082211443
7/28/1972 16:00:00	5.08692964603
7/31/1972 16:00:00	5.08738440283
8/1/1972 16:00:00	5.13521213717
8/2/1972 16:00:00	5.17735464769
8/3/1972 16:00:00	5.21760189482
8/4/1972 16:00:00	5.23132038343
8/7/1972 16:00:00	5.23982779
8/8/1972 16:00:00	5.24359799522
8/9/1972 16:00:00	5.25163147148
8/10/1972 16:00:00	5.2606125247
8/11/1972 16:00:00	5.30322691748
8/14/1972 16:00:00	5.33163015325
8/15/1972 16:00:00	5.30839800511
8/16/1972 16:00:00	5.28942997397
8/17/1972 16:00:00	5.27425111768
8/18/1972 16:00:00	5.29412729868
8/21/1972 16:00:00	5.29221258229
8/22/1972 16:00:00	5.32487837525
8/23/1972 16:00:00	5.31775281266
8/24/1972 16:00:00	5.2589938494
8/25/1972 16:00:00	5.2423947742
8/28/1972 16:00:00	5.22153273209
8/29/1972 16:00:00	5.23003966369
8/30/1972 16:00:00	5.23759894398
8/31/1972 16:00:00	5.26221106455
9/1/1972 16:00:00	5.28208654444
9/5/1972 16:00:00	5.26880355164
9/6/1972 16:00:00	5.23657316776
9/7/1972 16:00:00	5.22423765389
9/8/1972 16:00:00	5.21758654539
9/11/1972 16:00:00	5.18725148095
9/12/1972 16:00:00	5.13796943919
9/13/1972 16:00:00	5.15831827729
9/14/1972 16:00:00	5.15971990007
9/15/1972 16:00:00	5.15401634514
9/18/1972 16:00:00	5.14452373788
9/19/1972 16:00:00	5.14166254496
9/20/1972 16:00:00	5.14401138518
9/21/1972 16:00:00	5.13593986191
9/22/1972 16:00:00	5.14018340558
9/25/1972 16:00:00	5.11790230411
9/26/1972 16:00:00	5.12119872132
9/27/1972 16:00:00	5.19412301034
9/28/1972 16:00:00	5.22678562075
9/29/1972 16:00:00	5.23623934214
10/2/1972 16:00:00	5.21774724952
10/3/1972 16:00:00	5.22435877779
10/4/1972 16:00:00	5.21439222009
10/5/1972 16:00:00	5.15753503365
10/6/1972 16:00:00	5.19209203516
10/9/1972 16:00:00	5.20533455528
10/10/1972 16:00:00	5.20957764711
10/11/1972 16:00:00	5.18634980165
10/12/1972 16:00:00	5.14370274795
10/13/1972 16:00:00	5.1114760973
10/16/1972 16:00:00	5.05698875458
10/17/1972 16:00:00	5.09154522295
10/18/1972 16:00:00	5.12420686114
10/19/1972 16:00:00	5.11755684939
10/20/1972 16:00:00	5.17389921273
10/23/1972 16:00:00	5.22645241585
10/24/1972 16:00:00	5.24821952584
10/25/1972 16:00:00	5.24393740888
10/26/1972 16:00:00	5.25670536588
10/27/1972 16:00:00	5.2391619542
10/30/1972 16:00:00	5.23772114995
10/31/1972 16:00:00	5.28458977038
11/1/1972 16:00:00	5.33619375137
11/2/1972 16:00:00	5.3626962953
11/3/1972 16:00:00	5.40956356238
11/6/1972 16:00:00	5.39817675852
11/8/1972 16:00:00	5.36831902092
11/9/1972 16:00:00	5.37540304548
11/10/1972 16:00:00	5.38627593394
11/13/1972 16:00:00	5.39430688302
11/14/1972 16:00:00	5.44401446349
11/15/1972 16:00:00	5.42268226105
11/16/1972 16:00:00	5.45249838827
11/17/1972 16:00:00	5.46952738806
11/20/1972 16:00:00	5.47140129336
11/21/1972 16:00:00	5.50358500471
11/22/1972 16:00:00	5.53624216611
11/24/1972 16:00:00	5.55374392481
11/27/1972 16:00:00	5.52767608008
11/28/1972 16:00:00	5.51581574364
11/29/1972 16:00:00	5.51816275518
11/30/1972 16:00:00	5.5252458456
12/1/1972 16:00:00	5.55884918998
12/4/1972 16:00:00	5.57729782668
12/5/1972 16:00:00	5.5682792241
12/6/1972 16:00:00	5.58862202504
12/7/1972 16:00:00	5.61654163604
12/8/1972 16:00:00	5.62883349848
12/11/1972 16:00:00	5.64112526876
12/12/1972 16:00:00	5.61932009507
12/13/1972 16:00:00	5.61456308557
12/14/1972 16:00:00	5.59938802867
12/15/1972 16:00:00	5.60031435578
12/18/1972 16:00:00	5.53588923821
12/19/1972 16:00:00	5.50934900341
12/20/1972 16:00:00	5.4908596927
12/21/1972 16:00:00	5.45106073065
12/22/1972 16:00:00	5.48513611369
12/26/1972 16:00:00	5.50737247811
12/27/1972 16:00:00	5.53718526866
12/29/1972 16:00:00	5.59020190003
1/2/1973 16:00:00	5.63990297196
1/3/1973 16:00:00	5.66213842447
1/4/1973 16:00:00	5.65406706878
1/5/1973 16:00:00	5.67630230146
1/8/1973 16:00:00	5.67533373665
1/9/1973 16:00:00	5.66963024851
1/10/1973 16:00:00	5.65540280407
1/11/1973 16:00:00	5.6937376413
1/12/1973 16:00:00	5.64920461364
1/15/1973 16:00:00	5.608459881
1/16/1973 16:00:00	5.59423287963
1/17/1973 16:00:00	5.61978233373
1/18/1973 16:00:00	5.6278110801
1/19/1973 16:00:00	5.62447533498
1/22/1973 16:00:00	5.59746359445
1/23/1973 16:00:00	5.59791622374
1/24/1973 16:00:00	5.5273413225
1/26/1973 16:00:00	5.51406187014
1/29/1973 16:00:00	5.49320685424
1/30/1973 16:00:00	5.48466303351
1/31/1973 16:00:00	5.49411251568
2/1/1973 16:00:00	5.43395656393
2/2/1973 16:00:00	5.41452226145
2/5/1973 16:00:00	5.4088201359
2/6/1973 16:00:00	5.41921660614
2/7/1973 16:00:00	5.38179003812
2/8/1973 16:00:00	5.3580949054
2/9/1973 16:00:00	5.43004623359
2/12/1973 16:00:00	5.49536811776
2/13/1973 16:00:00	5.52943911651
2/14/1973 16:00:00	5.44987171644
2/15/1973 16:00:00	5.41907434651
2/16/1973 16:00:00	5.44414921248
2/20/1973 16:00:00	5.46401514789
2/21/1973 16:00:00	5.4303772774
2/22/1973 16:00:00	5.4185198371
2/23/1973 16:00:00	5.35789397214
2/26/1973 16:00:00	5.31194631265
2/27/1973 16:00:00	5.25084772757
2/28/1973 16:00:00	5.28775909877
3/1/1973 16:00:00	5.25791052952
3/2/1973 16:00:00	5.31612770843
3/5/1973 16:00:00	5.33504666873
3/6/1973 16:00:00	5.40225914793
3/7/1973 16:00:00	5.41881016452
3/8/1973 16:00:00	5.40837391091
3/9/1973 16:00:00	5.38752111917
3/12/1973 16:00:00	5.39081513366
3/13/1973 16:00:00	5.42014956567
3/14/1973 16:00:00	5.44380214981
3/15/1973 16:00:00	5.40306445399
3/16/1973 16:00:00	5.37558373682
3/19/1973 16:00:00	5.31070040748
3/20/1973 16:00:00	5.30026451133
3/21/1973 16:00:00	5.23112108424
3/22/1973 16:00:00	5.15298256141
3/23/1973 16:00:00	5.15485706378
3/26/1973 16:00:00	5.20028830421
3/27/1973 16:00:00	5.28170090919
3/28/1973 16:00:00	5.28452199079
3/29/1973 16:00:00	5.33610680988
3/30/1973 16:00:00	5.27974769751
4/2/1973 16:00:00	5.21628777298
4/3/1973 16:00:00	5.17176536903
4/4/1973 16:00:00	5.14949463763
4/5/1973 16:00:00	5.13763958464
4/6/1973 16:00:00	5.17360094124
4/9/1973 16:00:00	5.24838295908
4/10/1973 16:00:00	5.31227549979
4/11/1973 16:00:00	5.33450650105
4/12/1973 16:00:00	5.32975236008
4/13/1973 16:00:00	5.3060614183
4/16/1973 16:00:00	5.27574284094
4/17/1973 16:00:00	5.25205228014
4/18/1973 16:00:00	5.28043733782
4/19/1973 16:00:00	5.31024236129
4/23/1973 16:00:00	5.28181790686
4/24/1973 16:00:00	5.20699948046
4/25/1973 16:00:00	5.12886778715
4/26/1973 16:00:00	5.15488596419
4/27/1973 16:00:00	5.07628191211
4/30/1973 16:00:00	5.06395434206
5/1/1973 16:00:00	5.0700894155
5/2/1973 16:00:00	5.13303238495
5/3/1973 16:00:00	5.21775105586
5/4/1973 16:00:00	5.25465618
5/7/1973 16:00:00	5.23238697217
5/8/1973 16:00:00	5.26645153644
5/9/1973 16:00:00	5.22808740175
5/10/1973 16:00:00	5.18546288394
5/11/1973 16:00:00	5.12058951903
5/14/1973 16:00:00	5.01311241522
5/15/1973 16:00:00	5.04481010416
5/16/1973 16:00:00	5.03816389572
5/17/1973 16:00:00	4.99696097165
5/18/1973 16:00:00	4.91646839259
5/21/1973 16:00:00	4.86295875857
5/22/1973 16:00:00	4.9031771368
5/23/1973 16:00:00	4.92635382886
5/24/1973 16:00:00	5.07165970207
5/25/1973 16:00:00	5.10951023031
5/29/1973 16:00:00	5.08913632712
5/30/1973 16:00:00	5.01337907714
5/31/1973 16:00:00	4.96791718938
6/1/1973 16:00:00	4.91961595842
6/4/1973 16:00:00	4.87415512746
6/5/1973 16:00:00	4.95224079521
6/6/1973 16:00:00	4.93754797179
6/7/1973 16:00:00	5.00995245039
6/8/1973 16:00:00	5.06626261105
6/11/1973 16:00:00	5.05062298323
6/12/1973 16:00:00	5.1258665627
6/13/1973 16:00:00	5.09318633403
6/14/1973 16:00:00	5.03636604365
6/15/1973 16:00:00	4.97481246618
6/18/1973 16:00:00	4.90379268021
6/19/1973 16:00:00	4.92223448578
6/20/1973 16:00:00	4.94351642259
6/21/1973 16:00:00	4.88527745495
6/22/1973 16:00:00	4.90845238715
6/25/1973 16:00:00	4.83980098921
6/26/1973 16:00:00	4.88948265227
6/27/1973 16:00:00	4.90461081148
6/28/1973 16:00:00	4.95523835562
6/29/1973 16:00:00	4.9348667889
7/2/1973 16:00:00	4.87047631204
7/3/1973 16:00:00	4.82170601101
7/5/1973 16:00:00	4.81742786621
7/6/1973 16:00:00	4.79374391402
7/9/1973 16:00:00	4.83443113833
7/10/1973 16:00:00	4.89973023784
7/11/1973 16:00:00	5.0076274039
7/12/1973 16:00:00	4.9934091597
7/13/1973 16:00:00	4.92665370265
7/16/1973 16:00:00	5.00141784029
7/17/1973 16:00:00	5.00376575631
7/18/1973 16:00:00	5.03356498922
7/19/1973 16:00:00	5.0430123668
7/20/1973 16:00:00	5.07091798618
7/23/1973 16:00:00	5.08888417574
7/24/1973 16:00:00	5.11820960754
7/25/1973 16:00:00	5.18918462966
7/26/1973 16:00:00	5.19910428028
7/27/1973 16:00:00	5.1867791101
7/30/1973 16:00:00	5.17066799108
7/31/1973 16:00:00	5.12190002699
8/1/1973 16:00:00	5.05609410917
8/2/1973 16:00:00	5.04850242993
8/3/1973 16:00:00	5.03996440182
8/6/1973 16:00:00	5.05130449497
8/7/1973 16:00:00	5.04276652024
8/8/1973 16:00:00	4.99541991042
8/9/1973 16:00:00	4.99824071326
8/10/1973 16:00:00	4.95846681406
8/13/1973 16:00:00	4.90828154151
8/14/1973 16:00:00	4.86093615073
8/15/1973 16:00:00	4.87511610831
8/16/1973 16:00:00	4.84102259629
8/17/1973 16:00:00	4.84195081258
8/20/1973 16:00:00	4.80880440902
8/21/1973 16:00:00	4.77471153078
8/22/1973 16:00:00	4.75765626734
8/23/1973 16:00:00	4.82294817406
8/24/1973 16:00:00	4.80920563176
8/27/1973 16:00:00	4.84704768764
8/28/1973 16:00:00	4.87542456363
8/29/1973 16:00:00	4.92320466348
8/30/1973 16:00:00	4.91608740092
8/31/1973 16:00:00	4.93357922636
9/4/1973 16:00:00	4.94586519679
9/5/1973 16:00:00	4.95199868192
9/6/1973 16:00:00	4.97611552784
9/7/1973 16:00:00	4.95764054796
9/10/1973 16:00:00	4.91455713281
9/11/1973 16:00:00	4.88472495704
9/12/1973 16:00:00	4.87713471651
9/13/1973 16:00:00	4.89131354867
9/14/1973 16:00:00	4.94240421899
9/17/1973 16:00:00	4.92866199947
9/18/1973 16:00:00	4.91066064998
9/19/1973 16:00:00	5.01049284023
9/20/1973 16:00:00	5.05211797116
9/21/1973 16:00:00	5.07292054738
9/24/1973 16:00:00	5.08047322064
9/25/1973 16:00:00	5.11310635689
9/26/1973 16:00:00	5.14999802591
9/27/1973 16:00:00	5.16180908633
9/28/1973 16:00:00	5.13103080283
10/1/1973 16:00:00	5.12060085376
10/2/1973 16:00:00	5.14802789396
10/3/1973 16:00:00	5.14753527995
10/4/1973 16:00:00	5.13000758416
10/5/1973 16:00:00	5.19812951494
10/8/1973 16:00:00	5.21609194845
10/9/1973 16:00:00	5.21134009185
10/10/1973 16:00:00	5.16825963108
10/11/1973 16:00:00	5.25672789125
10/12/1973 16:00:00	5.27327030749
10/15/1973 16:00:00	5.20747664231
10/16/1973 16:00:00	5.21408177153
10/17/1973 16:00:00	5.20365197887
10/18/1973 16:00:00	5.20552526177
10/19/1973 16:00:00	5.21544261513
10/22/1973 16:00:00	5.16526558691
10/23/1973 16:00:00	5.19316383972
10/24/1973 16:00:00	5.21774962972
10/25/1973 16:00:00	5.22861334933
10/26/1973 16:00:00	5.2702332478
10/29/1973 16:00:00	5.25933064046
10/30/1973 16:00:00	5.1731932389
10/31/1973 16:00:00	5.12396387313
11/1/1973 16:00:00	5.09555449778
11/2/1973 16:00:00	5.06619879634
11/5/1973 16:00:00	4.99283877243
11/6/1973 16:00:00	4.96632291498
11/7/1973 16:00:00	5.00605020388
11/8/1973 16:00:00	5.06375684698
11/9/1973 16:00:00	4.98235466225
11/12/1973 16:00:00	4.94164435518
11/13/1973 16:00:00	4.9378404871
11/14/1973 16:00:00	4.84744928566
11/15/1973 16:00:00	4.84648496116
11/16/1973 16:00:00	4.91507352688
11/19/1973 16:00:00	4.7650668927
11/20/1973 16:00:00	4.66805403406
11/21/1973 16:00:00	4.72008246565
11/23/1973 16:00:00	4.70492417877
11/26/1973 16:00:00	4.56958789399
11/27/1973 16:00:00	4.52793419163
11/28/1973 16:00:00	4.62017941337
11/29/1973 16:00:00	4.60407525405
11/30/1973 16:00:00	4.54018485421
12/3/1973 16:00:00	4.44270253252
12/4/1973 16:00:00	4.4280185581
12/5/1973 16:00:00	4.36034478502
12/6/1973 16:00:00	4.46725502737
12/7/1973 16:00:00	4.56612178407
12/10/1973 16:00:00	4.63423430089
12/11/1973 16:00:00	4.54385072134
12/12/1973 16:00:00	4.42697282474
12/13/1973 16:00:00	4.37065496799
12/14/1973 16:00:00	4.41369240077
12/17/1973 16:00:00	4.38812758151
12/18/1973 16:00:00	4.48226060865
12/19/1973 16:00:00	4.4860287808
12/20/1973 16:00:00	4.47323814765
12/21/1973 16:00:00	4.42543734404
12/24/1973 16:00:00	4.39514196768
12/26/1973 16:00:00	4.52948702398
12/27/1973 16:00:00	4.62409061758
12/28/1973 16:00:00	4.61461139846
12/31/1973 16:00:00	4.61506729411
1/2/1974 16:00:00	4.62120012655
1/3/1974 16:00:00	4.72147924392
1/4/1974 16:00:00	4.67888299735
1/7/1974 16:00:00	4.63959870336
1/8/1974 16:00:00	4.54732879807
1/9/1974 16:00:00	4.41957757767
1/10/1974 16:00:00	4.37083311302
1/11/1974 16:00:00	4.43089873089
1/14/1974 16:00:00	4.419527855
1/15/1974 16:00:00	4.45783113363
1/16/1974 16:00:00	4.52593766283
1/17/1974 16:00:00	4.60303264448
1/18/1974 16:00:00	4.52069984523
1/21/1974 16:00:00	4.51311388822
1/22/1974 16:00:00	4.56750039984
1/23/1974 16:00:00	4.59208280356
1/24/1974 16:00:00	4.58023885301
1/25/1974 16:00:00	4.57123328043
1/28/1974 16:00:00	4.5456705497
1/29/1974 16:00:00	4.54186926678
1/30/1974 16:00:00	4.5915235381
1/31/1974 16:00:00	4.56832646432
2/1/1974 16:00:00	4.50917701355
2/4/1974 16:00:00	4.41312963978
2/5/1974 16:00:00	4.39939445378
2/6/1974 16:00:00	4.41167743945
2/7/1974 16:00:00	4.41355314456
2/8/1974 16:00:00	4.36765072238
2/11/1974 16:00:00	4.28863544231
2/12/1974 16:00:00	4.3018645909
2/13/1974 16:00:00	4.30374067925
2/14/1974 16:00:00	4.30230510961
2/15/1974 16:00:00	4.3647303352
2/19/1974 16:00:00	4.35761867177
2/20/1974 16:00:00	4.42004322459
2/21/1974 16:00:00	4.48010199094
2/22/1974 16:00:00	4.5122514956
2/25/1974 16:00:00	4.49520539651
2/26/1974 16:00:00	4.54107252116
2/27/1974 16:00:00	4.55997669982
2/28/1974 16:00:00	4.55144510629
3/1/1974 16:00:00	4.51878920866
3/4/1974 16:00:00	4.5187722632
3/5/1974 16:00:00	4.60342617085
3/6/1974 16:00:00	4.63462837101
3/7/1974 16:00:00	4.58541709869
3/8/1974 16:00:00	4.62513307311
3/11/1974 16:00:00	4.67714722187
3/12/1974 16:00:00	4.68990122148
3/13/1974 16:00:00	4.71779109278
3/14/1974 16:00:00	4.7135164938
3/15/1974 16:00:00	4.69599742301
3/18/1974 16:00:00	4.63780035252
3/19/1974 16:00:00	4.59899668076
3/20/1974 16:00:00	4.61506132258
3/21/1974 16:00:00	4.60416485652
3/22/1974 16:00:00	4.60083661754
3/25/1974 16:00:00	4.61832036413
3/26/1974 16:00:00	4.6329657661
3/27/1974 16:00:00	4.5686213229
3/28/1974 16:00:00	4.4848849162
3/29/1974 16:00:00	4.44513716645
4/1/1974 16:00:00	4.41059224716
4/2/1974 16:00:00	4.41530549291
4/3/1974 16:00:00	4.4616415255
4/4/1974 16:00:00	4.46162479435
4/5/1974 16:00:00	4.39917465657
4/8/1974 16:00:00	4.3528060918
4/9/1974 16:00:00	4.38022251393
4/10/1974 16:00:00	4.37027365411
4/11/1974 16:00:00	4.35701407004
4/15/1974 16:00:00	4.35368694481
4/16/1974 16:00:00	4.4298187815
4/17/1974 16:00:00	4.46290978774
4/18/1974 16:00:00	4.48275754872
4/19/1974 16:00:00	4.43402545179
4/22/1974 16:00:00	4.41650907384
4/23/1974 16:00:00	4.3422376597
4/24/1974 16:00:00	4.27080480743
4/25/1974 16:00:00	4.23626274827
4/26/1974 16:00:00	4.26509717903
4/29/1974 16:00:00	4.25656800249
4/30/1974 16:00:00	4.27121343691
5/1/1974 16:00:00	4.36153108752
5/2/1974 16:00:00	4.3553661704
5/3/1974 16:00:00	4.31751431668
5/6/1974 16:00:00	4.30945814878
5/7/1974 16:00:00	4.32552188235
5/8/1974 16:00:00	4.33401862104
5/9/1974 16:00:00	4.39643038348
5/10/1974 16:00:00	4.32594625547
5/13/1974 16:00:00	4.28762232727
5/14/1974 16:00:00	4.28902499378
5/15/1974 16:00:00	4.27765827005
5/16/1974 16:00:00	4.24311848791
5/17/1974 16:00:00	4.17169020558
5/20/1974 16:00:00	4.15512218421
5/21/1974 16:00:00	4.1574713736
5/22/1974 16:00:00	4.11867570306
5/23/1974 16:00:00	4.12811891033
5/24/1974 16:00:00	4.18911015595
5/28/1974 16:00:00	4.17916320633
5/29/1974 16:00:00	4.10915573428
5/30/1974 16:00:00	4.13467776164
5/31/1974 16:00:00	4.12756849049
6/3/1974 16:00:00	4.21362282762
6/4/1974 16:00:00	4.26278964913
6/5/1974 16:00:00	4.27081300736
6/6/1974 16:00:00	4.34882653637
6/7/1974 16:00:00	4.37671176084
6/10/1974 16:00:00	4.40270476313
6/11/1974 16:00:00	4.36391041602
6/12/1974 16:00:00	4.3534902192
6/13/1974 16:00:00	4.36671495357
6/14/1974 16:00:00	4.31751778551
6/17/1974 16:00:00	4.25791691299
6/18/1974 16:00:00	4.23000014787
6/19/1974 16:00:00	4.20113797167
6/20/1974 16:00:00	4.17133039511
6/21/1974 16:00:00	4.13584827684
6/24/1974 16:00:00	4.14670927092
6/25/1974 16:00:00	4.20769564353
6/26/1974 16:00:00	4.14289503245
6/27/1974 16:00:00	4.08140505135
6/28/1974 16:00:00	4.06673066095
7/1/1974 16:00:00	4.06766100329
7/2/1974 16:00:00	3.98631174432
7/3/1974 16:00:00	3.98393229097
7/5/1974 16:00:00	3.9560181766
7/8/1974 16:00:00	3.83447578662
7/9/1974 16:00:00	3.85290354001
7/10/1974 16:00:00	3.78243195855
7/11/1974 16:00:00	3.77768921543
7/12/1974 16:00:00	3.93182794691
7/15/1974 16:00:00	3.96160322976
7/16/1974 16:00:00	3.91572110203
7/17/1974 16:00:00	3.95779058054
7/18/1974 16:00:00	3.96155866003
7/19/1974 16:00:00	3.95019544384
7/22/1974 16:00:00	3.96294744288
7/23/1974 16:00:00	4.00265208632
7/24/1974 16:00:00	4.01871370988
7/25/1974 16:00:00	3.97094150506
7/26/1974 16:00:00	3.89621722372
7/29/1974 16:00:00	3.82716774065
7/30/1974 16:00:00	3.80634830971
7/31/1974 16:00:00	3.75006616285
8/1/1974 16:00:00	3.72357337156
8/2/1974 16:00:00	3.71599387958
8/5/1974 16:00:00	3.74907846665
8/6/1974 16:00:00	3.80722244068
8/7/1974 16:00:00	3.90792106383
8/8/1974 16:00:00	3.85684093028
8/9/1974 16:00:00	3.82325587083
8/12/1974 16:00:00	3.77075802734
8/13/1974 16:00:00	3.71116817327
8/14/1974 16:00:00	3.62793810431
8/15/1974 16:00:00	3.60759328068
8/16/1974 16:00:00	3.57779205507
8/19/1974 16:00:00	3.52576904543
8/20/1974 16:00:00	3.54372260077
8/21/1974 16:00:00	3.47562469048
8/22/1974 16:00:00	3.4420422068
8/23/1974 16:00:00	3.38292830218
8/26/1974 16:00:00	3.41175682153
8/27/1974 16:00:00	3.35406183127
8/28/1974 16:00:00	3.34553879213
8/29/1974 16:00:00	3.30912038025
8/30/1974 16:00:00	3.41123273684
9/3/1974 16:00:00	3.33415375068
9/4/1974 16:00:00	3.24761994412
9/5/1974 16:00:00	3.35067680351
9/6/1974 16:00:00	3.37666758025
9/9/1974 16:00:00	3.29628072664
9/10/1974 16:00:00	3.27357436406
9/11/1974 16:00:00	3.24094005758
9/12/1974 16:00:00	3.15393531035
9/13/1974 16:00:00	3.08253314999
9/16/1974 16:00:00	3.13263664086
9/17/1974 16:00:00	3.1855759594
9/18/1974 16:00:00	3.20163864259
9/19/1974 16:00:00	3.31367430054
9/20/1974 16:00:00	3.31602588962
9/23/1974 16:00:00	3.28197378088
9/24/1974 16:00:00	3.21577351004
9/25/1974 16:00:00	3.19448699724
9/26/1974 16:00:00	3.14199784561
9/27/1974 16:00:00	3.07012590296
9/30/1974 16:00:00	3.00392743608
10/1/1974 16:00:00	2.99682467477
10/2/1974 16:00:00	2.99634075618
10/3/1974 16:00:00	2.94432602299
10/4/1974 16:00:00	2.94715158434
10/7/1974 16:00:00	3.07052930654
10/8/1974 16:00:00	3.06531748238
10/9/1974 16:00:00	3.20618595202
10/10/1974 16:00:00	3.29930560484
10/11/1974 16:00:00	3.36311408749
10/14/1974 16:00:00	3.43874074282
10/15/1974 16:00:00	3.37727132629
10/16/1974 16:00:00	3.32478423395
10/17/1974 16:00:00	3.36448179741
10/18/1974 16:00:00	3.41694321383
10/21/1974 16:00:00	3.47460437597
10/22/1974 16:00:00	3.45710001067
10/23/1974 16:00:00	3.35781308209
10/24/1974 16:00:00	3.31950933944
10/25/1974 16:00:00	3.31476966452
10/28/1974 16:00:00	3.31333874683
10/29/1974 16:00:00	3.44285359876
10/30/1974 16:00:00	3.51280373198
10/31/1974 16:00:00	3.49340910773
11/1/1974 16:00:00	3.49245036325
11/4/1974 16:00:00	3.45461993566
11/5/1974 16:00:00	3.5505685856
11/6/1974 16:00:00	3.53353747244
11/7/1974 16:00:00	3.55526902438
11/8/1974 16:00:00	3.54107454008
11/11/1974 16:00:00	3.5524062121
11/12/1974 16:00:00	3.48243183918
11/13/1974 16:00:00	3.46729217285
11/14/1974 16:00:00	3.45357067799
11/15/1974 16:00:00	3.39919712851
11/18/1974 16:00:00	3.27439083651
11/19/1974 16:00:00	3.2237997014
11/20/1974 16:00:00	3.20960689079
11/21/1974 16:00:00	3.2228302891
11/22/1974 16:00:00	3.25685225646
11/25/1974 16:00:00	3.25353120932
11/26/1974 16:00:00	3.28377119415
11/27/1974 16:00:00	3.30597532513
11/29/1974 16:00:00	3.30738093202
12/2/1974 16:00:00	3.21944898604
12/3/1974 16:00:00	3.17500452609
12/4/1974 16:00:00	3.18633724611
12/5/1974 16:00:00	3.12582193177
12/6/1974 16:00:00	3.07287046328
12/9/1974 16:00:00	3.10074668437
12/10/1974 16:00:00	3.18014443915
12/11/1974 16:00:00	3.19856673496
12/12/1974 16:00:00	3.1881559136
12/13/1974 16:00:00	3.17018264526
12/16/1974 16:00:00	3.14133799493
12/17/1974 16:00:00	3.1942649334
12/18/1974 16:00:00	3.20937819575
12/19/1974 16:00:00	3.19754959901
12/20/1974 16:00:00	3.16256081855
12/23/1974 16:00:00	3.11764614786
12/24/1974 16:00:00	3.16111882277
12/26/1974 16:00:00	3.18757591315
12/27/1974 16:00:00	3.17338420786
12/30/1974 16:00:00	3.17431781322
12/31/1974 16:00:00	3.24047662606
1/2/1975 16:00:00	3.31939701434
1/3/1975 16:00:00	3.34207139999
1/6/1975 16:00:00	3.35907410919
1/7/1975 16:00:00	3.3566981532
1/8/1975 16:00:00	3.31036692288
1/9/1975 16:00:00	3.36376263981
1/10/1975 16:00:00	3.43180997425
1/13/1975 16:00:00	3.41761788094
1/14/1975 16:00:00	3.38782923925
1/15/1975 16:00:00	3.40955758318
1/16/1975 16:00:00	3.40529129444
1/17/1975 16:00:00	3.35376178812
1/20/1975 16:00:00	3.35942086641
1/21/1975 16:00:00	3.34144827562
1/22/1975 16:00:00	3.3905886365
1/23/1975 16:00:00	3.40617252747
1/24/1975 16:00:00	3.44916834995
1/27/1975 16:00:00	3.56211115512
1/28/1975 16:00:00	3.59329030277
1/29/1975 16:00:00	3.65140860757
1/30/1975 16:00:00	3.60177039919
1/31/1975 16:00:00	3.63814816179
2/3/1975 16:00:00	3.67783354445
2/4/1975 16:00:00	3.66789503296
2/5/1975 16:00:00	3.73121030649
2/6/1975 16:00:00	3.71276477805
2/7/1975 16:00:00	3.71605905795
2/10/1975 16:00:00	3.70328506288
2/11/1975 16:00:00	3.7136684092
2/12/1975 16:00:00	3.77698232658
2/13/1975 16:00:00	3.82848124866
2/14/1975 16:00:00	3.85162387969
2/18/1975 16:00:00	3.82467171295
2/19/1975 16:00:00	3.84875956661
2/20/1975 16:00:00	3.8851342774
2/21/1975 16:00:00	3.90449593122
2/24/1975 16:00:00	3.84871626591
2/25/1975 16:00:00	3.75843830251
2/26/1975 16:00:00	3.79812121746
2/27/1975 16:00:00	3.8170098643
2/28/1975 16:00:00	3.85574690689
3/3/1975 16:00:00	3.92378349831
3/4/1975 16:00:00	3.94881515887
3/5/1975 16:00:00	3.96486800112
3/6/1975 16:00:00	3.95492919204
3/7/1975 16:00:00	3.98374109245
3/10/1975 16:00:00	4.01444272876
3/11/1975 16:00:00	3.98654649045
3/12/1975 16:00:00	3.95014394242
3/13/1975 16:00:00	3.95721762854
3/14/1975 16:00:00	4.0054041144
3/17/1975 16:00:00	4.06445887961
3/18/1975 16:00:00	4.02285843185
3/19/1975 16:00:00	3.98551147785
3/20/1975 16:00:00	3.95100036812
3/21/1975 16:00:00	3.94058936843
3/24/1975 16:00:00	3.8474823029
3/25/1975 16:00:00	3.87771089106
3/26/1975 16:00:00	3.94999580256
3/27/1975 16:00:00	3.96226723714
3/31/1975 16:00:00	3.93909790616
4/1/1975 16:00:00	3.90506015853
4/2/1975 16:00:00	3.89512224418
4/3/1975 16:00:00	3.85163432291
4/4/1975 16:00:00	3.82184993244
4/7/1975 16:00:00	3.79679138849
4/8/1975 16:00:00	3.82701914452
4/9/1975 16:00:00	3.91442274312
4/10/1975 16:00:00	3.95835319328
4/11/1975 16:00:00	3.97771210343
4/14/1975 16:00:00	4.04479559379
4/15/1975 16:00:00	4.07785724219
4/16/1975 16:00:00	4.09201736693
4/17/1975 16:00:00	4.12271585073
4/18/1975 16:00:00	4.07781136502
4/21/1975 16:00:00	4.12174005562
4/22/1975 16:00:00	4.11510907099
4/23/1975 16:00:00	4.06926025325
4/24/1975 16:00:00	4.06546482328
4/25/1975 16:00:00	4.0928551684
4/28/1975 16:00:00	4.07441207872
4/29/1975 16:00:00	4.04651880829
4/30/1975 16:00:00	4.12493936584
5/1/1975 16:00:00	4.16272381135
5/2/1975 16:00:00	4.21562831671
5/5/1975 16:00:00	4.25624737558
5/6/1975 16:00:00	4.18819182221
5/7/1975 16:00:00	4.20896599284
5/8/1975 16:00:00	4.23162966198
5/9/1975 16:00:00	4.27744548217
5/12/1975 16:00:00	4.28120944259
5/13/1975 16:00:00	4.32702473512
5/14/1975 16:00:00	4.35960978153
5/15/1975 16:00:00	4.31896013996
5/16/1975 16:00:00	4.27264052775
5/19/1975 16:00:00	4.27734923754
5/20/1975 16:00:00	4.25559922245
5/21/1975 16:00:00	4.20786299838
5/22/1975 16:00:00	4.22343898323
5/23/1975 16:00:00	4.27964758583
5/27/1975 16:00:00	4.26829195988
5/28/1975 16:00:00	4.23851048644
5/29/1975 16:00:00	4.23707724566
5/30/1975 16:00:00	4.30651395143
6/2/1975 16:00:00	4.37406023932
6/3/1975 16:00:00	4.38869006654
6/4/1975 16:00:00	4.37497219712
6/5/1975 16:00:00	4.37920811129
6/6/1975 16:00:00	4.36927012631
6/9/1975 16:00:00	4.30925167054
6/10/1975 16:00:00	4.27285672174
6/11/1975 16:00:00	4.27803770024
6/12/1975 16:00:00	4.25581643536
6/13/1975 16:00:00	4.27658796622
6/16/1975 16:00:00	4.32098204035
6/17/1975 16:00:00	4.27939080534
6/18/1975 16:00:00	4.27039822103
6/19/1975 16:00:00	4.34739003333
6/20/1975 16:00:00	4.37524786081
6/23/1975 16:00:00	4.42294778725
6/24/1975 16:00:00	4.4498600499
6/25/1975 16:00:00	4.470158058
6/26/1975 16:00:00	4.47911727055
6/27/1975 16:00:00	4.47910047386
6/30/1975 16:00:00	4.49703621489
7/1/1975 16:00:00	4.48095663312
7/2/1975 16:00:00	4.44928740162
7/3/1975 16:00:00	4.45777435968
7/7/1975 16:00:00	4.4190190505
7/8/1975 16:00:00	4.41191610336
7/9/1975 16:00:00	4.47851073657
7/10/1975 16:00:00	4.47896609938
7/11/1975 16:00:00	4.47186336723
7/14/1975 16:00:00	4.49688443879
7/15/1975 16:00:00	4.51670876869
7/16/1975 16:00:00	4.46945086523
7/17/1975 16:00:00	4.42313797517
7/18/1975 16:00:00	4.40280791265
7/21/1975 16:00:00	4.36688893498
7/22/1975 16:00:00	4.32010445097
7/23/1975 16:00:00	4.26009351757
7/24/1975 16:00:00	4.25488112522
7/25/1975 16:00:00	4.21801824929
7/28/1975 16:00:00	4.18965878196
7/29/1975 16:00:00	4.16602339171
7/30/1975 16:00:00	4.19624081543
7/31/1975 16:00:00	4.19244587271
8/1/1975 16:00:00	4.15652854181
8/4/1975 16:00:00	4.11683266345
8/5/1975 16:00:00	4.07335792015
8/6/1975 16:00:00	4.07428725229
8/7/1975 16:00:00	4.07663402352
8/8/1975 16:00:00	4.06339181132
8/11/1975 16:00:00	4.08841288824
8/12/1975 16:00:00	4.11532296416
8/13/1975 16:00:00	4.06098444241
8/14/1975 16:00:00	4.04349131007
8/15/1975 16:00:00	4.07937640502
8/18/1975 16:00:00	4.07180303465
8/19/1975 16:00:00	4.01274189563
8/20/1975 16:00:00	3.93100787687
8/21/1975 16:00:00	3.92390761322
8/22/1975 16:00:00	3.98104860625
8/25/1975 16:00:00	4.01787768655
8/26/1975 16:00:00	3.96590330313
8/27/1975 16:00:00	3.98808923392
8/28/1975 16:00:00	4.08112817685
8/29/1975 16:00:00	4.10378560473
9/2/1975 16:00:00	4.03764135986
9/3/1975 16:00:00	4.06360521002
9/4/1975 16:00:00	4.07161979197
9/5/1975 16:00:00	4.04420874666
9/8/1975 16:00:00	4.05694670808
9/9/1975 16:00:00	3.99599931377
9/10/1975 16:00:00	3.95772487551
9/11/1975 16:00:00	3.94165033545
9/12/1975 16:00:00	3.93455079077
9/15/1975 16:00:00	3.91469769184
9/16/1975 16:00:00	3.8773686432
9/17/1975 16:00:00	3.89057968618
9/18/1975 16:00:00	3.97038856701
9/19/1975 16:00:00	4.05633734913
9/22/1975 16:00:00	4.01806383029
9/23/1975 16:00:00	4.01190867481
9/24/1975 16:00:00	4.04967922566
9/25/1975 16:00:00	4.04494090251
9/26/1975 16:00:00	4.07090342965
9/29/1975 16:00:00	4.01609917719
9/30/1975 16:00:00	3.96129569885
10/1/1975 16:00:00	3.91688323452
10/2/1975 16:00:00	3.95890428328
10/3/1975 16:00:00	4.05949138538
10/6/1975 16:00:00	4.1034008669
10/7/1975 16:00:00	4.09819007613
10/8/1975 16:00:00	4.1534346634
10/9/1975 16:00:00	4.17372814105
10/10/1975 16:00:00	4.16615549323
10/13/1975 16:00:00	4.22517733098
10/14/1975 16:00:00	4.21666010923
10/15/1975 16:00:00	4.21428303213
10/16/1975 16:00:00	4.22087932125
10/17/1975 16:00:00	4.19677646817
10/20/1975 16:00:00	4.24210060804
10/21/1975 16:00:00	4.27703399206
10/22/1975 16:00:00	4.28410233528
10/23/1975 16:00:00	4.3091173473
10/24/1975 16:00:00	4.24250935879
10/27/1975 16:00:00	4.23777070137
10/28/1975 16:00:00	4.27459261036
10/29/1975 16:00:00	4.22168126133
10/30/1975 16:00:00	4.21788713006
10/31/1975 16:00:00	4.20512004888
11/3/1975 16:00:00	4.16023811554
11/4/1975 16:00:00	4.18005818503
11/5/1975 16:00:00	4.21026773433
11/6/1975 16:00:00	4.2291427309
11/7/1975 16:00:00	4.2187369606
11/10/1975 16:00:00	4.2191931452
11/11/1975 16:00:00	4.24420753923
11/12/1975 16:00:00	4.30653002877
11/13/1975 16:00:00	4.29942992207
11/14/1975 16:00:00	4.29610801296
11/17/1975 16:00:00	4.3192323194
11/18/1975 16:00:00	4.29749249521
11/19/1975 16:00:00	4.24930684204
11/20/1975 16:00:00	4.23323421531
11/21/1975 16:00:00	4.22802357997
11/24/1975 16:00:00	4.23603583028
11/25/1975 16:00:00	4.28371677216
11/26/1975 16:00:00	4.29456245718
11/28/1975 16:00:00	4.30871337526
12/1/1975 16:00:00	4.28177957876
12/2/1975 16:00:00	4.21848383674
12/3/1975 16:00:00	4.13677103937
12/4/1975 16:00:00	4.14808904508
12/5/1975 16:00:00	4.09990594561
12/8/1975 16:00:00	4.11169633564
12/9/1975 16:00:00	4.12254233821
12/10/1975 16:00:00	4.15936053135
12/11/1975 16:00:00	4.14612268299
12/12/1975 16:00:00	4.14752374795
12/15/1975 16:00:00	4.15978570093
12/16/1975 16:00:00	4.19943676807
12/17/1975 16:00:00	4.20980987897
12/18/1975 16:00:00	4.22301609563
12/19/1975 16:00:00	4.19325086278
12/22/1975 16:00:00	4.16206891252
12/23/1975 16:00:00	4.18991394905
12/24/1975 16:00:00	4.22436931955
12/26/1975 16:00:00	4.26165792332
12/29/1975 16:00:00	4.25597534204
12/30/1975 16:00:00	4.23896000604
12/31/1975 16:00:00	4.25877688089
1/2/1976 16:00:00	4.29228710633
1/5/1976 16:00:00	4.371600422
1/6/1976 16:00:00	4.41644260462
1/7/1976 16:00:00	4.4362581592
1/8/1976 16:00:00	4.46598994678
1/9/1976 16:00:00	4.48344406464
1/12/1976 16:00:00	4.54858970459
1/13/1976 16:00:00	4.51268623788
1/14/1976 16:00:00	4.58633029194
1/15/1976 16:00:00	4.561759645
1/16/1976 16:00:00	4.58015764518
1/19/1976 16:00:00	4.64246837365
1/20/1976 16:00:00	4.66794869812
1/21/1976 16:00:00	4.63865604668
1/22/1976 16:00:00	4.62919527761
1/23/1976 16:00:00	4.68442220564
1/26/1976 16:00:00	4.70659679887
1/27/1976 16:00:00	4.67777671222
1/28/1976 16:00:00	4.65226200981
1/29/1976 16:00:00	4.72684704617
1/30/1976 16:00:00	4.76224171949
2/2/1976 16:00:00	4.76269612551
2/3/1976 16:00:00	4.77731516568
2/4/1976 16:00:00	4.8117650912
2/5/1976 16:00:00	4.73997878848
2/6/1976 16:00:00	4.6960504473
2/9/1976 16:00:00	4.70358748497
2/10/1976 16:00:00	4.74370277239
2/11/1976 16:00:00	4.7578493022
2/12/1976 16:00:00	4.73327985018
2/13/1976 16:00:00	4.70587745221
2/17/1976 16:00:00	4.67658699393
2/18/1976 16:00:00	4.71434076487
2/19/1976 16:00:00	4.7879775294
2/20/1976 16:00:00	4.82053702775
2/23/1976 16:00:00	4.79738425063
2/24/1976 16:00:00	4.81719592867
2/25/1976 16:00:00	4.80112543848
2/26/1976 16:00:00	4.72651025851
2/27/1976 16:00:00	4.70760719493
3/1/1976 16:00:00	4.72222545306
3/2/1976 16:00:00	4.74864716524
3/3/1976 16:00:00	4.72030184736
3/4/1976 16:00:00	4.67023869435
3/5/1976 16:00:00	4.6791916295
3/8/1976 16:00:00	4.73016324101
3/9/1976 16:00:00	4.74855812623
3/10/1976 16:00:00	4.76553657876
3/11/1976 16:00:00	4.81036956095
3/12/1976 16:00:00	4.76172383725
3/15/1976 16:00:00	4.71166220118
3/16/1976 16:00:00	4.76452066969
3/17/1976 16:00:00	4.76167026595
3/18/1976 16:00:00	4.74229585372
3/19/1976 16:00:00	4.74841566727
3/22/1976 16:00:00	4.75453507471
3/23/1976 16:00:00	4.82674873092
3/24/1976 16:00:00	4.88243842692
3/25/1976 16:00:00	4.85551054069
3/26/1976 16:00:00	4.85549233252
3/29/1976 16:00:00	4.83470220933
3/30/1976 16:00:00	4.81580029644
3/31/1976 16:00:00	4.85166089315
4/1/1976 16:00:00	4.82662202768
4/2/1976 16:00:00	4.82707611615
4/5/1976 16:00:00	4.88654091162
4/6/1976 16:00:00	4.87944125603
4/7/1976 16:00:00	4.82513343745
4/8/1976 16:00:00	4.78121185421
4/9/1976 16:00:00	4.73729060183
4/12/1976 16:00:00	4.73019161298
4/13/1976 16:00:00	4.77030054007
4/14/1976 16:00:00	4.73534897013
4/15/1976 16:00:00	4.75232581491
4/19/1976 16:00:00	4.78865756405
4/20/1976 16:00:00	4.85614534015
4/21/1976 16:00:00	4.87736996547
4/22/1976 16:00:00	4.86130165663
4/23/1976 16:00:00	4.82871098645
4/26/1976 16:00:00	4.83530170257
4/27/1976 16:00:00	4.80837621407
4/28/1976 16:00:00	4.82110357269
4/29/1976 16:00:00	4.82108549356
4/30/1976 16:00:00	4.79793687834
5/3/1976 16:00:00	4.76393108177
5/4/1976 16:00:00	4.78940397399
5/5/1976 16:00:00	4.76200711465
5/6/1976 16:00:00	4.77520686762
5/7/1976 16:00:00	4.80917589434
5/10/1976 16:00:00	4.86674718678
5/11/1976 16:00:00	4.85964824283
5/12/1976 16:00:00	4.85113329071
5/13/1976 16:00:00	4.82232111868
5/14/1976 16:00:00	4.78359572786
5/17/1976 16:00:00	4.77177693112
5/18/1976 16:00:00	4.7797838641
5/19/1976 16:00:00	4.77598960717
5/20/1976 16:00:00	4.81467806219
5/21/1976 16:00:00	4.77973009067
5/24/1976 16:00:00	4.6938035441
5/25/1976 16:00:00	4.69614584464
5/26/1976 16:00:00	4.68904783347
5/27/1976 16:00:00	4.69091837329
5/28/1976 16:00:00	4.72866239553
6/1/1976 16:00:00	4.71306802855
6/2/1976 16:00:00	4.73051503298
6/3/1976 16:00:00	4.72624898867
6/4/1976 16:00:00	4.67997435978
6/7/1976 16:00:00	4.65541211371
6/8/1976 16:00:00	4.66341906101
6/9/1976 16:00:00	4.66056929254
6/10/1976 16:00:00	4.69925614476
6/11/1976 16:00:00	4.76343088275
6/14/1976 16:00:00	4.81202903339
6/15/1976 16:00:00	4.78888314113
6/16/1976 16:00:00	4.81482517065
6/17/1976 16:00:00	4.89032630695
6/18/1976 16:00:00	4.8973879451
6/21/1976 16:00:00	4.9219129997
6/22/1976 16:00:00	4.88366345737
6/23/1976 16:00:00	4.87326134244
6/24/1976 16:00:00	4.89873038574
6/25/1976 16:00:00	4.89540813623
6/28/1976 16:00:00	4.88170222712
6/29/1976 16:00:00	4.90197912949
6/30/1976 16:00:00	4.9217837997
7/1/1976 16:00:00	4.88919876382
7/2/1976 16:00:00	4.91372338073
7/6/1976 16:00:00	4.88680243951
7/7/1976 16:00:00	4.90047135728
7/8/1976 16:00:00	4.9075326123
7/9/1976 16:00:00	4.95471109743
7/12/1976 16:00:00	4.99811340688
7/13/1976 16:00:00	4.98723930186
7/14/1976 16:00:00	5.00043552297
7/15/1976 16:00:00	4.96501963354
7/16/1976 16:00:00	4.94045925029
7/19/1976 16:00:00	4.9220343796
7/20/1976 16:00:00	4.89511441589
7/21/1976 16:00:00	4.8998155344
7/22/1976 16:00:00	4.90498867137
7/23/1976 16:00:00	4.91110551343
7/26/1976 16:00:00	4.91155914702
7/27/1976 16:00:00	4.88369599034
7/28/1976 16:00:00	4.86338398979
7/29/1976 16:00:00	4.8577022934
7/30/1976 16:00:00	4.88175323605
8/2/1976 16:00:00	4.86993641555
8/3/1976 16:00:00	4.91475219364
8/4/1976 16:00:00	4.92841998037
8/5/1976 16:00:00	4.90102916705
8/6/1976 16:00:00	4.8981793025
8/9/1976 16:00:00	4.88400283889
8/10/1976 16:00:00	4.92740235191
8/11/1976 16:00:00	4.91086609964
8/12/1976 16:00:00	4.91839867927
8/13/1976 16:00:00	4.91979595159
8/16/1976 16:00:00	4.92827212847
8/17/1976 16:00:00	4.945714858
8/18/1976 16:00:00	4.93436998811
8/19/1976 16:00:00	4.87913721504
8/20/1976 16:00:00	4.83098366719
8/23/1976 16:00:00	4.8116169045
8/24/1976 16:00:00	4.77903680287
8/25/1976 16:00:00	4.81488417524
8/26/1976 16:00:00	4.78136064656
8/27/1976 16:00:00	4.78889339959
8/30/1976 16:00:00	4.81671767099
8/31/1976 16:00:00	4.8563396785
9/1/1976 16:00:00	4.91058986476
9/2/1976 16:00:00	4.90396488076
9/3/1976 16:00:00	4.92187884879
9/7/1976 16:00:00	4.9563086221
9/8/1976 16:00:00	4.95204315762
9/9/1976 16:00:00	4.92654233306
9/10/1976 16:00:00	4.93832113405
9/13/1976 16:00:00	4.92131457334
9/14/1976 16:00:00	4.90478012861
9/15/1976 16:00:00	4.91939007732
9/16/1976 16:00:00	4.97080680628
9/17/1976 16:00:00	5.01467322374
9/20/1976 16:00:00	5.0170139649
9/21/1976 16:00:00	5.0882489305
9/22/1976 16:00:00	5.07077027386
9/23/1976 16:00:00	5.0452699574
9/24/1976 16:00:00	5.03958878764
9/27/1976 16:00:00	5.06174755177
9/28/1976 16:00:00	4.99802621462
9/29/1976 16:00:00	4.97205494572
9/30/1976 16:00:00	4.96590180869
10/1/1976 16:00:00	4.91539370035
10/4/1976 16:00:00	4.90876921857
10/5/1976 16:00:00	4.87100215212
10/6/1976 16:00:00	4.8587154472
10/7/1976 16:00:00	4.88559308298
10/8/1976 16:00:00	4.83933275332
10/11/1976 16:00:00	4.79590413997
10/12/1976 16:00:00	4.75672234933
10/13/1976 16:00:00	4.81851714039
10/14/1976 16:00:00	4.75857410826
10/15/1976 16:00:00	4.75997174617
10/18/1976 16:00:00	4.78779293564
10/19/1976 16:00:00	4.78683109343
10/20/1976 16:00:00	4.80049658729
10/21/1976 16:00:00	4.75471008093
10/22/1976 16:00:00	4.7164734983
10/25/1976 16:00:00	4.7216460373
10/26/1976 16:00:00	4.76833982812
10/27/1976 16:00:00	4.80135044268
10/28/1976 16:00:00	4.79425490344
10/29/1976 16:00:00	4.85510291433
11/1/1976 16:00:00	4.86452110956
11/3/1976 16:00:00	4.80882744104
11/4/1976 16:00:00	4.83192903023
11/5/1976 16:00:00	4.75689102911
11/8/1976 16:00:00	4.69931107135
11/9/1976 16:00:00	4.68608259166
11/10/1976 16:00:00	4.66200227077
11/11/1976 16:00:00	4.70114550597
11/12/1976 16:00:00	4.68225528146
11/15/1976 16:00:00	4.71337744186
11/16/1976 16:00:00	4.71996507155
11/17/1976 16:00:00	4.74684040072
11/18/1976 16:00:00	4.8072137131
11/19/1976 16:00:00	4.80861104127
11/22/1976 16:00:00	4.84020369041
11/23/1976 16:00:00	4.81046222217
11/24/1976 16:00:00	4.83167535241
11/26/1976 16:00:00	4.86657012604
11/29/1976 16:00:00	4.83305444273
11/30/1976 16:00:00	4.81699514691
12/1/1976 16:00:00	4.83537693818
12/2/1976 16:00:00	4.81790280108
12/3/1976 16:00:00	4.84807915981
12/6/1976 16:00:00	4.88580369122
12/7/1976 16:00:00	4.88248288997
12/8/1976 16:00:00	4.91029996895
12/9/1976 16:00:00	4.93056816609
12/10/1976 16:00:00	4.93951324313
12/13/1976 16:00:00	4.93619228987
12/14/1976 16:00:00	4.95693203888
12/15/1976 16:00:00	4.96021585575
12/16/1976 16:00:00	4.94415716329
12/17/1976 16:00:00	4.91866296128
12/20/1976 16:00:00	4.88986658279
12/21/1976 16:00:00	4.91673895895
12/22/1976 16:00:00	4.93983692454
12/23/1976 16:00:00	4.94595119776
12/27/1976 16:00:00	5.00348765531
12/28/1976 16:00:00	5.03696381714
12/29/1976 16:00:00	5.01665930479
12/30/1976 16:00:00	5.04211539086
12/31/1976 16:00:00	5.06945834889
1/3/1977 16:00:00	5.04773874081
1/4/1977 16:00:00	4.98639200088
1/5/1977 16:00:00	4.94202909427
1/6/1977 16:00:00	4.95427574295
1/7/1977 16:00:00	4.95378567761
1/10/1977 16:00:00	4.96272999549
1/11/1977 16:00:00	4.91176347864
1/12/1977 16:00:00	4.87777967721
1/13/1977 16:00:00	4.91550027679
1/14/1977 16:00:00	4.90651908379
1/17/1977 16:00:00	4.89329215319
1/18/1977 16:00:00	4.87393255551
1/19/1977 16:00:00	4.89891600409
1/20/1977 16:00:00	4.8573855225
1/21/1977 16:00:00	4.87387772296
1/24/1977 16:00:00	4.87055737513
1/25/1977 16:00:00	4.86487828476
1/26/1977 16:00:00	4.82759388805
1/27/1977 16:00:00	4.80163133827
1/28/1977 16:00:00	4.80821737431
1/31/1977 16:00:00	4.81291644738
2/1/1977 16:00:00	4.8369560065
2/2/1977 16:00:00	4.82844700045
2/3/1977 16:00:00	4.80437146636
2/4/1977 16:00:00	4.80576852391
2/7/1977 16:00:00	4.80622231179
2/8/1977 16:00:00	4.79252474308
2/9/1977 16:00:00	4.75146864918
2/10/1977 16:00:00	4.75569598915
2/11/1977 16:00:00	4.72737612846
2/14/1977 16:00:00	4.75188663556
2/15/1977 16:00:00	4.76601990316
2/16/1977 16:00:00	4.78770001923
2/17/1977 16:00:00	4.76032369316
2/18/1977 16:00:00	4.74002303697
2/22/1977 16:00:00	4.74000526188
2/23/1977 16:00:00	4.72583702502
2/24/1977 16:00:00	4.6979895544
2/25/1977 16:00:00	4.69231193879
2/28/1977 16:00:00	4.70833142365
3/1/1977 16:00:00	4.74793525696
3/2/1977 16:00:00	4.73518187941
3/3/1977 16:00:00	4.75827627527
3/4/1977 16:00:00	4.77335207763
3/7/1977 16:00:00	4.77569269711
3/8/1977 16:00:00	4.7577513304
3/9/1977 16:00:00	4.72141457586
3/10/1977 16:00:00	4.74828203447
3/11/1977 16:00:00	4.74732105068
3/14/1977 16:00:00	4.78362139246
3/15/1977 16:00:00	4.81001691124
3/16/1977 16:00:00	4.81896022128
3/17/1977 16:00:00	4.81469737402
3/18/1977 16:00:00	4.80430275855
3/21/1977 16:00:00	4.77834343903
3/22/1977 16:00:00	4.76370430974
3/23/1977 16:00:00	4.72595399055
3/24/1977 16:00:00	4.70235366276
3/25/1977 16:00:00	4.6721504365
3/28/1977 16:00:00	4.66930313977
3/29/1977 16:00:00	4.70182937298
3/30/1977 16:00:00	4.64757249123
3/31/1977 16:00:00	4.64189521446
4/1/1977 16:00:00	4.67913752629
4/4/1977 16:00:00	4.63289948938
4/5/1977 16:00:00	4.6225060241
4/6/1977 16:00:00	4.61777240015
4/7/1977 16:00:00	4.6385067516
4/11/1977 16:00:00	4.66348582852
4/12/1977 16:00:00	4.72336566136
4/13/1977 16:00:00	4.7238196786
4/14/1977 16:00:00	4.7634184887
4/15/1977 16:00:00	4.76528717143
4/18/1977 16:00:00	4.74168811035
4/19/1977 16:00:00	4.71950403521
4/20/1977 16:00:00	4.73504989236
4/21/1977 16:00:00	4.70437686094
4/22/1977 16:00:00	4.64257754331
4/25/1977 16:00:00	4.58172176374
4/26/1977 16:00:00	4.57981808653
4/27/1977 16:00:00	4.61988780709
4/28/1977 16:00:00	4.63118901267
4/29/1977 16:00:00	4.64249049335
5/2/1977 16:00:00	4.66558168181
5/3/1977 16:00:00	4.68914440253
5/4/1977 16:00:00	4.71412169707
5/5/1977 16:00:00	4.72117810329
5/6/1977 16:00:00	4.69192112834
5/9/1977 16:00:00	4.67728413343
5/10/1977 16:00:00	4.69094290614
5/11/1977 16:00:00	4.65838523249
5/12/1977 16:00:00	4.65601001967
5/13/1977 16:00:00	4.6701400492
5/16/1977 16:00:00	4.69087254171
5/17/1977 16:00:00	4.7050023348
5/18/1977 16:00:00	4.72997899267
5/19/1977 16:00:00	4.71015449012
5/20/1977 16:00:00	4.68985881419
5/23/1977 16:00:00	4.62853609723
5/24/1977 16:00:00	4.60588284792
5/25/1977 16:00:00	4.56342366259
5/26/1977 16:00:00	4.57472459031
5/27/1977 16:00:00	4.53981081359
5/31/1977 16:00:00	4.53272051686
6/1/1977 16:00:00	4.57090048595
6/2/1977 16:00:00	4.56192345392
6/3/1977 16:00:00	4.60670527435
6/6/1977 16:00:00	4.58499611513
6/7/1977 16:00:00	4.60855701435
6/8/1977 16:00:00	4.63070275475
6/9/1977 16:00:00	4.6278561547
6/10/1977 16:00:00	4.6429285961
6/13/1977 16:00:00	4.65611466218
6/14/1977 16:00:00	4.70891127227
6/15/1977 16:00:00	4.69710483145
6/16/1977 16:00:00	4.70840430513
6/17/1977 16:00:00	4.71404535124
6/20/1977 16:00:00	4.73524709936
6/21/1977 16:00:00	4.75031874324
6/22/1977 16:00:00	4.73709779795
6/23/1977 16:00:00	4.74462485766
6/24/1977 16:00:00	4.77148477002
6/27/1977 16:00:00	4.76156463949
6/28/1977 16:00:00	4.72193762285
6/29/1977 16:00:00	4.72050537229
6/30/1977 16:00:00	4.73793447833
7/1/1977 16:00:00	4.71999833751
7/5/1977 16:00:00	4.71950900847
7/6/1977 16:00:00	4.69544371558
7/7/1977 16:00:00	4.71192940256
7/8/1977 16:00:00	4.70531043953
7/11/1977 16:00:00	4.69397638572
7/12/1977 16:00:00	4.6892433009
7/13/1977 16:00:00	4.69582693514
7/15/1977 16:00:00	4.7236289525
7/18/1977 16:00:00	4.75991767156
7/19/1977 16:00:00	4.79950705168
7/20/1977 16:00:00	4.79666010468
7/21/1977 16:00:00	4.79004066178
7/22/1977 16:00:00	4.79379484243
7/25/1977 16:00:00	4.7551134411
7/26/1977 16:00:00	4.72774831597
7/27/1977 16:00:00	4.65087592423
7/28/1977 16:00:00	4.65793105532
7/29/1977 16:00:00	4.66074246234
8/1/1977 16:00:00	4.6734555905
8/2/1977 16:00:00	4.64420526417
8/3/1977 16:00:00	4.63805856994
8/4/1977 16:00:00	4.65548611954
8/5/1977 16:00:00	4.65641184169
8/8/1977 16:00:00	4.62008963192
8/9/1977 16:00:00	4.62290146622
8/10/1977 16:00:00	4.66390301435
8/11/1977 16:00:00	4.62805312746
8/12/1977 16:00:00	4.61483401505
8/15/1977 16:00:00	4.62896121624
8/16/1977 16:00:00	4.60772753644
8/17/1977 16:00:00	4.6081814737
8/18/1977 16:00:00	4.60533546738
8/19/1977 16:00:00	4.597303265
8/22/1977 16:00:00	4.61048712525
8/23/1977 16:00:00	4.60245496362
8/24/1977 16:00:00	4.58405054424
8/25/1977 16:00:00	4.53311509003
8/26/1977 16:00:00	4.52885473843
8/29/1977 16:00:00	4.56938343436
8/30/1977 16:00:00	4.54390745389
8/31/1977 16:00:00	4.56227722877
9/1/1977 16:00:00	4.56508909938
9/2/1977 16:00:00	4.59430189765
9/6/1977 16:00:00	4.60654252787
9/7/1977 16:00:00	4.6206689114
9/8/1977 16:00:00	4.58623566977
9/9/1977 16:00:00	4.54331698786
9/12/1977 16:00:00	4.52727062847
9/13/1977 16:00:00	4.53008219633
9/14/1977 16:00:00	4.55175183881
9/15/1977 16:00:00	4.56352076584
9/16/1977 16:00:00	4.54841764844
9/19/1977 16:00:00	4.51869987434
9/20/1977 16:00:00	4.52056871049
9/21/1977 16:00:00	4.48330852712
9/22/1977 16:00:00	4.48282018303
9/23/1977 16:00:00	4.48044644221
9/26/1977 16:00:00	4.49645800089
9/27/1977 16:00:00	4.48984120843
9/28/1977 16:00:00	4.4931243245
9/29/1977 16:00:00	4.51856431414
9/30/1977 16:00:00	4.55060397006
10/3/1977 16:00:00	4.56048665335
10/4/1977 16:00:00	4.52699899725
10/5/1977 16:00:00	4.51048256499
10/6/1977 16:00:00	4.52790807263
10/7/1977 16:00:00	4.52411971426
10/10/1977 16:00:00	4.51373167611
10/11/1977 16:00:00	4.47505930735
10/12/1977 16:00:00	4.43308740063
10/13/1977 16:00:00	4.4057292327
10/14/1977 16:00:00	4.4104266659
10/17/1977 16:00:00	4.40616769137
10/18/1977 16:00:00	4.40567966841
10/19/1977 16:00:00	4.35475214609
10/20/1977 16:00:00	4.36840633046
10/21/1977 16:00:00	4.35189123759
10/24/1977 16:00:00	4.31934875261
10/25/1977 16:00:00	4.28963509863
10/26/1977 16:00:00	4.34147167253
10/27/1977 16:00:00	4.35276857273
10/28/1977 16:00:00	4.36547984524
10/31/1977 16:00:00	4.35273592689
11/1/1977 16:00:00	4.30605294352
11/2/1977 16:00:00	4.27586852761
11/3/1977 16:00:00	4.27820952626
11/4/1977 16:00:00	4.31684630826
11/7/1977 16:00:00	4.3502976552
11/8/1977 16:00:00	4.35829458926
11/9/1977 16:00:00	4.38278972986
11/10/1977 16:00:00	4.46431994135
11/11/1977 16:00:00	4.52416705248
11/14/1977 16:00:00	4.49303978556
11/15/1977 16:00:00	4.5217761576
11/16/1977 16:00:00	4.49913366432
11/17/1977 16:00:00	4.48544766111
11/18/1977 16:00:00	4.49344384888
11/21/1977 16:00:00	4.48965605827
11/22/1977 16:00:00	4.52923286665
11/23/1977 16:00:00	4.54807008253
11/25/1977 16:00:00	4.55748027213
11/28/1977 16:00:00	4.52682537977
11/29/1977 16:00:00	4.45657766614
11/30/1977 16:00:00	4.46975858767
12/1/1977 16:00:00	4.4631430339
12/2/1977 16:00:00	4.46218341057
12/5/1977 16:00:00	4.44331297285
12/6/1977 16:00:00	4.37542373319
12/7/1977 16:00:00	4.37305049528
12/8/1977 16:00:00	4.38151814931
12/9/1977 16:00:00	4.41402385985
12/12/1977 16:00:00	4.41306444197
12/13/1977 16:00:00	4.40974859603
12/14/1977 16:00:00	4.43188455282
12/15/1977 16:00:00	4.40924445481
12/16/1977 16:00:00	4.40215797493
12/19/1977 16:00:00	4.36867756876
12/20/1977 16:00:00	4.35970596578
12/21/1977 16:00:00	4.38561233674
12/22/1977 16:00:00	4.4209447262
12/23/1977 16:00:00	4.46287524766
12/27/1977 16:00:00	4.46285851188
12/28/1977 16:00:00	4.4656695363
12/29/1977 16:00:00	4.47460780972
12/30/1977 16:00:00	4.48213178704
1/3/1978 16:00:00	4.42178770977
1/4/1978 16:00:00	4.40763182076
1/5/1978 16:00:00	4.37085366294
1/6/1978 16:00:00	4.31805169025
1/9/1978 16:00:00	4.27184792907
1/10/1978 16:00:00	4.24968083114
1/11/1978 16:00:00	4.22939912916
1/12/1978 16:00:00	4.23315371334
1/13/1978 16:00:00	4.22701115945
1/16/1978 16:00:00	4.2147416355
1/17/1978 16:00:00	4.23593371199
1/18/1978 16:00:00	4.26796540517
1/19/1978 16:00:00	4.24579890335
1/20/1978 16:00:00	4.23635744205
1/23/1978 16:00:00	4.20570812796
1/24/1978 16:00:00	4.20616373785
1/25/1978 16:00:00	4.21274583988
1/26/1978 16:00:00	4.1745567132
1/27/1978 16:00:00	4.17454105861
1/30/1978 16:00:00	4.21034193386
1/31/1978 16:00:00	4.20608487162
2/1/1978 16:00:00	4.23811547411
2/2/1978 16:00:00	4.24752480255
2/3/1978 16:00:00	4.22347454189
2/6/1978 16:00:00	4.21780339779
2/7/1978 16:00:00	4.25690249213
2/8/1978 16:00:00	4.28044958867
2/9/1978 16:00:00	4.25545684414
2/10/1978 16:00:00	4.24507316005
2/13/1978 16:00:00	4.23468955388
2/14/1978 16:00:00	4.19603085031
2/15/1978 16:00:00	4.18611885927
2/16/1978 16:00:00	4.15075936891
2/17/1978 16:00:00	4.14508868873
2/21/1978 16:00:00	4.12763687571
2/22/1978 16:00:00	4.12620771888
2/23/1978 16:00:00	4.12996227966
2/24/1978 16:00:00	4.17000226538
2/27/1978 16:00:00	4.13370130949
2/28/1978 16:00:00	4.10164159798
3/1/1978 16:00:00	4.10869483461
3/2/1978 16:00:00	4.11480534773
3/3/1978 16:00:00	4.12091581501
3/6/1978 16:00:00	4.09498286685
3/7/1978 16:00:00	4.11664401627
3/8/1978 16:00:00	4.13924730053
3/9/1978 16:00:00	4.14158805118
3/10/1978 16:00:00	4.18822359944
3/13/1978 16:00:00	4.19150643526
3/14/1978 16:00:00	4.21033961006
3/15/1978 16:00:00	4.19948599097
3/16/1978 16:00:00	4.21784767695
3/17/1978 16:00:00	4.25034546683
3/20/1978 16:00:00	4.27954489337
3/21/1978 16:00:00	4.23099409468
3/22/1978 16:00:00	4.21589952475
3/23/1978 16:00:00	4.21070039653
3/27/1978 16:00:00	4.18759559359
3/28/1978 16:00:00	4.21726565179
3/29/1978 16:00:00	4.22384664841
3/30/1978 16:00:00	4.21299338496
3/31/1978 16:00:00	4.20355338393
4/3/1978 16:00:00	4.16819780365
4/4/1978 16:00:00	4.18703007591
4/5/1978 16:00:00	4.22376745046
4/6/1978 16:00:00	4.23081956723
4/7/1978 16:00:00	4.24870881134
4/10/1978 16:00:00	4.26377090409
4/11/1978 16:00:00	4.25244652802
4/12/1978 16:00:00	4.24583401716
4/13/1978 16:00:00	4.28681118407
4/14/1978 16:00:00	4.37820411216
4/17/1978 16:00:00	4.45027817043
4/18/1978 16:00:00	4.40220146133
4/19/1978 16:00:00	4.42244555423
4/20/1978 16:00:00	4.45446886252
4/21/1978 16:00:00	4.44502848411
4/24/1978 16:00:00	4.5123893045
4/25/1978 16:00:00	4.55336425133
4/26/1978 16:00:00	4.5618282085
4/27/1978 16:00:00	4.51657921859
4/28/1978 16:00:00	4.56226525792
5/1/1978 16:00:00	4.60182561546
5/2/1978 16:00:00	4.58201969916
5/3/1978 16:00:00	4.53535789228
5/4/1978 16:00:00	4.51979261567
5/5/1978 16:00:00	4.54804491136
5/8/1978 16:00:00	4.53200880891
5/9/1978 16:00:00	4.51832836996
5/10/1978 16:00:00	4.51925356802
5/11/1978 16:00:00	4.57954353451
5/12/1978 16:00:00	4.62051623343
5/15/1978 16:00:00	4.65300800705
5/16/1978 16:00:00	4.68078782057
5/17/1978 16:00:00	4.69254879779
5/18/1978 16:00:00	4.64635973644
5/19/1978 16:00:00	4.62278542957
5/22/1978 16:00:00	4.668467973
5/23/1978 16:00:00	4.6194528325
5/24/1978 16:00:00	4.57373561412
5/25/1978 16:00:00	4.56052686429
5/26/1978 16:00:00	4.55014487135
5/30/1978 16:00:00	4.56331930743
5/31/1978 16:00:00	4.58120482551
6/1/1978 16:00:00	4.58637003326
6/2/1978 16:00:00	4.62357149469
6/5/1978 16:00:00	4.70882675839
6/6/1978 16:00:00	4.72624060491
6/7/1978 16:00:00	4.7168006955
6/8/1978 16:00:00	4.72102286744
6/9/1978 16:00:00	4.7078140584
6/12/1978 16:00:00	4.68989430857
6/13/1978 16:00:00	4.69081878214
6/14/1978 16:00:00	4.68656139531
6/15/1978 16:00:00	4.63283742037
6/16/1978 16:00:00	4.58947855747
6/19/1978 16:00:00	4.59275904868
6/20/1978 16:00:00	4.54657417434
6/21/1978 16:00:00	4.52300218699
6/22/1978 16:00:00	4.53382025495
6/23/1978 16:00:00	4.51543056847
6/26/1978 16:00:00	4.45652695537
6/27/1978 16:00:00	4.47441195619
6/28/1978 16:00:00	4.49418086637
6/29/1978 16:00:00	4.50217242521
6/30/1978 16:00:00	4.50027115345
7/3/1978 16:00:00	4.4795264399
7/5/1978 16:00:00	4.44088086414
7/6/1978 16:00:00	4.44321975983
7/7/1978 16:00:00	4.47005460238
7/10/1978 16:00:00	4.48793865622
7/11/1978 16:00:00	4.51901299946
7/12/1978 16:00:00	4.53359923249
7/13/1978 16:00:00	4.53405340437
7/14/1978 16:00:00	4.59668886224
7/17/1978 16:00:00	4.60609285572
7/18/1978 16:00:00	4.56320867474
7/19/1978 16:00:00	4.6220747121
7/20/1978 16:00:00	4.61781762138
7/21/1978 16:00:00	4.60461063494
7/24/1978 16:00:00	4.60318024542
7/25/1978 16:00:00	4.6370792274
7/26/1978 16:00:00	4.66720941862
7/27/1978 16:00:00	4.68886038671
7/28/1978 16:00:00	4.71051119272
7/31/1978 16:00:00	4.74252501879
8/1/1978 16:00:00	4.74156529372
8/2/1978 16:00:00	4.84800401124
8/3/1978 16:00:00	4.87577772445
8/4/1978 16:00:00	4.89507206208
8/7/1978 16:00:00	4.87762536845
8/8/1978 16:00:00	4.89927490099
8/9/1978 16:00:00	4.92233733042
8/10/1978 16:00:00	4.88275193069
8/11/1978 16:00:00	4.89686446328
8/14/1978 16:00:00	4.89731723418
8/15/1978 16:00:00	4.89164635879
8/16/1978 16:00:00	4.92931055794
8/17/1978 16:00:00	4.94954630153
8/18/1978 16:00:00	4.93304188593
8/21/1978 16:00:00	4.89345712499
8/22/1978 16:00:00	4.91322165108
8/23/1978 16:00:00	4.94146478385
8/24/1978 16:00:00	4.94945349705
8/25/1978 16:00:00	4.94095660462
8/28/1978 16:00:00	4.89666246875
8/29/1978 16:00:00	4.86979631733
8/30/1978 16:00:00	4.87495921983
8/31/1978 16:00:00	4.86504976025
9/1/1978 16:00:00	4.8834008301
9/5/1978 16:00:00	4.92153397122
9/6/1978 16:00:00	4.9634349558
9/7/1978 16:00:00	4.96530040012
9/8/1978 16:00:00	5.02980914985
9/11/1978 16:00:00	5.03873940325
9/12/1978 16:00:00	5.03919124749
9/13/1978 16:00:00	5.0085575074
9/14/1978 16:00:00	4.95013548266
9/15/1978 16:00:00	4.90395981505
9/18/1978 16:00:00	4.86108105954
9/19/1978 16:00:00	4.82903554017
9/20/1978 16:00:00	4.79133864095
9/21/1978 16:00:00	4.79932734569
9/22/1978 16:00:00	4.79648319968
9/25/1978 16:00:00	4.79740737862
9/26/1978 16:00:00	4.83318400679
9/27/1978 16:00:00	4.78795196598
9/28/1978 16:00:00	4.80206310442
9/29/1978 16:00:00	4.82936174457
10/2/1978 16:00:00	4.8491244329
10/3/1978 16:00:00	4.83215123925
10/4/1978 16:00:00	4.85379769158
10/5/1978 16:00:00	4.86366977798
10/6/1978 16:00:00	4.87542569903
10/9/1978 16:00:00	4.9258006173
10/10/1978 16:00:00	4.91965975742
10/11/1978 16:00:00	4.96344070671
10/12/1978 16:00:00	4.93940306564
10/13/1978 16:00:00	4.92902377774
10/16/1978 16:00:00	4.83245920721
10/17/1978 16:00:00	4.76886236492
10/18/1978 16:00:00	4.7325809589
10/19/1978 16:00:00	4.6779331465
10/20/1978 16:00:00	4.61292445893
10/23/1978 16:00:00	4.62373909659
10/24/1978 16:00:00	4.59122643006
10/25/1978 16:00:00	4.58273221864
10/26/1978 16:00:00	4.52243457103
10/27/1978 16:00:00	4.45460216978
10/30/1978 16:00:00	4.47671960752
10/31/1978 16:00:00	4.38675418833
11/1/1978 16:00:00	4.56098332945
11/2/1978 16:00:00	4.50257066898
11/3/1978 16:00:00	4.52939683309
11/6/1978 16:00:00	4.48275795999
11/7/1978 16:00:00	4.41963669228
11/8/1978 16:00:00	4.44787558284
11/9/1978 16:00:00	4.44644618925
11/10/1978 16:00:00	4.46291171601
11/13/1978 16:00:00	4.38566407633
11/14/1978 16:00:00	4.35550887335
11/15/1978 16:00:00	4.36585276606
11/16/1978 16:00:00	4.41292789244
11/17/1978 16:00:00	4.44634614061
11/20/1978 16:00:00	4.48541520616
11/21/1978 16:00:00	4.47409665286
11/22/1978 16:00:00	4.49621260672
11/24/1978 16:00:00	4.51079372333
11/27/1978 16:00:00	4.52019475304
11/28/1978 16:00:00	4.48062214939
11/29/1978 16:00:00	4.414679149
11/30/1978 16:00:00	4.45939786562
12/1/1978 16:00:00	4.53378301216
12/4/1978 16:00:00	4.52764449669
12/5/1978 16:00:00	4.58837286855
12/6/1978 16:00:00	4.59070990716
12/7/1978 16:00:00	4.57138637453
12/8/1978 16:00:00	4.55017903039
12/11/1978 16:00:00	4.57276469174
12/12/1978 16:00:00	4.5482613204
12/13/1978 16:00:00	4.52328750866
12/14/1978 16:00:00	4.52232894142
12/15/1978 16:00:00	4.48887956517
12/18/1978 16:00:00	4.39986682843
12/19/1978 16:00:00	4.43752020511
12/20/1978 16:00:00	4.45822215278
12/21/1978 16:00:00	4.45961799488
12/22/1978 16:00:00	4.53494053914
12/26/1978 16:00:00	4.59189865553
12/27/1978 16:00:00	4.55138717064
12/28/1978 16:00:00	4.53347697979
12/29/1978 16:00:00	4.52545538022
1/2/1979 16:00:00	4.55463198741
1/3/1979 16:00:00	4.6049969469
1/4/1979 16:00:00	4.64170658905
1/5/1979 16:00:00	4.66758609205
1/8/1979 16:00:00	4.6520306446
1/9/1979 16:00:00	4.67696836635
1/10/1979 16:00:00	4.65058289758
1/11/1979 16:00:00	4.66610358611
1/12/1979 16:00:00	4.70516655825
1/15/1979 16:00:00	4.74093332922
1/16/1979 16:00:00	4.68300151984
1/17/1979 16:00:00	4.68392584517
1/18/1979 16:00:00	4.69520836246
1/19/1979 16:00:00	4.6966032155
1/22/1979 16:00:00	4.7036482363
1/23/1979 16:00:00	4.73658894958
1/24/1979 16:00:00	4.7158547401
1/25/1979 16:00:00	4.76433270708
1/26/1979 16:00:00	4.79586038993
1/29/1979 16:00:00	4.78124683306
1/30/1979 16:00:00	4.75768756075
1/31/1979 16:00:00	4.70493718133
2/1/1979 16:00:00	4.70633195022
2/2/1979 16:00:00	4.68465655429
2/5/1979 16:00:00	4.61825322907
2/6/1979 16:00:00	4.61635295487
2/7/1979 16:00:00	4.57443303075
2/8/1979 16:00:00	4.5974856824
2/9/1979 16:00:00	4.60782637779
2/12/1979 16:00:00	4.62334558505
2/13/1979 16:00:00	4.65769747257
2/14/1979 16:00:00	4.65485527684
2/15/1979 16:00:00	4.64824657121
2/16/1979 16:00:00	4.64540407294
2/20/1979 16:00:00	4.68069680894
2/21/1979 16:00:00	4.66420131657
2/22/1979 16:00:00	4.62934483297
2/23/1979 16:00:00	4.6034335063
2/26/1979 16:00:00	4.59823746963
2/27/1979 16:00:00	4.52571802448
2/28/1979 16:00:00	4.53276299654
3/1/1979 16:00:00	4.56193508824
3/2/1979 16:00:00	4.56521348211
3/5/1979 16:00:00	4.61651188194
3/6/1979 16:00:00	4.60754991033
3/7/1979 16:00:00	4.63436722862
3/8/1979 16:00:00	4.68801884284
3/9/1979 16:00:00	4.68611810308
3/12/1979 16:00:00	4.6922205068
3/13/1979 16:00:00	4.70020601029
3/14/1979 16:00:00	4.69406845369
3/15/1979 16:00:00	4.70111250409
3/16/1979 16:00:00	4.74016889818
3/19/1979 16:00:00	4.75756932996
3/20/1979 16:00:00	4.7311886623
3/21/1979 16:00:00	4.76647829842
3/22/1979 16:00:00	4.78623239605
3/23/1979 16:00:00	4.78291913133
3/26/1979 16:00:00	4.75653876353
3/27/1979 16:00:00	4.82431019185
3/28/1979 16:00:00	4.80734484701
3/29/1979 16:00:00	4.80308984241
3/30/1979 16:00:00	4.78235859666
4/2/1979 16:00:00	4.74985909238
4/3/1979 16:00:00	4.82045365436
4/4/1979 16:00:00	4.83220426316
4/5/1979 16:00:00	4.86090165633
4/6/1979 16:00:00	4.85711739052
4/9/1979 16:00:00	4.84250628499
4/10/1979 16:00:00	4.86461262116
4/11/1979 16:00:00	4.81610835952
4/12/1979 16:00:00	4.80149757241
4/16/1979 16:00:00	4.76005501115
4/17/1979 16:00:00	4.7656857304
4/18/1979 16:00:00	4.78732146555
4/19/1979 16:00:00	4.76753294957
4/20/1979 16:00:00	4.76516164689
4/23/1979 16:00:00	4.78114829651
4/24/1979 16:00:00	4.81078587871
4/25/1979 16:00:00	4.824889663
4/26/1979 16:00:00	4.80180634403
4/27/1979 16:00:00	4.7919032778
4/30/1979 16:00:00	4.79000239547
5/1/1979 16:00:00	4.78621862169
5/2/1979 16:00:00	4.78808357194
5/3/1979 16:00:00	4.79230185317
5/4/1979 16:00:00	4.73956455384
5/7/1979 16:00:00	4.66093817888
5/8/1979 16:00:00	4.66798137358
5/9/1979 16:00:00	4.68161435667
5/10/1979 16:00:00	4.63735058138
5/11/1979 16:00:00	4.63733319132
5/14/1979 16:00:00	4.61566365865
5/15/1979 16:00:00	4.61941201944
5/16/1979 16:00:00	4.63257413148
5/17/1979 16:00:00	4.70410250819
5/18/1979 16:00:00	4.7036140746
5/21/1979 16:00:00	4.71348090164
5/22/1979 16:00:00	4.73087885311
5/23/1979 16:00:00	4.70167836611
5/24/1979 16:00:00	4.70354352029
5/25/1979 16:00:00	4.71717575614
5/29/1979 16:00:00	4.70915655774
5/30/1979 16:00:00	4.66489483517
5/31/1979 16:00:00	4.66346536371
6/1/1979 16:00:00	4.66768379413
6/4/1979 16:00:00	4.674726487
6/5/1979 16:00:00	4.73589662006
6/6/1979 16:00:00	4.76788453585
6/7/1979 16:00:00	4.79092937264
6/8/1979 16:00:00	4.77679122373
6/11/1979 16:00:00	4.79654156432
6/12/1979 16:00:00	4.84076579125
6/13/1979 16:00:00	4.81533180952
6/14/1979 16:00:00	4.81013645312
6/15/1979 16:00:00	4.80494113564
6/18/1979 16:00:00	4.77997833283
6/19/1979 16:00:00	4.78090192023
6/20/1979 16:00:00	4.78323704566
6/21/1979 16:00:00	4.8048690615
6/22/1979 16:00:00	4.8307369551
6/25/1979 16:00:00	4.80483302453
6/26/1979 16:00:00	4.78457753865
6/27/1979 16:00:00	4.81326861292
6/28/1979 16:00:00	4.83819495834
6/29/1979 16:00:00	4.84335390055
7/2/1979 16:00:00	4.80003660753
7/3/1979 16:00:00	4.80472491533
7/5/1979 16:00:00	4.82070871553
7/6/1979 16:00:00	4.87669625267
7/9/1979 16:00:00	4.91668167345
7/10/1979 16:00:00	4.90395599896
7/11/1979 16:00:00	4.87758248948
7/12/1979 16:00:00	4.83285473784
7/13/1979 16:00:00	4.81542333696
7/16/1979 16:00:00	4.83517139514
7/17/1979 16:00:00	4.7923268385
7/18/1979 16:00:00	4.78572021147
7/19/1979 16:00:00	4.7819372304
7/20/1979 16:00:00	4.79180220763
7/23/1979 16:00:00	4.78095993473
7/24/1979 16:00:00	4.7988255398
7/25/1979 16:00:00	4.85104544961
7/26/1979 16:00:00	4.85196831972
7/27/1979 16:00:00	4.85195012484
7/30/1979 16:00:00	4.85428510478
7/31/1979 16:00:00	4.88532660905
8/1/1979 16:00:00	4.90225001533
8/2/1979 16:00:00	4.8989374396
8/3/1979 16:00:00	4.89609558837
8/6/1979 16:00:00	4.90831286143
8/7/1979 16:00:00	4.97182479734
8/8/1979 16:00:00	4.9873358384
8/9/1979 16:00:00	4.96425786169
8/10/1979 16:00:00	5.00706314302
8/13/1979 16:00:00	5.05504424928
8/14/1979 16:00:00	5.05973108992
8/15/1979 16:00:00	5.09406498792
8/16/1979 16:00:00	5.08651637891
8/17/1979 16:00:00	5.09637983409
8/20/1979 16:00:00	5.12130139685
8/21/1979 16:00:00	5.12504690283
8/22/1979 16:00:00	5.12879202163
8/23/1979 16:00:00	5.1118320758
8/24/1979 16:00:00	5.11040124551
8/27/1979 16:00:00	5.13579295986
8/28/1979 16:00:00	5.13012674018
8/29/1979 16:00:00	5.13010750221
8/30/1979 16:00:00	5.1300882643
8/31/1979 16:00:00	5.14418608923
9/4/1979 16:00:00	5.05570123189
9/5/1979 16:00:00	5.00674394659
9/6/1979 16:00:00	5.02790016627
9/7/1979 16:00:00	5.06599666286
9/10/1979 16:00:00	5.08997571833
9/11/1979 16:00:00	5.05890029518
9/12/1979 16:00:00	5.07346830886
9/13/1979 16:00:00	5.07486087542
9/14/1979 16:00:00	5.11766189148
9/17/1979 16:00:00	5.12140679798
9/18/1979 16:00:00	5.08186202215
9/19/1979 16:00:00	5.09501810556
9/20/1979 16:00:00	5.19992980463
9/21/1979 16:00:00	5.19802810465
9/24/1979 16:00:00	5.15754235611
9/25/1979 16:00:00	5.16081675119
9/26/1979 16:00:00	5.17397229225
9/27/1979 16:00:00	5.18571619545
9/28/1979 16:00:00	5.14381956648
10/1/1979 16:00:00	5.1080399966
10/2/1979 16:00:00	5.15648505552
10/3/1979 16:00:00	5.15646571871
10/4/1979 16:00:00	5.18373682505
10/5/1979 16:00:00	5.23547469468
10/8/1979 16:00:00	5.1700528252
10/9/1979 16:00:00	5.01711505288
10/10/1979 16:00:00	4.95451784518
10/11/1979 16:00:00	4.9427364032
10/12/1979 16:00:00	4.91636891079
10/15/1979 16:00:00	4.86318286526
10/16/1979 16:00:00	4.8551660585
10/17/1979 16:00:00	4.8645578562
10/18/1979 16:00:00	4.87489079577
10/19/1979 16:00:00	4.78030113326
10/22/1979 16:00:00	4.73840855009
10/23/1979 16:00:00	4.71815925349
10/24/1979 16:00:00	4.72566970926
10/25/1979 16:00:00	4.70495001509
10/26/1979 16:00:00	4.73175057226
10/29/1979 16:00:00	4.73831970494
10/30/1979 16:00:00	4.83051822427
10/31/1979 16:00:00	4.79050855248
11/1/1979 16:00:00	4.82577718624
11/2/1979 16:00:00	4.82293628709
11/5/1979 16:00:00	4.79045465856
11/6/1979 16:00:00	4.76126663882
11/7/1979 16:00:00	4.6986750962
11/8/1979 16:00:00	4.71888809266
11/9/1979 16:00:00	4.77579811466
11/12/1979 16:00:00	4.86987532933
11/13/1979 16:00:00	4.84304006996
11/14/1979 16:00:00	4.86419301017
11/15/1979 16:00:00	4.89898947549
11/16/1979 16:00:00	4.88297534394
11/19/1979 16:00:00	4.90365768846
11/20/1979 16:00:00	4.87823414235
11/21/1979 16:00:00	4.88762497153
11/23/1979 16:00:00	4.92430258609
11/26/1979 16:00:00	5.02449228596
11/27/1979 16:00:00	5.00471393257
11/28/1979 16:00:00	5.02304293166
11/29/1979 16:00:00	5.02490595647
11/30/1979 16:00:00	4.99430796995
12/3/1979 16:00:00	4.97876427221
12/4/1979 16:00:00	5.02390868472
12/5/1979 16:00:00	5.04553038608
12/6/1979 16:00:00	5.08079489462
12/7/1979 16:00:00	5.05819437307
12/10/1979 16:00:00	5.06523210962
12/11/1979 16:00:00	5.05674517276
12/12/1979 16:00:00	5.05813746855
12/13/1979 16:00:00	5.06517512592
12/14/1979 16:00:00	5.12396052471
12/17/1979 16:00:00	5.1432292516
12/18/1979 16:00:00	5.09475556257
12/19/1979 16:00:00	5.09003187148
12/20/1979 16:00:00	5.0928355965
12/21/1979 16:00:00	5.0612976612
12/24/1979 16:00:00	5.0645719978
12/26/1979 16:00:00	5.07019784951
12/27/1979 16:00:00	5.07864642924
12/28/1979 16:00:00	5.07298222383
12/31/1979 16:00:00	5.07766766234
1/2/1980 16:00:00	4.9750979744
1/3/1980 16:00:00	4.94967692173
1/4/1980 16:00:00	5.01081172735
1/7/1980 16:00:00	5.0244348823
1/8/1980 16:00:00	5.12508346719
1/9/1980 16:00:00	5.12976860464
1/10/1980 16:00:00	5.16926323066
1/11/1980 16:00:00	5.17065499878
1/14/1980 16:00:00	5.19227404228
1/15/1980 16:00:00	5.22800506465
1/16/1980 16:00:00	5.22375204851
1/17/1980 16:00:00	5.2072682987
1/18/1980 16:00:00	5.22465350158
1/21/1980 16:00:00	5.27308431647
1/22/1980 16:00:00	5.24531163894
1/23/1980 16:00:00	5.33607712613
1/24/1980 16:00:00	5.34828693523
1/25/1980 16:00:00	5.34403357879
1/28/1980 16:00:00	5.40234106429
1/29/1980 16:00:00	5.36563104067
1/30/1980 16:00:00	5.41876379371
1/31/1980 16:00:00	5.3698243925
2/1/1980 16:00:00	5.41496040786
2/4/1980 16:00:00	5.3796619554
2/5/1980 16:00:00	5.3932826565
2/6/1980 16:00:00	5.44312172234
2/7/1980 16:00:00	5.46944191592
2/8/1980 16:00:00	5.54797281659
2/11/1980 16:00:00	5.50891186428
2/12/1980 16:00:00	5.5455795975
2/13/1980 16:00:00	5.57095844552
2/14/1980 16:00:00	5.49003536657
2/15/1980 16:00:00	5.42839780797
2/19/1980 16:00:00	5.39027823783
2/20/1980 16:00:00	5.4782147018
2/21/1980 16:00:00	5.42222190125
2/22/1980 16:00:00	5.41091321186
2/25/1980 16:00:00	5.33046301338
2/26/1980 16:00:00	5.36101576778
2/27/1980 16:00:00	5.28573984982
2/28/1980 16:00:00	5.28430904995
2/29/1980 16:00:00	5.34590447513
3/3/1980 16:00:00	5.29132461302
3/4/1980 16:00:00	5.30447423218
3/5/1980 16:00:00	5.22684846461
3/6/1980 16:00:00	5.11018563364
3/7/1980 16:00:00	5.02785791331
3/10/1980 16:00:00	5.00949610758
3/11/1980 16:00:00	5.06920920736
3/12/1980 16:00:00	5.02639041753
3/13/1980 16:00:00	4.96758062761
3/14/1980 16:00:00	4.95862569524
3/17/1980 16:00:00	4.80951448606
3/18/1980 16:00:00	4.89603555518
3/19/1980 16:00:00	4.90589388091
3/20/1980 16:00:00	4.84990780666
3/21/1980 16:00:00	4.81179370814
3/24/1980 16:00:00	4.669270245
3/25/1980 16:00:00	4.66502008789
3/26/1980 16:00:00	4.64101660605
3/27/1980 16:00:00	4.61936499689
3/28/1980 16:00:00	4.73504339329
3/31/1980 16:00:00	4.8013386323
4/1/1980 16:00:00	4.80555355451
4/2/1980 16:00:00	4.82905067138
4/3/1980 16:00:00	4.80410666691
4/7/1980 16:00:00	4.71191004624
4/8/1980 16:00:00	4.75939215847
4/9/1980 16:00:00	4.84920095824
4/10/1980 16:00:00	4.8948013444
4/11/1980 16:00:00	4.88114447192
4/14/1980 16:00:00	4.83644836099
4/15/1980 16:00:00	4.8265542056
4/16/1980 16:00:00	4.77527500742
4/17/1980 16:00:00	4.75221323041
4/18/1980 16:00:00	4.72868124293
4/21/1980 16:00:00	4.69339239327
4/22/1980 16:00:00	4.86408622568
4/23/1980 16:00:00	4.87817647136
4/24/1980 16:00:00	4.90966660582
4/25/1980 16:00:00	4.94538916252
4/28/1980 16:00:00	4.96794351182
4/29/1980 16:00:00	4.97827090289
4/30/1980 16:00:00	4.99847382889
5/1/1980 16:00:00	4.95942279188
5/2/1980 16:00:00	4.96504751247
5/5/1980 16:00:00	5.00264979914
5/6/1980 16:00:00	4.99651775898
5/7/1980 16:00:00	5.04023326242
5/8/1980 16:00:00	4.99083704962
5/9/1980 16:00:00	4.92451228836
5/12/1980 16:00:00	4.9273152377
5/13/1980 16:00:00	4.99877548045
5/14/1980 16:00:00	5.02462036206
5/15/1980 16:00:00	5.03118498996
5/16/1980 16:00:00	5.04809508557
5/19/1980 16:00:00	5.06312402582
5/20/1980 16:00:00	5.06075403114
5/21/1980 16:00:00	5.06543741038
5/22/1980 16:00:00	5.12607956262
5/23/1980 16:00:00	5.20176890842
5/27/1980 16:00:00	5.23842788034
5/28/1980 16:00:00	5.26944361839
5/29/1980 16:00:00	5.1852519045
5/30/1980 16:00:00	5.23084505462
6/2/1980 16:00:00	5.20825457122
6/3/1980 16:00:00	5.19647931963
6/4/1980 16:00:00	5.29520744328
6/5/1980 16:00:00	5.30318133073
6/6/1980 16:00:00	5.32291074751
6/9/1980 16:00:00	5.34687219936
6/10/1980 16:00:00	5.39152326904
6/11/1980 16:00:00	5.4554524104
6/12/1980 16:00:00	5.43192112428
6/13/1980 16:00:00	5.44553702661
6/16/1980 16:00:00	5.45868251338
6/17/1980 16:00:00	5.45584089048
6/18/1980 16:00:00	5.46663540766
6/19/1980 16:00:00	5.39138173944
6/20/1980 16:00:00	5.36314887701
6/23/1980 16:00:00	5.384288169
6/24/1980 16:00:00	5.4138906021
6/25/1980 16:00:00	5.48816209356
6/26/1980 16:00:00	5.46322102649
6/27/1980 16:00:00	5.4542666784
6/30/1980 16:00:00	5.37149173347
7/1/1980 16:00:00	5.40391506446
7/2/1980 16:00:00	5.4391591893
7/3/1980 16:00:00	5.52283257437
7/7/1980 16:00:00	5.56183758472
7/8/1980 16:00:00	5.54065811464
7/9/1980 16:00:00	5.54722025511
7/10/1980 16:00:00	5.49877029343
7/11/1980 16:00:00	5.54059578106
7/14/1980 16:00:00	5.64260424131
7/15/1980 16:00:00	5.60920049864
7/16/1980 16:00:00	5.62469500138
7/17/1980 16:00:00	5.70977570069
7/18/1980 16:00:00	5.73796457098
7/21/1980 16:00:00	5.76004113893
7/22/1980 16:00:00	5.7449741435
7/23/1980 16:00:00	5.73272815006
7/24/1980 16:00:00	5.7261243638
7/25/1980 16:00:00	5.67861625157
7/28/1980 16:00:00	5.70915555674
7/29/1980 16:00:00	5.75473974607
7/30/1980 16:00:00	5.74672555789
7/31/1980 16:00:00	5.72037498829
8/1/1980 16:00:00	5.698726453
8/4/1980 16:00:00	5.68789176088
8/5/1980 16:00:00	5.67658653949
8/6/1980 16:00:00	5.71464761629
8/7/1980 16:00:00	5.79690206523
8/8/1980 16:00:00	5.81145474245
8/11/1980 16:00:00	5.86643975617
8/12/1980 16:00:00	5.81987373648
8/13/1980 16:00:00	5.79587462771
8/14/1980 16:00:00	5.88847035104
8/15/1980 16:00:00	5.91054478228
8/18/1980 16:00:00	5.80098093756
8/19/1980 16:00:00	5.76381857059
8/20/1980 16:00:00	5.81880231726
8/21/1980 16:00:00	5.89823262884
8/22/1980 16:00:00	5.92453759397
8/25/1980 16:00:00	5.88408480338
8/26/1980 16:00:00	5.8690183934
8/27/1980 16:00:00	5.80694013085
8/28/1980 16:00:00	5.73922110831
8/29/1980 16:00:00	5.75330296135
9/2/1980 16:00:00	5.81721745212
9/3/1980 16:00:00	5.92908351681
9/4/1980 16:00:00	5.89615305636
9/5/1980 16:00:00	5.87074481841
9/8/1980 16:00:00	5.79691540581
9/9/1980 16:00:00	5.83262206069
9/10/1980 16:00:00	5.86738803292
9/11/1980 16:00:00	5.9073252942
9/12/1980 16:00:00	5.90166176627
9/15/1980 16:00:00	5.90775083318
9/16/1980 16:00:00	5.9580294007
9/17/1980 16:00:00	6.05813792816
9/18/1980 16:00:00	6.03602060062
9/19/1980 16:00:00	6.07595633466
9/22/1980 16:00:00	6.12999399625
9/23/1980 16:00:00	6.08437206753
9/24/1980 16:00:00	6.12853780805
9/25/1980 16:00:00	6.05095058306
9/26/1980 16:00:00	5.93951731582
9/29/1980 16:00:00	5.8074014189
9/30/1980 16:00:00	5.89763542881
10/1/1980 16:00:00	5.97611674357
10/2/1980 16:00:00	6.02122189332
10/3/1980 16:00:00	6.07948917584
10/6/1980 16:00:00	6.19228425998
10/7/1980 16:00:00	6.15794583965
10/8/1980 16:00:00	6.18847715354
10/9/1980 16:00:00	6.15977962076
10/10/1980 16:00:00	6.12450137086
10/13/1980 16:00:00	6.20627030341
10/14/1980 16:00:00	6.20577722295
10/15/1980 16:00:00	6.28472425839
10/16/1980 16:00:00	6.21513176574
10/17/1980 16:00:00	6.18220441098
10/20/1980 16:00:00	6.23341738913
10/21/1980 16:00:00	6.19719947344
10/22/1980 16:00:00	6.20093675669
10/23/1980 16:00:00	6.08857090714
10/24/1980 16:00:00	6.10359005216
10/27/1980 16:00:00	6.0109670416
10/28/1980 16:00:00	6.01893558018
10/29/1980 16:00:00	6.01233239779
10/30/1980 16:00:00	5.93616260176
10/31/1980 16:00:00	5.9916053315
11/3/1980 16:00:00	6.06537883646
11/5/1980 16:00:00	6.1729953511
11/6/1980 16:00:00	6.05922334652
11/7/1980 16:00:00	6.07189105721
11/10/1980 16:00:00	6.08596943292
11/11/1980 16:00:00	6.16961218451
11/12/1980 16:00:00	6.32610909061
11/13/1980 16:00:00	6.41539115205
11/14/1980 16:00:00	6.44638829437
11/17/1980 16:00:00	6.47456588851
11/18/1980 16:00:00	6.56619593719
11/19/1980 16:00:00	6.53608998623
11/20/1980 16:00:00	6.59904790649
11/21/1980 16:00:00	6.53839119522
11/24/1980 16:00:00	6.50076526092
11/25/1980 16:00:00	6.54868252471
11/26/1980 16:00:00	6.58813883463
11/28/1980 16:00:00	6.60456478783
12/1/1980 16:00:00	6.44896720077
12/2/1980 16:00:00	6.43766258949
12/3/1980 16:00:00	6.42541856876
12/4/1980 16:00:00	6.41458387589
12/5/1980 16:00:00	6.29940953243
12/8/1980 16:00:00	6.13864600617
12/9/1980 16:00:00	6.13251278067
12/10/1980 16:00:00	6.02815052635
12/11/1980 16:00:00	5.98582869333
12/12/1980 16:00:00	6.07369467593
12/15/1980 16:00:00	6.08401176096
12/16/1980 16:00:00	6.1380381494
12/17/1980 16:00:00	6.24564197322
12/18/1980 16:00:00	6.25078842513
12/19/1980 16:00:00	6.2836637277
12/22/1980 16:00:00	6.3813965765
12/23/1980 16:00:00	6.3588137781
12/24/1980 16:00:00	6.38604879102
12/26/1980 16:00:00	6.41845337659
12/29/1980 16:00:00	6.34605270554
12/30/1980 16:00:00	6.36012825758
12/31/1980 16:00:00	6.38031284965
1/2/1981 16:00:00	6.40754727119
1/5/1981 16:00:00	6.48412830097
1/6/1981 16:00:00	6.49115319663
1/7/1981 16:00:00	6.34825987975
1/8/1981 16:00:00	6.25330335312
1/9/1981 16:00:00	6.27301818676
1/12/1981 16:00:00	6.27487490222
1/13/1981 16:00:00	6.2640418289
1/14/1981 16:00:00	6.27247791777
1/15/1981 16:00:00	6.30770095622
1/16/1981 16:00:00	6.33352482688
1/19/1981 16:00:00	6.31470262075
1/20/1981 16:00:00	6.18685279296
1/21/1981 16:00:00	6.17320144296
1/22/1981 16:00:00	6.12148402401
1/23/1981 16:00:00	6.12005129526
1/26/1981 16:00:00	6.10170064524
1/27/1981 16:00:00	6.16183002509
1/28/1981 16:00:00	6.12515179257
1/29/1981 16:00:00	6.12042988878
1/30/1981 16:00:00	6.08798132762
2/2/1981 16:00:00	5.9638962313
2/3/1981 16:00:00	6.03671333633
2/4/1981 16:00:00	6.0427992932
2/5/1981 16:00:00	6.09164950835
2/6/1981 16:00:00	6.13720953311
2/9/1981 16:00:00	6.07468652213
2/10/1981 16:00:00	6.07325403235
2/11/1981 16:00:00	6.02623919811
2/12/1981 16:00:00	5.99050266906
2/13/1981 16:00:00	5.96698435234
2/17/1981 16:00:00	6.00596467171
2/18/1981 16:00:00	6.0374262696
2/19/1981 16:00:00	5.94953035699
2/20/1981 16:00:00	5.94809837365
2/23/1981 16:00:00	5.98425884372
2/24/1981 16:00:00	5.98611607165
2/25/1981 16:00:00	6.03919308539
2/26/1981 16:00:00	6.11341519266
2/27/1981 16:00:00	6.16837062436
3/2/1981 16:00:00	6.20311959532
3/3/1981 16:00:00	6.13496130705
3/4/1981 16:00:00	6.14903532262
3/5/1981 16:00:00	6.10531173176
3/6/1981 16:00:00	6.10153032853
3/9/1981 16:00:00	6.16118304363
3/10/1981 16:00:00	6.13014781663
3/11/1981 16:00:00	6.10616012605
3/12/1981 16:00:00	6.25838034312
3/13/1981 16:00:00	6.25459771901
3/16/1981 16:00:00	6.32834534643
3/17/1981 16:00:00	6.29261098281
3/18/1981 16:00:00	6.30668387987
3/19/1981 16:00:00	6.27094986577
3/20/1981 16:00:00	6.30005836006
3/23/1981 16:00:00	6.3756843296
3/24/1981 16:00:00	6.32773334334
3/25/1981 16:00:00	6.44235790287
3/26/1981 16:00:00	6.40286501803
3/27/1981 16:00:00	6.32672221782
3/30/1981 16:00:00	6.30931374375
3/31/1981 16:00:00	6.39010649312
4/1/1981 16:00:00	6.41686493833
4/2/1981 16:00:00	6.40509439966
4/3/1981 16:00:00	6.36607214263
4/6/1981 16:00:00	6.29275021291
4/7/1981 16:00:00	6.2917874239
4/8/1981 16:00:00	6.3105576203
4/9/1981 16:00:00	6.32744859077
4/10/1981 16:00:00	6.31990711605
4/13/1981 16:00:00	6.25598424247
4/14/1981 16:00:00	6.23387801598
4/15/1981 16:00:00	6.30386152016
4/16/1981 16:00:00	6.32873941571
4/20/1981 16:00:00	6.36395365376
4/21/1981 16:00:00	6.30660951281
4/22/1981 16:00:00	6.30235751036
4/23/1981 16:00:00	6.29293733354
4/24/1981 16:00:00	6.34929349804
4/27/1981 16:00:00	6.36524376357
4/28/1981 16:00:00	6.31118983996
4/29/1981 16:00:00	6.25102833945
4/30/1981 16:00:00	6.23972882816
5/1/1981 16:00:00	6.23547718767
5/4/1981 16:00:00	6.13914015826
5/5/1981 16:00:00	6.12267386044
5/6/1981 16:00:00	6.14426214581
5/7/1981 16:00:00	6.18605275837
5/8/1981 16:00:00	6.18556000385
5/11/1981 16:00:00	6.09392338862
5/12/1981 16:00:00	6.14135122509
5/13/1981 16:00:00	6.13334151775
5/14/1981 16:00:00	6.16761428945
5/15/1981 16:00:00	6.20940387421
5/18/1981 16:00:00	6.22676312012
5/19/1981 16:00:00	6.2055987969
5/20/1981 16:00:00	6.20134749061
5/21/1981 16:00:00	6.18957925925
5/22/1981 16:00:00	6.16982464829
5/26/1981 16:00:00	6.237452181
5/27/1981 16:00:00	6.28440816828
5/28/1981 16:00:00	6.26935091274
5/29/1981 16:00:00	6.22892541141
6/1/1981 16:00:00	6.22044620421
6/2/1981 16:00:00	6.13633065224
6/3/1981 16:00:00	6.14053625026
6/4/1981 16:00:00	6.15225780272
6/5/1981 16:00:00	6.21142693272
6/8/1981 16:00:00	6.21234339994
6/9/1981 16:00:00	6.19963589924
6/10/1981 16:00:00	6.21605510256
6/11/1981 16:00:00	6.28320918638
6/12/1981 16:00:00	6.27097179351
6/15/1981 16:00:00	6.2765852986
6/16/1981 16:00:00	6.20797515386
6/17/1981 16:00:00	6.2629152839
6/18/1981 16:00:00	6.18397080492
6/19/1981 16:00:00	6.21354296463
6/22/1981 16:00:00	6.19848693386
6/23/1981 16:00:00	6.26423056075
6/24/1981 16:00:00	6.2317936152
6/25/1981 16:00:00	6.23881631096
6/26/1981 16:00:00	6.22704903989
6/29/1981 16:00:00	6.19555230635
6/30/1981 16:00:00	6.16358631611
7/1/1981 16:00:00	6.09591912912
7/2/1981 16:00:00	6.04281452361
7/6/1981 16:00:00	5.98313425892
7/7/1981 16:00:00	6.02397971199
7/8/1981 16:00:00	6.0277151491
7/9/1981 16:00:00	6.07372694943
7/10/1981 16:00:00	6.07699197407
7/13/1981 16:00:00	6.08965229472
7/14/1981 16:00:00	6.09009893609
7/15/1981 16:00:00	6.11732074689
7/16/1981 16:00:00	6.12246488855
7/17/1981 16:00:00	6.14217051696
7/20/1981 16:00:00	6.04632317101
7/21/1981 16:00:00	6.02845065029
7/22/1981 16:00:00	5.97159135998
7/23/1981 16:00:00	5.98425169455
7/24/1981 16:00:00	6.03401997391
7/27/1981 16:00:00	6.10163638547
7/28/1981 16:00:00	6.06591519523
7/29/1981 16:00:00	6.06683208116
7/30/1981 16:00:00	6.10673462924
7/31/1981 16:00:00	6.14945575722
8/3/1981 16:00:00	6.12876529999
8/4/1981 16:00:00	6.16162181702
8/5/1981 16:00:00	6.2315853771
8/6/1981 16:00:00	6.23015294891
8/7/1981 16:00:00	6.1883259644
8/10/1981 16:00:00	6.2254089135
8/11/1981 16:00:00	6.28691692391
8/12/1981 16:00:00	6.26575633466
8/13/1981 16:00:00	6.27089953262
8/14/1981 16:00:00	6.22296762867
8/17/1981 16:00:00	6.16329303472
8/18/1981 16:00:00	6.11113412778
8/19/1981 16:00:00	6.12895965309
8/20/1981 16:00:00	6.13833028721
8/21/1981 16:00:00	6.06973275424
8/24/1981 16:00:00	5.89451787026
8/25/1981 16:00:00	5.87711737696
8/26/1981 16:00:00	5.86911084792
8/27/1981 16:00:00	5.80098550264
8/28/1981 16:00:00	5.82773534565
8/31/1981 16:00:00	5.76712529193
9/1/1981 16:00:00	5.77790596318
9/2/1981 16:00:00	5.79995894186
9/3/1981 16:00:00	5.69426136526
9/4/1981 16:00:00	5.63928887777
9/8/1981 16:00:00	5.54110754777
9/9/1981 16:00:00	5.56081261162
9/10/1981 16:00:00	5.64251305874
9/11/1981 16:00:00	5.71153219503
9/14/1981 16:00:00	5.66689324428
9/15/1981 16:00:00	5.6250721044
9/16/1981 16:00:00	5.58278223937
9/17/1981 16:00:00	5.50198068608
9/18/1981 16:00:00	5.46016099784
9/21/1981 16:00:00	5.50616610585
9/22/1981 16:00:00	5.47984522204
9/23/1981 16:00:00	5.43145105353
9/24/1981 16:00:00	5.40137339797
9/25/1981 16:00:00	5.29615267454
9/28/1981 16:00:00	5.42575410625
9/29/1981 16:00:00	5.44498918317
9/30/1981 16:00:00	5.45623998875
10/1/1981 16:00:00	5.49848690866
10/2/1981 16:00:00	5.60554301673
10/5/1981 16:00:00	5.61256656701
10/6/1981 16:00:00	5.60690981248
10/7/1981 16:00:00	5.69705761669
10/8/1981 16:00:00	5.74399905655
10/9/1981 16:00:00	5.70358962682
10/12/1981 16:00:00	5.69229735025
10/13/1981 16:00:00	5.67208221141
10/14/1981 16:00:00	5.57907618652
10/15/1981 16:00:00	5.62179042547
10/16/1981 16:00:00	5.59734939411
10/19/1981 16:00:00	5.58746651778
10/20/1981 16:00:00	5.64849515876
10/21/1981 16:00:00	5.64002094346
10/22/1981 16:00:00	5.61839775755
10/23/1981 16:00:00	5.56953734685
10/26/1981 16:00:00	5.54885400266
10/27/1981 16:00:00	5.60189844148
10/28/1981 16:00:00	5.6093909017
10/29/1981 16:00:00	5.59105543297
10/30/1981 16:00:00	5.72393130371
11/2/1981 16:00:00	5.83238688716
11/3/1981 16:00:00	5.86054108508
11/4/1981 16:00:00	5.85770129667
11/5/1981 16:00:00	5.8013283298
11/6/1981 16:00:00	5.76045202129
11/9/1981 16:00:00	5.789545086
11/10/1981 16:00:00	5.76181752279
11/11/1981 16:00:00	5.77212686072
11/12/1981 16:00:00	5.78478418479
11/13/1981 16:00:00	5.71338578512
11/16/1981 16:00:00	5.64621433495
11/17/1981 16:00:00	5.68892499642
11/18/1981 16:00:00	5.64711134177
11/19/1981 16:00:00	5.66822090537
11/20/1981 16:00:00	5.71515699317
11/23/1981 16:00:00	5.70997024408
11/24/1981 16:00:00	5.79963685976
11/25/1981 16:00:00	5.82497183657
11/27/1981 16:00:00	5.87378458747
11/30/1981 16:00:00	5.93292781255
12/1/1981 16:00:00	5.9211664903
12/2/1981 16:00:00	5.85493634492
12/3/1981 16:00:00	5.87510545768
12/4/1981 16:00:00	5.92861296959
12/7/1981 16:00:00	5.87834826967
12/8/1981 16:00:00	5.86095259409
12/9/1981 16:00:00	5.8919212435
12/10/1981 16:00:00	5.90269861227
12/11/1981 16:00:00	5.86605172378
12/14/1981 16:00:00	5.76507703157
12/15/1981 16:00:00	5.77491582066
12/16/1981 16:00:00	5.74813019764
12/17/1981 16:00:00	5.78097678062
12/18/1981 16:00:00	5.82227449422
12/21/1981 16:00:00	5.79126296321
12/22/1981 16:00:00	5.76964261017
12/23/1981 16:00:00	5.74285750883
12/24/1981 16:00:00	5.7536353888
12/28/1981 16:00:00	5.74093626961
12/29/1981 16:00:00	5.71274304652
12/30/1981 16:00:00	5.74230209606
12/31/1981 16:00:00	5.75401871033
1/4/1982 16:00:00	5.76291784819
1/5/1982 16:00:00	5.63659495499
1/6/1982 16:00:00	5.59572539654
1/7/1982 16:00:00	5.58396644189
1/8/1982 16:00:00	5.61305568887
1/11/1982 16:00:00	5.4829786981
1/12/1982 16:00:00	5.46042168911
1/13/1982 16:00:00	5.39373027309
1/14/1982 16:00:00	5.4246978758
1/15/1982 16:00:00	5.46176872458
1/18/1982 16:00:00	5.50353428915
1/19/1982 16:00:00	5.44482556192
1/20/1982 16:00:00	5.41193972365
1/21/1982 16:00:00	5.4344556422
1/22/1982 16:00:00	5.41706365597
1/25/1982 16:00:00	5.41845213579
1/26/1982 16:00:00	5.4081028499
1/27/1982 16:00:00	5.43390453103
1/28/1982 16:00:00	5.58318274026
1/29/1982 16:00:00	5.65264657733
2/1/1982 16:00:00	5.5296191559
2/2/1982 16:00:00	5.54039678102
2/3/1982 16:00:00	5.46854480245
2/4/1982 16:00:00	5.46570715041
2/5/1982 16:00:00	5.50512331233
2/8/1982 16:00:00	5.38162918246
2/9/1982 16:00:00	5.33700870979
2/10/1982 16:00:00	5.38299754926
2/11/1982 16:00:00	5.37217928638
2/12/1982 16:00:00	5.36981163255
2/16/1982 16:00:00	5.35476843119
2/17/1982 16:00:00	5.3373782104
2/18/1982 16:00:00	5.34346114617
2/19/1982 16:00:00	5.31527322432
2/22/1982 16:00:00	5.23873040549
2/23/1982 16:00:00	5.23495533351
2/24/1982 16:00:00	5.32694993849
2/25/1982 16:00:00	5.31472393133
2/26/1982 16:00:00	5.31000950163
3/1/1982 16:00:00	5.31937855284
3/2/1982 16:00:00	5.28978315772
3/3/1982 16:00:00	5.20713969987
3/4/1982 16:00:00	5.1582973265
3/5/1982 16:00:00	5.13292773399
3/8/1982 16:00:00	5.0390191878
3/9/1982 16:00:00	5.10894780896
3/10/1982 16:00:00	5.13615642798
3/11/1982 16:00:00	5.1337898181
3/12/1982 16:00:00	5.09856260788
3/15/1982 16:00:00	5.13797608099
3/16/1982 16:00:00	5.12997648877
3/17/1982 16:00:00	5.12056871133
3/18/1982 16:00:00	5.17782031937
3/19/1982 16:00:00	5.19235313839
3/22/1982 16:00:00	5.29373012414
3/23/1982 16:00:00	5.33032589335
3/24/1982 16:00:00	5.30307914377
3/25/1982 16:00:00	5.31432532478
3/26/1982 16:00:00	5.25468897192
3/29/1982 16:00:00	5.27156841992
3/30/1982 16:00:00	5.2701400956
3/31/1982 16:00:00	5.25556853234
4/1/1982 16:00:00	5.34145182607
4/2/1982 16:00:00	5.40386382526
4/5/1982 16:00:00	5.38553654597
4/6/1982 16:00:00	5.41508902634
4/7/1982 16:00:00	5.41976272667
4/8/1982 16:00:00	5.45541736603
4/12/1982 16:00:00	5.44506995531
4/13/1982 16:00:00	5.44458003344
4/14/1982 16:00:00	5.43704938933
4/15/1982 16:00:00	5.46143759391
4/16/1982 16:00:00	5.48300934666
4/19/1982 16:00:00	5.47782540563
4/20/1982 16:00:00	5.41866150388
4/21/1982 16:00:00	5.43178410294
4/22/1982 16:00:00	5.50076415873
4/23/1982 16:00:00	5.56880472275
4/26/1982 16:00:00	5.59788594897
4/27/1982 16:00:00	5.53872234305
4/28/1982 16:00:00	5.50396731266
4/29/1982 16:00:00	5.45137581831
4/30/1982 16:00:00	5.46543690993
5/3/1982 16:00:00	5.48325264754
5/4/1982 16:00:00	5.51327213291
5/5/1982 16:00:00	5.52310827841
5/6/1982 16:00:00	5.57049430804
5/7/1982 16:00:00	5.60755376577
5/10/1982 16:00:00	5.55637130956
5/11/1982 16:00:00	5.60516472712
5/12/1982 16:00:00	5.59340956604
5/13/1982 16:00:00	5.54879916305
5/14/1982 16:00:00	5.53892179329
5/17/1982 16:00:00	5.47788403136
5/18/1982 16:00:00	5.43702916327
5/19/1982 16:00:00	5.39242002031
5/20/1982 16:00:00	5.37831900431
5/21/1982 16:00:00	5.39237957709
5/24/1982 16:00:00	5.38766591209
5/25/1982 16:00:00	5.36934109644
5/26/1982 16:00:00	5.30877502752
5/27/1982 16:00:00	5.28763468332
5/28/1982 16:00:00	5.25100568724
6/1/1982 16:00:00	5.24159928575
6/2/1982 16:00:00	5.25847593112
6/3/1982 16:00:00	5.25000809273
6/4/1982 16:00:00	5.16691548634
6/7/1982 16:00:00	5.168304418
6/8/1982 16:00:00	5.1452874207
6/9/1982 16:00:00	5.11523090165
6/10/1982 16:00:00	5.14431032739
6/11/1982 16:00:00	5.2207914619
6/14/1982 16:00:00	5.16069810807
6/15/1982 16:00:00	5.14800713689
6/16/1982 16:00:00	5.1095033375
6/17/1982 16:00:00	5.0498801454
6/18/1982 16:00:00	5.03484299155
6/21/1982 16:00:00	5.03106948129
6/22/1982 16:00:00	5.08267568282
6/23/1982 16:00:00	5.1690103105
6/24/1982 16:00:00	5.15444234686
6/25/1982 16:00:00	5.12204044696
6/28/1982 16:00:00	5.17458399724
6/29/1982 16:00:00	5.1722179121
6/30/1982 16:00:00	5.14404024679
7/1/1982 16:00:00	5.10178353263
7/2/1982 16:00:00	5.05201848856
7/6/1982 16:00:00	5.03510470175
7/7/1982 16:00:00	5.03180074425
7/8/1982 16:00:00	5.04632996237
7/9/1982 16:00:00	5.10731954254
7/12/1982 16:00:00	5.14202799726
7/13/1982 16:00:00	5.13637708661
7/14/1982 16:00:00	5.18281777652
7/15/1982 16:00:00	5.18420614794
7/16/1982 16:00:00	5.21234381537
7/19/1982 16:00:00	5.19636876522
7/20/1982 16:00:00	5.23436107226
7/21/1982 16:00:00	5.22870994171
7/22/1982 16:00:00	5.23150625334
7/23/1982 16:00:00	5.21693878777
7/26/1982 16:00:00	5.17890800044
7/27/1982 16:00:00	5.1352460823
7/28/1982 16:00:00	5.05591970284
7/29/1982 16:00:00	5.05496235978
7/30/1982 16:00:00	5.02537924722
8/2/1982 16:00:00	5.11405217883
8/3/1982 16:00:00	5.06006743288
8/4/1982 16:00:00	4.98074282682
8/5/1982 16:00:00	4.93473671057
8/6/1982 16:00:00	4.86667531285
8/9/1982 16:00:00	4.83709393383
8/10/1982 16:00:00	4.82581338598
8/11/1982 16:00:00	4.81453328077
8/12/1982 16:00:00	4.8060686622
8/13/1982 16:00:00	4.87315354685
8/16/1982 16:00:00	4.88439715465
8/17/1982 16:00:00	5.11665657017
8/18/1982 16:00:00	5.09317509122
8/19/1982 16:00:00	5.12224925254
8/20/1982 16:00:00	5.30335724728
8/23/1982 16:00:00	5.44833289517
8/24/1982 16:00:00	5.41265020729
8/25/1982 16:00:00	5.51726994706
8/26/1982 16:00:00	5.56276514861
8/27/1982 16:00:00	5.49517452705
8/30/1982 16:00:00	5.52096181652
8/31/1982 16:00:00	5.60774861434
9/1/1982 16:00:00	5.54860470764
9/2/1982 16:00:00	5.64430617254
9/3/1982 16:00:00	5.75642972503
9/7/1982 16:00:00	5.69494001919
9/8/1982 16:00:00	5.73386376564
9/9/1982 16:00:00	5.72305041257
9/10/1982 16:00:00	5.67610716418
9/13/1982 16:00:00	5.73567616539
9/14/1982 16:00:00	5.7760071197
9/15/1982 16:00:00	5.83182187445
9/16/1982 16:00:00	5.80740083971
9/17/1982 16:00:00	5.75013585279
9/20/1982 16:00:00	5.74823741754
9/21/1982 16:00:00	5.8594173503
9/22/1982 16:00:00	5.8176362649
9/23/1982 16:00:00	5.80916879733
9/24/1982 16:00:00	5.78615629849
9/27/1982 16:00:00	5.80021069959
9/28/1982 16:00:00	5.78235924213
9/29/1982 16:00:00	5.70679713253
9/30/1982 16:00:00	5.65000339411
10/1/1982 16:00:00	5.72270702504
10/4/1982 16:00:00	5.7011028809
10/5/1982 16:00:00	5.72313339269
10/6/1982 16:00:00	5.91031712345
10/7/1982 16:00:00	6.04307425737
10/8/1982 16:00:00	6.14861771973
10/11/1982 16:00:00	6.30905449342
10/12/1982 16:00:00	6.30762335375
10/13/1982 16:00:00	6.41410320881
10/14/1982 16:00:00	6.31367555503
10/15/1982 16:00:00	6.26673447359
10/18/1982 16:00:00	6.4149688694
10/19/1982 16:00:00	6.40790754122
10/20/1982 16:00:00	6.53221295692
10/21/1982 16:00:00	6.52421270679
10/22/1982 16:00:00	6.51339763928
10/25/1982 16:00:00	6.25486435615
10/26/1982 16:00:00	6.30926311552
10/27/1982 16:00:00	6.34724129905
10/28/1982 16:00:00	6.26746074197
10/29/1982 16:00:00	6.27353650183
11/1/1982 16:00:00	6.3556150459
11/2/1982 16:00:00	6.45036030831
11/3/1982 16:00:00	6.70273898617
11/4/1982 16:00:00	6.65486111512
11/5/1982 16:00:00	6.66937962509
11/8/1982 16:00:00	6.58866144665
11/9/1982 16:00:00	6.70967603211
11/10/1982 16:00:00	6.62239033983
11/11/1982 16:00:00	6.65004463556
11/12/1982 16:00:00	6.54587079342
11/15/1982 16:00:00	6.42856195538
11/16/1982 16:00:00	6.35300702463
11/17/1982 16:00:00	6.47073547489
11/18/1982 16:00:00	6.48994578791
11/19/1982 16:00:00	6.42799664815
11/22/1982 16:00:00	6.29661646617
11/23/1982 16:00:00	6.23607512944
11/24/1982 16:00:00	6.28061916929
11/26/1982 16:00:00	6.32750791859
11/29/1982 16:00:00	6.29558357184
11/30/1982 16:00:00	6.49868879361
12/1/1982 16:00:00	6.50757777621
12/2/1982 16:00:00	6.51224481953
12/3/1982 16:00:00	6.50612168388
12/6/1982 16:00:00	6.65058402863
12/7/1982 16:00:00	6.69512447189
12/8/1982 16:00:00	6.65287983666
12/9/1982 16:00:00	6.5674770192
12/10/1982 16:00:00	6.54728119818
12/13/1982 16:00:00	6.56508210114
12/14/1982 16:00:00	6.4454363334
12/15/1982 16:00:00	6.34408706583
12/16/1982 16:00:00	6.3468777514
12/17/1982 16:00:00	6.44958623041
12/20/1982 16:00:00	6.39139401744
12/21/1982 16:00:00	6.50207605912
12/22/1982 16:00:00	6.51237174462
12/23/1982 16:00:00	6.55409627375
12/27/1982 16:00:00	6.66899808959
12/28/1982 16:00:00	6.60330130241
12/29/1982 16:00:00	6.6253235641
12/30/1982 16:00:00	6.58261202647
12/31/1982 16:00:00	6.59712873433
1/3/1983 16:00:00	6.48921565403
1/4/1983 16:00:00	6.63085287447
1/5/1983 16:00:00	6.65897283177
1/6/1983 16:00:00	6.81421119377
1/7/1983 16:00:00	6.80996344724
1/10/1983 16:00:00	6.88498945713
1/11/1983 16:00:00	6.83805677431
1/12/1983 16:00:00	6.88071638855
1/13/1983 16:00:00	6.83566001923
1/14/1983 16:00:00	6.87878812794
1/17/1983 16:00:00	6.88204610726
1/18/1983 16:00:00	6.86701004099
1/19/1983 16:00:00	6.81398121308
1/20/1983 16:00:00	6.86179888893
1/21/1983 16:00:00	6.74732444499
1/24/1983 16:00:00	6.56530643705
1/25/1983 16:00:00	6.64877283195
1/26/1983 16:00:00	6.63889755032
1/27/1983 16:00:00	6.76692312859
1/28/1983 16:00:00	6.7781543924
1/31/1983 16:00:00	6.81518385005
2/1/1983 16:00:00	6.70540258137
2/2/1983 16:00:00	6.71804101294
2/3/1983 16:00:00	6.76632674851
2/4/1983 16:00:00	6.85448054996
2/7/1983 16:00:00	6.89150831245
2/8/1983 16:00:00	6.83379155387
2/9/1983 16:00:00	6.80093385211
2/10/1983 16:00:00	6.91816582882
2/11/1983 16:00:00	6.9251750223
2/14/1983 16:00:00	6.98518437928
2/15/1983 16:00:00	6.95561011597
2/16/1983 16:00:00	6.91477855133
2/17/1983 16:00:00	6.91522210009
2/18/1983 16:00:00	6.94146113972
2/22/1983 16:00:00	6.82324246242
2/23/1983 16:00:00	6.8846578378
2/24/1983 16:00:00	7.01642558701
2/25/1983 16:00:00	7.0229654202
2/28/1983 16:00:00	6.94414492622
3/1/1983 16:00:00	7.07637972504
3/2/1983 16:00:00	7.14295211443
3/3/1983 16:00:00	7.19826761995
3/4/1983 16:00:00	7.20715181005
3/7/1983 16:00:00	7.20712478323
3/8/1983 16:00:00	7.09406855545
3/9/1983 16:00:00	7.16955071323
3/10/1983 16:00:00	7.11934156392
3/11/1983 16:00:00	7.09305127077
3/14/1983 16:00:00	7.07379578469
3/15/1983 16:00:00	7.099094473
3/16/1983 16:00:00	7.02590559729
3/17/1983 16:00:00	7.01556146206
3/18/1983 16:00:00	7.03007360533
3/21/1983 16:00:00	7.09054661141
3/22/1983 16:00:00	7.06566400633
3/23/1983 16:00:00	7.16646808303
3/24/1983 16:00:00	7.19270391864
3/25/1983 16:00:00	7.15984868133
3/28/1983 16:00:00	7.12136621403
3/29/1983 16:00:00	7.10914573422
3/30/1983 16:00:00	7.19353417042
3/31/1983 16:00:00	7.17334181871
4/4/1983 16:00:00	7.17612861492
4/5/1983 16:00:00	7.12357694765
4/6/1983 16:00:00	7.08321922193
4/7/1983 16:00:00	7.11695806447
4/8/1983 16:00:00	7.16804871315
4/11/1983 16:00:00	7.27541328061
4/12/1983 16:00:00	7.30727550908
4/13/1983 16:00:00	7.35179880059
4/14/1983 16:00:00	7.41507965006
4/15/1983 16:00:00	7.44459609175
4/18/1983 16:00:00	7.49099457467
4/19/1983 16:00:00	7.4426647744
4/20/1983 16:00:00	7.53642634786
4/21/1983 16:00:00	7.50544749961
4/22/1983 16:00:00	7.52277005005
4/25/1983 16:00:00	7.44724212323
4/26/1983 16:00:00	7.58789631126
4/27/1983 16:00:00	7.57051735528
4/28/1983 16:00:00	7.64129817946
4/29/1983 16:00:00	7.71067172693
5/2/1983 16:00:00	7.60185063273
5/3/1983 16:00:00	7.61260735286
5/4/1983 16:00:00	7.6580650603
5/5/1983 16:00:00	7.70352242772
5/6/1983 16:00:00	7.78883848317
5/9/1983 16:00:00	7.77521005991
5/10/1983 16:00:00	7.78174579448
5/11/1983 16:00:00	7.73529388028
5/12/1983 16:00:00	7.70197128439
5/13/1983 16:00:00	7.73289113413
5/16/1983 16:00:00	7.66205538744
5/17/1983 16:00:00	7.67656359149
5/18/1983 16:00:00	7.65590254866
5/19/1983 16:00:00	7.59585334745
5/20/1983 16:00:00	7.60285820828
5/23/1983 16:00:00	7.66331838685
5/24/1983 16:00:00	7.76222868874
5/25/1983 16:00:00	7.79361674639
5/26/1983 16:00:00	7.75935717548
5/27/1983 16:00:00	7.71150079195
5/31/1983 16:00:00	7.61440959443
6/1/1983 16:00:00	7.62188355548
6/2/1983 16:00:00	7.68890657265
6/3/1983 16:00:00	7.70950914401
6/6/1983 16:00:00	7.72870494456
6/7/1983 16:00:00	7.63208484901
6/8/1983 16:00:00	7.56594289513
6/9/1983 16:00:00	7.58795221733
6/10/1983 16:00:00	7.62777848563
6/13/1983 16:00:00	7.72902865085
6/14/1983 16:00:00	7.7613525471
6/15/1983 16:00:00	7.83587501708
6/16/1983 16:00:00	7.93055902099
6/17/1983 16:00:00	7.93006066352
6/20/1983 16:00:00	7.92487328677
6/21/1983 16:00:00	7.99564296991
6/22/1983 16:00:00	8.01718132891
6/23/1983 16:00:00	7.9974588768
6/24/1983 16:00:00	7.98992684815
6/27/1983 16:00:00	7.89846837447
6/28/1983 16:00:00	7.76809415065
6/29/1983 16:00:00	7.81307602264
6/30/1983 16:00:00	7.85993268167
7/1/1983 16:00:00	7.90678899021
7/5/1983 16:00:00	7.81111301317
7/6/1983 16:00:00	7.89922784442
7/7/1983 16:00:00	7.85606387203
7/8/1983 16:00:00	7.83352977375
7/11/1983 16:00:00	7.88179179146
7/12/1983 16:00:00	7.76079954852
7/13/1983 16:00:00	7.75748889901
7/14/1983 16:00:00	7.78324564202
7/15/1983 16:00:00	7.70257557509
7/18/1983 16:00:00	7.68660629482
7/19/1983 16:00:00	7.72736690193
7/20/1983 16:00:00	7.93690727292
7/21/1983 16:00:00	7.926094505
7/22/1983 16:00:00	7.91809470305
7/25/1983 16:00:00	7.94807019579
7/26/1983 16:00:00	7.99492336259
7/27/1983 16:00:00	7.85705784317
7/28/1983 16:00:00	7.73747755925
7/29/1983 16:00:00	7.62118029316
8/1/1983 16:00:00	7.59677273752
8/2/1983 16:00:00	7.59533784431
8/3/1983 16:00:00	7.66235086387
8/4/1983 16:00:00	7.56340164083
8/5/1983 16:00:00	7.58259488804
8/8/1983 16:00:00	7.46254951598
8/9/1983 16:00:00	7.50705924635
8/10/1983 16:00:00	7.57313280072
8/11/1983 16:00:00	7.57310440148
8/12/1983 16:00:00	7.6021425091
8/15/1983 16:00:00	7.67430966066
8/16/1983 16:00:00	7.66068590143
8/17/1983 16:00:00	7.74879137424
8/18/1983 16:00:00	7.66719161105
8/19/1983 16:00:00	7.68732083019
8/22/1983 16:00:00	7.70416869662
8/23/1983 16:00:00	7.63053944093
8/24/1983 16:00:00	7.55925413139
8/25/1983 16:00:00	7.5400051834
8/26/1983 16:00:00	7.60091964633
8/29/1983 16:00:00	7.60604783342
8/30/1983 16:00:00	7.62148932438
8/31/1983 16:00:00	7.70677904826
9/1/1983 16:00:00	7.69878093631
9/2/1983 16:00:00	7.73484835991
9/6/1983 16:00:00	7.87029636659
9/7/1983 16:00:00	7.87354863504
9/8/1983 16:00:00	7.86461226592
9/9/1983 16:00:00	7.82473674479
9/12/1983 16:00:00	7.75720416611
9/13/1983 16:00:00	7.72529906648
9/14/1983 16:00:00	7.75105248728
9/15/1983 16:00:00	7.70555302412
9/16/1983 16:00:00	7.79318288303
9/19/1983 16:00:00	7.85737394429
9/20/1983 16:00:00	7.93328426966
9/21/1983 16:00:00	7.89434740418
9/22/1983 16:00:00	7.95759965115
9/23/1983 16:00:00	7.94585091302
9/26/1983 16:00:00	7.97207194789
9/27/1983 16:00:00	7.89516597683
9/28/1983 16:00:00	7.87498043757
9/29/1983 16:00:00	7.83885704578
9/30/1983 16:00:00	7.78445353358
10/3/1983 16:00:00	7.77223650633
10/4/1983 16:00:00	7.79376987795
10/5/1983 16:00:00	7.86264575109
10/6/1983 16:00:00	7.98167592257
10/7/1983 16:00:00	8.00602058378
10/10/1983 16:00:00	8.09270639562
10/11/1983 16:00:00	7.9843984188
10/12/1983 16:00:00	7.95061964126
10/13/1983 16:00:00	7.96230810829
10/14/1983 16:00:00	7.96180977759
10/17/1983 16:00:00	7.98849703127
10/18/1983 16:00:00	7.86566108887
10/19/1983 16:00:00	7.81500929062
10/20/1983 16:00:00	7.82669804571
10/21/1983 16:00:00	7.77839052072
10/24/1983 16:00:00	7.780236628
10/25/1983 16:00:00	7.80270567621
10/26/1983 16:00:00	7.75158660678
10/27/1983 16:00:00	7.72624660061
10/28/1983 16:00:00	7.65731692234
10/31/1983 16:00:00	7.66572536137
11/1/1983 16:00:00	7.67085243547
11/2/1983 16:00:00	7.72613070563
11/3/1983 16:00:00	7.660951786
11/4/1983 16:00:00	7.61358430328
11/7/1983 16:00:00	7.58871463977
11/8/1983 16:00:00	7.58165525968
11/9/1983 16:00:00	7.68520935564
11/10/1983 16:00:00	7.70580327718
11/11/1983 16:00:00	7.79388842387
11/14/1983 16:00:00	7.8074516818
11/15/1983 16:00:00	7.75024206721
11/16/1983 16:00:00	7.78395867222
11/17/1983 16:00:00	7.78627306188
11/18/1983 16:00:00	7.73750016697
11/21/1983 16:00:00	7.78246510782
11/22/1983 16:00:00	7.81946148859
11/23/1983 16:00:00	7.82505681518
11/25/1983 16:00:00	7.83533774063
11/28/1983 16:00:00	7.80531307404
11/29/1983 16:00:00	7.86949276491
11/30/1983 16:00:00	7.7986931354
12/1/1983 16:00:00	7.80288247712
12/2/1983 16:00:00	7.75364275236
12/5/1983 16:00:00	7.76861067887
12/6/1983 16:00:00	7.75499054143
12/7/1983 16:00:00	7.77558280998
12/8/1983 16:00:00	7.74227828613
12/9/1983 16:00:00	7.73662555036
12/12/1983 16:00:00	7.76190381817
12/13/1983 16:00:00	7.72953723523
12/14/1983 16:00:00	7.65452377508
12/15/1983 16:00:00	7.57622995983
12/16/1983 16:00:00	7.61041295176
12/19/1983 16:00:00	7.60710423214
12/20/1983 16:00:00	7.59207860742
12/21/1983 16:00:00	7.66515892782
12/22/1983 16:00:00	7.66372430542
12/23/1983 16:00:00	7.64916773766
12/27/1983 16:00:00	7.72130954019
12/28/1983 16:00:00	7.74846178108
12/29/1983 16:00:00	7.72593829691
12/30/1983 16:00:00	7.729189407
1/3/1984 16:00:00	7.68745197556
1/4/1984 16:00:00	7.81582878955
1/5/1984 16:00:00	7.91093152851
1/6/1984 16:00:00	7.93292749802
1/9/1984 16:00:00	7.91508967294
1/10/1984 16:00:00	7.87054068226
1/11/1984 16:00:00	7.8634820931
1/12/1984 16:00:00	7.8611093506
1/13/1984 16:00:00	7.82687077314
1/16/1984 16:00:00	7.83433877913
1/17/1984 16:00:00	7.86476993485
1/18/1984 16:00:00	7.85161927198
1/19/1984 16:00:00	7.82769008247
1/20/1984 16:00:00	7.78876658399
1/23/1984 16:00:00	7.72594309704
1/24/1984 16:00:00	7.77605554494
1/25/1984 16:00:00	7.72447938922
1/26/1984 16:00:00	7.69633457058
1/27/1984 16:00:00	7.68224747881
1/30/1984 16:00:00	7.63207800339
1/31/1984 16:00:00	7.65735415046
2/1/1984 16:00:00	7.62592947954
2/2/1984 16:00:00	7.65495359756
2/3/1984 16:00:00	7.54011947472
2/6/1984 16:00:00	7.40747948195
2/7/1984 16:00:00	7.43837885173
2/8/1984 16:00:00	7.30292882352
2/9/1984 16:00:00	7.28275182434
2/10/1984 16:00:00	7.32396024456
2/13/1984 16:00:00	7.26067372124
2/14/1984 16:00:00	7.33843123204
2/15/1984 16:00:00	7.32153480473
2/16/1984 16:00:00	7.31588463904
2/17/1984 16:00:00	7.29758275079
2/21/1984 16:00:00	7.24601188104
2/22/1984 16:00:00	7.23052171575
2/23/1984 16:00:00	7.22955725874
2/24/1984 16:00:00	7.38040955818
2/27/1984 16:00:00	7.46425590002
2/28/1984 16:00:00	7.34802375095
2/29/1984 16:00:00	7.35924127851
3/1/1984 16:00:00	7.41216146378
3/2/1984 16:00:00	7.46133268225
3/5/1984 16:00:00	7.39804896052
3/6/1984 16:00:00	7.3211778723
3/7/1984 16:00:00	7.24243345658
3/8/1984 16:00:00	7.27145639234
3/9/1984 16:00:00	7.23207093993
3/12/1984 16:00:00	7.3252848302
3/13/1984 16:00:00	7.34587360245
3/14/1984 16:00:00	7.3453777662
3/15/1984 16:00:00	7.37533706264
3/16/1984 16:00:00	7.46245844978
3/19/1984 16:00:00	7.39261754546
3/20/1984 16:00:00	7.44319218432
3/21/1984 16:00:00	7.4337936585
3/22/1984 16:00:00	7.3414641163
3/23/1984 16:00:00	7.34940158318
3/26/1984 16:00:00	7.34047179012
3/27/1984 16:00:00	7.36996193185
3/28/1984 16:00:00	7.49081487243
3/29/1984 16:00:00	7.4739197701
3/30/1984 16:00:00	7.45796133087
4/2/1984 16:00:00	7.40171065181
4/3/1984 16:00:00	7.38669056255
4/4/1984 16:00:00	7.38104013323
4/5/1984 16:00:00	7.26388282934
4/6/1984 16:00:00	7.28447043961
4/9/1984 16:00:00	7.28303763515
4/10/1984 16:00:00	7.3026877926
4/11/1984 16:00:00	7.26190013986
4/12/1984 16:00:00	7.38977585196
4/13/1984 16:00:00	7.37007089177
4/16/1984 16:00:00	7.41736283756
4/17/1984 16:00:00	7.44778752592
4/18/1984 16:00:00	7.39762946436
4/19/1984 16:00:00	7.40322422058
4/23/1984 16:00:00	7.34603950151
4/24/1984 16:00:00	7.40551132485
4/25/1984 16:00:00	7.43265567368
4/26/1984 16:00:00	7.5099297261
4/27/1984 16:00:00	7.49069321308
4/30/1984 16:00:00	7.49816114118
5/1/1984 16:00:00	7.5744961885
5/2/1984 16:00:00	7.58477455358
5/3/1984 16:00:00	7.55195229202
5/4/1984 16:00:00	7.45401111281
5/7/1984 16:00:00	7.47084852725
5/8/1984 16:00:00	7.52001104077
5/9/1984 16:00:00	7.5007750661
5/10/1984 16:00:00	7.49559366961
5/11/1984 16:00:00	7.42482615322
5/14/1984 16:00:00	7.37841924253
5/15/1984 16:00:00	7.40181512661
5/16/1984 16:00:00	7.40131915783
5/17/1984 16:00:00	7.33476909586
5/18/1984 16:00:00	7.29773239338
5/21/1984 16:00:00	7.24851616217
5/22/1984 16:00:00	7.20867011805
5/23/1984 16:00:00	7.17444495573
5/24/1984 16:00:00	7.08447406379
5/25/1984 16:00:00	7.10271728897
5/29/1984 16:00:00	7.04038602838
5/30/1984 16:00:00	7.04317094784
5/31/1984 16:00:00	7.05251342613
6/1/1984 16:00:00	7.17850011736
6/4/1984 16:00:00	7.23000206855
6/5/1984 16:00:00	7.19765203783
6/6/1984 16:00:00	7.26133355007
6/7/1984 16:00:00	7.25709050528
6/8/1984 16:00:00	7.26877432042
6/11/1984 16:00:00	7.16990631731
6/12/1984 16:00:00	7.1291255847
6/13/1984 16:00:00	7.12628834963
6/14/1984 16:00:00	7.04475383353
6/15/1984 16:00:00	6.98102058977
6/18/1984 16:00:00	7.10747051939
6/19/1984 16:00:00	7.14866583262
6/20/1984 16:00:00	7.25309806582
6/21/1984 16:00:00	7.23761274413
6/22/1984 16:00:00	7.2352440569
6/25/1984 16:00:00	7.21226399726
6/26/1984 16:00:00	7.15321627876
6/27/1984 16:00:00	7.10306835228
6/28/1984 16:00:00	7.15925155738
6/29/1984 16:00:00	7.17515064168
7/2/1984 16:00:00	7.17606076108
7/3/1984 16:00:00	7.19945441516
7/5/1984 16:00:00	7.15539680652
7/6/1984 16:00:00	7.13101328446
7/9/1984 16:00:00	7.18344778706
7/10/1984 16:00:00	7.16140579164
7/11/1984 16:00:00	7.05224106814
7/12/1984 16:00:00	7.02738944146
7/13/1984 16:00:00	7.06717728568
7/16/1984 16:00:00	7.10087543983
7/17/1984 16:00:00	7.13738360015
7/18/1984 16:00:00	7.09145373667
7/19/1984 16:00:00	7.04318283073
7/20/1984 16:00:00	7.00474879611
7/23/1984 16:00:00	6.97661893789
7/24/1984 16:00:00	6.92366557065
7/25/1984 16:00:00	6.97094622203
7/26/1984 16:00:00	7.02946797233
7/27/1984 16:00:00	7.0814319746
7/30/1984 16:00:00	7.03456745468
7/31/1984 16:00:00	7.05655489246
8/1/1984 16:00:00	7.21671297986
8/2/1984 16:00:00	7.39982048264
8/3/1984 16:00:00	7.60400325739
8/6/1984 16:00:00	7.61568401705
8/7/1984 16:00:00	7.62127566033
8/8/1984 16:00:00	7.575815378
8/9/1984 16:00:00	7.75329725877
8/10/1984 16:00:00	7.74764804466
8/13/1984 16:00:00	7.74808709594
8/14/1984 16:00:00	7.7007538893
8/15/1984 16:00:00	7.6248511285
8/16/1984 16:00:00	7.67025321567
8/17/1984 16:00:00	7.68755336572
8/20/1984 16:00:00	7.72499295567
8/21/1984 16:00:00	7.86031759794
8/22/1984 16:00:00	7.82422497411
8/23/1984 16:00:00	7.82700560815
8/24/1984 16:00:00	7.84524173976
8/27/1984 16:00:00	7.79509980928
8/28/1984 16:00:00	7.84003109855
8/29/1984 16:00:00	7.82548323614
8/30/1984 16:00:00	7.80250571625
8/31/1984 16:00:00	7.80622252927
9/4/1984 16:00:00	7.72189336465
9/5/1984 16:00:00	7.69423215076
9/6/1984 16:00:00	7.75789652795
9/7/1984 16:00:00	7.69792117293
9/10/1984 16:00:00	7.69274065973
9/11/1984 16:00:00	7.70161014115
9/12/1984 16:00:00	7.71235254294
9/13/1984 16:00:00	7.86499756942
9/14/1984 16:00:00	7.90430694111
9/17/1984 16:00:00	7.90849200954
9/18/1984 16:00:00	7.85132745494
9/19/1984 16:00:00	7.81804793428
9/20/1984 16:00:00	7.84283924557
9/21/1984 16:00:00	7.7585133372
9/24/1984 16:00:00	7.74022013039
9/25/1984 16:00:00	7.75611345765
9/26/1984 16:00:00	7.78699285814
9/27/1984 16:00:00	7.81880883955
9/28/1984 16:00:00	7.77850532098
10/1/1984 16:00:00	7.70916686255
10/2/1984 16:00:00	7.66090303218
10/3/1984 16:00:00	7.60702020559
10/4/1984 16:00:00	7.62946974589
10/5/1984 16:00:00	7.61820178681
10/8/1984 16:00:00	7.59241763596
10/9/1984 16:00:00	7.57084742023
10/10/1984 16:00:00	7.59142391225
10/11/1984 16:00:00	7.62277068407
10/12/1984 16:00:00	7.68830194948
10/15/1984 16:00:00	7.76273096829
10/16/1984 16:00:00	7.71634156304
10/17/1984 16:00:00	7.68634264298
10/18/1984 16:00:00	7.87175288697
10/19/1984 16:00:00	7.86516750496
10/22/1984 16:00:00	7.83704115229
10/23/1984 16:00:00	7.82436815328
10/24/1984 16:00:00	7.82948984004
10/25/1984 16:00:00	7.78778439508
10/26/1984 16:00:00	7.73999153583
10/29/1984 16:00:00	7.71608113071
10/30/1984 16:00:00	7.81251480257
10/31/1984 16:00:00	7.77736571284
11/1/1984 16:00:00	7.84289367603
11/2/1984 16:00:00	7.83958609943
11/5/1984 16:00:00	7.89387487494
11/6/1984 16:00:00	7.97953637101
11/7/1984 16:00:00	7.92144255056
11/8/1984 16:00:00	7.89846817171
11/9/1984 16:00:00	7.84786800504
11/12/1984 16:00:00	7.83660032159
11/13/1984 16:00:00	7.77148447626
11/14/1984 16:00:00	7.77239202592
11/15/1984 16:00:00	7.76768014786
11/16/1984 16:00:00	7.68383586827
11/19/1984 16:00:00	7.63651425086
11/20/1984 16:00:00	7.68752352401
11/21/1984 16:00:00	7.70294662023
11/23/1984 16:00:00	7.81576272952
11/26/1984 16:00:00	7.75158558376
11/27/1984 16:00:00	7.78620524698
11/28/1984 16:00:00	7.72671128521
11/29/1984 16:00:00	7.67470888852
11/30/1984 16:00:00	7.65922853171
12/3/1984 16:00:00	7.6236149487
12/4/1984 16:00:00	7.64980676039
12/5/1984 16:00:00	7.58984575005
12/6/1984 16:00:00	7.62071926216
12/7/1984 16:00:00	7.59727977416
12/10/1984 16:00:00	7.62393996464
12/11/1984 16:00:00	7.63514878475
12/12/1984 16:00:00	7.61451866919
12/13/1984 16:00:00	7.57609645496
12/14/1984 16:00:00	7.61727070187
12/17/1984 16:00:00	7.66031715704
12/18/1984 16:00:00	7.87098109681
12/19/1984 16:00:00	7.82647232303
12/20/1984 16:00:00	7.78992323983
12/21/1984 16:00:00	7.74916008214
12/24/1984 16:00:00	7.8076558879
12/26/1984 16:00:00	7.79404920536
12/27/1984 16:00:00	7.76030985032
12/28/1984 16:00:00	7.78415836844
12/31/1984 16:00:00	7.83001249898
1/2/1985 16:00:00	7.74243109066
1/3/1985 16:00:00	7.70494755727
1/4/1985 16:00:00	7.66324936867
1/7/1985 16:00:00	7.68943958347
1/8/1985 16:00:00	7.67770617044
1/9/1985 16:00:00	7.73339035927
1/10/1985 16:00:00	7.87990180378
1/11/1985 16:00:00	7.86114542465
1/14/1985 16:00:00	7.98284130827
1/15/1985 16:00:00	7.99685674727
1/16/1985 16:00:00	8.01461754797
1/17/1985 16:00:00	7.99305131798
1/18/1985 16:00:00	8.02064386549
1/21/1985 16:00:00	8.20366669002
1/22/1985 16:00:00	8.21534006781
1/23/1985 16:00:00	8.30051543454
1/24/1985 16:00:00	8.27286291097
1/25/1985 16:00:00	8.30279412536
1/28/1985 16:00:00	8.3051032117
1/29/1985 16:00:00	8.38840393954
1/30/1985 16:00:00	8.39820405584
1/31/1985 16:00:00	8.40940850167
2/1/1985 16:00:00	8.36256180036
2/4/1985 16:00:00	8.44305227981
2/5/1985 16:00:00	8.45519221326
2/6/1985 16:00:00	8.44673349958
2/7/1985 16:00:00	8.51177461585
2/8/1985 16:00:00	8.52906375554
2/11/1985 16:00:00	8.45038368663
2/12/1985 16:00:00	8.45269283745
2/13/1985 16:00:00	8.58327193717
2/14/1985 16:00:00	8.53923486139
2/15/1985 16:00:00	8.50128408891
2/19/1985 16:00:00	8.48861243515
2/20/1985 16:00:00	8.48155821512
2/21/1985 16:00:00	8.43518210999
2/22/1985 16:00:00	8.39629584405
2/25/1985 16:00:00	8.39017850015
2/26/1985 16:00:00	8.48096312336
2/27/1985 16:00:00	8.45939811554
2/28/1985 16:00:00	8.48136737898
3/1/1985 16:00:00	8.57729997231
3/4/1985 16:00:00	8.5224982528
3/5/1985 16:00:00	8.53042415961
3/6/1985 16:00:00	8.45643022074
3/7/1985 16:00:00	8.40303385031
3/8/1985 16:00:00	8.38381039121
3/11/1985 16:00:00	8.36926701115
3/12/1985 16:00:00	8.40996133484
3/13/1985 16:00:00	8.34111841389
3/14/1985 16:00:00	8.32470326178
3/15/1985 16:00:00	8.26335096242
3/18/1985 16:00:00	8.27970372432
3/19/1985 16:00:00	8.40418599113
3/20/1985 16:00:00	8.38262248319
3/21/1985 16:00:00	8.39522977888
3/22/1985 16:00:00	8.38068684571
3/25/1985 16:00:00	8.33057013683
3/26/1985 16:00:00	8.35207056575
3/27/1985 16:00:00	8.40399689726
3/28/1985 16:00:00	8.40396538227
3/29/1985 16:00:00	8.456359671
4/1/1985 16:00:00	8.48488095676
4/2/1985 16:00:00	8.45021098339
4/3/1985 16:00:00	8.3837123134
4/4/1985 16:00:00	8.37993617941
4/8/1985 16:00:00	8.33309731324
4/9/1985 16:00:00	8.3414917432
4/10/1985 16:00:00	8.398096641
4/11/1985 16:00:00	8.43410667283
4/12/1985 16:00:00	8.45045697555
4/15/1985 16:00:00	8.46821200968
4/16/1985 16:00:00	8.48128598597
4/17/1985 16:00:00	8.5037209643
4/18/1985 16:00:00	8.46437217334
4/19/1985 16:00:00	8.47697821505
4/22/1985 16:00:00	8.45775592282
4/23/1985 16:00:00	8.51295508208
4/24/1985 16:00:00	8.53070870124
4/25/1985 16:00:00	8.58543866577
4/26/1985 16:00:00	8.52690023497
4/29/1985 16:00:00	8.45432137246
4/30/1985 16:00:00	8.41684581825
5/1/1985 16:00:00	8.34847943175
5/2/1985 16:00:00	8.37840283644
5/3/1985 16:00:00	8.42845215412
5/6/1985 16:00:00	8.42420836495
5/7/1985 16:00:00	8.46021515237
5/8/1985 16:00:00	8.4536309537
5/9/1985 16:00:00	8.51444382315
5/10/1985 16:00:00	8.62486754934
5/13/1985 16:00:00	8.64028030106
5/14/1985 16:00:00	8.60561350933
5/15/1985 16:00:00	8.63693896628
5/16/1985 16:00:00	8.68932589937
5/17/1985 16:00:00	8.77166520683
5/20/1985 16:00:00	8.87927747871
5/21/1985 16:00:00	8.87549993489
5/22/1985 16:00:00	8.82492058442
5/23/1985 16:00:00	8.77995829887
5/24/1985 16:00:00	8.81221779669
5/28/1985 16:00:00	8.79206053161
5/29/1985 16:00:00	8.78360298643
5/30/1985 16:00:00	8.78684645758
5/31/1985 16:00:00	8.87105505385
6/3/1985 16:00:00	8.86025784792
6/4/1985 16:00:00	8.89392027493
6/5/1985 16:00:00	8.89950343901
6/6/1985 16:00:00	8.94158985249
6/7/1985 16:00:00	8.87697222326
6/10/1985 16:00:00	8.86898306641
6/11/1985 16:00:00	8.8469539606
6/12/1985 16:00:00	8.77999801782
6/13/1985 16:00:00	8.67326297302
6/14/1985 16:00:00	8.75606491851
6/17/1985 16:00:00	8.72935639662
6/18/1985 16:00:00	8.76723047231
6/19/1985 16:00:00	8.7339710614
6/20/1985 16:00:00	8.73861771276
6/21/1985 16:00:00	8.87336383363
6/24/1985 16:00:00	8.85180317639
6/25/1985 16:00:00	8.87938122555
6/26/1985 16:00:00	8.89432279588
6/27/1985 16:00:00	8.94904237029
6/28/1985 16:00:00	8.97802360639
7/1/1985 16:00:00	9.00513162747
7/2/1985 16:00:00	8.98544323608
7/3/1985 16:00:00	8.95920347631
7/5/1985 16:00:00	9.00924255358
7/8/1985 16:00:00	8.98159835199
7/9/1985 16:00:00	8.94038448208
7/10/1985 16:00:00	9.00212136334
7/11/1985 16:00:00	9.02876159426
7/12/1985 16:00:00	9.04510580138
7/15/1985 16:00:00	9.01839880698
7/16/1985 16:00:00	9.11195567655
7/17/1985 16:00:00	9.15544067263
7/18/1985 16:00:00	9.09597720897
7/19/1985 16:00:00	9.13103921355
7/22/1985 16:00:00	9.09450520655
7/23/1985 16:00:00	9.01024091635
7/24/1985 16:00:00	8.96481660835
7/25/1985 16:00:00	8.98724396549
7/26/1985 16:00:00	9.00312003149
7/29/1985 16:00:00	8.87206430001
7/30/1985 16:00:00	8.887472285
7/31/1985 16:00:00	8.93376469131
8/1/1985 16:00:00	8.98941525577
8/2/1985 16:00:00	8.95990168764
8/5/1985 16:00:00	8.91962617715
8/6/1985 16:00:00	8.79372022405
8/7/1985 16:00:00	8.78198911456
8/8/1985 16:00:00	8.84138267471
8/9/1985 16:00:00	8.81187093028
8/12/1985 16:00:00	8.77955128732
8/13/1985 16:00:00	8.76407697443
8/14/1985 16:00:00	8.76919121967
8/15/1985 16:00:00	8.76213918498
8/16/1985 16:00:00	8.70782895784
8/19/1985 16:00:00	8.72089776183
8/20/1985 16:00:00	8.80040953316
8/21/1985 16:00:00	8.85091065709
8/22/1985 16:00:00	8.76665423776
8/23/1985 16:00:00	8.75773106764
8/26/1985 16:00:00	8.76424883264
8/27/1985 16:00:00	8.80118052577
8/28/1985 16:00:00	8.83530394863
8/29/1985 16:00:00	8.83994936041
8/30/1985 16:00:00	8.82587991673
9/3/1985 16:00:00	8.79215841301
9/4/1985 16:00:00	8.76685887556
9/5/1985 16:00:00	8.76214752598
9/6/1985 16:00:00	8.80749990636
9/9/1985 16:00:00	8.80793450794
9/10/1985 16:00:00	8.74473672204
9/11/1985 16:00:00	8.65720999934
9/12/1985 16:00:00	8.59448159483
9/13/1985 16:00:00	8.55795480914
9/16/1985 16:00:00	8.55651914022
9/17/1985 16:00:00	8.48536967957
9/18/1985 16:00:00	8.5017137481
9/19/1985 16:00:00	8.58028412467
9/20/1985 16:00:00	8.51755742141
9/23/1985 16:00:00	8.62279603194
9/24/1985 16:00:00	8.54416160469
9/25/1985 16:00:00	8.45242830363
9/26/1985 16:00:00	8.48187154348
9/30/1985 16:00:00	8.51880124148
10/1/1985 16:00:00	8.65865979604
10/2/1985 16:00:00	8.6113731487
10/3/1985 16:00:00	8.62537670446
10/4/1985 16:00:00	8.57200890613
10/7/1985 16:00:00	8.50881627499
10/8/1985 16:00:00	8.50878436692
10/9/1985 16:00:00	8.53916312532
10/10/1985 16:00:00	8.55129489622
10/11/1985 16:00:00	8.62143977617
10/14/1985 16:00:00	8.71918679068
10/15/1985 16:00:00	8.70558696546
10/16/1985 16:00:00	8.7944438398
10/17/1985 16:00:00	8.77944037275
10/18/1985 16:00:00	8.75040103389
10/21/1985 16:00:00	8.74662616145
10/22/1985 16:00:00	8.79711881339
10/23/1985 16:00:00	8.84620836159
10/24/1985 16:00:00	8.81857335511
10/25/1985 16:00:00	8.77269326047
10/28/1985 16:00:00	8.78388775549
10/29/1985 16:00:00	8.85262519352
10/30/1985 16:00:00	8.89188971848
10/31/1985 16:00:00	8.88016082834
11/1/1985 16:00:00	8.96012435921
11/4/1985 16:00:00	8.94699190269
11/5/1985 16:00:00	8.9993535789
11/6/1985 16:00:00	9.01756458098
11/7/1985 16:00:00	9.01098141061
11/8/1985 16:00:00	9.06240715012
11/11/1985 16:00:00	9.2289132607
11/12/1985 16:00:00	9.26630342325
11/13/1985 16:00:00	9.22042387614
11/14/1985 16:00:00	9.31207855095
11/15/1985 16:00:00	9.26760252589
11/18/1985 16:00:00	9.29563610848
11/19/1985 16:00:00	9.29372965374
11/20/1985 16:00:00	9.30866465973
11/21/1985 16:00:00	9.42183619884
11/22/1985 16:00:00	9.42694662791
11/25/1985 16:00:00	9.37217968665
11/26/1985 16:00:00	9.38711346059
11/27/1985 16:00:00	9.474554496
11/29/1985 16:00:00	9.45721108147
12/2/1985 16:00:00	9.37718476624
12/3/1985 16:00:00	9.39586064912
12/4/1985 16:00:00	9.55346757542
12/5/1985 16:00:00	9.5370598836
12/6/1985 16:00:00	9.49539189836
12/9/1985 16:00:00	9.55429585076
12/10/1985 16:00:00	9.56080883775
12/11/1985 16:00:00	9.65058528237
12/12/1985 16:00:00	9.67019539289
12/13/1985 16:00:00	9.82031340227
12/16/1985 16:00:00	9.91757232545
12/17/1985 16:00:00	9.85345072404
12/18/1985 16:00:00	9.81412175953
12/19/1985 16:00:00	9.82390827999
12/20/1985 16:00:00	9.8669053297
12/23/1985 16:00:00	9.75600970937
12/24/1985 16:00:00	9.6890834911
12/26/1985 16:00:00	9.71290242097
12/27/1985 16:00:00	9.8045460097
12/30/1985 16:00:00	9.85455831667
12/31/1985 16:00:00	9.8825866523
1/2/1986 16:00:00	9.80350001069
1/3/1986 16:00:00	9.86380295368
1/6/1986 16:00:00	9.85300731972
1/7/1986 16:00:00	10.0003098638
1/8/1986 16:00:00	9.72757907923
1/9/1986 16:00:00	9.64054301953
1/10/1986 16:00:00	9.63349108657
1/13/1986 16:00:00	9.66900264047
1/14/1986 16:00:00	9.665224422
1/15/1986 16:00:00	9.74096061458
1/16/1986 16:00:00	9.7834877567
1/17/1986 16:00:00	9.74883886446
1/20/1986 16:00:00	9.7067071387
1/21/1986 16:00:00	9.62528624551
1/22/1986 16:00:00	9.51767426463
1/23/1986 16:00:00	9.5531851848
1/24/1986 16:00:00	9.65511202246
1/27/1986 16:00:00	9.69997710287
1/28/1986 16:00:00	9.81312808944
1/29/1986 16:00:00	9.83554140989
1/30/1986 16:00:00	9.79060445523
1/31/1986 16:00:00	9.90515690985
2/3/1986 16:00:00	10.0070808609
2/4/1986 16:00:00	9.95232086934
2/5/1986 16:00:00	9.96023518232
2/6/1986 16:00:00	9.98405050363
2/7/1986 16:00:00	10.0349924911
2/10/1986 16:00:00	10.1135289986
2/11/1986 16:00:00	10.0985243541
2/12/1986 16:00:00	10.1008251148
2/13/1986 16:00:00	10.1676673861
2/14/1986 16:00:00	10.2780050711
2/18/1986 16:00:00	10.4037758634
2/19/1986 16:00:00	10.2779279805
2/20/1986 16:00:00	10.3929411877
2/21/1986 16:00:00	10.5051468154
2/24/1986 16:00:00	10.49201229
2/25/1986 16:00:00	10.4662502077
2/26/1986 16:00:00	10.4779030038
2/27/1986 16:00:00	10.6055408727
2/28/1986 16:00:00	10.6125159909
3/3/1986 16:00:00	10.5423247128
3/4/1986 16:00:00	10.4936473163
3/5/1986 16:00:00	10.4917368735
3/6/1986 16:00:00	10.5286439586
3/7/1986 16:00:00	10.5491820489
3/10/1986 16:00:00	10.5963766765
3/11/1986 16:00:00	10.8353143029
3/12/1986 16:00:00	10.8750247079
3/13/1986 16:00:00	10.9053824207
3/14/1986 16:00:00	11.0624755844
3/17/1986 16:00:00	10.9745139655
3/18/1986 16:00:00	11.0263828008
3/19/1986 16:00:00	11.0179239943
3/20/1986 16:00:00	11.0618415356
3/21/1986 16:00:00	10.9121515369
3/24/1986 16:00:00	11.0051732796
3/25/1986 16:00:00	10.9766054204
3/26/1986 16:00:00	11.0972172146
3/27/1986 16:00:00	11.175272238
3/31/1986 16:00:00	11.171956485
4/1/1986 16:00:00	10.9960816221
4/2/1986 16:00:00	11.0226961964
4/3/1986 16:00:00	10.8711398844
4/4/1986 16:00:00	10.6943326734
4/7/1986 16:00:00	10.6914868771
4/8/1986 16:00:00	10.9201191506
4/9/1986 16:00:00	10.9308335132
4/10/1986 16:00:00	11.0565849027
4/11/1986 16:00:00	11.0345648905
4/14/1986 16:00:00	11.0957823701
4/15/1986 16:00:00	11.1167836985
4/16/1986 16:00:00	11.3267046605
4/17/1986 16:00:00	11.3645393345
4/18/1986 16:00:00	11.3341017817
4/21/1986 16:00:00	11.4444169263
4/22/1986 16:00:00	11.3358869193
4/23/1986 16:00:00	11.3045143894
4/24/1986 16:00:00	11.3170977149
4/25/1986 16:00:00	11.3296802324
4/28/1986 16:00:00	11.3665791982
4/29/1986 16:00:00	11.2463613573
4/30/1986 16:00:00	11.0129848745
5/1/1986 16:00:00	10.9961098411
5/2/1986 16:00:00	10.9787668764
5/5/1986 16:00:00	11.1162000547
5/6/1986 16:00:00	11.093246538
5/7/1986 16:00:00	11.0389636371
5/8/1986 16:00:00	11.0880197733
5/9/1986 16:00:00	11.121644906
5/12/1986 16:00:00	11.1089780514
5/13/1986 16:00:00	11.0542285727
5/14/1986 16:00:00	11.1070239849
5/15/1986 16:00:00	10.9615632364
5/16/1986 16:00:00	10.8834357461
5/19/1986 16:00:00	10.9039686504
5/20/1986 16:00:00	11.0399937516
5/21/1986 16:00:00	11.0090920056
5/22/1986 16:00:00	11.2274089299
5/23/1986 16:00:00	11.2848790569
5/27/1986 16:00:00	11.4438113355
5/28/1986 16:00:00	11.5316720828
5/29/1986 16:00:00	11.5947503224
5/30/1986 16:00:00	11.5652505451
6/2/1986 16:00:00	11.4571987811
6/3/1986 16:00:00	11.4791314024
6/4/1986 16:00:00	11.405681384
6/5/1986 16:00:00	11.4855911318
6/6/1986 16:00:00	11.486483379
6/9/1986 16:00:00	11.2194654097
6/10/1986 16:00:00	11.2016559942
6/11/1986 16:00:00	11.2740849824
6/12/1986 16:00:00	11.2908746102
6/13/1986 16:00:00	11.4890731779
6/16/1986 16:00:00	11.5077324686
6/17/1986 16:00:00	11.4244660206
6/18/1986 16:00:00	11.4543460399
6/19/1986 16:00:00	11.4108211789
6/20/1986 16:00:00	11.5753532457
6/23/1986 16:00:00	11.4668402359
6/24/1986 16:00:00	11.5495516863
6/25/1986 16:00:00	11.6383400066
6/26/1986 16:00:00	11.6294138035
6/27/1986 16:00:00	11.6695780518
6/30/1986 16:00:00	11.7275076982
7/1/1986 16:00:00	11.7835671073
7/2/1986 16:00:00	11.8143799164
7/3/1986 16:00:00	11.7717905823
7/7/1986 16:00:00	11.4098831926
7/8/1986 16:00:00	11.2948295926
7/9/1986 16:00:00	11.3522927823
7/10/1986 16:00:00	11.3611324699
7/11/1986 16:00:00	11.3241563297
7/14/1986 16:00:00	11.1319650358
7/15/1986 16:00:00	10.9238799063
7/16/1986 16:00:00	10.9869526011
7/17/1986 16:00:00	11.0364680608
7/18/1986 16:00:00	11.0499841
7/21/1986 16:00:00	11.0443328126
7/22/1986 16:00:00	11.1349867214
7/23/1986 16:00:00	11.1578528703
7/24/1986 16:00:00	11.1241508794
7/25/1986 16:00:00	11.2302317541
7/28/1986 16:00:00	11.033372761
7/29/1986 16:00:00	10.9650773698
7/30/1986 16:00:00	11.0604047603
7/31/1986 16:00:00	11.0383910795
8/1/1986 16:00:00	10.9817837057
8/4/1986 16:00:00	11.032231419
8/5/1986 16:00:00	11.0808084063
8/6/1986 16:00:00	11.0718845149
8/7/1986 16:00:00	11.0811925273
8/8/1986 16:00:00	11.0736718033
8/11/1986 16:00:00	11.2512721919
8/12/1986 16:00:00	11.3755794518
8/13/1986 16:00:00	11.4844589655
8/14/1986 16:00:00	11.5115295361
8/15/1986 16:00:00	11.5535586778
8/18/1986 16:00:00	11.5642677108
8/19/1986 16:00:00	11.5235539886
8/20/1986 16:00:00	11.6759058075
8/21/1986 16:00:00	11.6711870746
8/22/1986 16:00:00	11.6954516634
8/25/1986 16:00:00	11.5841514331
8/26/1986 16:00:00	11.8192408288
8/27/1986 16:00:00	11.8406999484
8/28/1986 16:00:00	11.8191521845
8/29/1986 16:00:00	11.8233147936
9/2/1986 16:00:00	11.6171237649
9/3/1986 16:00:00	11.6900026391
9/4/1986 16:00:00	11.8652527458
9/5/1986 16:00:00	11.7081454288
9/8/1986 16:00:00	11.5991862833
9/9/1986 16:00:00	11.5771728028
9/10/1986 16:00:00	11.5486153071
9/11/1986 16:00:00	10.9932509943
9/12/1986 16:00:00	10.782394636
9/15/1986 16:00:00	10.8417190408
9/16/1986 16:00:00	10.8313947274
9/17/1986 16:00:00	10.8294839718
9/18/1986 16:00:00	10.8588918591
9/19/1986 16:00:00	10.8541772552
9/22/1986 16:00:00	10.9812766791
9/23/1986 16:00:00	11.0158253998
9/24/1986 16:00:00	11.0442970971
9/25/1986 16:00:00	10.8362520893
9/26/1986 16:00:00	10.8549080615
9/29/1986 16:00:00	10.7464261506
9/30/1986 16:00:00	10.8122920756
10/1/1986 16:00:00	10.9188225651
10/2/1986 16:00:00	10.9337385394
10/3/1986 16:00:00	10.923882252
10/6/1986 16:00:00	10.9738539827
10/7/1986 16:00:00	10.9565188857
10/8/1986 16:00:00	11.0625789766
10/9/1986 16:00:00	11.0237433721
10/10/1986 16:00:00	11.0064075691
10/13/1986 16:00:00	11.0264649985
10/14/1986 16:00:00	11.0011835779
10/15/1986 16:00:00	11.1614607487
10/16/1986 16:00:00	11.1955387364
10/17/1986 16:00:00	11.1632463081
10/20/1986 16:00:00	11.0290624978
10/21/1986 16:00:00	11.0248147768
10/22/1986 16:00:00	11.0425337998
10/23/1986 16:00:00	11.1836440877
10/24/1986 16:00:00	11.1359284412
10/27/1986 16:00:00	11.1597238022
10/28/1986 16:00:00	11.1825833043
10/29/1986 16:00:00	11.2610619293
10/30/1986 16:00:00	11.390484253
10/31/1986 16:00:00	11.4030602475
11/3/1986 16:00:00	11.4880804155
11/4/1986 16:00:00	11.5067320545
11/5/1986 16:00:00	11.5244493202
11/6/1986 16:00:00	11.4912224052
11/7/1986 16:00:00	11.4865060425
11/10/1986 16:00:00	11.5032882483
11/11/1986 16:00:00	11.5476447718
11/12/1986 16:00:00	11.5270373113
11/13/1986 16:00:00	11.3578089613
11/14/1986 16:00:00	11.4269356085
11/17/1986 16:00:00	11.3666037177
11/18/1986 16:00:00	11.0660498061
11/19/1986 16:00:00	11.1071358442
11/20/1986 16:00:00	11.3122625793
11/21/1986 16:00:00	11.4902812707
11/24/1986 16:00:00	11.5645467525
11/25/1986 16:00:00	11.5981525585
11/26/1986 16:00:00	11.6261501759
11/28/1986 16:00:00	11.6471369754
12/1/1986 16:00:00	11.6391485432
12/2/1986 16:00:00	11.8704389621
12/3/1986 16:00:00	11.8633846315
12/4/1986 16:00:00	11.8254851374
12/5/1986 16:00:00	11.7380490749
12/8/1986 16:00:00	11.737537979
12/9/1986 16:00:00	11.6496351148
12/10/1986 16:00:00	11.7281034614
12/11/1986 16:00:00	11.5976741288
12/12/1986 16:00:00	11.559310128
12/15/1986 16:00:00	11.5994568494
12/16/1986 16:00:00	11.6849330715
12/17/1986 16:00:00	11.5689934568
12/18/1986 16:00:00	11.5324991082
12/19/1986 16:00:00	11.6703148343
12/22/1986 16:00:00	11.6244741745
12/23/1986 16:00:00	11.5118073653
12/24/1986 16:00:00	11.5309242319
12/26/1986 16:00:00	11.5388252098
12/29/1986 16:00:00	11.4336371275
12/30/1986 16:00:00	11.372844003
12/31/1986 16:00:00	11.3167246881
1/2/1987 16:00:00	11.5166887261
1/5/1987 16:00:00	11.7848778671
1/6/1987 16:00:00	11.812404294
1/7/1987 16:00:00	11.9315215892
1/8/1987 16:00:00	12.0225998261
1/9/1987 16:00:00	12.0903132791
1/12/1987 16:00:00	12.1636321063
1/13/1987 16:00:00	12.147232384
1/14/1987 16:00:00	12.2728882485
1/15/1987 16:00:00	12.4060185499
1/16/1987 16:00:00	12.4428881485
1/19/1987 16:00:00	12.5858308505
1/20/1987 16:00:00	12.5717656999
1/21/1987 16:00:00	12.5156440991
1/22/1987 16:00:00	12.7992368472
1/23/1987 16:00:00	12.6211556987
1/26/1987 16:00:00	12.5982108201
1/27/1987 16:00:00	12.7916162684
1/28/1987 16:00:00	12.8686681675
1/29/1987 16:00:00	12.8144161971
1/30/1987 16:00:00	12.8068916495
2/2/1987 16:00:00	12.917587432
2/3/1987 16:00:00	12.8960436979
2/4/1987 16:00:00	13.0665481694
2/5/1987 16:00:00	13.1375226594
2/6/1987 16:00:00	13.0851403412
2/9/1987 16:00:00	12.9972462248
2/10/1987 16:00:00	12.8528149618
2/11/1987 16:00:00	12.9681790871
2/12/1987 16:00:00	12.8784169837
2/13/1987 16:00:00	13.0690085646
2/17/1987 16:00:00	13.3394968068
2/18/1987 16:00:00	13.3361771231
2/19/1987 16:00:00	13.3431355389
2/20/1987 16:00:00	13.338880462
2/23/1987 16:00:00	13.1939845352
2/24/1987 16:00:00	13.2172971661
2/25/1987 16:00:00	13.2695782998
2/26/1987 16:00:00	13.2209353177
2/27/1987 16:00:00	13.2788240862
3/2/1987 16:00:00	13.2227054999
3/3/1987 16:00:00	13.2749858285
3/4/1987 16:00:00	13.4851902964
3/5/1987 16:00:00	13.5739131303
3/6/1987 16:00:00	13.5804041074
3/9/1987 16:00:00	13.4700869977
3/10/1987 16:00:00	13.5896458893
3/11/1987 16:00:00	13.5638982365
3/12/1987 16:00:00	13.6063646712
3/13/1987 16:00:00	13.5441740888
3/16/1987 16:00:00	13.4665649917
3/17/1987 16:00:00	13.6646135861
3/18/1987 16:00:00	13.6790458698
3/19/1987 16:00:00	13.7397316207
3/20/1987 16:00:00	13.9307705275
3/23/1987 16:00:00	14.0704133133
3/24/1987 16:00:00	14.0927870099
3/25/1987 16:00:00	14.0338658143
3/26/1987 16:00:00	14.059508822
3/27/1987 16:00:00	13.8351997191
3/30/1987 16:00:00	13.5113784414
3/31/1987 16:00:00	13.628127375
4/1/1987 16:00:00	13.6598453007
4/2/1987 16:00:00	13.7181934413
4/3/1987 16:00:00	14.0348989141
4/6/1987 16:00:00	14.1067941677
4/7/1987 16:00:00	13.8609990183
4/8/1987 16:00:00	13.8875770941
4/9/1987 16:00:00	13.6819619522
4/10/1987 16:00:00	13.6646250498
4/13/1987 16:00:00	13.3436195509
4/14/1987 16:00:00	13.0417710747
4/15/1987 16:00:00	13.2883926597
4/16/1987 16:00:00	13.4037356907
4/20/1987 16:00:00	13.3653766842
4/21/1987 16:00:00	13.691414429
4/22/1987 16:00:00	13.4166656362
4/23/1987 16:00:00	13.3993302485
4/24/1987 16:00:00	13.1516797854
4/27/1987 16:00:00	13.166112524
4/28/1987 16:00:00	13.1978314593
4/29/1987 16:00:00	13.2940174976
4/30/1987 16:00:00	13.4710208584
5/1/1987 16:00:00	13.4555546942
5/4/1987 16:00:00	13.5176356358
5/5/1987 16:00:00	13.7969449589
5/6/1987 16:00:00	13.8029664588
5/7/1987 16:00:00	13.7674106219
5/8/1987 16:00:00	13.7047609134
5/11/1987 16:00:00	13.6206232038
5/12/1987 16:00:00	13.7013877506
5/13/1987 16:00:00	13.7331033729
5/14/1987 16:00:00	13.7451966515
5/15/1987 16:00:00	13.4270212668
5/18/1987 16:00:00	13.3905340074
5/19/1987 16:00:00	13.0620852591
5/20/1987 16:00:00	12.9961697847
5/21/1987 16:00:00	13.0876805872
5/22/1987 16:00:00	13.1805906237
5/26/1987 16:00:00	13.5051969319
5/27/1987 16:00:00	13.487396542
5/28/1987 16:00:00	13.5821729565
5/29/1987 16:00:00	13.5512914979
6/1/1987 16:00:00	13.5386273978
6/2/1987 16:00:00	13.4745809951
6/3/1987 16:00:00	13.7085586994
6/4/1987 16:00:00	13.784180438
6/5/1987 16:00:00	13.7075221613
6/8/1987 16:00:00	13.8602172056
6/9/1987 16:00:00	13.8863235196
6/10/1987 16:00:00	13.8951466995
6/11/1987 16:00:00	13.9539510167
6/12/1987 16:00:00	14.0888924815
6/15/1987 16:00:00	14.1598408818
6/16/1987 16:00:00	14.2354586671
6/17/1987 16:00:00	14.2377402334
6/18/1987 16:00:00	14.2787920583
6/19/1987 16:00:00	14.3385273062
6/22/1987 16:00:00	14.4636556328
6/23/1987 16:00:00	14.4066155136
6/24/1987 16:00:00	14.3332272074
6/25/1987 16:00:00	14.4312633557
6/26/1987 16:00:00	14.3471333108
6/29/1987 16:00:00	14.381643705
6/30/1987 16:00:00	14.1994256823
7/1/1987 16:00:00	14.1498613931
7/2/1987 16:00:00	14.2754542062
7/6/1987 16:00:00	14.2422381881
7/7/1987 16:00:00	14.3580199856
7/8/1987 16:00:00	14.3995368924
7/9/1987 16:00:00	14.3635170038
7/10/1987 16:00:00	14.4031648756
7/13/1987 16:00:00	14.3685478339
7/14/1987 16:00:00	14.5109504574
7/15/1987 16:00:00	14.4987531738
7/16/1987 16:00:00	14.6051904538
7/17/1987 16:00:00	14.6934106352
7/20/1987 16:00:00	14.5438954581
7/21/1987 16:00:00	14.4111935897
7/22/1987 16:00:00	14.4074036798
7/23/1987 16:00:00	14.3765235129
7/24/1987 16:00:00	14.4446597236
7/27/1987 16:00:00	14.5090595984
7/28/1987 16:00:00	14.5874700674
7/29/1987 16:00:00	14.7424773486
7/30/1987 16:00:00	14.8545141167
7/31/1987 16:00:00	14.8829491832
8/3/1987 16:00:00	14.8319853199
8/4/1987 16:00:00	14.7693456853
8/5/1987 16:00:00	14.8729742148
8/6/1987 16:00:00	15.0429212298
8/7/1987 16:00:00	15.0853657148
8/10/1987 16:00:00	15.3188287378
8/11/1987 16:00:00	15.567701632
8/12/1987 16:00:00	15.523743205
8/13/1987 16:00:00	15.6292337017
8/14/1987 16:00:00	15.598350793
8/17/1987 16:00:00	15.603896437
8/18/1987 16:00:00	15.3768626405
8/19/1987 16:00:00	15.4038919138
8/20/1987 16:00:00	15.6378142361
8/21/1987 16:00:00	15.6872599698
8/24/1987 16:00:00	15.5671762133
8/25/1987 16:00:00	15.7277728219
8/26/1987 16:00:00	15.6249706847
8/27/1987 16:00:00	15.4759337202
8/28/1987 16:00:00	15.2731914719
8/31/1987 16:00:00	15.4020287987
9/1/1987 16:00:00	15.1030841583
9/2/1987 16:00:00	15.0227018455
9/3/1987 16:00:00	14.9539953284
9/4/1987 16:00:00	14.7900211513
9/8/1987 16:00:00	14.6433257099
9/9/1987 16:00:00	14.6600836233
9/10/1987 16:00:00	14.8099354432
9/11/1987 16:00:00	15.0363746437
9/14/1987 16:00:00	15.0876868033
9/15/1987 16:00:00	14.8382548511
9/16/1987 16:00:00	14.7037048168
9/17/1987 16:00:00	14.706918963
9/18/1987 16:00:00	14.7035945393
9/21/1987 16:00:00	14.5018015162
9/22/1987 16:00:00	14.9201667071
9/23/1987 16:00:00	14.9990313141
9/24/1987 16:00:00	14.9303284904
9/25/1987 16:00:00	14.9508197961
9/28/1987 16:00:00	15.0927259351
9/29/1987 16:00:00	15.0221552201
9/30/1987 16:00:00	15.0286358118
10/1/1987 16:00:00	15.2854153628
10/2/1987 16:00:00	15.3199149882
10/5/1987 16:00:00	15.3203235404
10/6/1987 16:00:00	14.9065320984
10/7/1987 16:00:00	14.8747227605
10/8/1987 16:00:00	14.6701358175
10/9/1987 16:00:00	14.5257891524
10/12/1987 16:00:00	14.4472853966
10/13/1987 16:00:00	14.686780656
10/14/1987 16:00:00	14.2529220884
10/15/1987 16:00:00	13.9189934074
10/16/1987 16:00:00	13.2007656494
10/19/1987 16:00:00	10.4989245761
10/20/1987 16:00:00	11.0587596286
10/21/1987 16:00:00	12.064993976
10/22/1987 16:00:00	11.5919305204
10/23/1987 16:00:00	11.5904862701
10/26/1987 16:00:00	10.6308725574
10/27/1987 16:00:00	10.8885849753
10/28/1987 16:00:00	10.8927464363
10/29/1987 16:00:00	11.4292184359
10/30/1987 16:00:00	11.7569648743
11/2/1987 16:00:00	11.9418274979
11/3/1987 16:00:00	11.7115847802
11/4/1987 16:00:00	11.6246915108
11/5/1987 16:00:00	11.8823928078
11/6/1987 16:00:00	11.6923087751
11/9/1987 16:00:00	11.3542098252
11/10/1987 16:00:00	11.1594596986
11/11/1987 16:00:00	11.2948252356
11/12/1987 16:00:00	11.6038852452
11/13/1987 16:00:00	11.4693686677
11/16/1987 16:00:00	11.5216202226
11/17/1987 16:00:00	11.3478841885
11/18/1987 16:00:00	11.4650375725
11/19/1987 16:00:00	11.2081926814
11/20/1987 16:00:00	11.2991981043
11/23/1987 16:00:00	11.345379981
11/24/1987 16:00:00	11.5040856223
11/25/1987 16:00:00	11.3971214263
11/27/1987 16:00:00	11.2215224118
11/30/1987 16:00:00	10.7527110401
12/1/1987 16:00:00	10.8320436038
12/2/1987 16:00:00	10.8997031136
12/3/1987 16:00:00	10.5149398221
12/4/1987 16:00:00	10.4546705531
12/7/1987 16:00:00	10.680607445
12/8/1987 16:00:00	10.9677060321
12/9/1987 16:00:00	11.1534868029
12/10/1987 16:00:00	10.9050609452
12/11/1987 16:00:00	10.9867251334
12/14/1987 16:00:00	11.3074333199
12/15/1987 16:00:00	11.3363374192
12/16/1987 16:00:00	11.5823413938
12/17/1987 16:00:00	11.3441892396
12/18/1987 16:00:00	11.6326773629
12/21/1987 16:00:00	11.650374536
12/22/1987 16:00:00	11.6694728538
12/23/1987 16:00:00	11.8192954132
12/24/1987 16:00:00	11.7664944889
12/28/1987 16:00:00	11.4648535141
12/29/1987 16:00:00	11.419057041
12/30/1987 16:00:00	11.5716793566
12/31/1987 16:00:00	11.5352206648
1/4/1988 16:00:00	11.9488169633
1/5/1988 16:00:00	12.0771185659
1/6/1988 16:00:00	12.0892082572
1/7/1988 16:00:00	12.1909055222
1/8/1988 16:00:00	11.3666522447
1/11/1988 16:00:00	11.5588927286
1/12/1988 16:00:00	11.4622417338
1/13/1988 16:00:00	11.4818002179
1/14/1988 16:00:00	11.4850237041
1/15/1988 16:00:00	11.7743345829
1/18/1988 16:00:00	11.7663566411
1/19/1988 16:00:00	11.6473054319
1/20/1988 16:00:00	11.3345755891
1/21/1988 16:00:00	11.3583348894
1/22/1988 16:00:00	11.5155670608
1/25/1988 16:00:00	11.7843368582
1/26/1988 16:00:00	11.6648206688
1/27/1988 16:00:00	11.6559097746
1/28/1988 16:00:00	11.8383398434
1/29/1988 16:00:00	12.0156350162
2/1/1988 16:00:00	11.9241201739
2/2/1988 16:00:00	11.9539428993
2/3/1988 16:00:00	11.7970944164
2/4/1988 16:00:00	11.8054507099
2/5/1988 16:00:00	11.7564055334
2/8/1988 16:00:00	11.67142748
2/9/1988 16:00:00	11.7959846287
2/10/1988 16:00:00	12.0288083255
2/11/1988 16:00:00	11.9960959598
2/12/1988 16:00:00	12.0805172648
2/16/1988 16:00:00	12.1864054841
2/17/1988 16:00:00	12.1583597956
2/18/1988 16:00:00	12.0971818569
2/19/1988 16:00:00	12.2711991015
2/22/1988 16:00:00	12.4634153374
2/23/1988 16:00:00	12.4353704519
2/24/1988 16:00:00	12.4110569503
2/25/1988 16:00:00	12.2775488273
2/26/1988 16:00:00	12.3190338521
2/29/1988 16:00:00	12.5751782463
3/1/1988 16:00:00	12.5732641064
3/2/1988 16:00:00	12.587682816
3/3/1988 16:00:00	12.5829689019
3/4/1988 16:00:00	12.5572570413
3/7/1988 16:00:00	12.5628093923
3/8/1988 16:00:00	12.6616891611
3/9/1988 16:00:00	12.6471760913
3/10/1988 16:00:00	12.4021459142
3/11/1988 16:00:00	12.4543619652
3/14/1988 16:00:00	12.5224428839
3/15/1988 16:00:00	12.5116643796
3/16/1988 16:00:00	12.639472746
3/17/1988 16:00:00	12.7514150773
3/18/1988 16:00:00	12.7471678205
3/21/1988 16:00:00	12.6355982029
3/22/1988 16:00:00	12.6406829537
3/23/1988 16:00:00	12.6443692931
3/24/1988 16:00:00	12.3830164581
3/25/1988 16:00:00	12.1655274828
3/28/1988 16:00:00	12.1449507875
3/29/1988 16:00:00	12.2405599273
3/30/1988 16:00:00	12.1467265335
3/31/1988 16:00:00	12.1854087784
4/4/1988 16:00:00	12.0575135643
4/5/1988 16:00:00	12.1731866478
4/6/1988 16:00:00	12.5020950113
4/7/1988 16:00:00	12.5333095673
4/8/1988 16:00:00	12.6877080788
4/11/1988 16:00:00	12.7231209087
4/12/1988 16:00:00	12.7799978833
4/13/1988 16:00:00	12.7897480248
4/14/1988 16:00:00	12.2344560679
4/15/1988 16:00:00	12.23534428
4/18/1988 16:00:00	12.2096351892
4/19/1988 16:00:00	12.1494007698
4/20/1988 16:00:00	12.0649020613
4/21/1988 16:00:00	12.0788551616
4/22/1988 16:00:00	12.2542448648
4/25/1988 16:00:00	12.3661777084
4/26/1988 16:00:00	12.4393829635
4/27/1988 16:00:00	12.4351373024
4/28/1988 16:00:00	12.3791026109
4/29/1988 16:00:00	12.3193349628
5/2/1988 16:00:00	12.3328182924
5/3/1988 16:00:00	12.4055581215
5/4/1988 16:00:00	12.281404533
5/5/1988 16:00:00	12.2165051879
5/6/1988 16:00:00	12.1581389066
5/9/1988 16:00:00	12.1249678105
5/10/1988 16:00:00	12.1776438771
5/11/1988 16:00:00	11.9741779643
5/12/1988 16:00:00	12.0002601236
5/13/1988 16:00:00	12.1397160285
5/16/1988 16:00:00	12.2371799621
5/17/1988 16:00:00	12.0859704151
5/18/1988 16:00:00	11.8979063168
5/19/1988 16:00:00	11.9575790699
5/20/1988 16:00:00	11.9789963803
5/23/1988 16:00:00	11.8772443935
5/24/1988 16:00:00	12.0054983871
5/25/1988 16:00:00	12.0199174467
5/26/1988 16:00:00	12.0613936233
5/27/1988 16:00:00	12.0086294291
5/31/1988 16:00:00	12.4247348952
6/1/1988 16:00:00	12.6406937907
6/2/1988 16:00:00	12.5767302643
6/3/1988 16:00:00	12.6308008176
6/6/1988 16:00:00	12.6620115095
6/7/1988 16:00:00	12.5756562333
6/8/1988 16:00:00	12.8769840284
6/9/1988 16:00:00	12.8190872683
6/10/1988 16:00:00	12.8698899073
6/13/1988 16:00:00	12.8791726168
6/14/1988 16:00:00	13.0162808307
6/15/1988 16:00:00	13.0236964565
6/16/1988 16:00:00	12.8020530509
6/17/1988 16:00:00	12.8458559646
6/20/1988 16:00:00	12.7646352726
6/21/1988 16:00:00	12.8942770153
6/22/1988 16:00:00	13.0836307397
6/23/1988 16:00:00	13.0439283697
6/24/1988 16:00:00	13.0032938014
6/27/1988 16:00:00	12.7807237979
6/28/1988 16:00:00	12.9369539391
6/29/1988 16:00:00	12.8739277596
6/30/1988 16:00:00	12.9937696461
7/1/1988 16:00:00	12.9153485719
7/5/1988 16:00:00	13.1107611843
7/6/1988 16:00:00	12.930646734
7/7/1988 16:00:00	12.9194029307
7/8/1988 16:00:00	12.8358526212
7/11/1988 16:00:00	12.8623945795
7/12/1988 16:00:00	12.7340629389
7/13/1988 16:00:00	12.8039876884
7/14/1988 16:00:00	12.8501208971
7/15/1988 16:00:00	12.9349723862
7/18/1988 16:00:00	12.8626189162
7/19/1988 16:00:00	12.7664766634
7/20/1988 16:00:00	12.8387332072
7/21/1988 16:00:00	12.6800831486
7/22/1988 16:00:00	12.5298318487
7/25/1988 16:00:00	12.589494302
7/26/1988 16:00:00	12.6155691622
7/27/1988 16:00:00	12.4900424295
7/28/1988 16:00:00	12.6574560226
7/29/1988 16:00:00	12.9438156969
8/1/1988 16:00:00	12.9563625058
8/2/1988 16:00:00	12.9539807709
8/3/1988 16:00:00	12.9991785928
8/4/1988 16:00:00	12.9585484543
8/5/1988 16:00:00	12.9239827459
8/8/1988 16:00:00	12.8721573814
8/9/1988 16:00:00	12.713983257
8/10/1988 16:00:00	12.4956380893
8/11/1988 16:00:00	12.5380366167
8/12/1988 16:00:00	12.5286615564
8/15/1988 16:00:00	12.3499660751
8/16/1988 16:00:00	12.4413432846
8/17/1988 16:00:00	12.4515583571
8/18/1988 16:00:00	12.4650373359
8/19/1988 16:00:00	12.4281431666
8/22/1988 16:00:00	12.2755716257
8/23/1988 16:00:00	12.2811225552
8/24/1988 16:00:00	12.474179538
8/25/1988 16:00:00	12.3817792887
8/26/1988 16:00:00	12.4087864388
8/29/1988 16:00:00	12.5402708367
8/30/1988 16:00:00	12.5504851922
8/31/1988 16:00:00	12.5033304639
9/1/1988 16:00:00	12.3530961692
9/2/1988 16:00:00	12.648759049
9/6/1988 16:00:00	12.7037484645
9/7/1988 16:00:00	12.7172272626
9/8/1988 16:00:00	12.7185787561
9/9/1988 16:00:00	12.769369758
9/12/1988 16:00:00	12.7520649348
9/13/1988 16:00:00	12.7991247915
9/14/1988 16:00:00	12.889558325
9/15/1988 16:00:00	12.8335422848
9/16/1988 16:00:00	12.9547591969
9/19/1988 16:00:00	12.8674938265
9/20/1988 16:00:00	12.9159500866
9/21/1988 16:00:00	12.9392215348
9/22/1988 16:00:00	12.8920679932
9/23/1988 16:00:00	12.9200021588
9/26/1988 16:00:00	12.8873070938
9/27/1988 16:00:00	12.8583427731
9/28/1988 16:00:00	12.8979364729
9/29/1988 16:00:00	13.0671868742
9/30/1988 16:00:00	13.0349571631
10/3/1988 16:00:00	13.0162532193
10/4/1988 16:00:00	12.9816926007
10/5/1988 16:00:00	13.0408736898
10/6/1988 16:00:00	13.0664764547
10/7/1988 16:00:00	13.3401903469
10/10/1988 16:00:00	13.3480678988
10/11/1988 16:00:00	13.3335603872
10/12/1988 16:00:00	13.1441636785
10/13/1988 16:00:00	13.2038096536
10/14/1988 16:00:00	13.2186842558
10/17/1988 16:00:00	13.262940046
10/18/1988 16:00:00	13.4060631227
10/19/1988 16:00:00	13.2903557996
10/20/1988 16:00:00	13.5738528121
10/21/1988 16:00:00	13.6115768972
10/24/1988 16:00:00	13.5471682874
10/25/1988 16:00:00	13.5531803383
10/26/1988 16:00:00	13.5083599263
10/27/1988 16:00:00	13.3115085565
10/28/1988 16:00:00	13.3725504389
10/31/1988 16:00:00	13.3967499146
11/1/1988 16:00:00	13.4078929727
11/2/1988 16:00:00	13.4078426931
11/3/1988 16:00:00	13.4171184299
11/4/1988 16:00:00	13.2892909284
11/7/1988 16:00:00	13.1810498729
11/8/1988 16:00:00	13.2425574323
11/9/1988 16:00:00	13.1576341895
11/10/1988 16:00:00	13.1781036905
11/11/1988 16:00:00	12.9001202112
11/14/1988 16:00:00	12.8963403892
11/15/1988 16:00:00	12.9270699424
11/16/1988 16:00:00	12.7120450765
11/17/1988 16:00:00	12.750236474
11/18/1988 16:00:00	12.8439188539
11/21/1988 16:00:00	12.8326794059
11/22/1988 16:00:00	12.8801954822
11/23/1988 16:00:00	12.9678153729
11/25/1988 16:00:00	12.8870933524
11/28/1988 16:00:00	12.9583926572
11/29/1988 16:00:00	13.0702590715
11/30/1988 16:00:00	13.2049734822
12/1/1988 16:00:00	13.1475687128
12/2/1988 16:00:00	13.1176749824
12/5/1988 16:00:00	13.2710411093
12/6/1988 16:00:00	13.4010908415
12/7/1988 16:00:00	13.4276187932
12/8/1988 16:00:00	13.3524945745
12/9/1988 16:00:00	13.3794892639
12/12/1988 16:00:00	13.356124189
12/13/1988 16:00:00	13.3472143602
12/14/1988 16:00:00	13.2996027777
12/15/1988 16:00:00	13.2501259832
12/16/1988 16:00:00	13.3479976954
12/19/1988 16:00:00	13.4747783844
12/20/1988 16:00:00	13.405716783
12/21/1988 16:00:00	13.4014701102
12/22/1988 16:00:00	13.3771735962
12/23/1988 16:00:00	13.4368075093
12/27/1988 16:00:00	13.3868647599
12/28/1988 16:00:00	13.3994035746
12/29/1988 16:00:00	13.5131250427
12/30/1988 16:00:00	13.434273725
1/3/1989 16:00:00	13.319053719
1/4/1989 16:00:00	13.5213655635
1/5/1989 16:00:00	13.5502233757
1/6/1989 16:00:00	13.5818798905
1/9/1989 16:00:00	13.5986138726
1/10/1989 16:00:00	13.5696546852
1/11/1989 16:00:00	13.6488690937
1/12/1989 16:00:00	13.704768419
1/13/1989 16:00:00	13.7415519339
1/16/1989 16:00:00	13.7545555664
1/17/1989 16:00:00	13.7260630464
1/18/1989 16:00:00	13.8700840029
1/19/1989 16:00:00	13.8882151031
1/20/1989 16:00:00	13.8755747604
1/23/1989 16:00:00	13.7748127416
1/24/1989 16:00:00	13.9705855552
1/25/1989 16:00:00	14.0036362088
1/26/1989 16:00:00	14.1280700231
1/27/1989 16:00:00	14.2315228637
1/30/1989 16:00:00	14.2906829425
1/31/1989 16:00:00	14.4165129486
2/1/1989 16:00:00	14.4001403081
2/2/1989 16:00:00	14.3954250937
2/3/1989 16:00:00	14.4023643283
2/6/1989 16:00:00	14.3673429402
2/7/1989 16:00:00	14.5430572493
2/8/1989 16:00:00	14.4959146278
2/9/1989 16:00:00	14.3737077328
2/10/1989 16:00:00	14.182036152
2/13/1989 16:00:00	14.214152467
2/14/1989 16:00:00	14.1823964631
2/15/1989 16:00:00	14.3016953464
2/16/1989 16:00:00	14.3296136403
2/17/1989 16:00:00	14.4288641353
2/21/1989 16:00:00	14.3915134568
2/22/1989 16:00:00	14.1457660188
2/23/1989 16:00:00	14.2049212202
2/24/1989 16:00:00	13.9657025226
2/27/1989 16:00:00	14.0038794824
2/28/1989 16:00:00	14.0565084111
3/1/1989 16:00:00	13.9753352868
3/2/1989 16:00:00	14.1151434637
3/3/1989 16:00:00	14.1752307583
3/6/1989 16:00:00	14.3555961839
3/7/1989 16:00:00	14.3112545128
3/8/1989 16:00:00	14.32192242
3/9/1989 16:00:00	14.3204701899
3/10/1989 16:00:00	14.270068432
3/13/1989 16:00:00	14.3902912479
3/14/1989 16:00:00	14.3823128848
3/15/1989 16:00:00	14.4577808983
3/16/1989 16:00:00	14.5929199093
3/17/1989 16:00:00	14.2646721013
3/20/1989 16:00:00	14.1298930383
3/21/1989 16:00:00	14.1988336681
3/22/1989 16:00:00	14.1577579975
3/23/1989 16:00:00	14.0840483413
3/27/1989 16:00:00	14.1707046279
3/28/1989 16:00:00	14.220997465
3/29/1989 16:00:00	14.258237208
3/30/1989 16:00:00	14.2684395094
3/31/1989 16:00:00	14.3830641139
4/3/1989 16:00:00	14.4608589834
4/4/1989 16:00:00	14.4146550193
4/5/1989 16:00:00	14.4602853322
4/6/1989 16:00:00	14.4140802937
4/7/1989 16:00:00	14.5049276778
4/10/1989 16:00:00	14.5044066726
4/11/1989 16:00:00	14.5719452977
4/12/1989 16:00:00	14.5965967088
4/13/1989 16:00:00	14.471147151
4/14/1989 16:00:00	14.713491226
4/17/1989 16:00:00	14.7320816797
4/18/1989 16:00:00	14.9431905599
4/19/1989 16:00:00	14.9986058173
4/20/1989 16:00:00	14.9519353092
4/21/1989 16:00:00	15.1187570484
4/24/1989 16:00:00	15.076748114
4/25/1989 16:00:00	14.9843958593
4/26/1989 16:00:00	14.9959930588
4/27/1989 16:00:00	15.125521989
4/28/1989 16:00:00	15.1287285349
5/1/1989 16:00:00	15.1076953646
5/2/1989 16:00:00	15.0624255962
5/3/1989 16:00:00	15.0670292432
5/4/1989 16:00:00	15.0567179314
5/5/1989 16:00:00	15.0533996859
5/8/1989 16:00:00	14.9810935243
5/9/1989 16:00:00	14.9502732607
5/10/1989 16:00:00	14.9809811661
5/11/1989 16:00:00	15.0382578181
5/12/1989 16:00:00	15.37660113
5/15/1989 16:00:00	15.4963334175
5/16/1989 16:00:00	15.4622500971
5/17/1989 16:00:00	15.5703284306
5/18/1989 16:00:00	15.595906821
5/19/1989 16:00:00	15.7566540506
5/22/1989 16:00:00	15.7971472289
5/23/1989 16:00:00	15.6176382349
5/24/1989 16:00:00	15.6599950079
5/25/1989 16:00:00	15.6650626892
5/26/1989 16:00:00	15.7885194351
5/30/1989 16:00:00	15.667276529
5/31/1989 16:00:00	15.7394617414
6/1/1989 16:00:00	15.8121129607
6/2/1989 16:00:00	15.9868375226
6/5/1989 16:00:00	15.8180537417
6/6/1989 16:00:00	15.9307866309
6/7/1989 16:00:00	16.064027956
6/8/1989 16:00:00	16.0541803644
6/9/1989 16:00:00	16.0569165369
6/12/1989 16:00:00	16.0363486973
6/13/1989 16:00:00	15.9225653967
6/14/1989 16:00:00	15.9192428115
6/15/1989 16:00:00	15.7350830913
6/16/1989 16:00:00	15.7974790915
6/19/1989 16:00:00	15.826316029
6/20/1989 16:00:00	15.7959624594
6/21/1989 16:00:00	15.7581504434
6/22/1989 16:00:00	15.8979110935
6/23/1989 16:00:00	16.127622148
6/26/1989 16:00:00	16.0683708399
6/27/1989 16:00:00	16.1591929697
6/28/1989 16:00:00	16.031897791
6/29/1989 16:00:00	15.7302986696
6/30/1989 16:00:00	15.6491465103
7/3/1989 16:00:00	15.7148015492
7/5/1989 16:00:00	15.7860484908
7/6/1989 16:00:00	15.8330608067
7/7/1989 16:00:00	15.9984480249
7/10/1989 16:00:00	16.106511186
7/11/1989 16:00:00	16.1908047953
7/12/1989 16:00:00	16.2420091093
7/13/1989 16:00:00	16.2484720417
7/14/1989 16:00:00	16.3434835964
7/17/1989 16:00:00	16.3746460518
7/18/1989 16:00:00	16.3219237548
7/19/1989 16:00:00	16.5376352861
7/20/1989 16:00:00	16.4280567261
7/21/1989 16:00:00	16.5459008889
7/24/1989 16:00:00	16.4391177582
7/25/1989 16:00:00	16.4507067974
7/26/1989 16:00:00	16.6575606267
7/27/1989 16:00:00	16.8546268089
7/28/1989 16:00:00	16.862951663
7/31/1989 16:00:00	17.0609471345
8/1/1989 16:00:00	16.9522999882
8/2/1989 16:00:00	16.9839266541
8/3/1989 16:00:00	17.0108912236
8/4/1989 16:00:00	16.9726139833
8/7/1989 16:00:00	17.2470319464
8/8/1989 16:00:00	17.2506947246
8/9/1989 16:00:00	17.1345944242
8/10/1989 16:00:00	17.2011687627
8/11/1989 16:00:00	17.0314792525
8/14/1989 16:00:00	16.9545237468
8/15/1989 16:00:00	17.0369433031
8/16/1989 16:00:00	17.0867417062
8/17/1989 16:00:00	17.0279614539
8/18/1989 16:00:00	17.1061845924
8/21/1989 16:00:00	16.844231875
8/22/1989 16:00:00	16.8721285451
8/23/1989 16:00:00	17.045413902
8/24/1989 16:00:00	17.3827255997
8/25/1989 16:00:00	17.3355952383
8/28/1989 16:00:00	17.4208063883
8/29/1989 16:00:00	17.3126324666
8/30/1989 16:00:00	17.3531077584
8/31/1989 16:00:00	17.392651298
9/1/1989 16:00:00	17.5104786048
9/5/1989 16:00:00	17.4544951478
9/6/1989 16:00:00	17.2908733958
9/7/1989 16:00:00	17.2474733749
9/8/1989 16:00:00	17.2679101389
9/11/1989 16:00:00	17.2198505464
9/12/1989 16:00:00	17.2729070179
9/13/1989 16:00:00	17.1125497037
9/14/1989 16:00:00	16.9997214743
9/15/1989 16:00:00	17.0942481239
9/18/1989 16:00:00	17.177591455
9/19/1989 16:00:00	17.1761292179
9/20/1989 16:00:00	17.1723377722
9/21/1989 16:00:00	17.1368602753
9/22/1989 16:00:00	17.2038935179
9/25/1989 16:00:00	17.0714987005
9/26/1989 16:00:00	17.0770258622
9/27/1989 16:00:00	17.1156349534
9/28/1989 16:00:00	17.2921651266
9/29/1989 16:00:00	17.3209886677
10/2/1989 16:00:00	17.407123573
10/3/1989 16:00:00	17.6046172103
10/4/1989 16:00:00	17.7177757375
10/5/1989 16:00:00	17.7195720258
10/6/1989 16:00:00	17.8103638021
10/9/1989 16:00:00	17.8610837532
10/10/1989 16:00:00	17.8279359139
10/11/1989 16:00:00	17.7221017063
10/12/1989 16:00:00	17.6423616664
10/13/1989 16:00:00	16.5632061971
10/16/1989 16:00:00	17.0230129106
10/17/1989 16:00:00	16.9400145894
10/18/1989 16:00:00	16.9697707956
10/19/1989 16:00:00	17.2366803421
10/20/1989 16:00:00	17.2384783575
10/23/1989 16:00:00	17.1247297477
10/24/1989 16:00:00	17.0687565031
10/25/1989 16:00:00	17.011384572
10/26/1989 16:00:00	16.7876835111
10/27/1989 16:00:00	16.6450520917
10/30/1989 16:00:00	16.6482499526
10/31/1989 16:00:00	16.917481642
11/1/1989 16:00:00	16.9593508034
11/2/1989 16:00:00	16.8334927141
11/3/1989 16:00:00	16.7914987235
11/6/1989 16:00:00	16.548235947
11/7/1989 16:00:00	16.6646484247
11/8/1989 16:00:00	16.8318425691
11/9/1989 16:00:00	16.7581687174
11/10/1989 16:00:00	16.8885553218
11/13/1989 16:00:00	16.9173770154
11/14/1989 16:00:00	16.8418397139
11/15/1989 16:00:00	16.9698956697
11/16/1989 16:00:00	16.9749560955
11/17/1989 16:00:00	17.0280039209
11/20/1989 16:00:00	16.9175261503
11/21/1989 16:00:00	16.9295760628
11/22/1989 16:00:00	17.045049648
11/24/1989 16:00:00	17.1498081038
11/27/1989 16:00:00	17.2391925106
11/28/1989 16:00:00	17.2498420498
11/29/1989 16:00:00	17.1416961393
11/30/1989 16:00:00	17.2608945263
12/1/1989 16:00:00	17.4942289534
12/4/1989 16:00:00	17.5407500285
12/5/1989 16:00:00	17.4521701771
12/6/1989 16:00:00	17.4008594857
12/7/1989 16:00:00	17.3542080792
12/8/1989 16:00:00	17.4091155356
12/11/1989 16:00:00	17.4099814557
12/12/1989 16:00:00	17.5697045357
12/13/1989 16:00:00	17.6208829355
12/14/1989 16:00:00	17.5299749885
12/15/1989 16:00:00	17.4870517493
12/18/1989 16:00:00	17.1697429043
12/19/1989 16:00:00	17.1091174853
12/20/1989 16:00:00	17.1286194745
12/21/1989 16:00:00	17.2259164751
12/22/1989 16:00:00	17.3670020376
12/26/1989 16:00:00	17.339918784
12/27/1989 16:00:00	17.4400088206
12/28/1989 16:00:00	17.5331108365
12/29/1989 16:00:00	17.6741931392
1/2/1990 16:00:00	17.9885645472
1/3/1990 16:00:00	17.9423801876
1/4/1990 16:00:00	17.7955752718
1/5/1990 16:00:00	17.6222203241
1/8/1990 16:00:00	17.7032090386
1/9/1990 16:00:00	17.4944525948
1/10/1990 16:00:00	17.3793286256
1/11/1990 16:00:00	17.4402859364
1/12/1990 16:00:00	17.012598474
1/15/1990 16:00:00	16.866267199
1/16/1990 16:00:00	17.0543940359
1/17/1990 16:00:00	16.8875691771
1/18/1990 16:00:00	16.9266339337
1/19/1990 16:00:00	16.9754800267
1/22/1990 16:00:00	16.53802238
1/23/1990 16:00:00	16.5994458442
1/24/1990 16:00:00	16.2304663979
1/25/1990 16:00:00	16.3272920907
1/26/1990 16:00:00	16.3146547204
1/29/1990 16:00:00	16.2875777498
1/30/1990 16:00:00	16.1808484105
1/31/1990 16:00:00	16.4863502995
2/1/1990 16:00:00	16.4741773494
2/2/1990 16:00:00	16.5835772827
2/5/1990 16:00:00	16.6417390408
2/6/1990 16:00:00	16.5378049901
2/7/1990 16:00:00	16.7464165421
2/8/1990 16:00:00	16.7076941015
2/9/1990 16:00:00	16.7486192983
2/12/1990 16:00:00	16.576683925
2/13/1990 16:00:00	16.6287890172
2/14/1990 16:00:00	16.6794964377
2/15/1990 16:00:00	16.8252225085
2/16/1990 16:00:00	16.7208246509
2/20/1990 16:00:00	16.4841493207
2/21/1990 16:00:00	16.4682514159
2/22/1990 16:00:00	16.3708437753
2/23/1990 16:00:00	16.2971901116
2/26/1990 16:00:00	16.5290815184
2/27/1990 16:00:00	16.6119257126
2/28/1990 16:00:00	16.6975637548
3/1/1990 16:00:00	16.7422138824
3/2/1990 16:00:00	16.883276367
3/5/1990 16:00:00	16.7989108952
3/6/1990 16:00:00	17.0112328228
3/7/1990 16:00:00	16.962265331
3/8/1990 16:00:00	17.1298731531
3/9/1990 16:00:00	17.0194260487
3/12/1990 16:00:00	17.0575526207
3/13/1990 16:00:00	16.9238192195
3/14/1990 16:00:00	16.9680022121
3/15/1990 16:00:00	17.0289509916
3/16/1990 16:00:00	17.2226362716
3/19/1990 16:00:00	17.3050073293
3/20/1990 16:00:00	17.2076031036
3/21/1990 16:00:00	17.1153220404
3/22/1990 16:00:00	16.9112653789
3/23/1990 16:00:00	16.9885139707
3/26/1990 16:00:00	17.0196549484
3/27/1990 16:00:00	17.2151984968
3/28/1990 16:00:00	17.240748453
3/29/1990 16:00:00	17.1796736751
3/30/1990 16:00:00	17.1386252009
4/2/1990 16:00:00	17.0789483785
4/3/1990 16:00:00	17.3308399742
4/4/1990 16:00:00	17.2096874896
4/5/1990 16:00:00	17.1919254313
4/6/1990 16:00:00	17.16065875
4/9/1990 16:00:00	17.2262603521
4/10/1990 16:00:00	17.2615889783
4/11/1990 16:00:00	17.254072696
4/12/1990 16:00:00	17.3774221612
4/16/1990 16:00:00	17.3992438989
4/17/1990 16:00:00	17.396384529
4/18/1990 16:00:00	17.197464057
4/19/1990 16:00:00	17.0646740529
4/20/1990 16:00:00	16.9151205016
4/23/1990 16:00:00	16.7115468179
4/24/1990 16:00:00	16.6779538893
4/25/1990 16:00:00	16.7640453024
4/26/1990 16:00:00	16.8114826915
4/27/1990 16:00:00	16.6195547548
4/30/1990 16:00:00	16.7098364585
5/1/1990 16:00:00	16.7870782644
5/2/1990 16:00:00	16.9006430057
5/3/1990 16:00:00	16.9606519784
5/4/1990 16:00:00	17.1119354566
5/7/1990 16:00:00	17.2254977094
5/8/1990 16:00:00	17.3064623757
5/9/1990 16:00:00	17.3529652886
5/10/1990 16:00:00	17.4041234798
5/11/1990 16:00:00	17.8222345512
5/14/1990 16:00:00	17.9697866629
5/15/1990 16:00:00	17.946900421
5/16/1990 16:00:00	17.9365883353
5/17/1990 16:00:00	17.9612014046
5/18/1990 16:00:00	17.9699818171
5/21/1990 16:00:00	18.1440738129
5/22/1990 16:00:00	18.1761351768
5/23/1990 16:00:00	18.2203053553
5/24/1990 16:00:00	18.1778618895
5/25/1990 16:00:00	17.991996934
5/29/1990 16:00:00	18.3039177877
5/30/1990 16:00:00	18.3150258048
5/31/1990 16:00:00	18.3373075112
6/1/1990 16:00:00	18.4368885886
6/4/1990 16:00:00	18.6556748347
6/5/1990 16:00:00	18.6192830598
6/6/1990 16:00:00	18.5349315936
6/7/1990 16:00:00	18.4435963957
6/8/1990 16:00:00	18.2186229838
6/11/1990 16:00:00	18.3745428577
6/12/1990 16:00:00	18.6100881196
6/13/1990 16:00:00	18.5420344034
6/14/1990 16:00:00	18.4409229616
6/15/1990 16:00:00	18.4417845622
6/18/1990 16:00:00	18.1362615287
6/19/1990 16:00:00	18.2186093936
6/20/1990 16:00:00	18.2506694898
6/21/1990 16:00:00	18.3204449237
6/22/1990 16:00:00	18.0642829743
6/25/1990 16:00:00	17.9161476778
6/26/1990 16:00:00	17.9039739031
6/27/1990 16:00:00	18.0608214952
6/28/1990 16:00:00	18.1887984633
6/29/1990 16:00:00	18.2120110225
7/2/1990 16:00:00	18.2896994029
7/3/1990 16:00:00	18.3292081089
7/5/1990 16:00:00	18.1037842474
7/6/1990 16:00:00	18.2433988635
7/9/1990 16:00:00	18.3005991554
7/10/1990 16:00:00	18.1468814869
7/11/1990 16:00:00	18.3879955097
7/12/1990 16:00:00	18.6021034801
7/13/1990 16:00:00	18.6974810858
7/16/1990 16:00:00	18.7849436086
7/17/1990 16:00:00	18.7122402726
7/18/1990 16:00:00	18.5450218681
7/19/1990 16:00:00	18.6012886406
7/20/1990 16:00:00	18.4121890786
7/23/1990 16:00:00	18.0931911645
7/24/1990 16:00:00	18.1178008111
7/25/1990 16:00:00	18.1852419367
7/26/1990 16:00:00	18.1265097141
7/27/1990 16:00:00	18.0039948244
7/30/1990 16:00:00	18.1156663225
7/31/1990 16:00:00	18.1523795015
8/1/1990 16:00:00	18.1211171507
8/2/1990 16:00:00	17.9180576799
8/3/1990 16:00:00	17.5832445106
8/6/1990 16:00:00	17.0636004599
8/7/1990 16:00:00	17.0914695248
8/8/1990 16:00:00	17.2715814767
8/9/1990 16:00:00	17.3567147277
8/10/1990 16:00:00	17.1359724617
8/13/1990 16:00:00	17.3109588703
8/14/1990 16:00:00	17.3416211593
8/15/1990 16:00:00	17.3769390963
8/16/1990 16:00:00	16.9885990274
8/17/1990 16:00:00	16.7552913801
8/20/1990 16:00:00	16.793404324
8/21/1990 16:00:00	16.4553498901
8/22/1990 16:00:00	16.1843388331
8/23/1990 16:00:00	15.6991756771
8/24/1990 16:00:00	15.9267685449
8/27/1990 16:00:00	16.4406711952
8/28/1990 16:00:00	16.4415415391
8/29/1990 16:00:00	16.5885898523
8/30/1990 16:00:00	16.3082730148
8/31/1990 16:00:00	16.5102553221
9/4/1990 16:00:00	16.5413849861
9/5/1990 16:00:00	16.6078940999
9/6/1990 16:00:00	16.4076531465
9/7/1990 16:00:00	16.5584233219
9/10/1990 16:00:00	16.4754970115
9/11/1990 16:00:00	16.4479692546
9/12/1990 16:00:00	16.5247191005
9/13/1990 16:00:00	16.3254127535
9/14/1990 16:00:00	16.2327129871
9/17/1990 16:00:00	16.2819972121
9/18/1990 16:00:00	16.333608095
9/19/1990 16:00:00	16.2311338727
9/20/1990 16:00:00	15.9722450123
9/21/1990 16:00:00	15.963806208
9/24/1990 16:00:00	15.625785523
9/25/1990 16:00:00	15.8156545116
9/26/1990 16:00:00	15.6517366889
9/27/1990 16:00:00	15.4449928483
9/28/1990 16:00:00	15.7056180484
10/1/1990 16:00:00	16.1668717174
10/2/1990 16:00:00	16.1807769934
10/3/1990 16:00:00	15.9954468418
10/4/1990 16:00:00	16.0619527519
10/5/1990 16:00:00	16.0013785556
10/8/1990 16:00:00	16.102796043
10/9/1990 16:00:00	15.6735511337
10/10/1990 16:00:00	15.4319023525
10/11/1990 16:00:00	15.1786181639
10/12/1990 16:00:00	15.4131673788
10/15/1990 16:00:00	15.5811507115
10/16/1990 16:00:00	15.3599873216
10/17/1990 16:00:00	15.3524818335
10/18/1990 16:00:00	15.7113094145
10/19/1990 16:00:00	16.0580328494
10/22/1990 16:00:00	16.1771346805
10/23/1990 16:00:00	16.0541878119
10/24/1990 16:00:00	16.0666963078
10/25/1990 16:00:00	15.9428203456
10/26/1990 16:00:00	15.6662711463
10/29/1990 16:00:00	15.5237791732
10/30/1990 16:00:00	15.6400876251
10/31/1990 16:00:00	15.6372362988
11/1/1990 16:00:00	15.7954348583
11/2/1990 16:00:00	16.045794117
11/5/1990 16:00:00	16.2072485318
11/6/1990 16:00:00	16.0582406227
11/7/1990 16:00:00	15.7700628719
11/8/1990 16:00:00	15.8607679245
11/9/1990 16:00:00	16.1841972467
11/12/1990 16:00:00	16.4801641475
11/13/1990 16:00:00	16.3888732589
11/14/1990 16:00:00	16.5326363458
11/15/1990 16:00:00	16.3589625436
11/16/1990 16:00:00	16.3691410237
11/19/1990 16:00:00	16.484043949
11/20/1990 16:00:00	16.2763960303
11/21/1990 16:00:00	16.3144998974
11/23/1990 16:00:00	16.2669646476
11/26/1990 16:00:00	16.3450964403
11/27/1990 16:00:00	16.4334672441
11/28/1990 16:00:00	16.4259599589
11/29/1990 16:00:00	16.3472405598
11/30/1990 16:00:00	16.6469152307
12/3/1990 16:00:00	16.7552965868
12/4/1990 16:00:00	16.8748482959
12/5/1990 16:00:00	17.0595580715
12/6/1990 16:00:00	17.0166747001
12/7/1990 16:00:00	16.9491258839
12/10/1990 16:00:00	17.0109622862
12/11/1990 16:00:00	16.8908217392
12/12/1990 16:00:00	17.0848354277
12/13/1990 16:00:00	17.0419541846
12/14/1990 16:00:00	16.9115743529
12/17/1990 16:00:00	16.8710205602
12/18/1990 16:00:00	17.0803906526
12/19/1990 16:00:00	17.0891694238
12/20/1990 16:00:00	17.0849168739
12/21/1990 16:00:00	17.169090499
12/24/1990 16:00:00	17.0861848804
12/26/1990 16:00:00	17.1363832483
12/27/1990 16:00:00	17.0041464038
12/28/1990 16:00:00	17.0315407882
12/31/1990 16:00:00	17.1091982624
1/2/1991 16:00:00	16.9141348331
1/3/1991 16:00:00	16.6795144397
1/4/1991 16:00:00	16.6380330762
1/7/1991 16:00:00	16.3531543752
1/8/1991 16:00:00	16.3251696836
1/9/1991 16:00:00	16.1496581747
1/10/1991 16:00:00	16.3068966891
1/11/1991 16:00:00	16.3436009148
1/14/1991 16:00:00	16.2053223811
1/15/1991 16:00:00	16.2699481336
1/16/1991 16:00:00	16.3974006289
1/17/1991 16:00:00	17.0093037036
1/18/1991 16:00:00	17.2316871169
1/21/1991 16:00:00	17.1711250827
1/22/1991 16:00:00	17.0286583947
1/23/1991 16:00:00	17.1277162155
1/24/1991 16:00:00	17.3677799076
1/25/1991 16:00:00	17.4351928563
1/28/1991 16:00:00	17.4365234988
1/29/1991 16:00:00	17.4313384281
1/30/1991 16:00:00	17.6960612548
1/31/1991 16:00:00	17.8528207861
2/1/1991 16:00:00	17.8080788834
2/4/1991 16:00:00	18.0955991189
2/5/1991 16:00:00	18.2570077645
2/6/1991 16:00:00	18.6115358698
2/7/1991 16:00:00	18.5365445434
2/8/1991 16:00:00	18.6863161133
2/11/1991 16:00:00	19.1748562607
2/12/1991 16:00:00	19.0174987457
2/13/1991 16:00:00	19.2044948613
2/14/1991 16:00:00	18.9554667948
2/15/1991 16:00:00	19.2108647827
2/19/1991 16:00:00	19.2294058335
2/20/1991 16:00:00	19.0087665032
2/21/1991 16:00:00	18.9998538199
2/22/1991 16:00:00	19.0402659781
2/25/1991 16:00:00	19.1304682052
2/26/1991 16:00:00	18.9019213977
2/27/1991 16:00:00	19.1596403489
2/28/1991 16:00:00	19.1283912901
3/1/1991 16:00:00	19.3070038504
3/4/1991 16:00:00	19.2538844364
3/5/1991 16:00:00	19.6409562723
3/6/1991 16:00:00	19.6129634207
3/7/1991 16:00:00	19.6012570349
3/8/1991 16:00:00	19.5541865901
3/11/1991 16:00:00	19.4559335355
3/12/1991 16:00:00	19.3041696361
3/13/1991 16:00:00	19.5418695943
3/14/1991 16:00:00	19.4864249329
3/15/1991 16:00:00	19.4910051728
3/18/1991 16:00:00	19.4141562376
3/19/1991 16:00:00	19.1274587669
3/20/1991 16:00:00	19.1971816996
3/21/1991 16:00:00	19.1273153103
3/22/1991 16:00:00	19.1830794606
3/25/1991 16:00:00	19.3081713223
3/26/1991 16:00:00	19.6459004732
3/27/1991 16:00:00	19.5965062744
3/28/1991 16:00:00	19.5899180836
4/1/1991 16:00:00	19.3902367164
4/2/1991 16:00:00	19.8196214636
4/3/1991 16:00:00	19.7920956668
4/4/1991 16:00:00	19.8441326182
4/5/1991 16:00:00	19.6137447239
4/8/1991 16:00:00	19.7867542146
4/9/1991 16:00:00	19.5214740518
4/10/1991 16:00:00	19.4999972501
4/11/1991 16:00:00	19.734421408
4/12/1991 16:00:00	19.879047073
4/15/1991 16:00:00	19.9241035931
4/16/1991 16:00:00	20.2604155767
4/17/1991 16:00:00	20.4087591483
4/18/1991 16:00:00	20.3049298856
4/19/1991 16:00:00	20.0829232414
4/22/1991 16:00:00	19.914424242
4/23/1991 16:00:00	19.9566881818
4/24/1991 16:00:00	20.0101174927
4/25/1991 16:00:00	19.8276636056
4/26/1991 16:00:00	19.8173536415
4/29/1991 16:00:00	19.5409203039
4/30/1991 16:00:00	19.634826796
5/1/1991 16:00:00	19.8934304854
5/2/1991 16:00:00	19.9059170013
5/3/1991 16:00:00	19.9230575643
5/6/1991 16:00:00	19.898325085
5/7/1991 16:00:00	19.7637953591
5/8/1991 16:00:00	19.8260630296
5/9/1991 16:00:00	20.0837302286
5/10/1991 16:00:00	19.6933220604
5/13/1991 16:00:00	19.7523337393
5/14/1991 16:00:00	19.4847515609
5/15/1991 16:00:00	19.3269649358
5/16/1991 16:00:00	19.5204274628
5/17/1991 16:00:00	19.5408243292
5/20/1991 16:00:00	19.5393554344
5/21/1991 16:00:00	19.7025758008
5/22/1991 16:00:00	19.7471627364
5/23/1991 16:00:00	19.6833538706
5/24/1991 16:00:00	19.8209840487
5/28/1991 16:00:00	20.0609612406
5/29/1991 16:00:00	20.1060118337
5/30/1991 16:00:00	20.3259823796
5/31/1991 16:00:00	20.4803549991
6/3/1991 16:00:00	20.3937500287
6/4/1991 16:00:00	20.379252245
6/5/1991 16:00:00	20.24007845
6/6/1991 16:00:00	20.1646397905
6/7/1991 16:00:00	19.9440589417
6/10/1991 16:00:00	19.9053731675
6/11/1991 16:00:00	20.0397401092
6/12/1991 16:00:00	19.8079965304
6/13/1991 16:00:00	19.8614207949
6/14/1991 16:00:00	20.1065025774
6/17/1991 16:00:00	19.9933860095
6/18/1991 16:00:00	19.9137625834
6/19/1991 16:00:00	19.7299395419
6/20/1991 16:00:00	19.7475428547
6/21/1991 16:00:00	19.8698125222
6/24/1991 16:00:00	19.5222465119
6/25/1991 16:00:00	19.5077513902
6/26/1991 16:00:00	19.5579183773
6/27/1991 16:00:00	19.705771105
6/28/1991 16:00:00	19.5405604168
7/1/1991 16:00:00	19.8968105185
7/2/1991 16:00:00	19.8730116696
7/3/1991 16:00:00	19.6631448223
7/5/1991 16:00:00	19.7058672285
7/8/1991 16:00:00	19.9095366776
7/9/1991 16:00:00	19.8150335356
7/10/1991 16:00:00	19.7954217394
7/11/1991 16:00:00	19.860005666
7/12/1991 16:00:00	20.0329707582
7/15/1991 16:00:00	20.1491851958
7/16/1991 16:00:00	20.1049192
7/17/1991 16:00:00	20.0867020894
7/18/1991 16:00:00	20.3075744472
7/19/1991 16:00:00	20.2470291937
7/22/1991 16:00:00	20.1781106242
7/23/1991 16:00:00	19.9956978169
7/24/1991 16:00:00	19.9551553555
7/25/1991 16:00:00	20.0783434748
7/26/1991 16:00:00	20.0778025843
7/29/1991 16:00:00	20.1986641858
7/30/1991 16:00:00	20.3902255112
7/31/1991 16:00:00	20.4496865711
8/1/1991 16:00:00	20.4142605441
8/2/1991 16:00:00	20.4202295384
8/5/1991 16:00:00	20.3164294097
8/6/1991 16:00:00	20.619617707
8/7/1991 16:00:00	20.6246575366
8/8/1991 16:00:00	20.5622519407
8/9/1991 16:00:00	20.4524059786
8/12/1991 16:00:00	20.5058181886
8/13/1991 16:00:00	20.591323506
8/14/1991 16:00:00	20.6089210725
8/15/1991 16:00:00	20.5800066893
8/16/1991 16:00:00	20.385045617
8/19/1991 16:00:00	19.9072969199
8/20/1991 16:00:00	20.0644306488
8/21/1991 16:00:00	20.6545801527
8/22/1991 16:00:00	20.6945028494
8/23/1991 16:00:00	20.8446555484
8/26/1991 16:00:00	20.8348091333
8/27/1991 16:00:00	20.7975232313
8/28/1991 16:00:00	20.9899969345
8/29/1991 16:00:00	20.9815467489
8/30/1991 16:00:00	20.9321676856
9/3/1991 16:00:00	20.7613992862
9/4/1991 16:00:00	20.6473724625
9/5/1991 16:00:00	20.6040416559
9/6/1991 16:00:00	20.6021036252
9/9/1991 16:00:00	20.5815622821
9/10/1991 16:00:00	20.3759153502
9/11/1991 16:00:00	20.4042099709
9/12/1991 16:00:00	20.5236606454
9/13/1991 16:00:00	20.3254577485
9/16/1991 16:00:00	20.4500230356
9/17/1991 16:00:00	20.4369241706
9/18/1991 16:00:00	20.5131210127
9/19/1991 16:00:00	20.5460641089
9/20/1991 16:00:00	20.5687752607
9/23/1991 16:00:00	20.4631271078
9/24/1991 16:00:00	20.5658306803
9/25/1991 16:00:00	20.5229679744
9/26/1991 16:00:00	20.5024279258
9/27/1991 16:00:00	20.4711910058
9/30/1991 16:00:00	20.5804045851
10/1/1991 16:00:00	20.6524115068
10/2/1991 16:00:00	20.6025736522
10/3/1991 16:00:00	20.4015906182
10/4/1991 16:00:00	20.2401392371
10/7/1991 16:00:00	20.1493769746
10/8/1991 16:00:00	20.2125494425
10/9/1991 16:00:00	20.0073856026
10/10/1991 16:00:00	20.2063519624
10/11/1991 16:00:00	20.2574317939
10/14/1991 16:00:00	20.5238266432
10/15/1991 16:00:00	20.7660391018
10/16/1991 16:00:00	20.8612945159
10/17/1991 16:00:00	20.815177636
10/18/1991 16:00:00	20.8457923702
10/21/1991 16:00:00	20.7150386432
10/22/1991 16:00:00	20.5991659799
10/23/1991 16:00:00	20.6046689195
10/24/1991 16:00:00	20.4520609781
10/25/1991 16:00:00	20.4073417083
10/28/1991 16:00:00	20.6941888281
10/29/1991 16:00:00	20.80339155
10/30/1991 16:00:00	20.8819030036
10/31/1991 16:00:00	20.8553194059
11/1/1991 16:00:00	20.7957184043
11/4/1991 16:00:00	20.7575083968
11/5/1991 16:00:00	20.6848877405
11/6/1991 16:00:00	20.7568872437
11/7/1991 16:00:00	20.9595568094
11/8/1991 16:00:00	20.9255317102
11/11/1991 16:00:00	20.9375440008
11/12/1991 16:00:00	21.1318393549
11/13/1991 16:00:00	21.1694256729
11/14/1991 16:00:00	21.1577211225
11/15/1991 16:00:00	20.3838730131
11/18/1991 16:00:00	20.5302736695
11/19/1991 16:00:00	20.2209696689
11/20/1991 16:00:00	20.1743938855
11/21/1991 16:00:00	20.2561582985
11/22/1991 16:00:00	20.0528792851
11/25/1991 16:00:00	20.0156051102
11/26/1991 16:00:00	20.1550278183
11/27/1991 16:00:00	20.0828778079
11/29/1991 16:00:00	20.0135195792
12/2/1991 16:00:00	20.3510257797
12/3/1991 16:00:00	20.3323489038
12/4/1991 16:00:00	20.2862397091
12/5/1991 16:00:00	20.1438792216
12/6/1991 16:00:00	20.2354048698
12/9/1991 16:00:00	20.1939452083
12/10/1991 16:00:00	20.1813156162
12/11/1991 16:00:00	20.1710104266
12/12/1991 16:00:00	20.3769176556
12/13/1991 16:00:00	20.5330724584
12/16/1991 16:00:00	20.5334594644
12/17/1991 16:00:00	20.4441093665
12/18/1991 16:00:00	20.483555132
12/19/1991 16:00:00	20.4323319182
12/20/1991 16:00:00	20.6745005958
12/23/1991 16:00:00	21.1970404485
12/24/1991 16:00:00	21.3443523343
12/26/1991 16:00:00	21.6399861872
12/27/1991 16:00:00	21.7324308418
12/30/1991 16:00:00	22.1963742844
12/31/1991 16:00:00	22.3004399831
1/2/1992 16:00:00	22.3101199279
1/3/1992 16:00:00	22.4216237776
1/6/1992 16:00:00	22.3569127434
1/7/1992 16:00:00	22.3280025006
1/8/1992 16:00:00	22.3651137168
1/9/1992 16:00:00	22.3403879687
1/10/1992 16:00:00	22.2059357251
1/13/1992 16:00:00	22.1658684072
1/14/1992 16:00:00	22.4926358942
1/15/1992 16:00:00	22.5120794503
1/16/1992 16:00:00	22.3757684433
1/17/1992 16:00:00	22.4119491517
1/20/1992 16:00:00	22.2779664643
1/21/1992 16:00:00	22.079357661
1/22/1992 16:00:00	22.3731087315
1/23/1992 16:00:00	22.2037915434
1/24/1992 16:00:00	22.2316039423
1/27/1992 16:00:00	22.2092052619
1/28/1992 16:00:00	22.2105166791
1/29/1992 16:00:00	21.964956869
1/30/1992 16:00:00	22.03414653
1/31/1992 16:00:00	21.8834321359
2/3/1992 16:00:00	21.9289105904
2/4/1992 16:00:00	22.1687224816
2/5/1992 16:00:00	22.1770073711
2/6/1992 16:00:00	22.181573564
2/7/1992 16:00:00	22.0396947567
2/10/1992 16:00:00	22.1944244488
2/11/1992 16:00:00	22.1962012252
2/12/1992 16:00:00	22.3778941867
2/13/1992 16:00:00	22.1946401094
2/14/1992 16:00:00	22.1373740577
2/18/1992 16:00:00	21.8648632008
2/19/1992 16:00:00	21.9126651633
2/20/1992 16:00:00	22.2166224849
2/21/1992 16:00:00	22.085903815
2/24/1992 16:00:00	22.1346350959
2/25/1992 16:00:00	22.0429694188
2/26/1992 16:00:00	22.3060116241
2/27/1992 16:00:00	22.2268973162
2/28/1992 16:00:00	22.1649853966
3/2/1992 16:00:00	22.1588586187
3/3/1992 16:00:00	22.1875977108
3/4/1992 16:00:00	21.9997042396
3/5/1992 16:00:00	21.8494682953
3/6/1992 16:00:00	21.7424648558
3/9/1992 16:00:00	21.7884064808
3/10/1992 16:00:00	21.8817624609
3/11/1992 16:00:00	21.7282748035
3/12/1992 16:00:00	21.7207553055
3/13/1992 16:00:00	21.8261973967
3/16/1992 16:00:00	21.8567966068
3/17/1992 16:00:00	22.0305733238
3/18/1992 16:00:00	22.0072477856
3/19/1992 16:00:00	22.042493405
3/20/1992 16:00:00	22.1232964779
3/23/1992 16:00:00	22.0488367119
3/24/1992 16:00:00	21.9934365867
3/25/1992 16:00:00	21.9315282998
3/26/1992 16:00:00	21.950504995
3/27/1992 16:00:00	21.7161411853
3/30/1992 16:00:00	21.6942120015
3/31/1992 16:00:00	21.7322466761
4/1/1992 16:00:00	21.7619156861
4/2/1992 16:00:00	21.5619523394
4/3/1992 16:00:00	21.6199761716
4/6/1992 16:00:00	21.8467351831
4/7/1992 16:00:00	21.4422484833
4/8/1992 16:00:00	21.2501921176
4/9/1992 16:00:00	21.5829312503
4/10/1992 16:00:00	21.7813317019
4/13/1992 16:00:00	21.8783987102
4/14/1992 16:00:00	22.2181038754
4/15/1992 16:00:00	22.4276564652
4/16/1992 16:00:00	22.4159518141
4/20/1992 16:00:00	22.1007197482
4/21/1992 16:00:00	22.1066797364
4/22/1992 16:00:00	22.0824254632
4/23/1992 16:00:00	22.1790249469
4/24/1992 16:00:00	22.0413574771
4/27/1992 16:00:00	22.0143149661
4/28/1992 16:00:00	22.0537415173
4/29/1992 16:00:00	22.2102988585
4/30/1992 16:00:00	22.3687146512
5/1/1992 16:00:00	22.238486087
5/4/1992 16:00:00	22.4856766548
5/5/1992 16:00:00	22.4851284971
5/6/1992 16:00:00	22.4845789247
5/7/1992 16:00:00	22.4519582154
5/8/1992 16:00:00	22.4634939143
5/11/1992 16:00:00	22.6051727002
5/12/1992 16:00:00	22.4879593691
5/13/1992 16:00:00	22.4981004875
5/14/1992 16:00:00	22.3209317067
5/15/1992 16:00:00	22.1674688518
5/18/1992 16:00:00	22.3230890734
5/19/1992 16:00:00	22.516355485
5/20/1992 16:00:00	22.4646795299
5/21/1992 16:00:00	22.3140069999
5/22/1992 16:00:00	22.3957233406
5/26/1992 16:00:00	22.2603906216
5/27/1992 16:00:00	22.3021365954
5/28/1992 16:00:00	22.5511706532
5/29/1992 16:00:00	22.4762585785
6/1/1992 16:00:00	22.5895781906
6/2/1992 16:00:00	22.3910366894
6/3/1992 16:00:00	22.4509079492
6/4/1992 16:00:00	22.3815743197
6/5/1992 16:00:00	22.3935732527
6/8/1992 16:00:00	22.3893065991
6/9/1992 16:00:00	22.2200510479
6/10/1992 16:00:00	22.0679911488
6/11/1992 16:00:00	22.1655073606
6/12/1992 16:00:00	22.2049286051
6/15/1992 16:00:00	22.2341249495
6/16/1992 16:00:00	22.1294727274
6/17/1992 16:00:00	21.8008120935
6/18/1992 16:00:00	21.7310183056
6/19/1992 16:00:00	21.878261651
6/22/1992 16:00:00	21.8637726749
6/23/1992 16:00:00	21.8985463114
6/24/1992 16:00:00	21.8989279674
6/25/1992 16:00:00	21.8607383925
6/26/1992 16:00:00	21.8843570091
6/29/1992 16:00:00	22.1835642067
6/30/1992 16:00:00	22.140261191
7/1/1992 16:00:00	22.3976396693
7/2/1992 16:00:00	22.3376051732
7/6/1992 16:00:00	22.4611391643
7/7/1992 16:00:00	22.2077786775
7/8/1992 16:00:00	22.2685741648
7/9/1992 16:00:00	22.4845863535
7/10/1992 16:00:00	22.5058802147
7/13/1992 16:00:00	22.5197368225
7/14/1992 16:00:00	22.6725447714
7/15/1992 16:00:00	22.6413231804
7/16/1992 16:00:00	22.6667983882
7/17/1992 16:00:00	22.5630820764
7/20/1992 16:00:00	22.4635501851
7/21/1992 16:00:00	22.4643948535
7/22/1992 16:00:00	22.3104927523
7/23/1992 16:00:00	22.3731445618
7/24/1992 16:00:00	22.347037387
7/27/1992 16:00:00	22.3483476338
7/28/1992 16:00:00	22.6763418349
7/29/1992 16:00:00	22.933698564
7/30/1992 16:00:00	23.02608812
7/31/1992 16:00:00	23.0427301011
8/3/1992 16:00:00	23.097477121
8/4/1992 16:00:00	23.0667221321
8/5/1992 16:00:00	22.9490678303
8/6/1992 16:00:00	22.8699857071
8/7/1992 16:00:00	22.7867207559
8/10/1992 16:00:00	22.8261337495
8/11/1992 16:00:00	22.7986320543
8/12/1992 16:00:00	22.7390674797
8/13/1992 16:00:00	22.7375882279
8/14/1992 16:00:00	22.8601770222
8/17/1992 16:00:00	22.9093467894
8/18/1992 16:00:00	22.9468993431
8/19/1992 16:00:00	22.7753506094
8/20/1992 16:00:00	22.7808410186
8/21/1992 16:00:00	22.5953518728
8/24/1992 16:00:00	22.3731564675
8/25/1992 16:00:00	22.4251148256
8/26/1992 16:00:00	22.5332980743
8/27/1992 16:00:00	22.5350726178
8/28/1992 16:00:00	22.606544703
8/31/1992 16:00:00	22.5692878488
9/1/1992 16:00:00	22.6858324093
9/2/1992 16:00:00	22.7916885312
9/3/1992 16:00:00	22.7929969643
9/4/1992 16:00:00	22.7459812726
9/8/1992 16:00:00	22.6032482737
9/9/1992 16:00:00	22.7170027484
9/10/1992 16:00:00	22.9134632848
9/11/1992 16:00:00	22.8933965823
9/14/1992 16:00:00	23.2139137225
9/15/1992 16:00:00	22.916456901
9/16/1992 16:00:00	22.9242704502
9/17/1992 16:00:00	22.925578339
9/18/1992 16:00:00	23.0890435391
9/21/1992 16:00:00	23.0503929796
9/22/1992 16:00:00	22.7780314611
9/23/1992 16:00:00	22.7946734687
9/24/1992 16:00:00	22.8614946031
9/25/1992 16:00:00	22.6374584426
9/28/1992 16:00:00	22.765610501
9/29/1992 16:00:00	22.7771407112
9/30/1992 16:00:00	22.8328090272
10/1/1992 16:00:00	22.7504862153
10/2/1992 16:00:00	22.4326023443
10/5/1992 16:00:00	22.2852342455
10/6/1992 16:00:00	22.2647075244
10/7/1992 16:00:00	22.1043334813
10/8/1992 16:00:00	22.297528937
10/9/1992 16:00:00	22.0196084646
10/12/1992 16:00:00	22.2811001463
10/13/1992 16:00:00	22.3827653733
10/14/1992 16:00:00	22.3868627043
10/15/1992 16:00:00	22.4011813118
10/16/1992 16:00:00	22.5177125045
10/19/1992 16:00:00	22.6974275865
10/20/1992 16:00:00	22.7256822143
10/21/1992 16:00:00	22.7362831969
10/22/1992 16:00:00	22.6939197455
10/23/1992 16:00:00	22.666888938
10/26/1992 16:00:00	22.8767981692
10/27/1992 16:00:00	22.8990131354
10/28/1992 16:00:00	22.989055774
10/29/1992 16:00:00	23.0289246068
10/30/1992 16:00:00	22.9099050634
11/2/1992 16:00:00	23.1397861162
11/3/1992 16:00:00	22.9914997154
11/4/1992 16:00:00	22.8432130122
11/5/1992 16:00:00	22.9262854717
11/6/1992 16:00:00	22.8946087739
11/9/1992 16:00:00	22.9521294844
11/10/1992 16:00:00	22.9552957511
11/11/1992 16:00:00	23.1512579506
11/12/1992 16:00:00	23.1897310321
11/13/1992 16:00:00	23.1673444024
11/16/1992 16:00:00	23.0775970047
11/17/1992 16:00:00	23.0050388592
11/18/1992 16:00:00	23.2019258086
11/19/1992 16:00:00	23.2450424313
11/20/1992 16:00:00	23.4135897096
11/23/1992 16:00:00	23.3326697312
11/24/1992 16:00:00	23.476129127
11/25/1992 16:00:00	23.5647706691
11/27/1992 16:00:00	23.6185702872
11/30/1992 16:00:00	23.6881639773
12/1/1992 16:00:00	23.6648478136
12/2/1992 16:00:00	23.6192331581
12/3/1992 16:00:00	23.6214667348
12/4/1992 16:00:00	23.7412306372
12/7/1992 16:00:00	23.9227753816
12/8/1992 16:00:00	24.0160582564
12/9/1992 16:00:00	23.9504698349
12/10/1992 16:00:00	23.8951003034
12/11/1992 16:00:00	23.8457703397
12/14/1992 16:00:00	23.7982978493
12/15/1992 16:00:00	23.7852032611
12/16/1992 16:00:00	23.7275116918
12/17/1992 16:00:00	23.9438918879
12/18/1992 16:00:00	24.2657169135
12/21/1992 16:00:00	24.2340387399
12/22/1992 16:00:00	24.2125788953
12/23/1992 16:00:00	24.142810274
12/24/1992 16:00:00	24.1961403368
12/28/1992 16:00:00	24.1635329603
12/29/1992 16:00:00	24.1002691782
12/30/1992 16:00:00	24.1470949528
12/31/1992 16:00:00	23.9769921122
1/4/1993 16:00:00	23.9685413882
1/5/1993 16:00:00	23.9154970715
1/6/1993 16:00:00	23.9256279698
1/7/1993 16:00:00	23.7165104231
1/8/1993 16:00:00	23.6249146592
1/11/1993 16:00:00	23.7311968764
1/12/1993 16:00:00	23.7362180983
1/13/1993 16:00:00	23.8476064619
1/14/1993 16:00:00	24.0077681732
1/15/1993 16:00:00	24.0768871004
1/18/1993 16:00:00	24.0596108738
1/19/1993 16:00:00	23.9661578667
1/20/1993 16:00:00	23.8689917031
1/21/1993 16:00:00	23.9859534995
1/22/1993 16:00:00	24.019769975
1/25/1993 16:00:00	24.2398440261
1/26/1993 16:00:00	24.2392881925
1/27/1993 16:00:00	24.1379412644
1/28/1993 16:00:00	24.1680428872
1/29/1993 16:00:00	24.0535354614
2/1/1993 16:00:00	24.2246074677
2/2/1993 16:00:00	24.2759342194
2/3/1993 16:00:00	24.5325469971
2/4/1993 16:00:00	24.6352062225
2/5/1993 16:00:00	24.6180877686
2/8/1993 16:00:00	24.6180877686
2/9/1993 16:00:00	24.447013855
2/10/1993 16:00:00	24.4812355042
2/11/1993 16:00:00	24.600982666
2/12/1993 16:00:00	24.4127941132
2/16/1993 16:00:00	23.7969226837
2/17/1993 16:00:00	23.779800415
2/18/1993 16:00:00	23.7627010345
2/19/1993 16:00:00	23.8482437134
2/22/1993 16:00:00	23.9337806702
2/23/1993 16:00:00	23.9166736603
2/24/1993 16:00:00	24.2246074677
2/25/1993 16:00:00	24.2759342194
2/26/1993 16:00:00	24.3101463318
3/1/1993 16:00:00	24.2417221069
3/2/1993 16:00:00	24.600982666
3/3/1993 16:00:00	24.7036380768
3/4/1993 16:00:00	24.5667705536
3/5/1993 16:00:00	24.4983253479
3/8/1993 16:00:00	25.0457859039
3/9/1993 16:00:00	24.9602375031
3/10/1993 16:00:00	25.0115776062
3/11/1993 16:00:00	24.9431400299
3/12/1993 16:00:00	24.6865291595
3/15/1993 16:00:00	24.8062782288
3/16/1993 16:00:00	24.8062782288
3/17/1993 16:00:00	24.6522903442
3/18/1993 16:00:00	24.8062782288
3/19/1993 16:00:00	24.7687397003
3/22/1993 16:00:00	24.6312294006
3/23/1993 16:00:00	24.6827754974
3/24/1993 16:00:00	24.6827754974
3/25/1993 16:00:00	24.8374824524
3/26/1993 16:00:00	24.6999816895
3/29/1993 16:00:00	24.8031082153
3/30/1993 16:00:00	24.8718700409
3/31/1993 16:00:00	24.8546886444
4/1/1993 16:00:00	24.7687397003
4/2/1993 16:00:00	24.2530860901
4/5/1993 16:00:00	24.3734016418
4/6/1993 16:00:00	24.3046474457
4/7/1993 16:00:00	24.390586853
4/8/1993 16:00:00	24.3562107086
4/12/1993 16:00:00	24.6999816895
4/13/1993 16:00:00	24.7515487671
4/14/1993 16:00:00	24.717168808
4/15/1993 16:00:00	24.717168808
4/16/1993 16:00:00	24.717168808
4/19/1993 16:00:00	24.614030838
4/20/1993 16:00:00	24.4937114716
4/21/1993 16:00:00	24.4765281677
4/22/1993 16:00:00	24.167137146
4/23/1993 16:00:00	24.0640087128
4/26/1993 16:00:00	23.8749313354
4/27/1993 16:00:00	24.1327533722
4/28/1993 16:00:00	24.0811901093
4/29/1993 16:00:00	24.1843261719
4/30/1993 16:00:00	24.2186985016
5/3/1993 16:00:00	24.3734016418
5/4/1993 16:00:00	24.4593410492
5/5/1993 16:00:00	24.528087616
5/6/1993 16:00:00	24.4421577454
5/7/1993 16:00:00	24.390586853
5/10/1993 16:00:00	24.4421577454
5/11/1993 16:00:00	24.5452861786
5/12/1993 16:00:00	24.5108947754
5/13/1993 16:00:00	24.2186985016
5/14/1993 16:00:00	24.2015094757
5/17/1993 16:00:00	24.2874641418
5/18/1993 16:00:00	24.2702770233
5/19/1993 16:00:00	24.7687397003
5/20/1993 16:00:00	24.8374824524
5/21/1993 16:00:00	24.614030838
5/24/1993 16:00:00	24.717168808
5/25/1993 16:00:00	24.7687397003
5/26/1993 16:00:00	25.0781326294
5/27/1993 16:00:00	24.9921836853
5/28/1993 16:00:00	24.8718700409
6/1/1993 16:00:00	25.112493515
6/2/1993 16:00:00	25.0781326294
6/3/1993 16:00:00	24.9921836853
6/4/1993 16:00:00	24.9062480927
6/7/1993 16:00:00	24.8203048706
6/8/1993 16:00:00	24.5968494415
6/9/1993 16:00:00	24.6827754974
6/10/1993 16:00:00	24.6999816895
6/11/1993 16:00:00	24.8031082153
6/14/1993 16:00:00	24.7687397003
6/15/1993 16:00:00	24.717168808
6/16/1993 16:00:00	24.7687397003
6/17/1993 16:00:00	24.8546886444
6/18/1993 16:00:00	24.6500091553
6/21/1993 16:00:00	24.7019176483
6/22/1993 16:00:00	24.7192459106
6/23/1993 16:00:00	24.4942073822
6/24/1993 16:00:00	24.823097229
6/25/1993 16:00:00	24.8058013916
6/28/1993 16:00:00	25.0827674866
6/29/1993 16:00:00	24.9615879059
6/30/1993 16:00:00	24.9615879059
7/1/1993 16:00:00	24.8923492432
7/2/1993 16:00:00	24.753862381
7/6/1993 16:00:00	24.4942073822
7/7/1993 16:00:00	24.563451767
7/8/1993 16:00:00	24.8404121399
7/9/1993 16:00:00	24.9096565247
7/12/1993 16:00:00	24.8923492432
7/13/1993 16:00:00	24.8750362396
7/14/1993 16:00:00	24.9615879059
7/15/1993 16:00:00	24.8577098846
7/16/1993 16:00:00	24.7884750366
7/19/1993 16:00:00	24.7711620331
7/20/1993 16:00:00	24.8404121399
7/21/1993 16:00:00	24.823097229
7/22/1993 16:00:00	24.6500091553
7/23/1993 16:00:00	24.7711620331
7/26/1993 16:00:00	24.9096565247
7/27/1993 16:00:00	24.8923492432
7/28/1993 16:00:00	24.8404121399
7/29/1993 16:00:00	24.9789028168
7/30/1993 16:00:00	24.8404121399
8/2/1993 16:00:00	24.9096565247
8/3/1993 16:00:00	24.9269695282
8/4/1993 16:00:00	24.9269695282
8/5/1993 16:00:00	24.8750362396
8/6/1993 16:00:00	24.9096565247
8/9/1993 16:00:00	25.0481452942
8/10/1993 16:00:00	25.0308418274
8/11/1993 16:00:00	25.0308418274
8/12/1993 16:00:00	24.9615879059
8/13/1993 16:00:00	24.9962062836
8/16/1993 16:00:00	25.1346740723
8/17/1993 16:00:00	25.2212371826
8/18/1993 16:00:00	25.3597126007
8/19/1993 16:00:00	25.3597126007
8/20/1993 16:00:00	25.3770389557
8/23/1993 16:00:00	25.3251075745
8/24/1993 16:00:00	25.6020641327
8/25/1993 16:00:00	25.6193847656
8/26/1993 16:00:00	25.6367034912
8/27/1993 16:00:00	25.6193847656
8/30/1993 16:00:00	25.723241806
8/31/1993 16:00:00	25.7924880981
9/1/1993 16:00:00	25.7578716278
9/2/1993 16:00:00	25.6712989807
9/3/1993 16:00:00	25.6886386871
9/7/1993 16:00:00	25.5155277252
9/8/1993 16:00:00	25.4289741516
9/9/1993 16:00:00	25.4809017181
9/10/1993 16:00:00	25.7059345245
9/13/1993 16:00:00	25.723241806
9/14/1993 16:00:00	25.6193847656
9/15/1993 16:00:00	25.6886386871
9/16/1993 16:00:00	25.5847492218
9/17/1993 16:00:00	25.5351524353
9/20/1993 16:00:00	25.3261318207
9/21/1993 16:00:00	25.2390575409
9/22/1993 16:00:00	25.44805336
9/23/1993 16:00:00	25.5874214172
9/24/1993 16:00:00	25.5177268982
9/27/1993 16:00:00	25.7964420319
9/28/1993 16:00:00	25.7441635132
9/29/1993 16:00:00	25.6570739746
9/30/1993 16:00:00	25.6048202515
10/1/1993 16:00:00	25.726764679
10/4/1993 16:00:00	25.7615852356
10/5/1993 16:00:00	25.726764679
10/6/1993 16:00:00	25.7093429565
10/7/1993 16:00:00	25.639667511
10/8/1993 16:00:00	25.6745033264
10/11/1993 16:00:00	25.726764679
10/12/1993 16:00:00	25.7615852356
10/13/1993 16:00:00	25.7615852356
10/14/1993 16:00:00	26.0925350189
10/15/1993 16:00:00	26.2318687439
10/18/1993 16:00:00	26.1622104645
10/19/1993 16:00:00	25.970615387
10/20/1993 16:00:00	26.005449295
10/21/1993 16:00:00	25.970615387
10/22/1993 16:00:00	25.848695755
10/25/1993 16:00:00	25.9183673859
10/26/1993 16:00:00	25.9009284973
10/27/1993 16:00:00	25.9183673859
10/28/1993 16:00:00	26.1099491119
10/29/1993 16:00:00	26.1099491119
11/1/1993 16:00:00	26.1796264648
11/2/1993 16:00:00	26.1622104645
11/3/1993 16:00:00	25.8312549591
11/4/1993 16:00:00	25.5525741577
11/5/1993 16:00:00	25.6745033264
11/8/1993 16:00:00	25.7093429565
11/9/1993 16:00:00	25.726764679
11/10/1993 16:00:00	25.9183673859
11/11/1993 16:00:00	25.848695755
11/12/1993 16:00:00	25.970615387
11/15/1993 16:00:00	25.9531917572
11/16/1993 16:00:00	26.0751018524
11/17/1993 16:00:00	25.9357833862
11/18/1993 16:00:00	25.866104126
11/19/1993 16:00:00	25.8138427734
11/22/1993 16:00:00	25.6570739746
11/23/1993 16:00:00	25.7964420319
11/24/1993 16:00:00	25.9009284973
11/26/1993 16:00:00	25.9183673859
11/29/1993 16:00:00	25.8138427734
11/30/1993 16:00:00	25.8312549591
12/1/1993 16:00:00	25.866104126
12/2/1993 16:00:00	25.9357833862
12/3/1993 16:00:00	26.0402851105
12/6/1993 16:00:00	26.127374649
12/7/1993 16:00:00	26.1099491119
12/8/1993 16:00:00	26.1099491119
12/9/1993 16:00:00	26.0228614807
12/10/1993 16:00:00	25.970615387
12/13/1993 16:00:00	26.127374649
12/14/1993 16:00:00	25.9357833862
12/15/1993 16:00:00	25.9009284973
12/16/1993 16:00:00	25.9880180359
12/17/1993 16:00:00	26.1308460236
12/20/1993 16:00:00	26.1659221649
12/21/1993 16:00:00	26.078245163
12/22/1993 16:00:00	26.2536087036
12/23/1993 16:00:00	26.2360706329
12/27/1993 16:00:00	26.3763713837
12/28/1993 16:00:00	26.4289855957
12/29/1993 16:00:00	26.393907547
12/30/1993 16:00:00	26.2887039185
12/31/1993 16:00:00	26.148399353
1/3/1994 16:00:00	26.078245163
1/4/1994 16:00:00	26.1834564209
1/5/1994 16:00:00	26.2360706329
1/6/1994 16:00:00	26.2360706329
1/7/1994 16:00:00	26.393907547
1/10/1994 16:00:00	26.7095947266
1/11/1994 16:00:00	26.6569862366
1/12/1994 16:00:00	26.5692825317
1/13/1994 16:00:00	26.4991416931
1/14/1994 16:00:00	26.6043682098
1/17/1994 16:00:00	26.6043682098
1/18/1994 16:00:00	26.6394443512
1/19/1994 16:00:00	26.5692825317
1/20/1994 16:00:00	26.6394443512
1/21/1994 16:00:00	26.586812973
1/24/1994 16:00:00	26.4816169739
1/25/1994 16:00:00	26.4816169739
1/26/1994 16:00:00	26.5517444611
1/27/1994 16:00:00	26.7972831726
1/28/1994 16:00:00	26.8674182892
1/31/1994 16:00:00	27.060338974
2/1/1994 16:00:00	26.9200325012
2/2/1994 16:00:00	27.0954170227
2/3/1994 16:00:00	26.972661972
2/4/1994 16:00:00	26.3588237762
2/7/1994 16:00:00	26.4816169739
2/8/1994 16:00:00	26.4991416931
2/9/1994 16:00:00	26.6043682098
2/10/1994 16:00:00	26.3763713837
2/11/1994 16:00:00	26.4640598297
2/14/1994 16:00:00	26.4991416931
2/15/1994 16:00:00	26.6394443512
2/16/1994 16:00:00	26.6219005585
2/17/1994 16:00:00	26.4640598297
2/18/1994 16:00:00	26.3062286377
2/22/1994 16:00:00	26.5692825317
2/23/1994 16:00:00	26.4991416931
2/24/1994 16:00:00	26.148399353
2/25/1994 16:00:00	26.2711620331
2/28/1994 16:00:00	26.2711620331
3/1/1994 16:00:00	26.1659221649
3/2/1994 16:00:00	26.2010059357
3/3/1994 16:00:00	26.1308460236
3/4/1994 16:00:00	26.2010059357
3/7/1994 16:00:00	26.341299057
3/8/1994 16:00:00	26.2360706329
3/9/1994 16:00:00	26.3588237762
3/10/1994 16:00:00	26.148399353
3/11/1994 16:00:00	26.2887039185
3/14/1994 16:00:00	26.3237533569
3/15/1994 16:00:00	26.3062286377
3/16/1994 16:00:00	26.5166683197
3/17/1994 16:00:00	26.5166683197
3/18/1994 16:00:00	26.5108737946
3/21/1994 16:00:00	26.4403514862
3/22/1994 16:00:00	26.5108737946
3/23/1994 16:00:00	26.4932537079
3/24/1994 16:00:00	26.175775528
3/25/1994 16:00:00	25.9288101196
3/28/1994 16:00:00	25.9640884399
3/29/1994 16:00:00	25.4525871277
3/30/1994 16:00:00	25.0998058319
3/31/1994 16:00:00	25.1703453064
4/4/1994 16:00:00	24.7822990417
4/5/1994 16:00:00	25.2938308716
4/6/1994 16:00:00	25.2938308716
4/7/1994 16:00:00	25.4172821045
4/8/1994 16:00:00	25.2232685089
4/11/1994 16:00:00	25.3290939331
4/12/1994 16:00:00	25.2938308716
4/13/1994 16:00:00	25.161529541
4/14/1994 16:00:00	25.1703453064
4/15/1994 16:00:00	25.1703453064
4/18/1994 16:00:00	25.002790451
4/19/1994 16:00:00	25.0380535126
4/20/1994 16:00:00	25.0116043091
4/21/1994 16:00:00	25.3467311859
4/22/1994 16:00:00	25.3202915192
4/25/1994 16:00:00	25.5848808289
4/26/1994 16:00:00	25.5584068298
4/28/1994 16:00:00	25.3732089996
4/29/1994 16:00:00	25.4525871277
5/2/1994 16:00:00	25.6113147736
5/3/1994 16:00:00	25.5848808289
5/4/1994 16:00:00	25.5407581329
5/5/1994 16:00:00	25.5054912567
5/6/1994 16:00:00	25.2585411072
5/9/1994 16:00:00	25.0380535126
5/10/1994 16:00:00	25.232093811
5/11/1994 16:00:00	25.002790451
5/12/1994 16:00:00	25.1262531281
5/13/1994 16:00:00	25.1262531281
5/16/1994 16:00:00	25.1350708008
5/17/1994 16:00:00	25.5054912567
5/18/1994 16:00:00	25.6906871796
5/19/1994 16:00:00	25.8141651154
5/20/1994 16:00:00	25.7171554565
5/23/1994 16:00:00	25.6730480194
5/24/1994 16:00:00	25.7788906097
5/25/1994 16:00:00	25.8494377136
5/26/1994 16:00:00	25.8670749664
5/27/1994 16:00:00	25.8935470581
5/31/1994 16:00:00	25.8582649231
6/1/1994 16:00:00	25.9729061127
6/2/1994 16:00:00	25.9464511871
6/3/1994 16:00:00	26.0963745117
6/6/1994 16:00:00	26.0875644684
6/7/1994 16:00:00	26.0522823334
6/8/1994 16:00:00	25.8406047821
6/9/1994 16:00:00	25.9817371368
6/10/1994 16:00:00	26.0258369446
6/13/1994 16:00:00	26.0610961914
6/14/1994 16:00:00	26.2639484406
6/15/1994 16:00:00	26.1581192017
6/16/1994 16:00:00	26.2110462189
6/17/1994 16:00:00	26.0647220612
6/20/1994 16:00:00	25.8427867889
6/21/1994 16:00:00	25.620847702
6/22/1994 16:00:00	25.7185020447
6/23/1994 16:00:00	25.5675811768
6/24/1994 16:00:00	25.0349254608
6/27/1994 16:00:00	25.4699211121
6/28/1994 16:00:00	25.3456344604
6/29/1994 16:00:00	25.4255409241
6/30/1994 16:00:00	25.2657318115
7/1/1994 16:00:00	25.3190040588
7/5/1994 16:00:00	25.4521789551
7/6/1994 16:00:00	25.4166584015
7/7/1994 16:00:00	25.5231971741
7/8/1994 16:00:00	25.5143146515
7/11/1994 16:00:00	25.4255409241
7/12/1994 16:00:00	25.4610385895
7/13/1994 16:00:00	25.505437851
7/14/1994 16:00:00	25.7806377411
7/15/1994 16:00:00	25.7895355225
7/18/1994 16:00:00	25.8339118958
7/19/1994 16:00:00	25.7806377411
7/20/1994 16:00:00	25.6652412415
7/21/1994 16:00:00	25.7185020447
7/22/1994 16:00:00	25.7628803253
7/25/1994 16:00:00	25.7984046936
7/26/1994 16:00:00	25.7717685699
7/27/1994 16:00:00	25.7717685699
7/28/1994 16:00:00	25.8250331879
7/29/1994 16:00:00	26.0824813843
8/1/1994 16:00:00	26.2067527771
8/2/1994 16:00:00	26.2422714233
8/3/1994 16:00:00	26.2511501312
8/4/1994 16:00:00	26.1002483368
8/5/1994 16:00:00	26.0114440918
8/8/1994 16:00:00	26.073600769
8/9/1994 16:00:00	26.1179943085
8/10/1994 16:00:00	26.2156429291
8/11/1994 16:00:00	26.1179943085
8/12/1994 16:00:00	26.3221721649
8/15/1994 16:00:00	26.3132972717
8/16/1994 16:00:00	26.4997329712
8/17/1994 16:00:00	26.4819946289
8/18/1994 16:00:00	26.3932132721
8/19/1994 16:00:00	26.3754386902
8/22/1994 16:00:00	26.3488235474
8/23/1994 16:00:00	26.4997329712
8/24/1994 16:00:00	26.7838115692
8/25/1994 16:00:00	26.7128047943
8/26/1994 16:00:00	27.0945301056
8/29/1994 16:00:00	27.076789856
8/30/1994 16:00:00	27.1478099823
8/31/1994 16:00:00	27.076789856
9/1/1994 16:00:00	26.9879951477
9/2/1994 16:00:00	26.8725891113
9/6/1994 16:00:00	26.8814601898
9/7/1994 16:00:00	26.8548412323
9/8/1994 16:00:00	26.9879951477
9/9/1994 16:00:00	26.7039222717
9/12/1994 16:00:00	26.6240196228
9/13/1994 16:00:00	26.7039222717
9/14/1994 16:00:00	26.7305545807
9/15/1994 16:00:00	27.0678977966
9/16/1994 16:00:00	26.8752765656
9/19/1994 16:00:00	26.9020595551
9/20/1994 16:00:00	26.3929672241
9/21/1994 16:00:00	26.3929672241
9/22/1994 16:00:00	26.3304405212
9/23/1994 16:00:00	26.2411155701
9/26/1994 16:00:00	26.3750858307
9/27/1994 16:00:00	26.3572235107
9/28/1994 16:00:00	26.5626525879
9/29/1994 16:00:00	26.4286880493
9/30/1994 16:00:00	26.3929672241
10/3/1994 16:00:00	26.3304405212
10/4/1994 16:00:00	25.9374370575
10/5/1994 16:00:00	25.9463825226
10/6/1994 16:00:00	25.8659973145
10/7/1994 16:00:00	25.9821014404
10/10/1994 16:00:00	26.2589836121
10/11/1994 16:00:00	26.6519851685
10/12/1994 16:00:00	26.687702179
10/13/1994 16:00:00	26.7770080566
10/14/1994 16:00:00	26.8931331635
10/17/1994 16:00:00	26.8395366669
10/18/1994 16:00:00	26.7770080566
10/19/1994 16:00:00	26.9020595551
10/20/1994 16:00:00	26.7234344482
10/21/1994 16:00:00	26.6162414551
10/24/1994 16:00:00	26.3929672241
10/25/1994 16:00:00	26.4197425842
10/26/1994 16:00:00	26.5180072784
10/27/1994 16:00:00	26.6787567139
10/28/1994 16:00:00	27.2414722443
10/31/1994 16:00:00	27.1432170868
11/1/1994 16:00:00	26.8395366669
11/2/1994 16:00:00	26.687702179
11/3/1994 16:00:00	26.8306007385
11/4/1994 16:00:00	26.4822673798
11/7/1994 16:00:00	26.5626525879
11/8/1994 16:00:00	26.7680721283
11/9/1994 16:00:00	26.8127384186
11/10/1994 16:00:00	26.6251754761
11/11/1994 16:00:00	26.5269298553
11/14/1994 16:00:00	26.7770080566
11/15/1994 16:00:00	26.687702179
11/16/1994 16:00:00	26.7770080566
11/17/1994 16:00:00	26.5983753204
11/18/1994 16:00:00	26.5626525879
11/21/1994 16:00:00	26.2947235107
11/22/1994 16:00:00	25.7230815887
11/23/1994 16:00:00	25.8659973145
11/25/1994 16:00:00	25.9910335541
11/28/1994 16:00:00	26.1071491241
11/29/1994 16:00:00	26.0982017517
11/30/1994 16:00:00	26.0624771118
12/1/1994 16:00:00	25.8034667969
12/2/1994 16:00:00	26.044626236
12/5/1994 16:00:00	26.0714187622
12/6/1994 16:00:00	26.0892658234
12/7/1994 16:00:00	25.901714325
12/8/1994 16:00:00	25.6516246796
12/9/1994 16:00:00	25.7498817444
12/12/1994 16:00:00	25.9195728302
12/13/1994 16:00:00	26.0178146362
12/14/1994 16:00:00	26.151802063
12/15/1994 16:00:00	26.2321834564
12/16/1994 16:00:00	26.3603134155
12/19/1994 16:00:00	26.3963317871
12/20/1994 16:00:00	26.3153038025
12/21/1994 16:00:00	26.5943813324
12/22/1994 16:00:00	26.5133609772
12/23/1994 16:00:00	26.5403747559
12/27/1994 16:00:00	26.6844177246
12/28/1994 16:00:00	26.5493831635
12/29/1994 16:00:00	26.5673866272
12/30/1994 16:00:00	26.2522888184
1/3/1995 16:00:00	26.3783111572
1/4/1995 16:00:00	26.5043678284
1/5/1995 16:00:00	26.5043678284
1/6/1995 16:00:00	26.5313625336
1/9/1995 16:00:00	26.5583820343
1/10/1995 16:00:00	26.5853805542
1/11/1995 16:00:00	26.6034011841
1/12/1995 16:00:00	26.6123981476
1/13/1995 16:00:00	26.9275035858
1/16/1995 16:00:00	27.0895557404
1/17/1995 16:00:00	27.0985527039
1/18/1995 16:00:00	27.0715446472
1/19/1995 16:00:00	26.9184875488
1/20/1995 16:00:00	26.8194389343
1/23/1995 16:00:00	26.900478363
1/24/1995 16:00:00	26.9364929199
1/25/1995 16:00:00	27.0085163116
1/26/1995 16:00:00	27.0355110168
1/27/1995 16:00:00	27.1435642242
1/30/1995 16:00:00	27.0265388489
1/31/1995 16:00:00	27.134557724
2/1/1995 16:00:00	27.1255455017
2/2/1995 16:00:00	27.2875938416
2/3/1995 16:00:00	27.6747303009
2/6/1995 16:00:00	27.7917785645
2/7/1995 16:00:00	27.8277797699
2/8/1995 16:00:00	27.8277797699
2/9/1995 16:00:00	27.8277797699
2/10/1995 16:00:00	27.8637924194
2/13/1995 16:00:00	27.8727893829
2/14/1995 16:00:00	27.9087944031
2/15/1995 16:00:00	28.0618553162
2/16/1995 16:00:00	28.0258464813
2/17/1995 16:00:00	27.9178066254
2/21/1995 16:00:00	27.9087944031
2/22/1995 16:00:00	28.1158657074
2/23/1995 16:00:00	28.1608886719
2/24/1995 16:00:00	28.2329158783
2/27/1995 16:00:00	28.0078468323
2/28/1995 16:00:00	28.2419052124
3/1/1995 16:00:00	28.0618553162
3/2/1995 16:00:00	28.0978794098
3/3/1995 16:00:00	28.1068553925
3/6/1995 16:00:00	28.1248569489
3/7/1995 16:00:00	27.9087944031
3/8/1995 16:00:00	27.9808273315
3/9/1995 16:00:00	27.9718170166
3/10/1995 16:00:00	28.385974884
3/13/1995 16:00:00	28.3589477539
3/14/1995 16:00:00	28.5660076141
3/15/1995 16:00:00	28.5119819641
3/16/1995 16:00:00	28.6830539703
3/17/1995 16:00:00	28.7115650177
3/20/1995 16:00:00	28.7115650177
3/21/1995 16:00:00	28.6391716003
3/22/1995 16:00:00	28.6663169861
3/23/1995 16:00:00	28.6844444275
3/24/1995 16:00:00	29.0917453766
3/27/1995 16:00:00	29.2094211578
3/28/1995 16:00:00	29.2094211578
3/29/1995 16:00:00	29.2003631592
3/30/1995 16:00:00	29.1460456848
3/31/1995 16:00:00	29.0283908844
4/3/1995 16:00:00	29.1007957458
4/4/1995 16:00:00	29.2908782959
4/5/1995 16:00:00	29.2908782959
4/6/1995 16:00:00	29.3995018005
4/7/1995 16:00:00	29.372341156
4/10/1995 16:00:00	29.4266624451
4/11/1995 16:00:00	29.3271026611
4/12/1995 16:00:00	29.4266624451
4/13/1995 16:00:00	29.5895767212
4/17/1995 16:00:00	29.4176120758
4/18/1995 16:00:00	29.318031311
4/19/1995 16:00:00	29.2908782959
4/20/1995 16:00:00	29.3361434937
4/21/1995 16:00:00	29.4809570312
4/24/1995 16:00:00	29.8249263763
4/25/1995 16:00:00	29.7434482574
4/26/1995 16:00:00	29.7706165314
4/27/1995 16:00:00	29.8430213928
4/28/1995 16:00:00	29.8882789612
5/1/1995 16:00:00	29.806810379
5/2/1995 16:00:00	29.8701782227
5/3/1995 16:00:00	30.2865524292
5/4/1995 16:00:00	30.2684593201
5/5/1995 16:00:00	30.2322502136
5/8/1995 16:00:00	30.4494972229
5/9/1995 16:00:00	30.4223270416
5/10/1995 16:00:00	30.4585323334
5/11/1995 16:00:00	30.5399951935
5/12/1995 16:00:00	30.55809021
5/15/1995 16:00:00	30.7029304504
5/16/1995 16:00:00	30.7210426331
5/17/1995 16:00:00	30.6033554077
5/18/1995 16:00:00	30.1598300934
5/19/1995 16:00:00	30.1779212952
5/22/1995 16:00:00	30.5128231049
5/23/1995 16:00:00	30.793422699
5/24/1995 16:00:00	30.7753353119
5/25/1995 16:00:00	30.8025016785
5/26/1995 16:00:00	30.4494972229
5/30/1995 16:00:00	30.4404296875
5/31/1995 16:00:00	31.0740451813
6/1/1995 16:00:00	30.9925727844
6/2/1995 16:00:00	31.0197315216
6/5/1995 16:00:00	31.2098178864
6/6/1995 16:00:00	31.1555137634
6/7/1995 16:00:00	30.9925727844
6/8/1995 16:00:00	30.9201545715
6/9/1995 16:00:00	30.7391319275
6/12/1995 16:00:00	30.9111156464
6/13/1995 16:00:00	31.246011734
6/14/1995 16:00:00	31.2188739777
6/15/1995 16:00:00	31.3546409607
6/16/1995 16:00:00	31.447725296
6/19/1995 16:00:00	31.8028106689
6/20/1995 16:00:00	31.7208633423
6/21/1995 16:00:00	31.7026462555
6/22/1995 16:00:00	32.1214828491
6/23/1995 16:00:00	32.0577392578
6/26/1995 16:00:00	31.6753578186
6/27/1995 16:00:00	31.6116104126
6/28/1995 16:00:00	31.7755050659
6/29/1995 16:00:00	31.7208633423
6/30/1995 16:00:00	31.7026462555
7/3/1995 16:00:00	31.8210105896
7/5/1995 16:00:00	31.9393901825
7/6/1995 16:00:00	32.349105835
7/7/1995 16:00:00	32.4947738647
7/10/1995 16:00:00	32.5129928589
7/11/1995 16:00:00	32.3581962585
7/12/1995 16:00:00	32.7588195801
7/13/1995 16:00:00	32.6859703064
7/14/1995 16:00:00	32.6586532593
7/17/1995 16:00:00	32.8407325745
7/18/1995 16:00:00	32.5585021973
7/19/1995 16:00:00	32.203414917
7/20/1995 16:00:00	32.3217887878
7/21/1995 16:00:00	32.285369873
7/24/1995 16:00:00	32.5220680237
7/25/1995 16:00:00	32.7679100037
7/26/1995 16:00:00	32.74061203
7/27/1995 16:00:00	33.0137443542
7/28/1995 16:00:00	32.8043174744
7/31/1995 16:00:00	32.7224006653
8/1/1995 16:00:00	32.6677589417
8/2/1995 16:00:00	32.5949134827
8/3/1995 16:00:00	32.5858268738
8/4/1995 16:00:00	32.6222381592
8/7/1995 16:00:00	32.6950454712
8/8/1995 16:00:00	32.6950454712
8/9/1995 16:00:00	32.6859703064
8/10/1995 16:00:00	32.6131286621
8/11/1995 16:00:00	32.4310264587
8/14/1995 16:00:00	32.7224006653
8/15/1995 16:00:00	32.6586532593
8/16/1995 16:00:00	32.7497215271
8/17/1995 16:00:00	32.6950454712
8/18/1995 16:00:00	32.7314796448
8/21/1995 16:00:00	32.6404418945
8/22/1995 16:00:00	32.7041854858
8/23/1995 16:00:00	32.5858268738
8/24/1995 16:00:00	32.6222381592
8/25/1995 16:00:00	32.8043174744
8/28/1995 16:00:00	32.6859703064
8/29/1995 16:00:00	32.7679100037
8/30/1995 16:00:00	32.8407325745
8/31/1995 16:00:00	32.8680648804
9/1/1995 16:00:00	33.0137443542
9/5/1995 16:00:00	33.3233070374
9/6/1995 16:00:00	33.3870353699
9/7/1995 16:00:00	33.4052200317
9/8/1995 16:00:00	33.5327110291
9/11/1995 16:00:00	33.6237411499
9/12/1995 16:00:00	33.7785377502
9/13/1995 16:00:00	33.9333190918
9/14/1995 16:00:00	34.2428817749
9/15/1995 16:00:00	34.2334251404
9/18/1995 16:00:00	34.1052742004
9/19/1995 16:00:00	34.2700691223
9/20/1995 16:00:00	34.4347953796
9/21/1995 16:00:00	34.151058197
9/22/1995 16:00:00	34.1602020264
9/25/1995 16:00:00	34.1052742004
9/26/1995 16:00:00	34.096118927
9/27/1995 16:00:00	34.0686683655
9/28/1995 16:00:00	34.3249664307
9/29/1995 16:00:00	34.2608833313
10/2/1995 16:00:00	34.0869827271
10/3/1995 16:00:00	34.1235809326
10/4/1995 16:00:00	34.0869827271
10/5/1995 16:00:00	34.1876716614
10/6/1995 16:00:00	34.215133667
10/9/1995 16:00:00	33.931350708
10/10/1995 16:00:00	33.9130477905
10/11/1995 16:00:00	34.022895813
10/12/1995 16:00:00	34.2334251404
10/13/1995 16:00:00	34.3432693481
10/16/1995 16:00:00	34.1785087585
10/17/1995 16:00:00	34.4073410034
10/18/1995 16:00:00	34.5080299377
10/19/1995 16:00:00	34.672794342
10/20/1995 16:00:00	34.4622650146
10/23/1995 16:00:00	34.3890380859
10/24/1995 16:00:00	34.4256591797
10/25/1995 16:00:00	34.1418914795
10/26/1995 16:00:00	33.830657959
10/27/1995 16:00:00	34.0869827271
10/30/1995 16:00:00	34.3066596985
10/31/1995 16:00:00	34.1602020264
11/1/1995 16:00:00	34.4347953796
11/2/1995 16:00:00	34.6544876099
11/3/1995 16:00:00	34.7002410889
11/6/1995 16:00:00	34.5812530518
11/7/1995 16:00:00	34.4531211853
11/8/1995 16:00:00	34.7643280029
11/9/1995 16:00:00	34.8924674988
11/10/1995 16:00:00	34.8741645813
11/13/1995 16:00:00	34.8375587463
11/14/1995 16:00:00	34.6087150574
11/15/1995 16:00:00	34.9565315247
11/16/1995 16:00:00	35.1487503052
11/17/1995 16:00:00	35.2586021423
11/20/1995 16:00:00	35.0755348206
11/21/1995 16:00:00	35.3592834473
11/22/1995 16:00:00	35.2494506836
11/24/1995 16:00:00	35.3409843445
11/27/1995 16:00:00	35.3501396179
11/28/1995 16:00:00	35.7254180908
11/29/1995 16:00:00	35.7620429993
11/30/1995 16:00:00	35.6796455383
12/1/1995 16:00:00	35.7254180908
12/4/1995 16:00:00	36.1647758484
12/5/1995 16:00:00	36.4027748108
12/6/1995 16:00:00	36.4851570129
12/7/1995 16:00:00	36.2929267883
12/8/1995 16:00:00	36.4119148254
12/11/1995 16:00:00	36.5675315857
12/12/1995 16:00:00	36.4577026367
12/13/1995 16:00:00	36.6865310669
12/14/1995 16:00:00	36.421081543
12/15/1995 16:00:00	36.4344177246
12/18/1995 16:00:00	35.7344474792
12/19/1995 16:00:00	36.1120681763
12/20/1995 16:00:00	35.7620849609
12/21/1995 16:00:00	35.9462890625
12/22/1995 16:00:00	36.0752182007
12/26/1995 16:00:00	36.2502059937
12/27/1995 16:00:00	36.23179245
12/28/1995 16:00:00	36.1949424744
12/29/1995 16:00:00	36.2410087585
1/2/1996 16:00:00	36.6278190613
1/3/1996 16:00:00	36.7291221619
1/4/1996 16:00:00	36.3791656494
1/5/1996 16:00:00	36.3054733276
1/8/1996 16:00:00	36.4436302185
1/9/1996 16:00:00	35.8173561096
1/10/1996 16:00:00	35.3476486206
1/11/1996 16:00:00	35.5594558716
1/12/1996 16:00:00	35.5042114258
1/15/1996 16:00:00	35.4305152893
1/16/1996 16:00:00	35.8633880615
1/17/1996 16:00:00	35.7528800964
1/18/1996 16:00:00	35.8726043701
1/19/1996 16:00:00	36.1120681763
1/22/1996 16:00:00	36.1212806702
1/23/1996 16:00:00	36.2041664124
1/24/1996 16:00:00	36.4988822937
1/25/1996 16:00:00	36.3699455261
1/26/1996 16:00:00	36.683052063
1/29/1996 16:00:00	36.8304367065
1/30/1996 16:00:00	37.1435699463
1/31/1996 16:00:00	37.5303993225
2/1/1996 16:00:00	37.6685218811
2/2/1996 16:00:00	37.5119476318
2/5/1996 16:00:00	37.8159179688
2/6/1996 16:00:00	38.1751022339
2/7/1996 16:00:00	38.3961219788
2/8/1996 16:00:00	38.8105773926
2/9/1996 16:00:00	38.8013572693
2/12/1996 16:00:00	39.09608078
2/13/1996 16:00:00	39.0131912231
2/14/1996 16:00:00	38.6724205017
2/15/1996 16:00:00	38.4329566956
2/16/1996 16:00:00	38.2763824463
2/20/1996 16:00:00	37.8987731934
2/21/1996 16:00:00	38.3685073853
2/22/1996 16:00:00	38.9763374329
2/23/1996 16:00:00	38.8658332825
2/26/1996 16:00:00	38.3132324219
2/27/1996 16:00:00	38.1934967041
2/28/1996 16:00:00	38.0185089111
2/29/1996 16:00:00	37.6501197815
3/1/1996 16:00:00	38.2487716675
3/4/1996 16:00:00	38.4697875977
3/5/1996 16:00:00	38.8289794922
3/6/1996 16:00:00	38.488243103
3/7/1996 16:00:00	38.6816329956
3/8/1996 16:00:00	37.4290885925
3/11/1996 16:00:00	37.861946106
3/12/1996 16:00:00	37.5672340393
3/13/1996 16:00:00	37.8251152039
3/14/1996 16:00:00	37.9908752441
3/15/1996 16:00:00	37.9653587341
3/18/1996 16:00:00	38.6961669922
3/19/1996 16:00:00	38.6129074097
3/20/1996 16:00:00	38.56665802
3/21/1996 16:00:00	38.4741439819
3/22/1996 16:00:00	38.5758934021
3/25/1996 16:00:00	38.5018882751
3/26/1996 16:00:00	38.6869277954
3/27/1996 16:00:00	38.3353881836
3/28/1996 16:00:00	38.4834022522
3/29/1996 16:00:00	38.2983818054
4/1/1996 16:00:00	38.7424163818
4/2/1996 16:00:00	38.8164253235
4/3/1996 16:00:00	38.8164253235
4/4/1996 16:00:00	38.7886810303
4/8/1996 16:00:00	38.1226196289
4/9/1996 16:00:00	37.9746055603
4/10/1996 16:00:00	37.2992858887
4/11/1996 16:00:00	37.2530517578
4/12/1996 16:00:00	37.7248344421
4/15/1996 16:00:00	38.0393562317
4/16/1996 16:00:00	38.1503677368
4/17/1996 16:00:00	38.0578727722
4/18/1996 16:00:00	38.113368988
4/19/1996 16:00:00	38.205871582
4/22/1996 16:00:00	38.5018882751
4/23/1996 16:00:00	38.6221656799
4/24/1996 16:00:00	38.4834022522
4/25/1996 16:00:00	38.6591873169
4/26/1996 16:00:00	38.7424163818
4/29/1996 16:00:00	38.7424163818
4/30/1996 16:00:00	38.7146720886
5/1/1996 16:00:00	38.7979278564
5/2/1996 16:00:00	38.1318588257
5/3/1996 16:00:00	38.0763587952
5/6/1996 16:00:00	38.0393562317
5/7/1996 16:00:00	37.8820877075
5/8/1996 16:00:00	38.3538970947
5/9/1996 16:00:00	38.3261299133
5/10/1996 16:00:00	38.7054100037
5/13/1996 16:00:00	39.288230896
5/14/1996 16:00:00	39.5287399292
5/15/1996 16:00:00	39.4825019836
5/16/1996 16:00:00	39.5657577515
5/17/1996 16:00:00	39.7785186768
5/20/1996 16:00:00	40.0467834473
5/21/1996 16:00:00	39.9912796021
5/22/1996 16:00:00	40.3705596924
5/23/1996 16:00:00	40.2040596008
5/24/1996 16:00:00	40.3613090515
5/28/1996 16:00:00	39.9542732239
5/29/1996 16:00:00	39.6860160828
5/30/1996 16:00:00	39.8895263672
5/31/1996 16:00:00	39.5935020447
6/3/1996 16:00:00	39.7045097351
6/4/1996 16:00:00	39.9820213318
6/5/1996 16:00:00	40.3335571289
6/6/1996 16:00:00	40.0375289917
6/7/1996 16:00:00	40.0375289917
6/10/1996 16:00:00	39.9080162048
6/11/1996 16:00:00	39.8710289001
6/12/1996 16:00:00	39.7970046997
6/13/1996 16:00:00	39.7970046997
6/14/1996 16:00:00	39.6305198669
6/17/1996 16:00:00	39.6027450562
6/18/1996 16:00:00	39.278968811
6/19/1996 16:00:00	39.4547424316
6/20/1996 16:00:00	39.4269866943
6/21/1996 16:00:00	39.7661056519
6/24/1996 16:00:00	39.8404884338
6/25/1996 16:00:00	39.7939949036
6/26/1996 16:00:00	39.5242958069
6/27/1996 16:00:00	39.8032875061
6/28/1996 16:00:00	39.9427757263
7/1/1996 16:00:00	40.2868919373
7/2/1996 16:00:00	40.1380805969
7/3/1996 16:00:00	40.0543746948
7/5/1996 16:00:00	39.0314064026
7/8/1996 16:00:00	38.8733062744
7/9/1996 16:00:00	39.0314064026
7/10/1996 16:00:00	39.1895217896
7/11/1996 16:00:00	38.3990211487
7/12/1996 16:00:00	38.4269180298
7/15/1996 16:00:00	37.2923431396
7/16/1996 16:00:00	37.385345459
7/17/1996 16:00:00	37.8317337036
7/18/1996 16:00:00	38.3525009155
7/19/1996 16:00:00	38.0735168457
7/22/1996 16:00:00	37.79454422
7/23/1996 16:00:00	37.3109359741
7/24/1996 16:00:00	37.385345459
7/25/1996 16:00:00	37.7201309204
7/26/1996 16:00:00	37.9247169495
7/29/1996 16:00:00	37.5062217712
7/30/1996 16:00:00	37.8689346313
7/31/1996 16:00:00	38.1479187012
8/1/1996 16:00:00	38.7803230286
8/2/1996 16:00:00	39.6172866821
8/5/1996 16:00:00	39.3847923279
8/6/1996 16:00:00	39.5057144165
8/7/1996 16:00:00	39.6079902649
8/8/1996 16:00:00	39.5428886414
8/9/1996 16:00:00	39.4126853943
8/12/1996 16:00:00	39.7010040283
8/13/1996 16:00:00	39.3847923279
8/14/1996 16:00:00	39.5242958069
8/15/1996 16:00:00	39.4498901367
8/16/1996 16:00:00	39.784702301
8/19/1996 16:00:00	39.8032875061
8/20/1996 16:00:00	39.775390625
8/21/1996 16:00:00	39.6358985901
8/22/1996 16:00:00	40.0078926086
8/23/1996 16:00:00	39.7939949036
8/26/1996 16:00:00	39.5986938477
8/27/1996 16:00:00	39.7474899292
8/28/1996 16:00:00	39.6823921204
8/29/1996 16:00:00	39.2917938232
8/30/1996 16:00:00	38.8826179504
9/3/1996 16:00:00	39.1337089539
9/4/1996 16:00:00	39.1709022522
9/5/1996 16:00:00	38.6966056824
9/6/1996 16:00:00	39.2452926636
9/9/1996 16:00:00	39.7102890015
9/10/1996 16:00:00	39.6917037964
9/11/1996 16:00:00	39.9148979187
9/12/1996 16:00:00	40.1938896179
9/13/1996 16:00:00	40.8076705933
9/16/1996 16:00:00	40.9564666748
9/17/1996 16:00:00	40.8634719849
9/18/1996 16:00:00	40.7611885071
9/19/1996 16:00:00	40.9192619324
9/20/1996 16:00:00	41.0644378662
9/23/1996 16:00:00	41.0550765991
9/24/1996 16:00:00	41.0457229614
9/25/1996 16:00:00	41.0737800598
9/26/1996 16:00:00	41.0550765991
9/27/1996 16:00:00	41.0924911499
9/30/1996 16:00:00	41.0550765991
10/1/1996 16:00:00	41.27942276
10/2/1996 16:00:00	41.5598678589
10/3/1996 16:00:00	41.5224609375
10/4/1996 16:00:00	42.0833206177
10/7/1996 16:00:00	42.1300697327
10/8/1996 16:00:00	41.961807251
10/9/1996 16:00:00	41.63463974
10/10/1996 16:00:00	41.5505027771
10/11/1996 16:00:00	42.0646247864
10/14/1996 16:00:00	42.1207046509
10/15/1996 16:00:00	42.0646247864
10/16/1996 16:00:00	42.270275116
10/17/1996 16:00:00	42.3824501038
10/18/1996 16:00:00	42.60679245
10/21/1996 16:00:00	42.550693512
10/22/1996 16:00:00	42.25157547
10/23/1996 16:00:00	42.3917999268
10/24/1996 16:00:00	42.0272293091
10/25/1996 16:00:00	42.0646247864
10/28/1996 16:00:00	41.7842063904
10/29/1996 16:00:00	42.1207046509
10/30/1996 16:00:00	41.9804878235
10/31/1996 16:00:00	42.3824501038
11/1/1996 16:00:00	42.2328948975
11/4/1996 16:00:00	42.5133018494
11/5/1996 16:00:00	42.7563438416
11/6/1996 16:00:00	43.5789337158
11/7/1996 16:00:00	43.6817817688
11/8/1996 16:00:00	43.9248161316
11/11/1996 16:00:00	43.8780784607
11/12/1996 16:00:00	43.7472000122
11/13/1996 16:00:00	43.9435157776
11/14/1996 16:00:00	44.233291626
11/15/1996 16:00:00	44.2893829346
11/18/1996 16:00:00	44.2987365723
11/19/1996 16:00:00	44.6165466309
11/20/1996 16:00:00	44.6913299561
11/21/1996 16:00:00	44.6258926392
11/22/1996 16:00:00	44.9717826843
11/25/1996 16:00:00	45.5419502258
11/26/1996 16:00:00	45.3923873901
11/27/1996 16:00:00	45.3082580566
11/29/1996 16:00:00	45.4765357971
12/2/1996 16:00:00	45.4952316284
12/3/1996 16:00:00	44.7193603516
12/4/1996 16:00:00	44.8408889771
12/5/1996 16:00:00	44.7193603516
12/6/1996 16:00:00	44.4576225281
12/9/1996 16:00:00	45.1119804382
12/10/1996 16:00:00	44.8969955444
12/11/1996 16:00:00	44.4856834412
12/12/1996 16:00:00	43.7472000122
12/13/1996 16:00:00	43.8594017029
12/16/1996 16:00:00	43.2985229492
12/17/1996 16:00:00	43.6443786621
12/18/1996 16:00:00	43.9902420044
12/19/1996 16:00:00	44.8969955444
12/20/1996 16:00:00	44.9954833984
12/23/1996 16:00:00	44.8827705383
12/24/1996 16:00:00	45.2115402222
12/26/1996 16:00:00	45.5591278076
12/27/1996 16:00:00	45.6154785156
12/30/1996 16:00:00	45.2209396362
12/31/1996 16:00:00	44.3942985535
1/2/1997 16:00:00	44.5070114136
1/3/1997 16:00:00	45.1458015442
1/6/1997 16:00:00	44.7512664795
1/7/1997 16:00:00	45.2960853577
1/8/1997 16:00:00	44.901550293
1/9/1997 16:00:00	45.2773208618
1/10/1997 16:00:00	45.7657814026
1/13/1997 16:00:00	45.7000312805
1/14/1997 16:00:00	46.2730484009
1/15/1997 16:00:00	46.1603088379
1/16/1997 16:00:00	46.3481788635
1/17/1997 16:00:00	46.6300010681
1/20/1997 16:00:00	46.6863441467
1/21/1997 16:00:00	47.0620956421
1/22/1997 16:00:00	47.4002494812
1/23/1997 16:00:00	46.7426948547
1/24/1997 16:00:00	46.141494751
1/27/1997 16:00:00	46.009979248
1/28/1997 16:00:00	46.141494751
1/29/1997 16:00:00	46.5924263
1/30/1997 16:00:00	47.1935882568
1/31/1997 16:00:00	47.1372299194
2/3/1997 16:00:00	47.2781448364
2/4/1997 16:00:00	47.5693473816
2/5/1997 16:00:00	46.676940918
2/6/1997 16:00:00	46.9869537354
2/7/1997 16:00:00	47.6257095337
2/10/1997 16:00:00	47.1748085022
2/11/1997 16:00:00	47.7196540833
2/12/1997 16:00:00	48.395980835
2/13/1997 16:00:00	48.9220428467
2/14/1997 16:00:00	48.8093338013
2/18/1997 16:00:00	49.2226333618
2/19/1997 16:00:00	48.893863678
2/20/1997 16:00:00	48.3020401001
2/21/1997 16:00:00	48.3208656311
2/24/1997 16:00:00	48.893863678
2/25/1997 16:00:00	48.9314308167
2/26/1997 16:00:00	48.452331543
2/27/1997 16:00:00	47.7290458679
2/28/1997 16:00:00	47.5881538391
3/3/1997 16:00:00	47.9075546265
3/4/1997 16:00:00	47.6445007324
3/5/1997 16:00:00	48.452331543
3/6/1997 16:00:00	48.1705474854
3/7/1997 16:00:00	48.6026611328
3/10/1997 16:00:00	49.1099052429
3/11/1997 16:00:00	48.8468856812
3/12/1997 16:00:00	48.4147872925
3/13/1997 16:00:00	47.6632728577
3/14/1997 16:00:00	47.9075546265
3/17/1997 16:00:00	48.0390548706
3/18/1997 16:00:00	47.5223960876
3/19/1997 16:00:00	47.3627166748
3/20/1997 16:00:00	47.1184539795
3/21/1997 16:00:00	47.336605072
3/24/1997 16:00:00	47.9967079163
3/25/1997 16:00:00	47.5252189636
3/26/1997 16:00:00	47.7326545715
3/27/1997 16:00:00	46.4691047668
3/31/1997 16:00:00	45.4884376526
4/1/1997 16:00:00	45.7807388306
4/2/1997 16:00:00	44.9603652954
4/3/1997 16:00:00	45.2055435181
4/4/1997 16:00:00	45.7713127136
4/7/1997 16:00:00	45.9504890442
4/8/1997 16:00:00	46.2805023193
4/9/1997 16:00:00	45.9033203125
4/10/1997 16:00:00	45.7336044312
4/11/1997 16:00:00	44.2814292908
4/14/1997 16:00:00	44.8754768372
4/15/1997 16:00:00	45.6392936707
4/16/1997 16:00:00	46.1673736572
4/17/1997 16:00:00	45.9787635803
4/18/1997 16:00:00	46.2050628662
4/21/1997 16:00:00	45.9033203125
4/22/1997 16:00:00	46.9122924805
4/23/1997 16:00:00	46.9594306946
4/24/1997 16:00:00	46.7237052917
4/25/1997 16:00:00	46.1861801147
4/28/1997 16:00:00	46.6388397217
4/29/1997 16:00:00	48.1098480225
4/30/1997 16:00:00	48.3361701965
5/1/1997 16:00:00	48.2795906067
5/2/1997 16:00:00	49.1470909119
5/5/1997 16:00:00	50.3163795471
5/6/1997 16:00:00	50.2786636353
5/7/1997 16:00:00	49.1848144531
5/8/1997 16:00:00	49.5242881775
5/9/1997 16:00:00	49.8637504578
5/12/1997 16:00:00	50.6935539246
5/13/1997 16:00:00	50.4861068726
5/14/1997 16:00:00	50.5803947449
5/15/1997 16:00:00	50.919883728
5/16/1997 16:00:00	50.2220573425
5/19/1997 16:00:00	50.3729667664
5/20/1997 16:00:00	50.9764556885
5/21/1997 16:00:00	50.8632926941
5/22/1997 16:00:00	50.6935539246
5/23/1997 16:00:00	51.1650352478
5/27/1997 16:00:00	51.3724784851
5/28/1997 16:00:00	51.3630752563
5/29/1997 16:00:00	51.0613250732
5/30/1997 16:00:00	51.3913497925
6/2/1997 16:00:00	51.1650352478
6/3/1997 16:00:00	50.9952888489
6/4/1997 16:00:00	50.9387283325
6/5/1997 16:00:00	51.1273193359
6/6/1997 16:00:00	52.126865387
6/9/1997 16:00:00	52.390914917
6/10/1997 16:00:00	52.5512008667
6/11/1997 16:00:00	52.6737518311
6/12/1997 16:00:00	53.692199707
6/13/1997 16:00:00	54.1448135376
6/16/1997 16:00:00	54.163684845
6/17/1997 16:00:00	54.0882034302
6/18/1997 16:00:00	53.8996276855
6/19/1997 16:00:00	54.4559631348
6/20/1997 16:00:00	54.2704467773
6/23/1997 16:00:00	52.9546356201
6/24/1997 16:00:00	54.2988128662
6/25/1997 16:00:00	53.9201889038
6/26/1997 16:00:00	53.6551170349
6/27/1997 16:00:00	53.863407135
6/30/1997 16:00:00	53.5036659241
7/1/1997 16:00:00	54.128452301
7/2/1997 16:00:00	55.0182685852
7/3/1997 16:00:00	55.7755317688
7/7/1997 16:00:00	55.2076187134
7/8/1997 16:00:00	55.7850265503
7/9/1997 16:00:00	55.1697158813
7/10/1997 16:00:00	55.4158668518
7/11/1997 16:00:00	55.6052017212
7/14/1997 16:00:00	55.7755317688
7/15/1997 16:00:00	56.059551239
7/16/1997 16:00:00	56.7979660034
7/17/1997 16:00:00	56.5139389038
7/18/1997 16:00:00	55.311706543
7/21/1997 16:00:00	55.3211708069
7/22/1997 16:00:00	56.7884979248
7/23/1997 16:00:00	56.7411308289
7/24/1997 16:00:00	57.0061798096
7/25/1997 16:00:00	56.968334198
7/28/1997 16:00:00	56.9304771423
7/29/1997 16:00:00	57.1197738647
7/30/1997 16:00:00	57.8013648987
7/31/1997 16:00:00	57.7445983887
8/1/1997 16:00:00	57.5173225403
8/4/1997 16:00:00	57.668838501
8/5/1997 16:00:00	57.7067184448
8/6/1997 16:00:00	58.1800498962
8/7/1997 16:00:00	57.7445983887
8/8/1997 16:00:00	56.5707588196
8/11/1997 16:00:00	56.9872741699
8/12/1997 16:00:00	56.0784950256
8/13/1997 16:00:00	55.9080886841
8/14/1997 16:00:00	56.1163482666
8/15/1997 16:00:00	54.3935203552
8/18/1997 16:00:00	55.6052017212
8/19/1997 16:00:00	56.2489204407
8/20/1997 16:00:00	57.100856781
8/21/1997 16:00:00	56.0974311829
8/22/1997 16:00:00	56.0784950256
8/25/1997 16:00:00	55.8702735901
8/26/1997 16:00:00	55.0466461182
8/27/1997 16:00:00	55.3779830933
8/28/1997 16:00:00	54.5354690552
8/29/1997 16:00:00	54.7532310486
9/2/1997 16:00:00	56.5328979492
9/3/1997 16:00:00	56.2299919128
9/4/1997 16:00:00	56.5896759033
9/5/1997 16:00:00	56.428730011
9/8/1997 16:00:00	56.6748886108
9/9/1997 16:00:00	56.7032852173
9/10/1997 16:00:00	55.5294075012
9/11/1997 16:00:00	55.2454452515
9/12/1997 16:00:00	56.1352958679
9/15/1997 16:00:00	56.0406608582
9/16/1997 16:00:00	57.4416732788
9/17/1997 16:00:00	57.4416732788
9/18/1997 16:00:00	57.6877708435
9/19/1997 16:00:00	57.785369873
9/22/1997 16:00:00	58.1084136963
9/23/1997 16:00:00	57.8423690796
9/24/1997 16:00:00	57.3673248291
9/25/1997 16:00:00	56.9682807922
9/26/1997 16:00:00	57.4433441162
9/29/1997 16:00:00	57.994430542
9/30/1997 16:00:00	57.3863449097
10/1/1997 16:00:00	58.1464118958
10/2/1997 16:00:00	58.4694290161
10/3/1997 16:00:00	58.763999939
10/6/1997 16:00:00	59.1535148621
10/7/1997 16:00:00	59.704574585
10/8/1997 16:00:00	59.286529541
10/9/1997 16:00:00	59.0774993896
10/10/1997 16:00:00	58.9065055847
10/13/1997 16:00:00	58.963508606
10/14/1997 16:00:00	58.9824981689
10/15/1997 16:00:00	58.8495063782
10/16/1997 16:00:00	57.9183807373
10/17/1997 16:00:00	57.3293113708
10/20/1997 16:00:00	58.1464118958
10/21/1997 16:00:00	59.2770080566
10/22/1997 16:00:00	58.8874816895
10/23/1997 16:00:00	57.7284126282
10/24/1997 16:00:00	57.1583328247
10/27/1997 16:00:00	53.0158615112
10/28/1997 16:00:00	56.075138092
10/29/1997 16:00:00	55.9231681824
10/30/1997 16:00:00	54.6880111694
10/31/1997 16:00:00	55.980178833
11/3/1997 16:00:00	57.1583328247
11/4/1997 16:00:00	57.1583328247
11/5/1997 16:00:00	57.3483390808
11/6/1997 16:00:00	57.1298179626
11/7/1997 16:00:00	56.5122413635
11/10/1997 16:00:00	56.1701927185
11/11/1997 16:00:00	56.189201355
11/12/1997 16:00:00	55.0300674438
11/13/1997 16:00:00	55.8281478882
11/14/1997 16:00:00	56.5882568359
11/17/1997 16:00:00	57.63331604
11/18/1997 16:00:00	57.2723121643
11/19/1997 16:00:00	57.5573425293
11/20/1997 16:00:00	58.4314346313
11/21/1997 16:00:00	58.830493927
11/24/1997 16:00:00	57.7663574219
11/25/1997 16:00:00	57.9183807373
11/26/1997 16:00:00	58.0893859863
11/28/1997 16:00:00	58.1464118958
12/1/1997 16:00:00	59.6475715637
12/2/1997 16:00:00	59.286529541
12/3/1997 16:00:00	59.4575614929
12/4/1997 16:00:00	59.4005775452
12/5/1997 16:00:00	60.1606521606
12/8/1997 16:00:00	59.9896240234
12/9/1997 16:00:00	59.6285705566
12/10/1997 16:00:00	59.1155166626
12/11/1997 16:00:00	58.1084136963
12/12/1997 16:00:00	58.2224006653
12/15/1997 16:00:00	58.8114547729
12/16/1997 16:00:00	59.1725502014
12/17/1997 16:00:00	58.8684844971
12/18/1997 16:00:00	58.2984352112
12/19/1997 16:00:00	57.8626937866
12/22/1997 16:00:00	58.2347068787
12/23/1997 16:00:00	57.1949806213
12/24/1997 16:00:00	57.0232582092
12/26/1997 16:00:00	57.2522010803
12/29/1997 16:00:00	58.3777656555
12/30/1997 16:00:00	59.2935371399
12/31/1997 16:00:00	59.2553596497
1/2/1998 16:00:00	59.5606079102
1/5/1998 16:00:00	59.6941375732
1/6/1998 16:00:00	58.7402610779
1/7/1998 16:00:00	58.8928794861
1/8/1998 16:00:00	58.3777656555
1/9/1998 16:00:00	56.3555412292
1/12/1998 16:00:00	57.385761261
1/13/1998 16:00:00	58.18699646
1/14/1998 16:00:00	58.4541015625
1/15/1998 16:00:00	57.967590332
1/16/1998 16:00:00	58.7974662781
1/20/1998 16:00:00	59.7513694763
1/21/1998 16:00:00	59.1790390015
1/22/1998 16:00:00	58.6544151306
1/23/1998 16:00:00	58.568561554
1/26/1998 16:00:00	58.530418396
1/27/1998 16:00:00	59.1218109131
1/28/1998 16:00:00	59.6559715271
1/29/1998 16:00:00	59.980304718
1/30/1998 16:00:00	60.0184593201
2/2/1998 16:00:00	61.0104866028
2/3/1998 16:00:00	61.4683761597
2/4/1998 16:00:00	61.3920974731
2/5/1998 16:00:00	61.3539237976
2/6/1998 16:00:00	62.0407180786
2/9/1998 16:00:00	61.8308639526
2/10/1998 16:00:00	62.4222717285
2/11/1998 16:00:00	62.3650436401
2/12/1998 16:00:00	62.6321144104
2/13/1998 16:00:00	62.2696533203
2/17/1998 16:00:00	62.5748977661
2/18/1998 16:00:00	63.1472129822
2/19/1998 16:00:00	62.813331604
2/20/1998 16:00:00	63.2807655334
2/23/1998 16:00:00	63.5287818909
2/24/1998 16:00:00	63.0327377319
2/25/1998 16:00:00	63.8149337769
2/26/1998 16:00:00	64.1773910522
2/27/1998 16:00:00	64.1773910522
3/2/1998 16:00:00	64.0438766479
3/3/1998 16:00:00	64.4063568115
3/4/1998 16:00:00	63.9866256714
3/5/1998 16:00:00	63.3952293396
3/6/1998 16:00:00	64.6734542847
3/9/1998 16:00:00	64.444519043
3/10/1998 16:00:00	65.0550003052
3/11/1998 16:00:00	65.360206604
3/12/1998 16:00:00	65.6273269653
3/13/1998 16:00:00	65.3792800903
3/16/1998 16:00:00	66.0852050781
3/17/1998 16:00:00	66.2759399414
3/18/1998 16:00:00	66.5239639282
3/19/1998 16:00:00	66.6956939697
3/20/1998 16:00:00	67.2699890137
3/23/1998 16:00:00	67.1168899536
3/24/1998 16:00:00	67.6908340454
3/25/1998 16:00:00	67.4421157837
3/26/1998 16:00:00	67.4039077759
3/27/1998 16:00:00	67.1168899536
3/30/1998 16:00:00	67.07862854
3/31/1998 16:00:00	67.3081817627
4/1/1998 16:00:00	67.8534851074
4/2/1998 16:00:00	68.59009552
4/3/1998 16:00:00	68.9344558716
4/6/1998 16:00:00	68.3796310425
4/7/1998 16:00:00	67.9204330444
4/8/1998 16:00:00	67.5378036499
4/9/1998 16:00:00	68.0735321045
4/13/1998 16:00:00	67.882194519
4/14/1998 16:00:00	68.4561767578
4/15/1998 16:00:00	68.6475219727
4/16/1998 16:00:00	67.8439407349
4/17/1998 16:00:00	68.7431945801
4/20/1998 16:00:00	68.7240142822
4/21/1998 16:00:00	69.0493011475
4/22/1998 16:00:00	69.2406234741
4/23/1998 16:00:00	68.5709609985
4/24/1998 16:00:00	67.8439407349
4/27/1998 16:00:00	66.5620651245
4/28/1998 16:00:00	66.4663619995
4/29/1998 16:00:00	66.9255447388
4/30/1998 16:00:00	68.1691513062
5/1/1998 16:00:00	68.9344558716
5/4/1998 16:00:00	68.7622909546
5/5/1998 16:00:00	68.2839584351
5/6/1998 16:00:00	67.4804077148
5/7/1998 16:00:00	66.9447097778
5/8/1998 16:00:00	68.0352554321
5/11/1998 16:00:00	67.8056716919
5/12/1998 16:00:00	68.532699585
5/13/1998 16:00:00	68.7049102783
5/14/1998 16:00:00	68.360534668
5/15/1998 16:00:00	67.9778366089
5/18/1998 16:00:00	67.7100524902
5/19/1998 16:00:00	68.1691513062
5/20/1998 16:00:00	68.8196563721
5/21/1998 16:00:00	68.3796310425
5/22/1998 16:00:00	68.1118087769
5/26/1998 16:00:00	67.0212402344
5/27/1998 16:00:00	67.1168899536
5/28/1998 16:00:00	67.4230194092
5/29/1998 16:00:00	66.75340271
6/1/1998 16:00:00	67.0595245361
6/2/1998 16:00:00	67.1168899536
6/3/1998 16:00:00	66.0454864502
6/4/1998 16:00:00	67.2699890137
6/5/1998 16:00:00	68.5709609985
6/8/1998 16:00:00	68.4944610596
6/9/1998 16:00:00	68.7049102783
6/10/1998 16:00:00	68.264831543
6/11/1998 16:00:00	66.982963562
6/12/1998 16:00:00	67.6143264771
6/15/1998 16:00:00	65.8350219727
6/16/1998 16:00:00	66.8490600586
6/17/1998 16:00:00	68.2456817627
6/18/1998 16:00:00	67.9396286011
6/19/1998 16:00:00	67.5991744995
6/22/1998 16:00:00	67.9255065918
6/23/1998 16:00:00	68.7315979004
6/24/1998 16:00:00	69.652885437
6/25/1998 16:00:00	69.537689209
6/26/1998 16:00:00	69.8256072998
6/29/1998 16:00:00	70.0751113892
6/30/1998 16:00:00	69.5953445435
7/1/1998 16:00:00	70.4013748169
7/2/1998 16:00:00	70.535736084
7/6/1998 16:00:00	71.2459106445
7/7/1998 16:00:00	71.1115722656
7/8/1998 16:00:00	71.6297988892
7/9/1998 16:00:00	71.1499633789
7/10/1998 16:00:00	71.5338439941
7/13/1998 16:00:00	71.5530319214
7/14/1998 16:00:00	72.3591003418
7/15/1998 16:00:00	72.2247924805
7/16/1998 16:00:00	72.7238082886
7/17/1998 16:00:00	72.819770813
7/20/1998 16:00:00	72.819770813
7/21/1998 16:00:00	71.5530319214
7/22/1998 16:00:00	71.5530319214
7/23/1998 16:00:00	70.1327056885
7/24/1998 16:00:00	70.0751113892
7/27/1998 16:00:00	70.5741653442
7/28/1998 16:00:00	69.3841705322
7/29/1998 16:00:00	69.1154556274
7/30/1998 16:00:00	70.1518630981
7/31/1998 16:00:00	68.6548233032
8/3/1998 16:00:00	68.3669433594
8/4/1998 16:00:00	65.718208313
8/5/1998 16:00:00	66.6203231812
8/6/1998 16:00:00	66.9082260132
8/7/1998 16:00:00	67.0233917236
8/10/1998 16:00:00	66.6395263672
8/11/1998 16:00:00	65.6414718628
8/12/1998 16:00:00	66.7546539307
8/13/1998 16:00:00	65.9485473633
8/14/1998 16:00:00	65.1808319092
8/17/1998 16:00:00	66.5627593994
8/18/1998 16:00:00	67.7911224365
8/19/1998 16:00:00	67.6183853149
8/20/1998 16:00:00	67.2152862549
8/21/1998 16:00:00	66.6779022217
8/24/1998 16:00:00	67.1001358032
8/25/1998 16:00:00	67.2537155151
8/26/1998 16:00:00	66.8698196411
8/27/1998 16:00:00	63.7220954895
8/28/1998 16:00:00	63.4918060303
8/31/1998 16:00:00	58.9621696472
9/1/1998 16:00:00	61.4572982788
9/2/1998 16:00:00	61.0158653259
9/3/1998 16:00:00	60.5359916687
9/4/1998 16:00:00	60.0369529724
9/8/1998 16:00:00	63.26146698
9/9/1998 16:00:00	61.7260284424
9/10/1998 16:00:00	60.4976196289
9/11/1998 16:00:00	62.4553451538
9/14/1998 16:00:00	63.5301475525
9/15/1998 16:00:00	63.9140510559
9/16/1998 16:00:00	64.4898757935
9/17/1998 16:00:00	62.6472702026
9/18/1998 16:00:00	62.9263153076
9/21/1998 16:00:00	62.887802124
9/22/1998 16:00:00	63.4078826904
9/23/1998 16:00:00	65.9503173828
9/24/1998 16:00:00	64.3324203491
9/25/1998 16:00:00	64.2553482056
9/28/1998 16:00:00	64.833190918
9/29/1998 16:00:00	64.6790924072
9/30/1998 16:00:00	62.714466095
10/1/1998 16:00:00	60.9039344788
10/2/1998 16:00:00	62.0788192749
10/5/1998 16:00:00	60.8268585205
10/6/1998 16:00:00	60.7690963745
10/7/1998 16:00:00	59.863822937
10/8/1998 16:00:00	59.536365509
10/9/1998 16:00:00	60.7305603027
10/12/1998 16:00:00	61.616558075
10/13/1998 16:00:00	61.4046974182
10/14/1998 16:00:00	61.9825744629
10/15/1998 16:00:00	65.314743042
10/16/1998 16:00:00	65.3339996338
10/19/1998 16:00:00	65.5651321411
10/20/1998 16:00:00	65.9503173828
10/21/1998 16:00:00	65.7191848755
10/22/1998 16:00:00	66.7015228271
10/23/1998 16:00:00	65.854057312
10/26/1998 16:00:00	66.3355865479
10/27/1998 16:00:00	65.9503173828
10/28/1998 16:00:00	65.8347702026
10/29/1998 16:00:00	67.4334564209
10/30/1998 16:00:00	67.799446106
11/2/1998 16:00:00	68.9551086426
11/3/1998 16:00:00	68.4543228149
11/4/1998 16:00:00	69.1862258911
11/5/1998 16:00:00	70.1299972534
11/6/1998 16:00:00	70.3419113159
11/9/1998 16:00:00	69.8411178589
11/10/1998 16:00:00	69.6484985352
11/11/1998 16:00:00	69.1862258911
11/12/1998 16:00:00	69.1091842651
11/13/1998 16:00:00	69.7833251953
11/16/1998 16:00:00	70.3033905029
11/17/1998 16:00:00	70.3033905029
11/18/1998 16:00:00	70.7270889282
11/19/1998 16:00:00	71.343460083
11/20/1998 16:00:00	71.8827819824
11/23/1998 16:00:00	73.5778121948
11/24/1998 16:00:00	73.1154785156
11/25/1998 16:00:00	73.1154785156
11/27/1998 16:00:00	73.6548080444
11/30/1998 16:00:00	71.5746002197
12/1/1998 16:00:00	72.4991073608
12/2/1998 16:00:00	72.2872390747
12/3/1998 16:00:00	71.0930557251
12/4/1998 16:00:00	72.9614639282
12/7/1998 16:00:00	73.3081283569
12/8/1998 16:00:00	72.9806518555
12/9/1998 16:00:00	73.1154785156
12/10/1998 16:00:00	72.0464935303
12/11/1998 16:00:00	72.1909561157
12/14/1998 16:00:00	70.1107559204
12/15/1998 16:00:00	71.9213485718
12/16/1998 16:00:00	71.825012207
12/17/1998 16:00:00	72.9710693359
12/18/1998 16:00:00	73.2811203003
12/21/1998 16:00:00	74.305305481
12/22/1998 16:00:00	74.6338577271
12/23/1998 16:00:00	76.1992416382
12/24/1998 16:00:00	75.8706970215
12/28/1998 16:00:00	75.6774291992
12/29/1998 16:00:00	76.8756103516
12/30/1998 16:00:00	76.2571640015
12/31/1998 16:00:00	76.2571640015
1/4/1999 16:00:00	76.0832366943
1/5/1999 16:00:00	76.9528884888
1/6/1999 16:00:00	78.8080978394
1/7/1999 16:00:00	78.4216308594
1/8/1999 16:00:00	79.001335144
1/11/1999 16:00:00	78.2476577759
1/12/1999 16:00:00	76.8369445801
1/13/1999 16:00:00	76.2958297729
1/14/1999 16:00:00	74.9623947144
1/15/1999 16:00:00	76.9142379761
1/19/1999 16:00:00	77.4167175293
1/20/1999 16:00:00	78.0351028442
1/21/1999 16:00:00	75.967338562
1/22/1999 16:00:00	75.7933731079
1/25/1999 16:00:00	76.5663909912
1/26/1999 16:00:00	77.9578018188
1/27/1999 16:00:00	77.0495300293
1/28/1999 16:00:00	78.3442993164
1/29/1999 16:00:00	78.9433746338
2/1/1999 16:00:00	78.4795913696
2/2/1999 16:00:00	77.9964447021
2/3/1999 16:00:00	78.788772583
2/4/1999 16:00:00	77.6099243164
2/5/1999 16:00:00	76.7209854126
2/8/1999 16:00:00	76.8756103516
2/9/1999 16:00:00	75.1556243896
2/10/1999 16:00:00	75.6387634277
2/11/1999 16:00:00	77.3780136108
2/12/1999 16:00:00	76.4504013062
2/16/1999 16:00:00	75.9866104126
2/17/1999 16:00:00	75.9093399048
2/18/1999 16:00:00	76.508392334
2/19/1999 16:00:00	76.8369445801
2/22/1999 16:00:00	78.8853607178
2/23/1999 16:00:00	78.8467483521
2/24/1999 16:00:00	77.4553222656
2/25/1999 16:00:00	76.7209854126
2/26/1999 16:00:00	76.4118041992
3/1/1999 16:00:00	76.6243591309
3/2/1999 16:00:00	75.9479827881
3/3/1999 16:00:00	76.353805542
3/4/1999 16:00:00	77.3200683594
3/5/1999 16:00:00	78.8757629395
3/8/1999 16:00:00	79.387878418
3/9/1999 16:00:00	79.1946029663
3/10/1999 16:00:00	79.890296936
3/11/1999 16:00:00	80.7792816162
3/12/1999 16:00:00	80.0062942505
3/15/1999 16:00:00	81.146446228
3/16/1999 16:00:00	80.8372268677
3/17/1999 16:00:00	80.4893951416
3/18/1999 16:00:00	81.7841720581
3/19/1999 16:00:00	80.3940353394
3/22/1999 16:00:00	80.5490341187
3/23/1999 16:00:00	78.2243881226
3/24/1999 16:00:00	78.6699371338
3/25/1999 16:00:00	80.2778015137
3/26/1999 16:00:00	79.696647644
3/29/1999 16:00:00	81.3045501709
3/30/1999 16:00:00	80.8783187866
3/31/1999 16:00:00	79.5804290771
4/1/1999 16:00:00	80.1809539795
4/5/1999 16:00:00	82.0793914795
4/6/1999 16:00:00	81.8857040405
4/7/1999 16:00:00	82.5443267822
4/8/1999 16:00:00	83.5904388428
4/9/1999 16:00:00	83.6098022461
4/12/1999 16:00:00	84.5009155273
4/13/1999 16:00:00	83.9585113525
4/14/1999 16:00:00	82.5443267822
4/15/1999 16:00:00	82.2343597412
4/16/1999 16:00:00	81.5370101929
4/19/1999 16:00:00	80.2778015137
4/20/1999 16:00:00	81.2851638794
4/21/1999 16:00:00	83.6098022461
4/22/1999 16:00:00	84.4040603638
4/23/1999 16:00:00	84.1910171509
4/26/1999 16:00:00	84.67527771
4/27/1999 16:00:00	85.0820541382
4/28/1999 16:00:00	83.9197463989
4/29/1999 16:00:00	83.2804794312
4/30/1999 16:00:00	82.6024627686
5/3/1999 16:00:00	84.1134796143
5/4/1999 16:00:00	82.9123764038
5/5/1999 16:00:00	83.5710754395
5/6/1999 16:00:00	83.0576477051
5/7/1999 16:00:00	83.687286377
5/10/1999 16:00:00	83.2707595825
5/11/1999 16:00:00	84.1134796143
5/12/1999 16:00:00	84.7721176147
5/13/1999 16:00:00	85.1401901245
5/14/1999 16:00:00	82.9317855835
5/17/1999 16:00:00	83.1836547852
5/18/1999 16:00:00	83.0286636353
5/19/1999 16:00:00	83.6291885376
5/20/1999 16:00:00	83.1254959106
5/21/1999 16:00:00	82.6605987549
5/24/1999 16:00:00	81.2851638794
5/25/1999 16:00:00	79.9678649902
5/26/1999 16:00:00	80.8589553833
5/27/1999 16:00:00	79.696647644
5/28/1999 16:00:00	80.7136764526
6/1/1999 16:00:00	80.4327697754
6/2/1999 16:00:00	80.5102920532
6/3/1999 16:00:00	80.9558639526
6/4/1999 16:00:00	82.5830917358
6/7/1999 16:00:00	82.7961883545
6/8/1999 16:00:00	81.9825439453
6/9/1999 16:00:00	81.9050598145
6/10/1999 16:00:00	81.1495742798
6/11/1999 16:00:00	80.4715118408
6/14/1999 16:00:00	80.5490341187
6/15/1999 16:00:00	81.0914306641
6/16/1999 16:00:00	82.641204834
6/17/1999 16:00:00	83.4160614014
6/18/1999 16:00:00	83.5124511719
6/21/1999 16:00:00	83.7067947388
6/22/1999 16:00:00	83.1238327026
6/23/1999 16:00:00	82.7158355713
6/24/1999 16:00:00	82.0940246582
6/25/1999 16:00:00	81.8899917603
6/28/1999 16:00:00	82.8906555176
6/29/1999 16:00:00	83.6678924561
6/30/1999 16:00:00	85.1835174561
7/1/1999 16:00:00	85.8247070312
7/2/1999 16:00:00	86.6796875
7/6/1999 16:00:00	86.660194397
7/7/1999 16:00:00	86.7767868042
7/8/1999 16:00:00	86.8447799683
7/9/1999 16:00:00	87.3597259521
7/12/1999 16:00:00	86.9710998535
7/13/1999 16:00:00	86.660194397
7/14/1999 16:00:00	87.145980835
7/15/1999 16:00:00	87.6997680664
7/16/1999 16:00:00	88.17578125
7/19/1999 16:00:00	87.5928649902
7/20/1999 16:00:00	85.7955551147
7/21/1999 16:00:00	85.698387146
7/22/1999 16:00:00	84.5714263916
7/23/1999 16:00:00	84.4062271118
7/26/1999 16:00:00	83.7844848633
7/27/1999 16:00:00	84.4839553833
7/28/1999 16:00:00	84.7560043335
7/29/1999 16:00:00	83.5707626343
7/30/1999 16:00:00	82.5409469604
8/2/1999 16:00:00	82.7352676392
8/3/1999 16:00:00	82.3466033936
8/4/1999 16:00:00	81.2196807861
8/5/1999 16:00:00	81.9580154419
8/6/1999 16:00:00	81.0642089844
8/9/1999 16:00:00	80.8893432617
8/10/1999 16:00:00	79.9954910278
8/11/1999 16:00:00	80.9670639038
8/12/1999 16:00:00	80.918510437
8/13/1999 16:00:00	82.7934951782
8/16/1999 16:00:00	83.1626815796
8/17/1999 16:00:00	83.7067947388
8/18/1999 16:00:00	83.1044082642
8/19/1999 16:00:00	82.4243774414
8/20/1999 16:00:00	83.2598800659
8/23/1999 16:00:00	84.853187561
8/24/1999 16:00:00	85.164024353
8/25/1999 16:00:00	86.0384521484
8/26/1999 16:00:00	85.0086212158
8/27/1999 16:00:00	83.9787902832
8/30/1999 16:00:00	82.4243774414
8/31/1999 16:00:00	82.1134796143
9/1/1999 16:00:00	83.1238327026
9/2/1999 16:00:00	82.1426239014
9/3/1999 16:00:00	84.5422744751
9/7/1999 16:00:00	84.2314147949
9/8/1999 16:00:00	83.8233566284
9/9/1999 16:00:00	83.7844848633
9/10/1999 16:00:00	84.4839553833
9/13/1999 16:00:00	83.9107971191
9/14/1999 16:00:00	83.3570327759
9/15/1999 16:00:00	82.0357589722
9/16/1999 16:00:00	82.3564071655
9/17/1999 16:00:00	83.3969268799
9/20/1999 16:00:00	83.2800140381
9/21/1999 16:00:00	81.5263748169
9/22/1999 16:00:00	81.438659668
9/23/1999 16:00:00	79.7337188721
9/24/1999 16:00:00	79.65574646
9/27/1999 16:00:00	80.1818847656
9/28/1999 16:00:00	80.0259857178
9/29/1999 16:00:00	79.0711898804
9/30/1999 16:00:00	80.2793045044
10/1/1999 16:00:00	80.1039123535
10/4/1999 16:00:00	81.5263748169
10/5/1999 16:00:00	81.448425293
10/6/1999 16:00:00	82.6954498291
10/7/1999 16:00:00	82.2277908325
10/8/1999 16:00:00	83.4748840332
10/11/1999 16:00:00	83.3384475708
10/12/1999 16:00:00	82.0524368286
10/13/1999 16:00:00	79.9285202026
10/14/1999 16:00:00	79.9090652466
10/15/1999 16:00:00	77.8630752563
10/18/1999 16:00:00	78.4281997681
10/19/1999 16:00:00	79.1881103516
10/20/1999 16:00:00	79.9675369263
10/21/1999 16:00:00	80.4351577759
10/22/1999 16:00:00	81.1171340942
10/25/1999 16:00:00	80.7079772949
10/26/1999 16:00:00	79.6947174072
10/27/1999 16:00:00	81.1366424561
10/28/1999 16:00:00	83.9035415649
10/29/1999 16:00:00	85.4233856201
11/1/1999 16:00:00	84.5270996094
11/2/1999 16:00:00	83.9230194092
11/3/1999 16:00:00	84.4881286621
11/4/1999 16:00:00	85.1311340332
11/5/1999 16:00:00	85.9689712524
11/8/1999 16:00:00	86.046913147
11/9/1999 16:00:00	85.23828125
11/10/1999 16:00:00	85.8715362549
11/11/1999 16:00:00	86.3586959839
11/12/1999 16:00:00	87.1381072998
11/15/1999 16:00:00	87.3427047729
11/16/1999 16:00:00	88.073387146
11/17/1999 16:00:00	88.3072128296
11/18/1999 16:00:00	88.9307785034
11/19/1999 16:00:00	88.8527603149
11/22/1999 16:00:00	88.8333053589
11/23/1999 16:00:00	88.0539169312
11/24/1999 16:00:00	88.5215682983
11/26/1999 16:00:00	88.1903152466
11/29/1999 16:00:00	87.8785324097
11/30/1999 16:00:00	86.8458023071
12/1/1999 16:00:00	87.5473098755
12/2/1999 16:00:00	88.073387146
12/3/1999 16:00:00	89.6906509399
12/6/1999 16:00:00	89.0281600952
12/7/1999 16:00:00	88.3072128296
12/8/1999 16:00:00	87.742149353
12/9/1999 16:00:00	88.1708450317
12/10/1999 16:00:00	88.4630889893
12/13/1999 16:00:00	88.6189651489
12/14/1999 16:00:00	87.7616577148
12/15/1999 16:00:00	88.229309082
12/16/1999 16:00:00	88.6189651489
12/17/1999 16:00:00	89.1880340576
12/20/1999 16:00:00	88.543510437
12/21/1999 16:00:00	89.8912887573
12/22/1999 16:00:00	90.1256942749
12/23/1999 16:00:00	91.5613861084
12/27/1999 16:00:00	91.4343948364
12/28/1999 16:00:00	91.3757629395
12/29/1999 16:00:00	91.7664642334
12/30/1999 16:00:00	91.6590118408
12/31/1999 16:00:00	91.8055496216
1/3/2000 16:00:00	90.9070053101
1/4/2000 16:00:00	87.3519973755
1/5/2000 16:00:00	87.5082931519
1/6/2000 16:00:00	86.1018447876
1/7/2000 16:00:00	91.1023101807
1/10/2000 16:00:00	91.4148788452
1/11/2000 16:00:00	90.3210220337
1/12/2000 16:00:00	89.4225006104
1/13/2000 16:00:00	90.6335678101
1/14/2000 16:00:00	91.8641281128
1/18/2000 16:00:00	91.1414108276
1/19/2000 16:00:00	91.8836288452
1/20/2000 16:00:00	90.4772949219
1/21/2000 16:00:00	90.2819137573
1/24/2000 16:00:00	87.7231140137
1/25/2000 16:00:00	88.7193069458
1/26/2000 16:00:00	88.0161056519
1/27/2000 16:00:00	87.6645126343
1/28/2000 16:00:00	84.9298858643
1/31/2000 16:00:00	87.2348098755
2/1/2000 16:00:00	88.0942306519
2/2/2000 16:00:00	88.1723709106
2/3/2000 16:00:00	89.500617981
2/4/2000 16:00:00	89.1294784546
2/7/2000 16:00:00	88.992767334
2/8/2000 16:00:00	90.2038192749
2/9/2000 16:00:00	88.3091125488
2/10/2000 16:00:00	88.4849319458
2/11/2000 16:00:00	86.6878585815
2/14/2000 16:00:00	87.1957473755
2/15/2000 16:00:00	88.1821289062
2/16/2000 16:00:00	86.8832321167
2/17/2000 16:00:00	86.4338989258
2/18/2000 16:00:00	84.5782546997
2/22/2000 16:00:00	84.3634185791
2/23/2000 16:00:00	85.3596115112
2/24/2000 16:00:00	83.6406707764
2/25/2000 16:00:00	83.3379669189
2/28/2000 16:00:00	85.0861816406
2/29/2000 16:00:00	85.9065551758
3/1/2000 16:00:00	86.5315704346
3/2/2000 16:00:00	86.590171814
3/3/2000 16:00:00	88.2114715576
3/6/2000 16:00:00	87.3519973755
3/7/2000 16:00:00	85.6623764038
3/8/2000 16:00:00	85.55493927
3/9/2000 16:00:00	88.0551757812
3/10/2000 16:00:00	87.5864105225
3/13/2000 16:00:00	86.6292648315
3/14/2000 16:00:00	85.3986968994
3/15/2000 16:00:00	87.3910598755
3/16/2000 16:00:00	91.4734802246
3/17/2000 16:00:00	92.0780563354
3/20/2000 16:00:00	91.6080551147
3/21/2000 16:00:00	93.4879760742
3/22/2000 16:00:00	94.0558929443
3/23/2000 16:00:00	95.6616439819
3/24/2000 16:00:00	96.2295608521
3/27/2000 16:00:00	95.2112808228
3/28/2000 16:00:00	94.6629562378
3/29/2000 16:00:00	94.7608718872
3/30/2000 16:00:00	93.1746673584
3/31/2000 16:00:00	94.2321395874
4/3/2000 16:00:00	94.780418396
4/4/2000 16:00:00	94.0754623413
4/5/2000 16:00:00	93.4879760742
4/6/2000 16:00:00	94.3006286621
4/7/2000 16:00:00	94.8979110718
4/10/2000 16:00:00	94.5259017944
4/11/2000 16:00:00	94.2517547607
4/12/2000 16:00:00	91.6667785645
4/13/2000 16:00:00	90.393951416
4/14/2000 16:00:00	85.2240753174
4/17/2000 16:00:00	88.2006225586
4/18/2000 16:00:00	90.5309906006
4/19/2000 16:00:00	89.688949585
4/20/2000 16:00:00	90.1197662354
4/24/2000 16:00:00	89.1406097412
4/25/2000 16:00:00	92.8417663574
4/26/2000 16:00:00	91.7940597534
4/27/2000 16:00:00	91.4905548096
4/28/2000 16:00:00	90.9226455688
5/1/2000 16:00:00	92.1563568115
5/2/2000 16:00:00	90.315574646
5/3/2000 16:00:00	88.2006225586
5/4/2000 16:00:00	88.8664855957
5/5/2000 16:00:00	89.9435424805
5/8/2000 16:00:00	89.2679367065
5/9/2000 16:00:00	88.5531387329
5/10/2000 16:00:00	86.5556716919
5/11/2000 16:00:00	88.5335617065
5/12/2000 16:00:00	89.4930725098
5/15/2000 16:00:00	91.0401535034
5/16/2000 16:00:00	91.9213485718
5/17/2000 16:00:00	90.9618530273
5/18/2000 16:00:00	89.8456039429
5/19/2000 16:00:00	88.4356536865
5/22/2000 16:00:00	87.7698287964
5/23/2000 16:00:00	86.4773330688
5/24/2000 16:00:00	87.8873138428
5/25/2000 16:00:00	86.3794174194
5/26/2000 16:00:00	86.4773330688
5/30/2000 16:00:00	89.2972869873
5/31/2000 16:00:00	89.4930725098
6/1/2000 16:00:00	91.0597457886
6/2/2000 16:00:00	92.6459732056
6/5/2000 16:00:00	92.1955184937
6/6/2000 16:00:00	91.7843017578
6/7/2000 16:00:00	92.420715332
6/8/2000 16:00:00	92.0584564209
6/9/2000 16:00:00	91.8626480103
6/12/2000 16:00:00	90.7855606079
6/13/2000 16:00:00	92.4892349243
6/14/2000 16:00:00	92.6459732056
6/15/2000 16:00:00	92.8417663574
6/16/2000 16:00:00	92.078956604
6/19/2000 16:00:00	93.2566146851
6/20/2000 16:00:00	92.9229736328
6/21/2000 16:00:00	92.8836288452
6/22/2000 16:00:00	91.470413208
6/23/2000 16:00:00	90.6852874756
6/26/2000 16:00:00	91.8531723022
6/27/2000 16:00:00	91.1760025024
6/28/2000 16:00:00	91.431137085
6/29/2000 16:00:00	90.567489624
6/30/2000 16:00:00	91.2544708252
7/3/2000 16:00:00	92.5107345581
7/5/2000 16:00:00	90.8423080444
7/6/2000 16:00:00	91.5489044189
7/7/2000 16:00:00	93.0210876465
7/10/2000 16:00:00	92.864074707
7/11/2000 16:00:00	93.0603942871
7/12/2000 16:00:00	93.668800354
7/13/2000 16:00:00	94.0810470581
7/14/2000 16:00:00	95.0035552979
7/17/2000 16:00:00	94.8465652466
7/18/2000 16:00:00	94.0712280273
7/19/2000 16:00:00	93.3155593872
7/20/2000 16:00:00	94.6110153198
7/21/2000 16:00:00	92.7658996582
7/24/2000 16:00:00	92.2359085083
7/25/2000 16:00:00	92.5303497314
7/26/2000 16:00:00	91.6274414062
7/27/2000 16:00:00	91.3133544922
7/28/2000 16:00:00	89.2523269653
7/31/2000 16:00:00	89.8215789795
8/1/2000 16:00:00	90.3711700439
8/2/2000 16:00:00	90.8226165771
8/3/2000 16:00:00	91.4507827759
8/4/2000 16:00:00	91.9415130615
8/7/2000 16:00:00	93.0407409668
8/8/2000 16:00:00	93.3940200806
8/9/2000 16:00:00	92.6088638306
8/10/2000 16:00:00	92.1573867798
8/11/2000 16:00:00	92.5892791748
8/14/2000 16:00:00	93.7670135498
8/15/2000 16:00:00	93.6884689331
8/16/2000 16:00:00	93.3547515869
8/17/2000 16:00:00	94.3362808228
8/18/2000 16:00:00	94.0221786499
8/21/2000 16:00:00	94.5325164795
8/22/2000 16:00:00	94.3754577637
8/23/2000 16:00:00	94.7484283447
8/24/2000 16:00:00	95.0428390503
8/25/2000 16:00:00	95.0035552979
8/28/2000 16:00:00	95.3274765015
8/29/2000 16:00:00	95.3470840454
8/30/2000 16:00:00	94.4343338013
8/31/2000 16:00:00	95.6906204224
9/1/2000 16:00:00	95.7887420654
9/5/2000 16:00:00	95.0232543945
9/6/2000 16:00:00	93.9436721802
9/7/2000 16:00:00	94.7484283447
9/8/2000 16:00:00	94.1006851196
9/11/2000 16:00:00	93.9632797241
9/12/2000 16:00:00	93.2762756348
9/13/2000 16:00:00	93.5215911865
9/14/2000 16:00:00	93.9926986694
9/15/2000 16:00:00	91.9363327026
9/18/2000 16:00:00	91.0901870728
9/19/2000 16:00:00	91.9166488647
9/20/2000 16:00:00	91.2377548218
9/21/2000 16:00:00	89.8504638672
9/22/2000 16:00:00	91.4837188721
9/25/2000 16:00:00	90.8344039917
9/26/2000 16:00:00	89.6733703613
9/27/2000 16:00:00	90.1456069946
9/28/2000 16:00:00	91.3066635132
9/29/2000 16:00:00	90.4408187866
10/2/2000 16:00:00	90.5785293579
10/3/2000 16:00:00	89.7323989868
10/4/2000 16:00:00	90.4801940918
10/5/2000 16:00:00	90.7950363159
10/6/2000 16:00:00	88.8271789551
10/9/2000 16:00:00	88.1581497192
10/10/2000 16:00:00	86.7019348145
10/11/2000 16:00:00	85.9738540649
10/12/2000 16:00:00	83.8289337158
10/13/2000 16:00:00	86.6232376099
10/16/2000 16:00:00	87.0168228149
10/17/2000 16:00:00	84.8522033691
10/18/2000 16:00:00	84.537322998
10/19/2000 16:00:00	87.7252502441
10/20/2000 16:00:00	88.0990905762
10/23/2000 16:00:00	88.49269104
10/24/2000 16:00:00	87.9023208618
10/25/2000 16:00:00	85.8361129761
10/26/2000 16:00:00	86.072265625
10/27/2000 16:00:00	87.7055130005
10/30/2000 16:00:00	88.49269104
10/31/2000 16:00:00	90.0176773071
11/1/2000 16:00:00	89.7127075195
11/2/2000 16:00:00	89.8603210449
11/3/2000 16:00:00	89.9095153809
11/6/2000 16:00:00	90.5392074585
11/7/2000 16:00:00	90.51953125
11/8/2000 16:00:00	88.512336731
11/9/2000 16:00:00	88.1778411865
11/10/2000 16:00:00	86.0328979492
11/13/2000 16:00:00	85.363861084
11/14/2000 16:00:00	87.6071090698
11/15/2000 16:00:00	87.8826599121
11/16/2000 16:00:00	86.5051574707
11/17/2000 16:00:00	86.0427474976
11/20/2000 16:00:00	84.8128433228
11/21/2000 16:00:00	85.2458114624
11/22/2000 16:00:00	83.2090606689
11/24/2000 16:00:00	84.9112548828
11/27/2000 16:00:00	85.6589889526
11/28/2000 16:00:00	84.1831893921
11/29/2000 16:00:00	84.0257492065
11/30/2000 16:00:00	83.2976379395
12/1/2000 16:00:00	83.2582855225
12/4/2000 16:00:00	83.9666748047
12/5/2000 16:00:00	86.7216491699
12/6/2000 16:00:00	85.3343429565
12/7/2000 16:00:00	84.1634674072
12/8/2000 16:00:00	84.3602752686
12/11/2000 16:00:00	87.2923126221
12/12/2000 16:00:00	86.9184265137
12/13/2000 16:00:00	85.7278823853
12/14/2000 16:00:00	84.6357574463
12/15/2000 16:00:00	82.7240905762
12/18/2000 16:00:00	83.8294525146
12/19/2000 16:00:00	82.1220626831
12/20/2000 16:00:00	79.7436141968
12/21/2000 16:00:00	80.296295166
12/22/2000 16:00:00	82.7043838501
12/26/2000 16:00:00	83.592628479
12/27/2000 16:00:00	84.2045288086
12/28/2000 16:00:00	84.4610977173
12/29/2000 16:00:00	82.8623199463
1/2/2001 16:00:00	81.362159729
1/3/2001 16:00:00	85.2703781128
1/4/2001 16:00:00	84.3525466919
1/5/2001 16:00:00	81.5990066528
1/8/2001 16:00:00	82.2306594849
1/9/2001 16:00:00	82.0135116577
1/10/2001 16:00:00	83.4544754028
1/11/2001 16:00:00	83.5333709717
1/12/2001 16:00:00	83.3754882812
1/16/2001 16:00:00	83.9084320068
1/17/2001 16:00:00	84.293296814
1/18/2001 16:00:00	85.1322021484
1/19/2001 16:00:00	84.6486129761
1/22/2001 16:00:00	85.2111740112
1/23/2001 16:00:00	85.8822860718
1/24/2001 16:00:00	86.1389083862
1/25/2001 16:00:00	85.9217376709
1/26/2001 16:00:00	85.8230667114
1/29/2001 16:00:00	86.280960083
1/30/2001 16:00:00	87.0389480591
1/31/2001 16:00:00	86.5463027954
2/1/2001 16:00:00	87.1210250854
2/2/2001 16:00:00	85.1440429688
2/5/2001 16:00:00	85.7693634033
2/6/2001 16:00:00	85.516708374
2/7/2001 16:00:00	85.0745697021
2/8/2001 16:00:00	84.0829162598
2/9/2001 16:00:00	83.2744216919
2/12/2001 16:00:00	84.228187561
2/13/2001 16:00:00	83.5397186279
2/14/2001 16:00:00	83.4133529663
2/15/2001 16:00:00	84.221862793
2/16/2001 16:00:00	82.3648681641
2/20/2001 16:00:00	81.0952987671
2/21/2001 16:00:00	79.3456802368
2/22/2001 16:00:00	79.465675354
2/23/2001 16:00:00	78.9287872314
2/26/2001 16:00:00	80.6089477539
2/27/2001 16:00:00	79.8635787964
2/28/2001 16:00:00	78.2908477783
3/1/2001 16:00:00	78.7014160156
3/2/2001 16:00:00	78.0760803223
3/5/2001 16:00:00	78.7898101807
3/6/2001 16:00:00	79.6362380981
3/7/2001 16:00:00	80.2046813965
3/8/2001 16:00:00	80.2931289673
3/9/2001 16:00:00	77.9181289673
3/12/2001 16:00:00	74.5832061768
3/13/2001 16:00:00	75.8085327148
3/14/2001 16:00:00	74.3115463257
3/15/2001 16:00:00	74.3305664062
3/16/2001 16:00:00	72.8396377563
3/19/2001 16:00:00	74.3216247559
3/20/2001 16:00:00	72.3266372681
3/21/2001 16:00:00	71.0979995728
3/22/2001 16:00:00	70.3759918213
3/23/2001 16:00:00	72.5039596558
3/26/2001 16:00:00	73.4286270142
3/27/2001 16:00:00	74.9296340942
3/28/2001 16:00:00	72.8586578369
3/29/2001 16:00:00	73.137298584
3/30/2001 16:00:00	73.903678894
4/2/2001 16:00:00	72.3266372681
4/3/2001 16:00:00	69.9136657715
4/4/2001 16:00:00	70.2049713135
4/5/2001 16:00:00	72.864982605
4/6/2001 16:00:00	71.7566452026
4/9/2001 16:00:00	72.554649353
4/10/2001 16:00:00	73.8783035278
4/11/2001 16:00:00	73.9289932251
4/12/2001 16:00:00	75.2716217041
4/16/2001 16:00:00	74.4799728394
4/17/2001 16:00:00	75.5313186646
4/18/2001 16:00:00	78.5333099365
4/19/2001 16:00:00	79.5783081055
4/20/2001 16:00:00	78.8499755859
4/23/2001 16:00:00	77.4186477661
4/24/2001 16:00:00	77.0006408691
4/25/2001 16:00:00	78.0076217651
4/26/2001 16:00:00	78.3559570312
4/27/2001 16:00:00	79.6606369019
4/30/2001 16:00:00	80.2180175781
5/1/2001 16:00:00	80.4649581909
5/2/2001 16:00:00	80.3193054199
5/3/2001 16:00:00	79.2996368408
5/4/2001 16:00:00	80.6486663818
5/7/2001 16:00:00	79.9519577026
5/8/2001 16:00:00	79.9140167236
5/9/2001 16:00:00	79.5783081055
5/10/2001 16:00:00	79.8126602173
5/11/2001 16:00:00	79.2616424561
5/14/2001 16:00:00	79.4199905396
5/15/2001 16:00:00	79.7873001099
5/16/2001 16:00:00	81.6683197021
5/17/2001 16:00:00	81.7950134277
5/18/2001 16:00:00	82.1686401367
5/21/2001 16:00:00	83.378326416
5/22/2001 16:00:00	83.2706222534
5/23/2001 16:00:00	81.8582839966
5/24/2001 16:00:00	82.098991394
5/25/2001 16:00:00	81.1299667358
5/29/2001 16:00:00	80.4839859009
5/30/2001 16:00:00	79.3566513062
5/31/2001 16:00:00	79.7682952881
6/1/2001 16:00:00	80.262298584
6/4/2001 16:00:00	80.6486663818
6/5/2001 16:00:00	81.5733184814
6/6/2001 16:00:00	80.8956375122
6/7/2001 16:00:00	81.1869735718
6/8/2001 16:00:00	80.4333190918
6/11/2001 16:00:00	79.863319397
6/12/2001 16:00:00	79.7239456177
6/13/2001 16:00:00	79.0399627686
6/14/2001 16:00:00	77.2666778564
6/15/2001 16:00:00	77.3911056519
6/18/2001 16:00:00	77.0163955688
6/19/2001 16:00:00	77.353012085
6/20/2001 16:00:00	77.7595214844
6/21/2001 16:00:00	78.6423339844
6/22/2001 16:00:00	78.0262908936
6/25/2001 16:00:00	77.3085861206
6/26/2001 16:00:00	77.2005767822
6/27/2001 16:00:00	77.1561203003
6/28/2001 16:00:00	77.5816497803
6/29/2001 16:00:00	77.8674926758
7/2/2001 16:00:00	78.8392486572
7/3/2001 16:00:00	78.8201522827
7/5/2001 16:00:00	77.283164978
7/6/2001 16:00:00	75.6127853394
7/9/2001 16:00:00	76.0255584717
7/10/2001 16:00:00	75.1110076904
7/11/2001 16:00:00	75.1871795654
7/12/2001 16:00:00	76.9719390869
7/13/2001 16:00:00	77.6388244629
7/16/2001 16:00:00	76.667098999
7/17/2001 16:00:00	77.3847885132
7/18/2001 16:00:00	76.8576583862
7/19/2001 16:00:00	77.5308532715
7/20/2001 16:00:00	77.0672073364
7/23/2001 16:00:00	75.5492248535
7/24/2001 16:00:00	74.8188171387
7/25/2001 16:00:00	75.64453125
7/26/2001 16:00:00	76.4384307861
7/27/2001 16:00:00	76.7305603027
7/30/2001 16:00:00	76.7559814453
7/31/2001 16:00:00	77.0735702515
8/1/2001 16:00:00	77.5562591553
8/2/2001 16:00:00	77.873840332
8/3/2001 16:00:00	77.4482803345
8/6/2001 16:00:00	76.4066696167
8/7/2001 16:00:00	76.7051925659
8/8/2001 16:00:00	75.2825088501
8/9/2001 16:00:00	75.5048065186
8/10/2001 16:00:00	75.7651519775
8/13/2001 16:00:00	75.7842407227
8/14/2001 16:00:00	75.7524642944
8/15/2001 16:00:00	75.0982894897
8/16/2001 16:00:00	75.3586959839
8/17/2001 16:00:00	74.1519165039
8/20/2001 16:00:00	74.8379135132
8/21/2001 16:00:00	73.5612945557
8/22/2001 16:00:00	74.3234100342
8/23/2001 16:00:00	74.0566940308
8/24/2001 16:00:00	75.5936965942
8/27/2001 16:00:00	75.1427688599
8/28/2001 16:00:00	74.0439605713
8/29/2001 16:00:00	73.3834381104
8/30/2001 16:00:00	71.9734191895
8/31/2001 16:00:00	72.5005722046
9/4/2001 16:00:00	72.0369338989
9/5/2001 16:00:00	72.2147598267
9/6/2001 16:00:00	70.3538208008
9/7/2001 16:00:00	69.0518188477
9/10/2001 16:00:00	69.8965454102
9/17/2001 16:00:00	66.2445144653
9/18/2001 16:00:00	66.0857467651
9/19/2001 16:00:00	64.751953125
9/20/2001 16:00:00	62.6941184998
9/21/2001 16:00:00	62.0177001953
9/24/2001 16:00:00	64.1980438232
9/25/2001 16:00:00	64.86743927
9/26/2001 16:00:00	64.6379089355
9/27/2001 16:00:00	65.1989517212
9/28/2001 16:00:00	66.5823516846
10/1/2001 16:00:00	66.4739456177
10/2/2001 16:00:00	67.3091049194
10/3/2001 16:00:00	68.4375457764
10/4/2001 16:00:00	68.4949188232
10/5/2001 16:00:00	68.3610458374
10/8/2001 16:00:00	67.9147720337
10/9/2001 16:00:00	67.5513916016
10/10/2001 16:00:00	69.0559082031
10/11/2001 16:00:00	70.1269378662
10/12/2001 16:00:00	69.8081970215
10/15/2001 16:00:00	69.6806793213
10/16/2001 16:00:00	70.12059021
10/17/2001 16:00:00	68.6287460327
10/18/2001 16:00:00	68.4821548462
10/19/2001 16:00:00	68.4375457764
10/22/2001 16:00:00	69.7890625
10/23/2001 16:00:00	69.4320449829
10/24/2001 16:00:00	69.2471542358
10/25/2001 16:00:00	70.4902954102
10/26/2001 16:00:00	70.3309402466
10/29/2001 16:00:00	68.5012664795
10/30/2001 16:00:00	67.678855896
10/31/2001 16:00:00	67.4493713379
11/1/2001 16:00:00	69.1770629883
11/2/2001 16:00:00	69.6487960815
11/5/2001 16:00:00	70.5604248047
11/6/2001 16:00:00	71.6569824219
11/7/2001 16:00:00	71.5613555908
11/8/2001 16:00:00	71.7844772339
11/9/2001 16:00:00	71.8609924316
11/12/2001 16:00:00	71.4211196899
11/13/2001 16:00:00	73.0276260376
11/14/2001 16:00:00	73.0977783203
11/15/2001 16:00:00	73.2316741943
11/16/2001 16:00:00	72.9065246582
11/19/2001 16:00:00	73.8054199219
11/20/2001 16:00:00	73.1870269775
11/21/2001 16:00:00	72.7025375366
11/23/2001 16:00:00	73.7480316162
11/26/2001 16:00:00	73.9073944092
11/27/2001 16:00:00	73.5886306763
11/28/2001 16:00:00	72.2562332153
11/29/2001 16:00:00	73.2316741943
11/30/2001 16:00:00	72.7089080811
12/3/2001 16:00:00	72.275352478
12/4/2001 16:00:00	73.4994125366
12/5/2001 16:00:00	74.8445663452
12/6/2001 16:00:00	74.8063354492
12/7/2001 16:00:00	74.3090133667
12/10/2001 16:00:00	72.9192733765
12/11/2001 16:00:00	72.7725982666
12/12/2001 16:00:00	72.855506897
12/13/2001 16:00:00	71.440246582
12/14/2001 16:00:00	72.1223602295
12/17/2001 16:00:00	72.8682556152
12/18/2001 16:00:00	73.3018188477
12/19/2001 16:00:00	73.8181533813
12/20/2001 16:00:00	73.0913772583
12/21/2001 16:00:00	73.5346984863
12/24/2001 16:00:00	73.393951416
12/26/2001 16:00:00	73.7969741821
12/27/2001 16:00:00	74.2448043823
12/28/2001 16:00:00	74.2063980103
12/31/2001 16:00:00	73.118927002
1/2/2002 16:00:00	73.90574646
1/3/2002 16:00:00	74.7437286377
1/4/2002 16:00:00	75.2427444458
1/7/2002 16:00:00	74.7117767334
1/8/2002 16:00:00	74.5390853882
1/9/2002 16:00:00	73.9313430786
1/10/2002 16:00:00	74.2575759888
1/11/2002 16:00:00	73.5282897949
1/14/2002 16:00:00	73.0676879883
1/15/2002 16:00:00	73.6626586914
1/16/2002 16:00:00	72.172088623
1/17/2002 16:00:00	72.7158660889
1/18/2002 16:00:00	72.3832550049
1/22/2002 16:00:00	71.8842697144
1/23/2002 16:00:00	72.4343795776
1/24/2002 16:00:00	72.6582794189
1/25/2002 16:00:00	72.6391067505
1/28/2002 16:00:00	72.8374176025
1/29/2002 16:00:00	70.5472335815
1/30/2002 16:00:00	71.5643768311
1/31/2002 16:00:00	72.4024200439
2/1/2002 16:00:00	72.0633773804
2/4/2002 16:00:00	70.2721939087
2/5/2002 16:00:00	69.8371810913
2/6/2002 16:00:00	69.5365142822
2/7/2002 16:00:00	69.101524353
2/8/2002 16:00:00	70.4256744385
2/11/2002 16:00:00	71.2893218994
2/12/2002 16:00:00	71.0654144287
2/13/2002 16:00:00	71.8202972412
2/14/2002 16:00:00	71.6859741211
2/15/2002 16:00:00	70.9374923706
2/19/2002 16:00:00	69.5748748779
2/20/2002 16:00:00	70.745552063
2/21/2002 16:00:00	69.2806243896
2/22/2002 16:00:00	70.1378707886
2/25/2002 16:00:00	71.2957382202
2/26/2002 16:00:00	71.1485900879
2/27/2002 16:00:00	71.4237060547
2/28/2002 16:00:00	71.1037902832
3/1/2002 16:00:00	72.7606277466
3/4/2002 16:00:00	74.0464859009
3/5/2002 16:00:00	73.8097610474
3/6/2002 16:00:00	74.686164856
3/7/2002 16:00:00	74.5262680054
3/8/2002 16:00:00	74.8397521973
3/11/2002 16:00:00	74.9996337891
3/12/2002 16:00:00	74.9548492432
3/13/2002 16:00:00	74.2320098877
3/14/2002 16:00:00	74.1296463013
3/15/2002 16:00:00	74.8359909058
3/18/2002 16:00:00	74.8488082886
3/19/2002 16:00:00	75.3492050171
3/20/2002 16:00:00	73.9314117432
3/21/2002 16:00:00	73.9634857178
3/22/2002 16:00:00	73.8031234741
3/25/2002 16:00:00	72.8856887817
3/26/2002 16:00:00	73.3091049194
3/27/2002 16:00:00	73.5015563965
3/28/2002 16:00:00	73.4694900513
4/1/2002 16:00:00	73.5015563965
4/2/2002 16:00:00	73.0973968506
4/3/2002 16:00:00	72.5841598511
4/4/2002 16:00:00	72.2826385498
4/5/2002 16:00:00	72.2954788208
4/8/2002 16:00:00	72.4493713379
4/9/2002 16:00:00	71.9426116943
4/10/2002 16:00:00	72.7573699951
4/11/2002 16:00:00	70.9482040405
4/12/2002 16:00:00	71.4806976318
4/15/2002 16:00:00	70.9353866577
4/16/2002 16:00:00	72.6226348877
4/17/2002 16:00:00	72.4686737061
4/18/2002 16:00:00	72.154335022
4/19/2002 16:00:00	72.4173583984
4/22/2002 16:00:00	71.211265564
4/23/2002 16:00:00	70.9033279419
4/24/2002 16:00:00	70.1912384033
4/25/2002 16:00:00	70.2296829224
4/26/2002 16:00:00	68.8952407837
4/29/2002 16:00:00	68.5552444458
4/30/2002 16:00:00	69.1968231201
5/1/2002 16:00:00	70.0436630249
5/2/2002 16:00:00	69.7741775513
5/3/2002 16:00:00	69.0171966553
5/6/2002 16:00:00	67.6634979248
5/7/2002 16:00:00	67.4261398315
5/8/2002 16:00:00	69.9346008301
5/9/2002 16:00:00	69.1262435913
5/10/2002 16:00:00	67.823928833
5/13/2002 16:00:00	69.2032394409
5/14/2002 16:00:00	70.7108612061
5/15/2002 16:00:00	70.4349746704
5/16/2002 16:00:00	70.8006668091
5/17/2002 16:00:00	71.1471481323
5/20/2002 16:00:00	70.377243042
5/21/2002 16:00:00	69.7357025146
5/22/2002 16:00:00	69.8896865845
5/23/2002 16:00:00	70.6338729858
5/24/2002 16:00:00	69.729309082
5/28/2002 16:00:00	69.3507461548
5/29/2002 16:00:00	68.8375778198
5/30/2002 16:00:00	68.6450805664
5/31/2002 16:00:00	68.7862167358
6/3/2002 16:00:00	66.9578475952
6/4/2002 16:00:00	67.1246032715
6/5/2002 16:00:00	67.7532958984
6/6/2002 16:00:00	66.3740158081
6/7/2002 16:00:00	66.2970428467
6/10/2002 16:00:00	66.5536346436
6/11/2002 16:00:00	65.4117050171
6/12/2002 16:00:00	65.8094406128
6/13/2002 16:00:00	65.14868927
6/14/2002 16:00:00	65.0524291992
6/17/2002 16:00:00	66.7974319458
6/18/2002 16:00:00	67.3427581787
6/19/2002 16:00:00	65.770980835
6/20/2002 16:00:00	64.9305038452
6/21/2002 16:00:00	63.9153137207
6/24/2002 16:00:00	64.2500686646
6/25/2002 16:00:00	62.8079719543
6/26/2002 16:00:00	62.9110069275
6/27/2002 16:00:00	64.0119171143
6/28/2002 16:00:00	63.7093315125
7/1/2002 16:00:00	62.4667701721
7/2/2002 16:00:00	61.1405639648
7/3/2002 16:00:00	61.4882507324
7/5/2002 16:00:00	63.9345932007
7/8/2002 16:00:00	63.1363067627
7/9/2002 16:00:00	61.5461807251
7/10/2002 16:00:00	59.3057785034
7/11/2002 16:00:00	59.7886161804
7/12/2002 16:00:00	59.1319351196
7/15/2002 16:00:00	59.4474067688
7/16/2002 16:00:00	58.3014373779
7/17/2002 16:00:00	58.4173469543
7/18/2002 16:00:00	56.5246047974
7/19/2002 16:00:00	54.5353050232
7/22/2002 16:00:00	52.9193992615
7/23/2002 16:00:00	51.470867157
7/24/2002 16:00:00	54.5417251587
7/25/2002 16:00:00	54.0782051086
7/26/2002 16:00:00	55.1082725525
7/29/2002 16:00:00	57.7928619385
7/30/2002 16:00:00	58.5460968018
7/31/2002 16:00:00	58.6877555847
8/1/2002 16:00:00	57.1555404663
8/2/2002 16:00:00	55.8743858337
8/5/2002 16:00:00	53.9301300049
8/6/2002 16:00:00	55.7456321716
8/7/2002 16:00:00	56.717754364
8/8/2002 16:00:00	58.5525512695
8/9/2002 16:00:00	58.7714309692
8/12/2002 16:00:00	58.3401145935
8/13/2002 16:00:00	57.2778358459
8/14/2002 16:00:00	59.3701477051
8/15/2002 16:00:00	60.1942253113
8/16/2002 16:00:00	60.0139541626
8/19/2002 16:00:00	61.4173851013
8/20/2002 16:00:00	60.7672080994
8/21/2002 16:00:00	61.642742157
8/22/2002 16:00:00	62.2414588928
8/23/2002 16:00:00	60.9024047852
8/26/2002 16:00:00	61.3272438049
8/27/2002 16:00:00	60.6191444397
8/28/2002 16:00:00	59.2929039001
8/29/2002 16:00:00	59.3186607361
8/30/2002 16:00:00	59.0869102478
9/3/2002 16:00:00	56.8336181641
9/4/2002 16:00:00	57.644821167
9/5/2002 16:00:00	57.1555404663
9/6/2002 16:00:00	57.9409446716
9/9/2002 16:00:00	58.3658599854
9/10/2002 16:00:00	59.0353622437
9/11/2002 16:00:00	58.6684570312
9/12/2002 16:00:00	57.5868682861
9/13/2002 16:00:00	57.728477478
9/16/2002 16:00:00	57.8701477051
9/17/2002 16:00:00	56.5439186096
9/18/2002 16:00:00	55.9773826599
9/19/2002 16:00:00	54.5288734436
9/20/2002 16:00:00	54.5469589233
9/23/2002 16:00:00	54.1007766724
9/24/2002 16:00:00	53.2277488708
9/25/2002 16:00:00	54.5469589233
9/26/2002 16:00:00	55.4393920898
9/27/2002 16:00:00	53.5122756958
9/30/2002 16:00:00	52.8915023804
10/1/2002 16:00:00	55.432926178
10/2/2002 16:00:00	53.7709579468
10/3/2002 16:00:00	53.2277488708
10/4/2002 16:00:00	52.2513008118
10/7/2002 16:00:00	51.1713371277
10/8/2002 16:00:00	51.9732246399
10/9/2002 16:00:00	50.5052490234
10/10/2002 16:00:00	52.1413497925
10/11/2002 16:00:00	54.4241104126
10/14/2002 16:00:00	54.7280464172
10/15/2002 16:00:00	57.3600234985
10/16/2002 16:00:00	55.9696311951
10/17/2002 16:00:00	57.081905365
10/18/2002 16:00:00	57.3212127686
10/21/2002 16:00:00	58.3106193542
10/22/2002 16:00:00	57.8903045654
10/23/2002 16:00:00	58.3300361633
10/24/2002 16:00:00	57.1401367188
10/25/2002 16:00:00	58.3300361633
10/28/2002 16:00:00	57.9484863281
10/29/2002 16:00:00	57.2759017944
10/30/2002 16:00:00	57.8320732117
10/31/2002 16:00:00	57.243598938
11/1/2002 16:00:00	58.3752937317
11/4/2002 16:00:00	58.9314537048
11/5/2002 16:00:00	59.3970222473
11/6/2002 16:00:00	60.1665802002
11/7/2002 16:00:00	58.6921577454
11/8/2002 16:00:00	57.9743385315
11/11/2002 16:00:00	57.0754814148
11/12/2002 16:00:00	57.5281639099
11/13/2002 16:00:00	57.5863418579
11/14/2002 16:00:00	58.6727752686
11/15/2002 16:00:00	59.1060333252
11/18/2002 16:00:00	58.5110969543
11/19/2002 16:00:00	58.433506012
11/20/2002 16:00:00	59.7333106995
11/21/2002 16:00:00	60.8455657959
11/22/2002 16:00:00	60.4123153687
11/25/2002 16:00:00	60.4510879517
11/26/2002 16:00:00	59.3000335693
11/27/2002 16:00:00	60.9684867859
11/29/2002 16:00:00	60.774433136
12/2/2002 16:00:00	60.8714447021
12/3/2002 16:00:00	60.0566329956
12/4/2002 16:00:00	59.785030365
12/5/2002 16:00:00	59.1254081726
12/6/2002 16:00:00	59.5134315491
12/9/2002 16:00:00	57.8773345947
12/10/2002 16:00:00	58.653339386
12/11/2002 16:00:00	58.7050971985
12/12/2002 16:00:00	58.6986274719
12/13/2002 16:00:00	57.7738990784
12/16/2002 16:00:00	59.26770401
12/17/2002 16:00:00	58.7503509521
12/18/2002 16:00:00	58.0713653564
12/19/2002 16:00:00	57.6574859619
12/20/2002 16:00:00	58.4801750183
12/23/2002 16:00:00	58.4996643066
12/24/2002 16:00:00	58.0642776489
12/26/2002 16:00:00	58.0902862549
12/27/2002 16:00:00	56.7840843201
12/30/2002 16:00:00	57.2584953308
12/31/2002 16:00:00	57.3364830017
1/2/2003 16:00:00	59.1820411682
1/3/2003 16:00:00	59.3639678955
1/6/2003 16:00:00	60.4102516174
1/7/2003 16:00:00	60.2607727051
1/8/2003 16:00:00	59.3900032043
1/9/2003 16:00:00	60.3127670288
1/10/2003 16:00:00	60.4752006531
1/13/2003 16:00:00	60.4557609558
1/14/2003 16:00:00	60.6507339478
1/15/2003 16:00:00	60.0463562012
1/16/2003 16:00:00	59.7993774414
1/17/2003 16:00:00	58.9155807495
1/21/2003 16:00:00	57.9992828369
1/22/2003 16:00:00	57.2974777222
1/23/2003 16:00:00	57.6483535767
1/24/2003 16:00:00	56.134185791
1/27/2003 16:00:00	55.367389679
1/28/2003 16:00:00	55.7767829895
1/29/2003 16:00:00	56.1992301941
1/30/2003 16:00:00	54.8670196533
1/31/2003 16:00:00	55.9263114929
2/3/2003 16:00:00	56.0367393494
2/4/2003 16:00:00	55.4843826294
2/5/2003 16:00:00	55.1399154663
2/6/2003 16:00:00	54.8799972534
2/7/2003 16:00:00	54.2106437683
2/10/2003 16:00:00	54.5940666199
2/11/2003 16:00:00	54.2171630859
2/12/2003 16:00:00	53.3528556824
2/13/2003 16:00:00	53.5153007507
2/14/2003 16:00:00	54.685043335
2/18/2003 16:00:00	55.6468238831
2/19/2003 16:00:00	55.3544044495
2/20/2003 16:00:00	54.802028656
2/21/2003 16:00:00	55.3544044495
2/24/2003 16:00:00	54.4576034546
2/25/2003 16:00:00	54.8929901123
2/26/2003 16:00:00	54.0937004089
2/27/2003 16:00:00	54.8085212708
2/28/2003 16:00:00	55.1724433899
3/3/2003 16:00:00	54.6460418701
3/4/2003 16:00:00	53.7752761841
3/5/2003 16:00:00	54.2301597595
3/6/2003 16:00:00	53.7752761841
3/7/2003 16:00:00	54.1456985474
3/10/2003 16:00:00	52.8459663391
3/11/2003 16:00:00	52.3261222839
3/12/2003 16:00:00	52.6770057678
3/13/2003 16:00:00	54.4966163635
3/14/2003 16:00:00	54.6720428467
3/17/2003 16:00:00	56.3941574097
3/18/2003 16:00:00	56.7256126404
3/19/2003 16:00:00	57.1609764099
3/20/2003 16:00:00	57.2844696045
3/21/2003 16:00:00	58.5071716309
3/24/2003 16:00:00	56.5628204346
3/25/2003 16:00:00	57.1043739319
3/26/2003 16:00:00	56.8173103333
3/27/2003 16:00:00	56.8629875183
3/28/2003 16:00:00	56.5759124756
3/31/2003 16:00:00	55.2905006409
4/1/2003 16:00:00	56.1387023926
4/2/2003 16:00:00	57.4958496094
4/3/2003 16:00:00	57.2218322754
4/4/2003 16:00:00	57.5610923767
4/7/2003 16:00:00	57.4502105713
4/8/2003 16:00:00	57.5415344238
4/9/2003 16:00:00	56.7846603394
4/10/2003 16:00:00	57.0978660583
4/11/2003 16:00:00	56.8629875183
4/14/2003 16:00:00	58.0374488831
4/15/2003 16:00:00	58.5789375305
4/16/2003 16:00:00	57.5806922913
4/17/2003 16:00:00	58.4354438782
4/21/2003 16:00:00	58.4941520691
4/22/2003 16:00:00	59.5968284607
4/23/2003 16:00:00	60.1449317932
4/24/2003 16:00:00	59.6098937988
4/25/2003 16:00:00	58.8725662231
4/28/2003 16:00:00	59.8904571533
4/29/2003 16:00:00	60.0992240906
4/30/2003 16:00:00	59.9687309265
5/1/2003 16:00:00	59.9622116089
5/2/2003 16:00:00	60.8169212341
5/5/2003 16:00:00	60.6995429993
5/6/2003 16:00:00	61.2737083435
5/7/2003 16:00:00	60.9343833923
5/8/2003 16:00:00	60.3210449219
5/9/2003 16:00:00	61.1562232971
5/12/2003 16:00:00	61.9065628052
5/13/2003 16:00:00	61.7956848145
5/14/2003 16:00:00	61.6651573181
5/15/2003 16:00:00	62.0566329956
5/16/2003 16:00:00	61.900062561
5/19/2003 16:00:00	60.4515838623
5/20/2003 16:00:00	60.3275947571
5/21/2003 16:00:00	60.4515838623
5/22/2003 16:00:00	61.0518379211
5/23/2003 16:00:00	61.1758270264
5/27/2003 16:00:00	62.2458686829
5/28/2003 16:00:00	62.4220199585
5/29/2003 16:00:00	62.258895874
5/30/2003 16:00:00	63.2572059631
6/2/2003 16:00:00	63.5182189941
6/3/2003 16:00:00	63.7791900635
6/4/2003 16:00:00	64.6991653442
6/5/2003 16:00:00	65.0188674927
6/6/2003 16:00:00	64.7644119263
6/9/2003 16:00:00	64.1054229736
6/10/2003 16:00:00	64.7578964233
6/11/2003 16:00:00	65.4430084229
6/12/2003 16:00:00	65.6452636719
6/13/2003 16:00:00	64.9601516724
6/16/2003 16:00:00	66.330368042
6/17/2003 16:00:00	66.330368042
6/18/2003 16:00:00	66.2716217041
6/19/2003 16:00:00	65.2602767944
6/20/2003 16:00:00	65.1162719727
6/23/2003 16:00:00	64.4482650757
6/24/2003 16:00:00	64.5137863159
6/25/2003 16:00:00	63.8655128479
6/26/2003 16:00:00	64.6971359253
6/27/2003 16:00:00	63.9506378174
6/30/2003 16:00:00	63.9309692383
7/1/2003 16:00:00	64.5203475952
7/2/2003 16:00:00	65.33228302
7/3/2003 16:00:00	64.657875061
7/7/2003 16:00:00	65.9413070679
7/8/2003 16:00:00	66.2359848022
7/9/2003 16:00:00	65.862739563
7/10/2003 16:00:00	65.0245666504
7/11/2003 16:00:00	65.6401062012
7/14/2003 16:00:00	65.9609298706
7/15/2003 16:00:00	65.8168640137
7/16/2003 16:00:00	65.4305114746
7/17/2003 16:00:00	64.5006484985
7/18/2003 16:00:00	65.162071228
7/21/2003 16:00:00	64.356628418
7/22/2003 16:00:00	64.9394454956
7/23/2003 16:00:00	64.9852676392
7/24/2003 16:00:00	64.4941482544
7/25/2003 16:00:00	65.6335449219
7/28/2003 16:00:00	65.3912887573
7/29/2003 16:00:00	65.0900650024
7/30/2003 16:00:00	64.9328689575
7/31/2003 16:00:00	65.0834655762
8/1/2003 16:00:00	64.5072479248
8/4/2003 16:00:00	64.5072479248
8/5/2003 16:00:00	63.138633728
8/6/2003 16:00:00	63.5053443909
8/7/2003 16:00:00	64.1732635498
8/8/2003 16:00:00	64.356628418
8/11/2003 16:00:00	64.5988845825
8/12/2003 16:00:00	65.1882476807
8/13/2003 16:00:00	64.8542709351
8/14/2003 16:00:00	65.0310821533
8/15/2003 16:00:00	65.234046936
8/18/2003 16:00:00	65.7972640991
8/19/2003 16:00:00	66.0460891724
8/20/2003 16:00:00	65.7776031494
8/21/2003 16:00:00	65.987121582
8/22/2003 16:00:00	65.33228302
8/25/2003 16:00:00	65.4370727539
8/26/2003 16:00:00	65.5549545288
8/27/2003 16:00:00	65.5746078491
8/28/2003 16:00:00	65.9806060791
8/29/2003 16:00:00	66.4258804321
9/2/2003 16:00:00	67.3164672852
9/3/2003 16:00:00	67.6831512451
9/4/2003 16:00:00	67.715927124
9/5/2003 16:00:00	67.3361129761
9/8/2003 16:00:00	67.8927078247
9/9/2003 16:00:00	67.4473876953
9/10/2003 16:00:00	66.7663726807
9/11/2003 16:00:00	66.9628143311
9/12/2003 16:00:00	67.0872344971
9/15/2003 16:00:00	66.8515090942
9/16/2003 16:00:00	67.8272247314
9/17/2003 16:00:00	67.6962432861
9/18/2003 16:00:00	68.4951477051
9/19/2003 16:00:00	68.1467437744
9/22/2003 16:00:00	67.4105224609
9/23/2003 16:00:00	67.6668701172
9/24/2003 16:00:00	66.463973999
9/25/2003 16:00:00	65.9183731079
9/26/2003 16:00:00	65.7014312744
9/29/2003 16:00:00	66.3456115723
9/30/2003 16:00:00	65.7014312744
10/1/2003 16:00:00	67.1015853882
10/2/2003 16:00:00	67.3447723389
10/3/2003 16:00:00	67.9627075195
10/6/2003 16:00:00	68.2716293335
10/7/2003 16:00:00	68.5345916748
10/8/2003 16:00:00	68.3636779785
10/9/2003 16:00:00	68.5477142334
10/10/2003 16:00:00	68.7383575439
10/13/2003 16:00:00	68.9552612305
10/14/2003 16:00:00	69.1985092163
10/15/2003 16:00:00	69.0144271851
10/16/2003 16:00:00	69.2905044556
10/17/2003 16:00:00	68.5345916748
10/20/2003 16:00:00	69.0473251343
10/21/2003 16:00:00	68.9289779663
10/22/2003 16:00:00	68.0612869263
10/23/2003 16:00:00	67.9364089966
10/24/2003 16:00:00	68.0876159668
10/27/2003 16:00:00	68.1204299927
10/28/2003 16:00:00	69.0473251343
10/29/2003 16:00:00	69.1393661499
10/30/2003 16:00:00	69.2839508057
10/31/2003 16:00:00	69.218208313
11/3/2003 16:00:00	69.6718063354
11/4/2003 16:00:00	69.5205917358
11/5/2003 16:00:00	69.5732116699
11/6/2003 16:00:00	69.9413146973
11/7/2003 16:00:00	69.4219894409
11/10/2003 16:00:00	69.1393661499
11/11/2003 16:00:00	69.1196136475
11/12/2003 16:00:00	69.8952789307
11/13/2003 16:00:00	69.9149627686
11/14/2003 16:00:00	69.323425293
11/17/2003 16:00:00	68.9750366211
11/18/2003 16:00:00	68.2584609985
11/19/2003 16:00:00	68.8369979858
11/20/2003 16:00:00	68.2190551758
11/21/2003 16:00:00	68.5017242432
11/24/2003 16:00:00	69.4088668823
11/25/2003 16:00:00	69.6718063354
11/26/2003 16:00:00	69.9215927124
11/28/2003 16:00:00	69.9741516113
12/1/2003 16:00:00	70.7301101685
12/2/2003 16:00:00	70.5526428223
12/3/2003 16:00:00	70.4409103394
12/4/2003 16:00:00	70.7301101685
12/5/2003 16:00:00	70.2370986938
12/8/2003 16:00:00	70.7103881836
12/9/2003 16:00:00	70.1647796631
12/10/2003 16:00:00	70.1582107544
12/11/2003 16:00:00	70.9470596313
12/12/2003 16:00:00	71.0850830078
12/15/2003 16:00:00	70.7301101685
12/16/2003 16:00:00	71.098236084
12/17/2003 16:00:00	71.3217086792
12/18/2003 16:00:00	72.1236801147
12/19/2003 16:00:00	71.9229125977
12/22/2003 16:00:00	72.4248275757
12/23/2003 16:00:00	72.4710693359
12/24/2003 16:00:00	72.3984146118
12/26/2003 16:00:00	72.4512557983
12/29/2003 16:00:00	73.4155197144
12/30/2003 16:00:00	73.4287338257
12/31/2003 16:00:00	73.4948043823
1/2/2004 16:00:00	73.4617614746
1/5/2004 16:00:00	74.260887146
1/6/2004 16:00:00	74.3335571289
1/7/2004 16:00:00	74.5844955444
1/8/2004 16:00:00	74.8817062378
1/9/2004 16:00:00	74.2278518677
1/12/2004 16:00:00	74.7760543823
1/13/2004 16:00:00	74.3401184082
1/14/2004 16:00:00	74.9609527588
1/15/2004 16:00:00	75.1459121704
1/16/2004 16:00:00	75.4431152344
1/20/2004 16:00:00	75.4232711792
1/21/2004 16:00:00	76.0176773071
1/22/2004 16:00:00	75.8195800781
1/23/2004 16:00:00	75.5751724243
1/26/2004 16:00:00	76.5262298584
1/27/2004 16:00:00	75.7402954102
1/28/2004 16:00:00	74.8750839233
1/29/2004 16:00:00	74.9477462769
1/30/2004 16:00:00	74.9477462769
2/2/2004 16:00:00	75.2713851929
2/3/2004 16:00:00	75.1459121704
2/4/2004 16:00:00	74.5316696167
2/5/2004 16:00:00	74.7496109009
2/6/2004 16:00:00	75.5883483887
2/9/2004 16:00:00	75.6082000732
2/10/2004 16:00:00	75.8525772095
2/11/2004 16:00:00	76.6583023071
2/12/2004 16:00:00	76.3809356689
2/13/2004 16:00:00	76.0375213623
2/17/2004 16:00:00	76.7243499756
2/18/2004 16:00:00	76.3875274658
2/19/2004 16:00:00	76.1035385132
2/20/2004 16:00:00	75.8723754883
2/23/2004 16:00:00	75.6808776855
2/24/2004 16:00:00	75.5487670898
2/25/2004 16:00:00	75.8657836914
2/26/2004 16:00:00	75.9120101929
2/27/2004 16:00:00	75.9648590088
3/1/2004 16:00:00	76.7177429199
3/2/2004 16:00:00	76.2686691284
3/3/2004 16:00:00	76.4073181152
3/4/2004 16:00:00	76.6054840088
3/5/2004 16:00:00	76.8630599976
3/8/2004 16:00:00	75.9252090454
3/9/2004 16:00:00	75.621421814
3/10/2004 16:00:00	74.3533325195
3/11/2004 16:00:00	73.3891067505
3/12/2004 16:00:00	74.3533325195
3/15/2004 16:00:00	73.4418945312
3/16/2004 16:00:00	73.8316040039
3/17/2004 16:00:00	74.6571426392
3/18/2004 16:00:00	74.6769714355
3/19/2004 16:00:00	73.6065979004
3/22/2004 16:00:00	72.6721191406
3/23/2004 16:00:00	72.5461654663
3/24/2004 16:00:00	72.6058502197
3/25/2004 16:00:00	73.5668334961
3/26/2004 16:00:00	73.5867156982
3/29/2004 16:00:00	74.6206512451
3/30/2004 16:00:00	74.8724899292
3/31/2004 16:00:00	74.9586486816
4/1/2004 16:00:00	75.4093475342
4/2/2004 16:00:00	75.9793014526
4/5/2004 16:00:00	76.3968353271
4/6/2004 16:00:00	76.1516036987
4/7/2004 16:00:00	75.9726867676
4/8/2004 16:00:00	75.8003845215
4/12/2004 16:00:00	76.0986251831
4/13/2004 16:00:00	75.0315628052
4/14/2004 16:00:00	75.1508712769
4/15/2004 16:00:00	74.865852356
4/16/2004 16:00:00	75.4424591064
4/19/2004 16:00:00	75.4424591064
4/20/2004 16:00:00	74.1765823364
4/21/2004 16:00:00	74.673614502
4/22/2004 16:00:00	75.7208175659
4/23/2004 16:00:00	75.7937393188
4/26/2004 16:00:00	75.6876754761
4/27/2004 16:00:00	75.753944397
4/28/2004 16:00:00	74.7730484009
4/29/2004 16:00:00	74.1169204712
4/30/2004 16:00:00	73.5403442383
5/3/2004 16:00:00	74.3290176392
5/4/2004 16:00:00	74.2693710327
5/5/2004 16:00:00	74.7465820312
5/6/2004 16:00:00	74.1036834717
5/7/2004 16:00:00	72.877571106
5/10/2004 16:00:00	72.1286392212
5/11/2004 16:00:00	72.7383651733
5/12/2004 16:00:00	73.2023468018
5/13/2004 16:00:00	72.8974533081
5/14/2004 16:00:00	72.9305801392
5/17/2004 16:00:00	72.3076019287
5/18/2004 16:00:00	72.6721191406
5/19/2004 16:00:00	72.4203033447
5/20/2004 16:00:00	72.6522293091
5/21/2004 16:00:00	72.7781524658
5/24/2004 16:00:00	73.0830230713
5/25/2004 16:00:00	74.1302032471
5/26/2004 16:00:00	74.3886795044
5/27/2004 16:00:00	74.8062362671
5/28/2004 16:00:00	74.7995605469
6/1/2004 16:00:00	74.7001800537
6/2/2004 16:00:00	74.978515625
6/3/2004 16:00:00	74.2893066406
6/4/2004 16:00:00	74.8791046143
6/7/2004 16:00:00	76.0190582275
6/8/2004 16:00:00	76.1251373291
6/9/2004 16:00:00	75.4159469604
6/10/2004 16:00:00	75.7871017456
6/14/2004 16:00:00	75.038192749
6/15/2004 16:00:00	75.5684127808
6/16/2004 16:00:00	75.5551300049
6/17/2004 16:00:00	75.4424591064
6/18/2004 16:00:00	75.5848007202
6/21/2004 16:00:00	75.2987976074
6/22/2004 16:00:00	75.6779403687
6/23/2004 16:00:00	76.3298034668
6/24/2004 16:00:00	76.0903778076
6/25/2004 16:00:00	75.7244644165
6/28/2004 16:00:00	75.4650726318
6/29/2004 16:00:00	75.7777023315
6/30/2004 16:00:00	76.1834640503
7/1/2004 16:00:00	75.1258392334
7/2/2004 16:00:00	75.0859069824
7/6/2004 16:00:00	74.4273834229
7/7/2004 16:00:00	74.6469192505
7/8/2004 16:00:00	74.1280593872
7/9/2004 16:00:00	74.3209838867
7/12/2004 16:00:00	74.3542556763
7/13/2004 16:00:00	74.4074325562
7/14/2004 16:00:00	74.1812820435
7/15/2004 16:00:00	73.702331543
7/16/2004 16:00:00	73.6425018311
7/19/2004 16:00:00	73.3298187256
7/20/2004 16:00:00	74.2610778809
7/21/2004 16:00:00	72.8908538818
7/22/2004 16:00:00	73.0904083252
7/23/2004 16:00:00	72.4784393311
7/26/2004 16:00:00	72.338684082
7/27/2004 16:00:00	73.0172195435
7/28/2004 16:00:00	73.2367172241
7/29/2004 16:00:00	73.5493545532
7/30/2004 16:00:00	73.7289505005
8/2/2004 16:00:00	73.8819274902
8/3/2004 16:00:00	73.3098983765
8/4/2004 16:00:00	73.3032608032
8/5/2004 16:00:00	72.1059112549
8/6/2004 16:00:00	71.0748825073
8/9/2004 16:00:00	71.1746444702
8/10/2004 16:00:00	72.092628479
8/11/2004 16:00:00	71.9462509155
8/12/2004 16:00:00	71.1613616943
8/13/2004 16:00:00	71.3010406494
8/16/2004 16:00:00	72.0394134521
8/17/2004 16:00:00	72.4451828003
8/18/2004 16:00:00	73.1901626587
8/19/2004 16:00:00	72.9773025513
8/20/2004 16:00:00	73.4894714355
8/23/2004 16:00:00	73.3032608032
8/24/2004 16:00:00	73.4030151367
8/25/2004 16:00:00	73.9019012451
8/26/2004 16:00:00	73.9019012451
8/27/2004 16:00:00	74.1347122192
8/30/2004 16:00:00	73.5227355957
8/31/2004 16:00:00	73.9085464478
9/1/2004 16:00:00	74.0482635498
9/2/2004 16:00:00	74.8863601685
9/3/2004 16:00:00	74.5803833008
9/7/2004 16:00:00	75.0726089478
9/8/2004 16:00:00	74.8863601685
9/9/2004 16:00:00	74.8198547363
9/10/2004 16:00:00	75.205657959
9/13/2004 16:00:00	75.451789856
9/14/2004 16:00:00	75.6047821045
9/15/2004 16:00:00	75.0327072144
9/16/2004 16:00:00	75.2589035034
9/17/2004 16:00:00	75.5788345337
9/20/2004 16:00:00	75.1246185303
9/21/2004 16:00:00	75.4519271851
9/22/2004 16:00:00	74.5101242065
9/23/2004 16:00:00	74.109375
9/24/2004 16:00:00	74.4499969482
9/27/2004 16:00:00	73.9757232666
9/28/2004 16:00:00	74.3297729492
9/29/2004 16:00:00	74.7037963867
9/30/2004 16:00:00	74.6503601074
10/1/2004 16:00:00	75.9128112793
10/4/2004 16:00:00	76.0396881104
10/5/2004 16:00:00	76.0798187256
10/6/2004 16:00:00	76.6007843018
10/7/2004 16:00:00	75.7792129517
10/8/2004 16:00:00	75.1513519287
10/11/2004 16:00:00	75.4585876465
10/12/2004 16:00:00	75.1647033691
10/13/2004 16:00:00	74.5034179688
10/14/2004 16:00:00	73.9022827148
10/15/2004 16:00:00	74.31640625
10/18/2004 16:00:00	74.5969772339
10/19/2004 16:00:00	73.969039917
10/20/2004 16:00:00	73.8220977783
10/21/2004 16:00:00	74.3030471802
10/22/2004 16:00:00	73.4681167603
10/25/2004 16:00:00	73.3812789917
10/26/2004 16:00:00	74.5034179688
10/27/2004 16:00:00	75.3984451294
10/28/2004 16:00:00	75.6255874634
10/29/2004 16:00:00	75.6122207642
11/1/2004 16:00:00	75.8192672729
11/2/2004 16:00:00	75.8459854126
11/3/2004 16:00:00	76.8011779785
11/4/2004 16:00:00	77.8498916626
11/5/2004 16:00:00	78.3375015259
11/8/2004 16:00:00	78.2239151001
11/9/2004 16:00:00	78.0702819824
11/10/2004 16:00:00	78.1304016113
11/11/2004 16:00:00	78.7249069214
11/12/2004 16:00:00	79.3460769653
11/15/2004 16:00:00	79.5410308838
11/16/2004 16:00:00	78.9715881348
11/17/2004 16:00:00	79.4405441284
11/18/2004 16:00:00	79.5477142334
11/19/2004 16:00:00	78.6634063721
11/22/2004 16:00:00	79.0385742188
11/23/2004 16:00:00	79.1591949463
11/24/2004 16:00:00	79.3467788696
11/26/2004 16:00:00	79.2864608765
11/29/2004 16:00:00	78.924697876
11/30/2004 16:00:00	78.9782867432
12/1/2004 16:00:00	79.8759918213
12/2/2004 16:00:00	79.9429779053
12/3/2004 16:00:00	79.8893814087
12/6/2004 16:00:00	79.8625946045
12/7/2004 16:00:00	79.1189727783
12/8/2004 16:00:00	79.5812530518
12/9/2004 16:00:00	79.8625946045
12/10/2004 16:00:00	79.9429779053
12/13/2004 16:00:00	80.6397094727
12/14/2004 16:00:00	80.921081543
12/15/2004 16:00:00	80.9813766479
12/16/2004 16:00:00	80.9345092773
12/17/2004 16:00:00	80.3946914673
12/20/2004 16:00:00	80.4148712158
12/21/2004 16:00:00	81.0341186523
12/22/2004 16:00:00	81.2292938232
12/23/2004 16:00:00	81.289894104
12/27/2004 16:00:00	81.1216049194
12/28/2004 16:00:00	81.565826416
12/29/2004 16:00:00	81.6870040894
12/30/2004 16:00:00	81.5322036743
12/31/2004 16:00:00	81.3571853638
1/3/2005 16:00:00	80.9735183716
1/4/2005 16:00:00	79.9840393066
1/5/2005 16:00:00	79.4321289062
1/6/2005 16:00:00	79.8360061646
1/7/2005 16:00:00	79.7215805054
1/10/2005 16:00:00	80.0985031128
1/11/2005 16:00:00	79.5465545654
1/12/2005 16:00:00	79.80909729
1/13/2005 16:00:00	79.1696624756
1/14/2005 16:00:00	79.5869369507
1/18/2005 16:00:00	80.4148712158
1/19/2005 16:00:00	79.5735092163
1/20/2005 16:00:00	79.0888748169
1/21/2005 16:00:00	78.6042175293
1/24/2005 16:00:00	78.4494247437
1/25/2005 16:00:00	78.6715545654
1/26/2005 16:00:00	78.9071502686
1/27/2005 16:00:00	79.0417175293
1/28/2005 16:00:00	79.0417175293
1/31/2005 16:00:00	79.5331344604
2/1/2005 16:00:00	80.0379104614
2/2/2005 16:00:00	80.2802352905
2/3/2005 16:00:00	80.0715713501
2/4/2005 16:00:00	80.9264297485
2/7/2005 16:00:00	80.8187255859
2/8/2005 16:00:00	80.9129562378
2/9/2005 16:00:00	80.307182312
2/10/2005 16:00:00	80.5966110229
2/11/2005 16:00:00	81.289894104
2/14/2005 16:00:00	81.2292938232
2/15/2005 16:00:00	81.5322036743
2/16/2005 16:00:00	81.5860443115
2/17/2005 16:00:00	80.9264297485
2/18/2005 16:00:00	81.0341186523
2/22/2005 16:00:00	79.8292541504
2/23/2005 16:00:00	80.4013900757
2/24/2005 16:00:00	80.9331283569
2/25/2005 16:00:00	81.73412323
2/28/2005 16:00:00	81.1956481934
3/1/2005 16:00:00	81.5995330811
3/2/2005 16:00:00	81.559135437
3/3/2005 16:00:00	81.5927886963
3/4/2005 16:00:00	82.6091461182
3/7/2005 16:00:00	82.6495285034
3/8/2005 16:00:00	82.3399124146
3/9/2005 16:00:00	81.4245452881
3/10/2005 16:00:00	81.6062393188
3/11/2005 16:00:00	81.0341186523
3/14/2005 16:00:00	81.5389251709
3/15/2005 16:00:00	80.8658294678
3/16/2005 16:00:00	80.1792678833
3/17/2005 16:00:00	80.3408203125
3/18/2005 16:00:00	80.1022796631
3/21/2005 16:00:00	79.8049545288
3/22/2005 16:00:00	78.9940795898
3/23/2005 16:00:00	79.0616455078
3/24/2005 16:00:00	79.1562347412
3/28/2005 16:00:00	79.2710876465
3/29/2005 16:00:00	78.7440490723
3/30/2005 16:00:00	79.8590087891
3/31/2005 16:00:00	79.7103424072
4/1/2005 16:00:00	79.3521881104
4/4/2005 16:00:00	79.4873580933
4/5/2005 16:00:00	79.8657531738
4/6/2005 16:00:00	80.1428070068
4/7/2005 16:00:00	80.5753097534
4/8/2005 16:00:00	79.7373962402
4/11/2005 16:00:00	79.7981948853
4/12/2005 16:00:00	80.2104110718
4/13/2005 16:00:00	79.2643737793
4/14/2005 16:00:00	78.2304611206
4/15/2005 16:00:00	77.1358108521
4/18/2005 16:00:00	77.3722839355
4/19/2005 16:00:00	77.9872283936
4/20/2005 16:00:00	76.8992843628
4/21/2005 16:00:00	78.3926239014
4/22/2005 16:00:00	78.0952835083
4/25/2005 16:00:00	78.60887146
4/26/2005 16:00:00	77.8452987671
4/27/2005 16:00:00	78.1493835449
4/28/2005 16:00:00	77.1695556641
4/29/2005 16:00:00	78.2169265747
5/2/2005 16:00:00	78.6561889648
5/3/2005 16:00:00	78.7913970947
5/4/2005 16:00:00	79.3994979858
5/5/2005 16:00:00	79.3724746704
5/6/2005 16:00:00	79.1224517822
5/9/2005 16:00:00	79.6157608032
5/10/2005 16:00:00	78.7913970947
5/11/2005 16:00:00	79.2238235474
5/12/2005 16:00:00	78.3520889282
5/13/2005 16:00:00	78.1966705322
5/16/2005 16:00:00	78.9265136719
5/17/2005 16:00:00	79.4535446167
5/18/2005 16:00:00	80.2712249756
5/19/2005 16:00:00	80.6090927124
5/20/2005 16:00:00	80.4942092896
5/23/2005 16:00:00	80.9402008057
5/24/2005 16:00:00	80.7509765625
5/25/2005 16:00:00	80.6901626587
5/26/2005 16:00:00	81.1226425171
5/27/2005 16:00:00	81.2578125
5/31/2005 16:00:00	80.7374649048
6/1/2005 16:00:00	81.4267425537
6/2/2005 16:00:00	81.6024169922
6/3/2005 16:00:00	81.190246582
6/6/2005 16:00:00	81.1158676147
6/7/2005 16:00:00	81.1766967773
6/8/2005 16:00:00	81.0280380249
6/9/2005 16:00:00	81.413230896
6/10/2005 16:00:00	81.2239990234
6/13/2005 16:00:00	81.480796814
6/14/2005 16:00:00	81.6700057983
6/15/2005 16:00:00	81.8254165649
6/16/2005 16:00:00	82.0348739624
6/17/2005 16:00:00	82.3388671875
6/20/2005 16:00:00	82.3659591675
6/21/2005 16:00:00	82.4134597778
6/22/2005 16:00:00	82.4813308716
6/23/2005 16:00:00	81.3211669922
6/24/2005 16:00:00	80.7241134644
6/27/2005 16:00:00	80.8394241333
6/28/2005 16:00:00	81.5179290771
6/29/2005 16:00:00	81.3008041382
6/30/2005 16:00:00	80.8597717285
7/1/2005 16:00:00	81.0972290039
7/5/2005 16:00:00	81.748550415
7/6/2005 16:00:00	81.063331604
7/7/2005 16:00:00	81.3822021484
7/8/2005 16:00:00	82.3116912842
7/11/2005 16:00:00	82.7323760986
7/12/2005 16:00:00	82.9495010376
7/13/2005 16:00:00	83.0648117065
7/14/2005 16:00:00	83.3904953003
7/15/2005 16:00:00	83.3430023193
7/18/2005 16:00:00	83.0105361938
7/19/2005 16:00:00	83.4651107788
7/20/2005 16:00:00	83.7500762939
7/21/2005 16:00:00	83.2616195679
7/22/2005 16:00:00	83.8179397583
7/25/2005 16:00:00	83.5804901123
7/26/2005 16:00:00	83.6822357178
7/27/2005 16:00:00	83.9875640869
7/28/2005 16:00:00	84.5167388916
7/29/2005 16:00:00	83.9535980225
8/1/2005 16:00:00	83.892578125
8/2/2005 16:00:00	84.3946151733
8/3/2005 16:00:00	84.6185150146
8/4/2005 16:00:00	83.940032959
8/5/2005 16:00:00	83.3701019287
8/8/2005 16:00:00	83.2140655518
8/9/2005 16:00:00	83.7161254883
8/10/2005 16:00:00	83.675453186
8/11/2005 16:00:00	84.0078964233
8/12/2005 16:00:00	83.4922409058
8/15/2005 16:00:00	84.0078964233
8/16/2005 16:00:00	82.9155578613
8/17/2005 16:00:00	82.9087371826
8/18/2005 16:00:00	82.9019927979
8/19/2005 16:00:00	83.0919494629
8/22/2005 16:00:00	83.0919494629
8/23/2005 16:00:00	82.9358978271
8/24/2005 16:00:00	82.1963729858
8/25/2005 16:00:00	82.4949264526
8/26/2005 16:00:00	81.9317779541
8/29/2005 16:00:00	82.5627365112
8/30/2005 16:00:00	82.1285171509
8/31/2005 16:00:00	83.1665878296
9/1/2005 16:00:00	83.105506897
9/2/2005 16:00:00	82.9562530518
9/6/2005 16:00:00	83.9264373779
9/7/2005 16:00:00	84.0689468384
9/8/2005 16:00:00	83.790802002
9/9/2005 16:00:00	84.5370941162
9/12/2005 16:00:00	84.3674697876
9/13/2005 16:00:00	83.8993453979
9/14/2005 16:00:00	83.5940093994
9/15/2005 16:00:00	83.5533218384
9/16/2005 16:00:00	84.1474761963
9/19/2005 16:00:00	83.8680953979
9/20/2005 16:00:00	83.1594772339
9/21/2005 16:00:00	82.3827667236
9/22/2005 16:00:00	82.6757202148
9/23/2005 16:00:00	82.7438583374
9/26/2005 16:00:00	82.8392333984
9/27/2005 16:00:00	82.8188018799
9/28/2005 16:00:00	82.9005737305
9/29/2005 16:00:00	83.5750961304
9/30/2005 16:00:00	83.8340454102
10/3/2005 16:00:00	83.5342102051
10/4/2005 16:00:00	82.5939407349
10/5/2005 16:00:00	81.5106048584
10/6/2005 16:00:00	81.2176437378
10/7/2005 16:00:00	81.4969558716
10/10/2005 16:00:00	80.8087997437
10/11/2005 16:00:00	80.6929702759
10/12/2005 16:00:00	80.0592956543
10/13/2005 16:00:00	80.0116119385
10/14/2005 16:00:00	80.8564910889
10/17/2005 16:00:00	81.1563110352
10/18/2005 16:00:00	80.2773513794
10/19/2005 16:00:00	81.6128158569
10/20/2005 16:00:00	80.1751785278
10/21/2005 16:00:00	80.4885787964
10/24/2005 16:00:00	81.7354660034
10/25/2005 16:00:00	81.5719451904
10/26/2005 16:00:00	81.3334121704
10/27/2005 16:00:00	80.4681243896
10/28/2005 16:00:00	81.6264266968
10/31/2005 16:00:00	81.8512573242
11/1/2005 16:00:00	82.096534729
11/2/2005 16:00:00	82.955078125
11/3/2005 16:00:00	83.3093795776
11/4/2005 16:00:00	83.2003479004
11/7/2005 16:00:00	83.282119751
11/8/2005 16:00:00	83.282119751
11/9/2005 16:00:00	83.39112854
11/10/2005 16:00:00	84.0384521484
11/11/2005 16:00:00	84.3246231079
11/14/2005 16:00:00	84.2769241333
11/15/2005 16:00:00	83.9703216553
11/16/2005 16:00:00	84.1406326294
11/17/2005 16:00:00	84.9241714478
11/18/2005 16:00:00	85.2580795288
11/21/2005 16:00:00	85.6872940063
11/22/2005 16:00:00	86.0552444458
11/23/2005 16:00:00	86.5526351929
11/25/2005 16:00:00	86.6207427979
11/28/2005 16:00:00	86.0075759888
11/29/2005 16:00:00	85.9121551514
11/30/2005 16:00:00	85.4488525391
12/1/2005 16:00:00	86.3209838867
12/2/2005 16:00:00	86.4299926758
12/5/2005 16:00:00	86.2460403442
12/6/2005 16:00:00	86.409576416
12/7/2005 16:00:00	85.9053192139
12/8/2005 16:00:00	85.8508453369
12/9/2005 16:00:00	86.0756759644
12/12/2005 16:00:00	86.1574401855
12/13/2005 16:00:00	86.7434234619
12/14/2005 16:00:00	87.0841064453
12/15/2005 16:00:00	86.8320083618
12/16/2005 16:00:00	86.5525283813
12/19/2005 16:00:00	86.1073074341
12/20/2005 16:00:00	86.1895065308
12/21/2005 16:00:00	86.3264923096
12/22/2005 16:00:00	86.7785644531
12/23/2005 16:00:00	86.8265304565
12/27/2005 16:00:00	85.9429092407
12/28/2005 16:00:00	86.1346817017
12/29/2005 16:00:00	85.7511291504
12/30/2005 16:00:00	85.2853317261
1/3/2006 16:00:00	86.7854003906
1/4/2006 16:00:00	87.1963729858
1/5/2006 16:00:00	87.2511825562
1/6/2006 16:00:00	87.9772796631
1/9/2006 16:00:00	88.2033233643
1/10/2006 16:00:00	88.2923355103
1/11/2006 16:00:00	88.5731964111
1/12/2006 16:00:00	88.2238464355
1/13/2006 16:00:00	88.1416473389
1/17/2006 16:00:00	87.9019165039
1/18/2006 16:00:00	87.5525894165
1/19/2006 16:00:00	87.8882064819
1/20/2006 16:00:00	86.2853851318
1/23/2006 16:00:00	86.5936050415
1/24/2006 16:00:00	86.6826477051
1/25/2006 16:00:00	86.7580108643
1/26/2006 16:00:00	87.2375030518
1/27/2006 16:00:00	88.0457687378
1/30/2006 16:00:00	87.9772796631
1/31/2006 16:00:00	87.3333740234
2/1/2006 16:00:00	87.9430236816
2/2/2006 16:00:00	86.9224014282
2/3/2006 16:00:00	86.4908676147
2/6/2006 16:00:00	86.7169418335
2/7/2006 16:00:00	85.9497528076
2/8/2006 16:00:00	86.7305831909
2/9/2006 16:00:00	86.5867538452
2/10/2006 16:00:00	86.7443313599
2/13/2006 16:00:00	86.5867538452
2/14/2006 16:00:00	87.5046539307
2/15/2006 16:00:00	87.8128738403
2/16/2006 16:00:00	88.470451355
2/17/2006 16:00:00	88.2306747437
2/21/2006 16:00:00	88.0114898682
2/22/2006 16:00:00	88.5457763672
2/23/2006 16:00:00	88.4156417847
2/24/2006 16:00:00	88.6416702271
2/27/2006 16:00:00	88.6759185791
2/28/2006 16:00:00	87.8334197998
3/1/2006 16:00:00	88.6142883301
3/2/2006 16:00:00	88.6074066162
3/3/2006 16:00:00	88.1964263916
3/6/2006 16:00:00	87.7923049927
3/7/2006 16:00:00	87.6553268433
3/8/2006 16:00:00	87.8402709961
3/9/2006 16:00:00	87.2511825562
3/10/2006 16:00:00	88.0799942017
3/13/2006 16:00:00	88.244430542
3/14/2006 16:00:00	89.1690979004
3/15/2006 16:00:00	89.5663833618
3/16/2006 16:00:00	89.7513198853
3/17/2006 16:00:00	89.8262634277
3/20/2006 16:00:00	89.6818771362
3/21/2006 16:00:00	89.1179428101
3/22/2006 16:00:00	89.6612319946
3/23/2006 16:00:00	89.4755172729
3/24/2006 16:00:00	89.5443191528
3/27/2006 16:00:00	89.4136886597
3/28/2006 16:00:00	88.8635025024
3/29/2006 16:00:00	89.4205322266
3/30/2006 16:00:00	89.2624053955
3/31/2006 16:00:00	89.2830047607
4/3/2006 16:00:00	89.214225769
4/4/2006 16:00:00	89.7850112915
4/5/2006 16:00:00	90.0944747925
4/6/2006 16:00:00	89.9982070923
4/7/2006 16:00:00	89.0835647583
4/10/2006 16:00:00	89.2211151123
4/11/2006 16:00:00	88.4646453857
4/12/2006 16:00:00	88.6297149658
4/13/2006 16:00:00	88.5127944946
4/17/2006 16:00:00	88.4783935547
4/18/2006 16:00:00	89.8813095093
4/19/2006 16:00:00	90.0532531738
4/20/2006 16:00:00	90.1770553589
4/21/2006 16:00:00	90.1907348633
4/24/2006 16:00:00	90.0257415771
4/25/2006 16:00:00	89.6543502808
4/26/2006 16:00:00	89.6750030518
4/27/2006 16:00:00	90.1082229614
4/28/2006 16:00:00	90.4108352661
5/1/2006 16:00:00	89.6750030518
5/2/2006 16:00:00	90.3489456177
5/3/2006 16:00:00	90.0119400024
5/4/2006 16:00:00	90.3351821899
5/5/2006 16:00:00	91.1328811646
5/8/2006 16:00:00	91.0228805542
5/9/2006 16:00:00	91.2016677856
5/10/2006 16:00:00	91.1534957886
5/11/2006 16:00:00	90.0532531738
5/12/2006 16:00:00	88.8772964478
5/15/2006 16:00:00	89.0560760498
5/16/2006 16:00:00	88.9254226685
5/17/2006 16:00:00	87.2336883545
5/18/2006 16:00:00	86.793548584
5/19/2006 16:00:00	87.4056015015
5/22/2006 16:00:00	86.7385559082
5/23/2006 16:00:00	86.0783843994
5/24/2006 16:00:00	86.7660446167
5/25/2006 16:00:00	87.8388671875
5/26/2006 16:00:00	88.2858657837
5/30/2006 16:00:00	86.7179412842
5/31/2006 16:00:00	87.6875610352
6/1/2006 16:00:00	88.526550293
6/2/2006 16:00:00	88.7122344971
6/5/2006 16:00:00	87.4193649292
6/6/2006 16:00:00	87.2061538696
6/7/2006 16:00:00	86.5528793335
6/8/2006 16:00:00	86.4772186279
6/9/2006 16:00:00	86.2021179199
6/12/2006 16:00:00	85.2668914795
6/13/2006 16:00:00	84.2766265869
6/14/2006 16:00:00	84.9299545288
6/15/2006 16:00:00	86.7316741943
6/16/2006 16:00:00	86.0996704102
6/19/2006 16:00:00	85.4227142334
6/20/2006 16:00:00	85.7128295898
6/21/2006 16:00:00	86.3482818604
6/22/2006 16:00:00	85.9684143066
6/23/2006 16:00:00	85.9546051025
6/26/2006 16:00:00	86.3345108032
6/27/2006 16:00:00	85.5884857178
6/28/2006 16:00:00	86.1687088013
6/29/2006 16:00:00	87.9093704224
6/30/2006 16:00:00	87.9162826538
7/3/2006 16:00:00	88.2754592896
7/5/2006 16:00:00	87.7712020874
7/6/2006 16:00:00	88.0268173218
7/7/2006 16:00:00	87.4534759521
7/10/2006 16:00:00	87.6192703247
7/11/2006 16:00:00	88.006072998
7/12/2006 16:00:00	87.0666732788
7/13/2006 16:00:00	85.6506958008
7/14/2006 16:00:00	85.3190994263
7/17/2006 16:00:00	85.1947784424
7/18/2006 16:00:00	85.6299514771
7/19/2006 16:00:00	86.8180084229
7/20/2006 16:00:00	86.223991394
7/21/2006 16:00:00	85.6161422729
7/24/2006 16:00:00	87.177192688
7/25/2006 16:00:00	87.4880218506
7/26/2006 16:00:00	87.6054153442
7/27/2006 16:00:00	87.5225753784
7/28/2006 16:00:00	88.3998031616
7/31/2006 16:00:00	88.3099822998
8/1/2006 16:00:00	87.8748321533
8/2/2006 16:00:00	88.4688568115
8/3/2006 16:00:00	88.703704834
8/4/2006 16:00:00	88.5517425537
8/7/2006 16:00:00	88.3445205688
8/8/2006 16:00:00	88.006072998
8/9/2006 16:00:00	87.7090530396
8/10/2006 16:00:00	87.9784622192
8/11/2006 16:00:00	87.7297668457
8/14/2006 16:00:00	87.7988510132
8/15/2006 16:00:00	88.8487548828
8/16/2006 16:00:00	89.5878448486
8/17/2006 16:00:00	89.8157806396
8/18/2006 16:00:00	90.2716751099
8/21/2006 16:00:00	89.8848648071
8/22/2006 16:00:00	89.8779449463
8/23/2006 16:00:00	89.6293029785
8/24/2006 16:00:00	89.5533218384
8/25/2006 16:00:00	89.6638031006
8/28/2006 16:00:00	90.0921020508
8/29/2006 16:00:00	90.1956787109
8/30/2006 16:00:00	90.2509231567
8/31/2006 16:00:00	90.237121582
9/1/2006 16:00:00	90.775894165
9/5/2006 16:00:00	90.9485855103
9/6/2006 16:00:00	90.147315979
9/7/2006 16:00:00	89.7328872681
9/8/2006 16:00:00	89.9884414673
9/11/2006 16:00:00	90.0782699585
9/12/2006 16:00:00	90.9623718262
9/13/2006 16:00:00	91.3284683228
9/14/2006 16:00:00	91.3353805542
9/15/2006 16:00:00	91.5497665405
9/18/2006 16:00:00	91.6746520996
9/19/2006 16:00:00	91.4456863403
9/20/2006 16:00:00	91.9313278198
9/21/2006 16:00:00	91.4873428345
9/22/2006 16:00:00	91.2098312378
9/25/2006 16:00:00	91.9105377197
9/26/2006 16:00:00	92.6737289429
9/27/2006 16:00:00	92.7846832275
9/28/2006 16:00:00	92.7500076294
9/29/2006 16:00:00	92.6737289429
10/2/2006 16:00:00	92.326789856
10/3/2006 16:00:00	92.5210647583
10/4/2006 16:00:00	93.6033096313
10/5/2006 16:00:00	93.7836837769
10/6/2006 16:00:00	93.6657409668
10/9/2006 16:00:00	93.7213058472
10/10/2006 16:00:00	93.8461151123
10/11/2006 16:00:00	93.7351455688
10/12/2006 16:00:00	94.5468063354
10/13/2006 16:00:00	94.7897338867
10/16/2006 16:00:00	94.9353637695
10/17/2006 16:00:00	94.6370391846
10/18/2006 16:00:00	94.7619018555
10/19/2006 16:00:00	94.9145507812
10/20/2006 16:00:00	94.9353637695
10/23/2006 16:00:00	95.3724517822
10/24/2006 16:00:00	95.6569061279
10/25/2006 16:00:00	95.9829483032
10/26/2006 16:00:00	96.2812423706
10/27/2006 16:00:00	95.677696228
10/30/2006 16:00:00	95.6083297729
10/31/2006 16:00:00	95.5944442749
11/1/2006 16:00:00	94.9492492676
11/2/2006 16:00:00	94.8937683105
11/3/2006 16:00:00	94.7272262573
11/6/2006 16:00:00	95.7956695557
11/7/2006 16:00:00	96.1633224487
11/8/2006 16:00:00	96.3714675903
11/9/2006 16:00:00	95.8650054932
11/10/2006 16:00:00	95.9066390991
11/13/2006 16:00:00	96.1425094604
11/14/2006 16:00:00	96.8640594482
11/15/2006 16:00:00	97.1415634155
11/16/2006 16:00:00	97.3913497925
11/17/2006 16:00:00	97.4190444946
11/20/2006 16:00:00	97.4745788574
11/21/2006 16:00:00	97.5716705322
11/22/2006 16:00:00	97.7659378052
11/24/2006 16:00:00	97.370513916
11/27/2006 16:00:00	96.0314865112
11/28/2006 16:00:00	96.4478149414
11/29/2006 16:00:00	97.4537734985
11/30/2006 16:00:00	97.4953613281
12/1/2006 16:00:00	97.2803115845
12/4/2006 16:00:00	98.0226364136
12/5/2006 16:00:00	98.44581604
12/6/2006 16:00:00	98.3625717163
12/7/2006 16:00:00	97.932434082
12/8/2006 16:00:00	98.1128005981
12/11/2006 16:00:00	98.3972549438
12/12/2006 16:00:00	98.3209533691
12/13/2006 16:00:00	98.4250183105
12/14/2006 16:00:00	99.2922668457
12/15/2006 16:00:00	99.3013076782
12/18/2006 16:00:00	99.0291900635
12/19/2006 16:00:00	99.2176132202
12/20/2006 16:00:00	99.1617507935
12/21/2006 16:00:00	98.7989883423
12/22/2006 16:00:00	98.1920318604
12/26/2006 16:00:00	98.7711105347
12/27/2006 16:00:00	99.4198684692
12/28/2006 16:00:00	99.2106399536
12/29/2006 16:00:00	98.7989883423
1/3/2007 16:00:00	98.6245803833
1/4/2007 16:00:00	98.8339385986
1/5/2007 16:00:00	98.0455627441
1/8/2007 16:00:00	98.4990234375
1/9/2007 16:00:00	98.4153518677
1/10/2007 16:00:00	98.7432098389
1/11/2007 16:00:00	99.1757354736
1/12/2007 16:00:00	99.9291534424
1/16/2007 16:00:00	99.7338409424
1/17/2007 16:00:00	99.7756729126
1/18/2007 16:00:00	99.4407958984
1/19/2007 16:00:00	99.6361618042
1/22/2007 16:00:00	99.3291931152
1/23/2007 16:00:00	99.6222229004
1/24/2007 16:00:00	100.424468994
1/25/2007 16:00:00	99.2454452515
1/26/2007 16:00:00	99.1547927856
1/29/2007 16:00:00	99.0989837646
1/30/2007 16:00:00	99.6152496338
1/31/2007 16:00:00	100.284934998
2/1/2007 16:00:00	100.88495636
2/2/2007 16:00:00	101.024459839
2/5/2007 16:00:00	101.052391052
2/6/2007 16:00:00	101.080253601
2/7/2007 16:00:00	101.303482056
2/8/2007 16:00:00	101.170944214
2/9/2007 16:00:00	100.417510986
2/12/2007 16:00:00	100.075675964
2/13/2007 16:00:00	100.919799805
2/14/2007 16:00:00	101.582542419
2/15/2007 16:00:00	101.715118408
2/16/2007 16:00:00	101.666244507
2/20/2007 16:00:00	101.882537842
2/21/2007 16:00:00	101.840713501
2/22/2007 16:00:00	101.763961792
2/23/2007 16:00:00	101.366317749
2/26/2007 16:00:00	101.27558136
2/27/2007 16:00:00	97.3200073242
2/28/2007 16:00:00	98.3176498413
3/1/2007 16:00:00	98.0246124268
3/2/2007 16:00:00	96.7409820557
3/5/2007 16:00:00	95.8201370239
3/6/2007 16:00:00	97.4594955444
3/7/2007 16:00:00	97.361869812
3/8/2007 16:00:00	98.1850891113
3/9/2007 16:00:00	98.2129821777
3/12/2007 16:00:00	98.3595199585
3/13/2007 16:00:00	96.4479904175
3/14/2007 16:00:00	97.1665725708
3/15/2007 16:00:00	97.2990875244
3/16/2007 16:00:00	97.0266189575
3/19/2007 16:00:00	98.1962890625
3/20/2007 16:00:00	98.7356262207
3/21/2007 16:00:00	100.360534668
3/22/2007 16:00:00	100.28352356
3/23/2007 16:00:00	100.430580139
3/26/2007 16:00:00	100.29750061
3/27/2007 16:00:00	100.059371948
3/28/2007 16:00:00	99.330947876
3/29/2007 16:00:00	99.4359970093
3/30/2007 16:00:00	99.4570083618
4/2/2007 16:00:00	99.5690994263
4/3/2007 16:00:00	100.640716553
4/4/2007 16:00:00	100.752799988
4/5/2007 16:00:00	101.025924683
4/9/2007 16:00:00	101.165992737
4/10/2007 16:00:00	101.285087585
4/11/2007 16:00:00	100.871803284
4/12/2007 16:00:00	101.320068359
4/13/2007 16:00:00	101.78238678
4/16/2007 16:00:00	102.748901367
4/17/2007 16:00:00	103.022071838
4/18/2007 16:00:00	103.148117065
4/19/2007 16:00:00	103.120124817
4/20/2007 16:00:00	104.093696594
4/23/2007 16:00:00	103.701469421
4/24/2007 16:00:00	103.743453979
4/25/2007 16:00:00	104.695976257
4/26/2007 16:00:00	104.815086365
4/27/2007 16:00:00	104.731048584
4/30/2007 16:00:00	103.862556458
5/1/2007 16:00:00	104.128707886
5/2/2007 16:00:00	104.738044739
5/3/2007 16:00:00	105.305358887
5/4/2007 16:00:00	105.704582214
5/7/2007 16:00:00	105.725631714
5/8/2007 16:00:00	105.585540771
5/9/2007 16:00:00	105.872688293
5/10/2007 16:00:00	104.766082764
5/11/2007 16:00:00	105.662574768
5/14/2007 16:00:00	105.43145752
5/15/2007 16:00:00	105.459487915
5/16/2007 16:00:00	106.180854797
5/17/2007 16:00:00	105.97077179
5/18/2007 16:00:00	106.895294189
5/21/2007 16:00:00	106.839233398
5/22/2007 16:00:00	106.755195618
5/23/2007 16:00:00	106.769218445
5/24/2007 16:00:00	105.80266571
5/25/2007 16:00:00	106.243934631
5/29/2007 16:00:00	106.629096985
5/30/2007 16:00:00	107.497642517
5/31/2007 16:00:00	107.385559082
6/1/2007 16:00:00	107.917900085
6/4/2007 16:00:00	107.931915283
6/5/2007 16:00:00	107.504631042
6/6/2007 16:00:00	106.348953247
6/7/2007 16:00:00	104.429901123
6/8/2007 16:00:00	105.788604736
6/11/2007 16:00:00	105.97077179
6/12/2007 16:00:00	104.815086365
6/13/2007 16:00:00	106.383987427
6/14/2007 16:00:00	107.063400269
6/15/2007 16:00:00	107.672546387
6/18/2007 16:00:00	107.545875549
6/19/2007 16:00:00	107.813247681
6/20/2007 16:00:00	106.314971924
6/21/2007 16:00:00	106.905822754
6/22/2007 16:00:00	105.899925232
6/25/2007 16:00:00	105.393447876
6/26/2007 16:00:00	104.310211182
6/27/2007 16:00:00	105.794418335
6/28/2007 16:00:00	105.780357361
6/29/2007 16:00:00	105.81552124
7/2/2007 16:00:00	106.77217865
7/3/2007 16:00:00	107.159049988
7/5/2007 16:00:00	107.046485901
7/6/2007 16:00:00	107.609207153
7/9/2007 16:00:00	107.69367981
7/10/2007 16:00:00	106.160194397
7/11/2007 16:00:00	106.912841797
7/12/2007 16:00:00	108.601051331
7/13/2007 16:00:00	108.924621582
7/16/2007 16:00:00	108.910583496
7/17/2007 16:00:00	108.854309082
7/18/2007 16:00:00	108.657310486
7/19/2007 16:00:00	109.079345703
7/20/2007 16:00:00	107.974990845
7/23/2007 16:00:00	108.305625916
7/24/2007 16:00:00	106.427505493
7/25/2007 16:00:00	106.64553833
7/26/2007 16:00:00	104.120254517
7/27/2007 16:00:00	102.073303223
7/30/2007 16:00:00	103.67010498
7/31/2007 16:00:00	102.502403259
8/1/2007 16:00:00	103.001869202
8/2/2007 16:00:00	103.82485199
8/3/2007 16:00:00	101.151794434
8/6/2007 16:00:00	102.847091675
8/7/2007 16:00:00	103.94442749
8/8/2007 16:00:00	105.393447876
8/9/2007 16:00:00	102.270309448
8/10/2007 16:00:00	101.791992188
8/13/2007 16:00:00	102.15776825
8/14/2007 16:00:00	100.596130371
8/15/2007 16:00:00	99.210395813
8/16/2007 16:00:00	99.9560241699
8/17/2007 16:00:00	101.791992188
8/20/2007 16:00:00	101.742713928
8/21/2007 16:00:00	101.946754456
8/22/2007 16:00:00	103.156562805
8/23/2007 16:00:00	103.065124512
8/24/2007 16:00:00	104.338348389
8/27/2007 16:00:00	103.367622375
8/28/2007 16:00:00	101.095550537
8/29/2007 16:00:00	103.079208374
8/30/2007 16:00:00	102.804878235
8/31/2007 16:00:00	103.817832947
9/4/2007 16:00:00	104.86592865
9/5/2007 16:00:00	103.958511353
9/6/2007 16:00:00	104.1977005
9/7/2007 16:00:00	102.748580933
9/10/2007 16:00:00	102.551651001
9/11/2007 16:00:00	103.747459412
9/12/2007 16:00:00	104.01473999
9/13/2007 16:00:00	104.746315002
9/14/2007 16:00:00	104.739280701
9/17/2007 16:00:00	104.176559448
9/18/2007 16:00:00	107.243469238
9/19/2007 16:00:00	107.876556396
9/20/2007 16:00:00	107.116851807
9/21/2007 16:00:00	107.405937195
9/24/2007 16:00:00	107.208007812
9/25/2007 16:00:00	106.99596405
9/26/2007 16:00:00	107.561355591
9/27/2007 16:00:00	108.197479248
9/28/2007 16:00:00	107.837020874
10/1/2007 16:00:00	109.052658081
10/2/2007 16:00:00	108.904205322
10/3/2007 16:00:00	108.685173035
10/4/2007 16:00:00	108.854774475
10/5/2007 16:00:00	110.148109436
10/8/2007 16:00:00	109.561546326
10/9/2007 16:00:00	110.593399048
10/10/2007 16:00:00	110.409667969
10/11/2007 16:00:00	109.879570007
10/12/2007 16:00:00	110.487365723
10/15/2007 16:00:00	109.55443573
10/16/2007 16:00:00	108.685173035
10/17/2007 16:00:00	109.017341614
10/18/2007 16:00:00	108.621520996
10/19/2007 16:00:00	105.780387878
10/22/2007 16:00:00	106.395240784
10/23/2007 16:00:00	107.257461548
10/24/2007 16:00:00	107.059616089
10/25/2007 16:00:00	107.31401062
10/26/2007 16:00:00	108.572052002
10/29/2007 16:00:00	108.932487488
10/30/2007 16:00:00	108.176277161
10/31/2007 16:00:00	109.300003052
11/1/2007 16:00:00	106.74156189
11/2/2007 16:00:00	106.861740112
11/5/2007 16:00:00	106.048950195
11/6/2007 16:00:00	107.476547241
11/7/2007 16:00:00	104.536506653
11/8/2007 16:00:00	104.006401062
11/9/2007 16:00:00	102.578735352
11/12/2007 16:00:00	101.561019897
11/13/2007 16:00:00	104.656654358
11/14/2007 16:00:00	104.366874695
11/15/2007 16:00:00	102.861427307
11/16/2007 16:00:00	103.038146973
11/19/2007 16:00:00	101.603385925
11/20/2007 16:00:00	102.225379944
11/21/2007 16:00:00	100.133338928
11/23/2007 16:00:00	101.864959717
11/26/2007 16:00:00	99.6174163818
11/27/2007 16:00:00	100.762413025
11/28/2007 16:00:00	103.985229492
11/29/2007 16:00:00	104.020523071
11/30/2007 16:00:00	105.066497803
12/3/2007 16:00:00	104.373931885
12/4/2007 16:00:00	103.440971375
12/5/2007 16:00:00	105.172538757
12/6/2007 16:00:00	106.677978516
12/7/2007 16:00:00	106.656768799
12/10/2007 16:00:00	107.483673096
12/11/2007 16:00:00	104.536506653
12/12/2007 16:00:00	105.568336487
12/13/2007 16:00:00	105.34928894
12/14/2007 16:00:00	104.01348114
12/17/2007 16:00:00	102.529296875
12/18/2007 16:00:00	103.101783752
12/19/2007 16:00:00	103.101783752
12/20/2007 16:00:00	103.751991272
12/21/2007 16:00:00	105.247573853
12/24/2007 16:00:00	106.029167175
12/26/2007 16:00:00	106.256515503
12/27/2007 16:00:00	104.920783997
12/28/2007 16:00:00	104.657859802
12/31/2007 16:00:00	103.883430481
1/2/2008 16:00:00	102.973953247
1/3/2008 16:00:00	102.924247742
1/4/2008 16:00:00	100.401908875
1/7/2008 16:00:00	100.316665649
1/8/2008 16:00:00	98.6966781616
1/9/2008 16:00:00	99.7340545654
1/10/2008 16:00:00	100.38772583
1/11/2008 16:00:00	99.5777587891
1/14/2008 16:00:00	100.380630493
1/15/2008 16:00:00	98.1709442139
1/16/2008 16:00:00	97.3254241943
1/17/2008 16:00:00	94.8031463623
1/18/2008 16:00:00	93.8297195435
1/22/2008 16:00:00	92.8776473999
1/23/2008 16:00:00	95.1086502075
1/24/2008 16:00:00	95.9115142822
1/25/2008 16:00:00	94.5260314941
1/28/2008 16:00:00	96.0891494751
1/29/2008 16:00:00	96.5651779175
1/30/2008 16:00:00	95.8546905518
1/31/2008 16:00:00	97.6025314331
2/1/2008 16:00:00	99.1727523804
2/4/2008 16:00:00	97.9222640991
2/5/2008 16:00:00	95.3004837036
2/6/2008 16:00:00	94.5331344604
2/7/2008 16:00:00	95.1583938599
2/8/2008 16:00:00	94.5473709106
2/11/2008 16:00:00	95.0304641724
2/12/2008 16:00:00	95.9115142822
2/13/2008 16:00:00	96.8920135498
2/14/2008 16:00:00	96.0394363403
2/15/2008 16:00:00	96.0180892944
2/19/2008 16:00:00	96.2880859375
2/20/2008 16:00:00	96.5722808838
2/21/2008 16:00:00	95.7694091797
2/22/2008 16:00:00	96.3591461182
2/25/2008 16:00:00	97.5741195679
2/26/2008 16:00:00	98.3059310913
2/27/2008 16:00:00	98.206451416
2/28/2008 16:00:00	97.2472457886
2/29/2008 16:00:00	95.0802154541
3/3/2008 16:00:00	94.8528823853
3/4/2008 16:00:00	94.4904785156
3/5/2008 16:00:00	95.0873641968
3/6/2008 16:00:00	93.1191940308
3/7/2008 16:00:00	92.1600341797
3/10/2008 16:00:00	90.9450683594
3/11/2008 16:00:00	94.2134246826
3/12/2008 16:00:00	93.3323898315
3/13/2008 16:00:00	93.5383987427
3/14/2008 16:00:00	92.0889587402
3/17/2008 16:00:00	91.1582336426
3/18/2008 16:00:00	94.9452438354
3/19/2008 16:00:00	92.5934677124
3/20/2008 16:00:00	94.3085174561
3/24/2008 16:00:00	96.193572998
3/25/2008 16:00:00	96.2863922119
3/26/2008 16:00:00	95.1082382202
3/27/2008 16:00:00	94.8083724976
3/28/2008 16:00:00	93.9015426636
3/31/2008 16:00:00	94.2300109863
4/1/2008 16:00:00	97.5430679321
4/2/2008 16:00:00	97.6073455811
4/3/2008 16:00:00	97.8501281738
4/4/2008 16:00:00	97.743019104
4/7/2008 16:00:00	97.79296875
4/8/2008 16:00:00	97.6930541992
4/9/2008 16:00:00	96.9861526489
4/10/2008 16:00:00	97.1217956543
4/11/2008 16:00:00	95.2367935181
4/14/2008 16:00:00	94.9154281616
4/15/2008 16:00:00	95.1368103027
4/16/2008 16:00:00	97.7144241333
4/17/2008 16:00:00	97.8572769165
4/18/2008 16:00:00	98.8782806396
4/21/2008 16:00:00	98.9282684326
4/22/2008 16:00:00	98.4927215576
4/23/2008 16:00:00	98.3356781006
4/24/2008 16:00:00	98.7640762329
4/25/2008 16:00:00	99.678024292
4/28/2008 16:00:00	99.6994094849
4/29/2008 16:00:00	99.3067016602
4/30/2008 16:00:00	98.7212142944
5/1/2008 16:00:00	100.763320923
5/2/2008 16:00:00	101.041786194
5/5/2008 16:00:00	100.556251526
5/6/2008 16:00:00	101.427322388
5/7/2008 16:00:00	99.6209030151
5/8/2008 16:00:00	99.3638381958
5/9/2008 16:00:00	99.1781768799
5/12/2008 16:00:00	100.29208374
5/13/2008 16:00:00	100.30632782
5/14/2008 16:00:00	100.513404846
5/15/2008 16:00:00	101.770080566
5/16/2008 16:00:00	101.862922668
5/19/2008 16:00:00	102.14138031
5/20/2008 16:00:00	101.313110352
5/21/2008 16:00:00	99.5994949341
5/22/2008 16:00:00	99.6137542725
5/23/2008 16:00:00	98.2785110474
5/27/2008 16:00:00	99.0067825317
5/28/2008 16:00:00	99.4637985229
5/29/2008 16:00:00	99.9636154175
5/30/2008 16:00:00	100.213523865
6/2/2008 16:00:00	99.1781768799
6/3/2008 16:00:00	98.5998153687
6/4/2008 16:00:00	98.5498352051
6/5/2008 16:00:00	100.520523071
6/6/2008 16:00:00	97.3145828247
6/9/2008 16:00:00	97.5502090454
6/10/2008 16:00:00	97.0646743774
6/11/2008 16:00:00	95.6366043091
6/12/2008 16:00:00	96.0007705688
6/13/2008 16:00:00	97.2146453857
6/16/2008 16:00:00	97.2717208862
6/17/2008 16:00:00	96.8004760742
6/18/2008 16:00:00	95.8579559326
6/19/2008 16:00:00	95.979347229
6/20/2008 16:00:00	94.4214477539
6/23/2008 16:00:00	94.3281402588
6/24/2008 16:00:00	94.1415710449
6/25/2008 16:00:00	94.5864715576
6/26/2008 16:00:00	92.0174865723
6/27/2008 16:00:00	91.5151748657
6/30/2008 16:00:00	91.8380889893
7/1/2008 16:00:00	92.1251449585
7/2/2008 16:00:00	90.5464477539
7/3/2008 16:00:00	90.6397018433
7/7/2008 16:00:00	89.7140045166
7/8/2008 16:00:00	91.3070678711
7/9/2008 16:00:00	89.5489425659
7/10/2008 16:00:00	89.9149475098
7/11/2008 16:00:00	88.8672332764
7/14/2008 16:00:00	88.0635147095
7/15/2008 16:00:00	86.8221130371
7/16/2008 16:00:00	88.9533615112
7/17/2008 16:00:00	89.8431625366
7/18/2008 16:00:00	90.4029388428
7/21/2008 16:00:00	90.4531784058
7/22/2008 16:00:00	91.4793243408
7/23/2008 16:00:00	91.9744567871
7/24/2008 16:00:00	90.0656433105
7/25/2008 16:00:00	90.0441207886
7/28/2008 16:00:00	88.7237243652
7/29/2008 16:00:00	90.6181716919
7/30/2008 16:00:00	92.2327880859
7/31/2008 16:00:00	91.0128479004
8/1/2008 16:00:00	90.5320892334
8/4/2008 16:00:00	89.6925048828
8/5/2008 16:00:00	92.1107788086
8/6/2008 16:00:00	92.5198059082
8/7/2008 16:00:00	91.141998291
8/8/2008 16:00:00	92.8355712891
8/11/2008 16:00:00	93.7970962524
8/12/2008 16:00:00	92.8212051392
8/13/2008 16:00:00	92.2615203857
8/14/2008 16:00:00	92.9575653076
8/15/2008 16:00:00	93.4096450806
8/18/2008 16:00:00	92.1323242188
8/19/2008 16:00:00	91.1276931763
8/20/2008 16:00:00	91.5510787964
8/21/2008 16:00:00	91.7089233398
8/22/2008 16:00:00	93.036491394
8/25/2008 16:00:00	91.1492080688
8/26/2008 16:00:00	91.4147186279
8/27/2008 16:00:00	92.3045425415
8/28/2008 16:00:00	93.4240036011
8/29/2008 16:00:00	92.4193725586
9/2/2008 16:00:00	91.8452682495
9/3/2008 16:00:00	91.7663574219
9/4/2008 16:00:00	89.0035858154
9/5/2008 16:00:00	89.2834701538
9/8/2008 16:00:00	91.1276931763
9/9/2008 16:00:00	88.4223632812
9/10/2008 16:00:00	88.7811660767
9/11/2008 16:00:00	90.0656433105
9/12/2008 16:00:00	90.481842041
9/15/2008 16:00:00	86.1762542725
9/16/2008 16:00:00	87.6186447144
9/17/2008 16:00:00	83.6790390015
9/18/2008 16:00:00	86.1619110107
9/19/2008 16:00:00	89.5837249756
9/22/2008 16:00:00	87.5555801392
9/23/2008 16:00:00	85.5635604858
9/24/2008 16:00:00	85.8378601074
9/25/2008 16:00:00	87.1802902222
9/26/2008 16:00:00	87.2235641479
9/29/2008 16:00:00	80.3886184692
9/30/2008 16:00:00	83.7158737183
10/1/2008 16:00:00	83.7663955688
10/2/2008 16:00:00	80.7278442383
10/3/2008 16:00:00	79.6379928589
10/6/2008 16:00:00	75.5817565918
10/7/2008 16:00:00	72.1967544556
10/8/2008 16:00:00	70.3779296875
10/9/2008 16:00:00	65.4628143311
10/10/2008 16:00:00	63.8749656677
10/13/2008 16:00:00	73.1494369507
10/14/2008 16:00:00	72.0668182373
10/15/2008 16:00:00	64.9720077515
10/16/2008 16:00:00	67.6785888672
10/17/2008 16:00:00	67.2744293213
10/20/2008 16:00:00	71.3162078857
10/21/2008 16:00:00	69.1870346069
10/22/2008 16:00:00	65.4194793701
10/23/2008 16:00:00	66.1773529053
10/24/2008 16:00:00	62.8212051392
10/27/2008 16:00:00	60.5909843445
10/28/2008 16:00:00	67.6713409424
10/29/2008 16:00:00	67.1805801392
10/30/2008 16:00:00	69.5046157837
10/31/2008 16:00:00	69.8871459961
11/3/2008 16:00:00	70.0892181396
11/4/2008 16:00:00	72.4710006714
11/5/2008 16:00:00	69.4252243042
11/6/2008 16:00:00	65.5783157349
11/7/2008 16:00:00	67.7435302734
11/10/2008 16:00:00	66.8557891846
11/11/2008 16:00:00	64.7915725708
11/12/2008 16:00:00	61.940700531
11/13/2008 16:00:00	65.8020172119
11/14/2008 16:00:00	62.5180702209
11/17/2008 16:00:00	61.6880683899
11/18/2008 16:00:00	62.8500976562
11/19/2008 16:00:00	58.8226890564
11/20/2008 16:00:00	54.4560966492
11/21/2008 16:00:00	57.3936347961
11/24/2008 16:00:00	61.3704605103
11/25/2008 16:00:00	61.8251914978
11/26/2008 16:00:00	64.2141571045
11/28/2008 16:00:00	65.0225372314
12/1/2008 16:00:00	59.2629585266
12/2/2008 16:00:00	61.5436973572
12/3/2008 16:00:00	63.0232963562
12/4/2008 16:00:00	61.565372467
12/5/2008 16:00:00	63.4635620117
12/8/2008 16:00:00	65.6793212891
12/9/2008 16:00:00	64.5967102051
12/10/2008 16:00:00	65.0369796753
12/11/2008 16:00:00	63.4707946777
12/12/2008 16:00:00	64.2286224365
12/15/2008 16:00:00	63.3336524963
12/16/2008 16:00:00	66.3144683838
12/17/2008 16:00:00	65.6721115112
12/18/2008 16:00:00	64.4451522827
12/19/2008 16:00:00	64.1678924561
12/22/2008 16:00:00	63.3457107544
12/23/2008 16:00:00	62.6908721924
12/24/2008 16:00:00	63.0546646118
12/26/2008 16:00:00	63.4184913635
12/29/2008 16:00:00	63.236579895
12/30/2008 16:00:00	64.7354507446
12/31/2008 16:00:00	65.659538269
1/2/2009 16:00:00	67.6386260986
1/5/2009 16:00:00	67.5585861206
1/6/2009 16:00:00	68.0096893311
1/7/2009 16:00:00	65.9723739624
1/8/2009 16:00:00	66.2416305542
1/9/2009 16:00:00	64.8227462769
1/12/2009 16:00:00	63.2656517029
1/13/2009 16:00:00	63.3820991516
1/14/2009 16:00:00	61.3884620667
1/15/2009 16:00:00	61.4102706909
1/16/2009 16:00:00	61.890499115
1/20/2009 16:00:00	58.6235198975
1/21/2009 16:00:00	61.1555976868
1/22/2009 16:00:00	60.2097320557
1/23/2009 16:00:00	60.471698761
1/26/2009 16:00:00	60.886390686
1/27/2009 16:00:00	61.504863739
1/28/2009 16:00:00	63.5858612061
1/29/2009 16:00:00	61.5194244385
1/30/2009 16:00:00	60.26795578
2/2/2009 16:00:00	60.0860328674
2/3/2009 16:00:00	60.930065155
2/4/2009 16:00:00	60.6317329407
2/5/2009 16:00:00	61.5339584351
2/6/2009 16:00:00	63.2875061035
2/9/2009 16:00:00	63.3748168945
2/10/2009 16:00:00	60.471698761
2/11/2009 16:00:00	60.8281822205
2/12/2009 16:00:00	60.871887207
2/13/2009 16:00:00	60.2170066833
2/17/2009 16:00:00	57.6412582397
2/18/2009 16:00:00	57.503036499
2/19/2009 16:00:00	56.8845596313
2/20/2009 16:00:00	56.3315429688
2/23/2009 16:00:00	54.3160972595
2/24/2009 16:00:00	56.3752441406
2/25/2009 16:00:00	55.9313774109
2/26/2009 16:00:00	55.0218544006
2/27/2009 16:00:00	53.7922058105
3/2/2009 16:00:00	51.3692550659
3/3/2009 16:00:00	50.9836463928
3/4/2009 16:00:00	52.1914672852
3/5/2009 16:00:00	50.0595626831
3/6/2009 16:00:00	50.1468696594
3/9/2009 16:00:00	49.5575141907
3/10/2009 16:00:00	52.5115890503
3/11/2009 16:00:00	52.8535766602
3/12/2009 16:00:00	54.9345550537
3/13/2009 16:00:00	55.3638381958
3/16/2009 16:00:00	55.1964988708
3/17/2009 16:00:00	56.8845596313
3/18/2009 16:00:00	58.1578712463
3/19/2009 16:00:00	57.4375267029
3/20/2009 16:00:00	56.2144470215
3/23/2009 16:00:00	60.2522964478
3/24/2009 16:00:00	59.0650939941
3/25/2009 16:00:00	59.6880340576
3/26/2009 16:00:00	60.9045257568
3/27/2009 16:00:00	59.8052749634
3/30/2009 16:00:00	57.7387275696
3/31/2009 16:00:00	58.2736663818
4/1/2009 16:00:00	59.4022064209
4/2/2009 16:00:00	61.1389808655
4/3/2009 16:00:00	61.747215271
4/6/2009 16:00:00	61.2635536194
4/7/2009 16:00:00	59.8345832825
4/8/2009 16:00:00	60.4794273376
4/9/2009 16:00:00	62.8830680847
4/13/2009 16:00:00	62.8977279663
4/14/2009 16:00:00	61.8131713867
4/15/2009 16:00:00	62.4727020264
4/16/2009 16:00:00	63.3887329102
4/17/2009 16:00:00	63.8137664795
4/20/2009 16:00:00	61.1389808655
4/21/2009 16:00:00	62.333480835
4/22/2009 16:00:00	61.9524154663
4/23/2009 16:00:00	62.5606575012
4/24/2009 16:00:00	63.5059661865
4/27/2009 16:00:00	62.9051094055
4/28/2009 16:00:00	62.7072181702
4/29/2009 16:00:00	64.040977478
4/30/2009 16:00:00	64.0629501343
5/1/2009 16:00:00	64.4073486328
5/4/2009 16:00:00	66.5984802246
5/5/2009 16:00:00	66.3713150024
5/6/2009 16:00:00	67.521812439
5/7/2009 16:00:00	66.5838394165
5/8/2009 16:00:00	68.1374053955
5/11/2009 16:00:00	66.8622817993
5/12/2009 16:00:00	66.6644515991
5/13/2009 16:00:00	64.986289978
5/14/2009 16:00:00	65.5432281494
5/15/2009 16:00:00	65.0082550049
5/18/2009 16:00:00	66.85496521
5/19/2009 16:00:00	66.7743377686
5/20/2009 16:00:00	66.3273696899
5/21/2009 16:00:00	65.374671936
5/22/2009 16:00:00	65.235458374
5/26/2009 16:00:00	66.906288147
5/27/2009 16:00:00	65.7117843628
5/28/2009 16:00:00	66.6277694702
5/29/2009 16:00:00	67.8076248169
6/1/2009 16:00:00	69.4491424561
6/2/2009 16:00:00	69.5077590942
6/3/2009 16:00:00	68.6283874512
6/4/2009 16:00:00	69.2732849121
6/5/2009 16:00:00	69.2879333496
6/8/2009 16:00:00	69.0021514893
6/9/2009 16:00:00	69.3538742065
6/10/2009 16:00:00	69.1780014038
6/11/2009 16:00:00	69.4857940674
6/12/2009 16:00:00	69.6763076782
6/15/2009 16:00:00	68.0787734985
6/16/2009 16:00:00	67.1554336548
6/17/2009 16:00:00	67.0894546509
6/18/2009 16:00:00	67.5804901123
6/19/2009 16:00:00	67.8295440674
6/22/2009 16:00:00	65.7955474854
6/23/2009 16:00:00	65.8471374512
6/24/2009 16:00:00	66.4145889282
6/25/2009 16:00:00	67.8590545654
6/26/2009 16:00:00	67.6821594238
6/29/2009 16:00:00	68.3159637451
6/30/2009 16:00:00	67.7632293701
7/1/2009 16:00:00	68.0432662964
7/2/2009 16:00:00	66.186126709
7/6/2009 16:00:00	66.1787719727
7/7/2009 16:00:00	64.8964767456
7/8/2009 16:00:00	64.8522720337
7/9/2009 16:00:00	64.9775466919
7/10/2009 16:00:00	64.8227539062
7/13/2009 16:00:00	66.3998565674
7/14/2009 16:00:00	66.7757110596
7/15/2009 16:00:00	68.7286224365
7/16/2009 16:00:00	68.6181030273
7/17/2009 16:00:00	69.3698120117
7/20/2009 16:00:00	70.1067504883
7/21/2009 16:00:00	70.4310150146
7/22/2009 16:00:00	70.4162521362
7/23/2009 16:00:00	71.971244812
7/24/2009 16:00:00	72.2660598755
7/27/2009 16:00:00	72.4797363281
7/28/2009 16:00:00	72.1407623291
7/29/2009 16:00:00	71.9638748169
7/30/2009 16:00:00	72.7155761719
7/31/2009 16:00:00	72.8187332153
8/3/2009 16:00:00	74.0199890137
8/4/2009 16:00:00	74.2115859985
8/5/2009 16:00:00	73.9978790283
8/6/2009 16:00:00	73.6146850586
8/7/2009 16:00:00	74.5800704956
8/10/2009 16:00:00	74.4253387451
8/11/2009 16:00:00	73.4967575073
8/12/2009 16:00:00	74.2853012085
8/13/2009 16:00:00	74.8527679443
8/14/2009 16:00:00	74.277923584
8/17/2009 16:00:00	72.4502792358
8/18/2009 16:00:00	73.0250930786
8/19/2009 16:00:00	73.6662139893
8/20/2009 16:00:00	74.4253387451
8/21/2009 16:00:00	75.8844909668
8/24/2009 16:00:00	75.8771362305
8/25/2009 16:00:00	76.024520874
8/26/2009 16:00:00	76.0318908691
8/27/2009 16:00:00	76.201385498
8/28/2009 16:00:00	76.186630249
8/31/2009 16:00:00	75.5086288452
9/1/2009 16:00:00	73.8431243896
9/2/2009 16:00:00	73.5631103516
9/3/2009 16:00:00	74.1747665405
9/4/2009 16:00:00	75.2138671875
9/8/2009 16:00:00	75.8624038696
9/9/2009 16:00:00	76.4445953369
9/10/2009 16:00:00	77.2257537842
9/11/2009 16:00:00	77.2110137939
9/14/2009 16:00:00	77.5868606567
9/15/2009 16:00:00	77.9111480713
9/16/2009 16:00:00	79.0902557373
9/17/2009 16:00:00	78.9723434448
9/18/2009 16:00:00	79.0226669312
9/21/2009 16:00:00	78.8227615356
9/22/2009 16:00:00	79.2818527222
9/23/2009 16:00:00	78.6228485107
9/24/2009 16:00:00	77.7565002441
9/25/2009 16:00:00	77.3418197632
9/28/2009 16:00:00	78.7265014648
9/29/2009 16:00:00	78.4895782471
9/30/2009 16:00:00	78.1859664917
10/1/2009 16:00:00	76.2459335327
10/2/2009 16:00:00	75.8905105591
10/5/2009 16:00:00	77.0234222412
10/6/2009 16:00:00	78.1267318726
10/7/2009 16:00:00	78.3414459229
10/8/2009 16:00:00	78.9412460327
10/9/2009 16:00:00	79.4225234985
10/12/2009 16:00:00	79.7335586548
10/13/2009 16:00:00	79.570640564
10/14/2009 16:00:00	80.9405136108
10/15/2009 16:00:00	81.2367019653
10/16/2009 16:00:00	80.6294937134
10/19/2009 16:00:00	81.2959594727
10/20/2009 16:00:00	80.8664550781
10/21/2009 16:00:00	80.1408233643
10/22/2009 16:00:00	80.9553222656
10/23/2009 16:00:00	80.0297393799
10/26/2009 16:00:00	79.1633834839
10/27/2009 16:00:00	78.8005371094
10/28/2009 16:00:00	77.3121948242
10/29/2009 16:00:00	78.9708862305
10/30/2009 16:00:00	76.6828384399
11/2/2009 16:00:00	77.2455978394
11/3/2009 16:00:00	77.4899368286
11/4/2009 16:00:00	77.6898727417
11/5/2009 16:00:00	79.1189422607
11/6/2009 16:00:00	79.3262710571
11/9/2009 16:00:00	81.1330108643
11/10/2009 16:00:00	81.1478424072
11/11/2009 16:00:00	81.5625228882
11/12/2009 16:00:00	80.7331695557
11/13/2009 16:00:00	81.1700592041
11/16/2009 16:00:00	82.34740448
11/17/2009 16:00:00	82.4436645508
11/18/2009 16:00:00	82.3918304443
11/19/2009 16:00:00	81.3181533813
11/20/2009 16:00:00	81.0293807983
11/23/2009 16:00:00	82.0586013794
11/24/2009 16:00:00	82.1845016479
11/25/2009 16:00:00	82.4733123779
11/27/2009 16:00:00	81.1330108643
11/30/2009 16:00:00	81.4070129395
12/1/2009 16:00:00	82.4140396118
12/2/2009 16:00:00	82.3770141602
12/3/2009 16:00:00	81.7328109741
12/4/2009 16:00:00	82.1993408203
12/7/2009 16:00:00	82.0734024048
12/8/2009 16:00:00	81.1626434326
12/9/2009 16:00:00	81.4662475586
12/10/2009 16:00:00	81.9253311157
12/11/2009 16:00:00	82.2733383179
12/14/2009 16:00:00	82.8361053467
12/15/2009 16:00:00	82.4510726929
12/16/2009 16:00:00	82.5769119263
12/17/2009 16:00:00	81.5847015381
12/18/2009 16:00:00	82.0462722778
12/21/2009 16:00:00	82.8800811768
12/22/2009 16:00:00	83.1778182983
12/23/2009 16:00:00	83.3416366577
12/24/2009 16:00:00	83.7361755371
12/28/2009 16:00:00	83.914855957
12/29/2009 16:00:00	83.795753479
12/30/2009 16:00:00	83.7659759521
12/31/2009 16:00:00	82.9619903564
1/4/2010 16:00:00	84.3689880371
1/5/2010 16:00:00	84.5923156738
1/6/2010 16:00:00	84.6518630981
1/7/2010 16:00:00	85.0092086792
1/8/2010 16:00:00	85.2921142578
1/11/2010 16:00:00	85.4112091064
1/12/2010 16:00:00	84.6146469116
1/13/2010 16:00:00	85.3293075562
1/14/2010 16:00:00	85.5601043701
1/15/2010 16:00:00	84.5997695923
1/19/2010 16:00:00	85.656867981
1/20/2010 16:00:00	84.7858886719
1/21/2010 16:00:00	83.1555023193
1/22/2010 16:00:00	81.3018188477
1/25/2010 16:00:00	81.7187347412
1/26/2010 16:00:00	81.3762969971
1/27/2010 16:00:00	81.7633972168
1/28/2010 16:00:00	80.8253707886
1/29/2010 16:00:00	79.9469299316
2/1/2010 16:00:00	81.1901626587
2/2/2010 16:00:00	82.1728363037
2/3/2010 16:00:00	81.7633972168
2/4/2010 16:00:00	79.2396697998
2/5/2010 16:00:00	79.4034729004
2/8/2010 16:00:00	78.8302383423
2/9/2010 16:00:00	79.8203582764
2/10/2010 16:00:00	79.6640167236
2/11/2010 16:00:00	80.4977874756
2/12/2010 16:00:00	80.4307937622
2/16/2010 16:00:00	81.6964035034
2/17/2010 16:00:00	82.0834732056
2/18/2010 16:00:00	82.5674057007
2/19/2010 16:00:00	82.7386016846
2/22/2010 16:00:00	82.7535095215
2/23/2010 16:00:00	81.7485122681
2/24/2010 16:00:00	82.5003890991
2/25/2010 16:00:00	82.3887329102
2/26/2010 16:00:00	82.4408569336
3/1/2010 16:00:00	83.2969741821
3/2/2010 16:00:00	83.5277404785
3/3/2010 16:00:00	83.6021881104
3/4/2010 16:00:00	83.8552856445
3/5/2010 16:00:00	85.0538711548
3/8/2010 16:00:00	85.0687255859
3/9/2010 16:00:00	85.2102127075
3/10/2010 16:00:00	85.589881897
3/11/2010 16:00:00	85.9472045898
3/12/2010 16:00:00	85.9546432495
3/15/2010 16:00:00	85.9769744873
3/16/2010 16:00:00	86.661895752
3/17/2010 16:00:00	87.1755599976
3/18/2010 16:00:00	87.1309051514
3/19/2010 16:00:00	86.6898727417
3/22/2010 16:00:00	87.1533355713
3/23/2010 16:00:00	87.7662811279
3/24/2010 16:00:00	87.3402175903
3/25/2010 16:00:00	87.1981964111
3/26/2010 16:00:00	87.1458511353
3/29/2010 16:00:00	87.6989974976
3/30/2010 16:00:00	87.7588348389
3/31/2010 16:00:00	87.4597854614
4/1/2010 16:00:00	88.0578613281
4/5/2010 16:00:00	88.775428772
4/6/2010 16:00:00	88.9847412109
4/7/2010 16:00:00	88.4764633179
4/8/2010 16:00:00	88.782913208
4/9/2010 16:00:00	89.3659973145
4/12/2010 16:00:00	89.508026123
4/13/2010 16:00:00	89.5752944946
4/14/2010 16:00:00	90.5919342041
4/15/2010 16:00:00	90.6666793823
4/16/2010 16:00:00	89.2239608765
4/19/2010 16:00:00	89.5603485107
4/20/2010 16:00:00	90.360206604
4/21/2010 16:00:00	90.1957321167
4/22/2010 16:00:00	90.46484375
4/23/2010 16:00:00	91.0553741455
4/26/2010 16:00:00	90.7115097046
4/27/2010 16:00:00	88.5661087036
4/28/2010 16:00:00	89.2388839722
4/29/2010 16:00:00	90.3452682495
4/30/2010 16:00:00	88.8128204346
5/3/2010 16:00:00	89.9639816284
5/4/2010 16:00:00	87.8485107422
5/5/2010 16:00:00	87.3252334595
5/6/2010 16:00:00	84.4248657227
5/7/2010 16:00:00	83.1690597534
5/10/2010 16:00:00	86.8319320679
5/11/2010 16:00:00	86.5852279663
5/12/2010 16:00:00	87.7961883545
5/13/2010 16:00:00	86.7048110962
5/14/2010 16:00:00	85.1350250244
5/17/2010 16:00:00	85.1798782349
5/18/2010 16:00:00	84.021232605
5/19/2010 16:00:00	83.5428237915
5/20/2010 16:00:00	80.3882293701
5/21/2010 16:00:00	81.561882019
5/24/2010 16:00:00	80.515335083
5/25/2010 16:00:00	80.5975875854
5/26/2010 16:00:00	80.1116790771
5/27/2010 16:00:00	82.7952957153
5/28/2010 16:00:00	81.7562332153
6/1/2010 16:00:00	80.3807830811
6/2/2010 16:00:00	82.4738616943
6/3/2010 16:00:00	82.7578964233
6/4/2010 16:00:00	79.8500442505
6/7/2010 16:00:00	78.8558502197
6/8/2010 16:00:00	79.7005767822
6/9/2010 16:00:00	79.2744369507
6/10/2010 16:00:00	81.5917892456
6/11/2010 16:00:00	81.9879455566
6/14/2010 16:00:00	81.8608703613
6/15/2010 16:00:00	83.7222213745
6/16/2010 16:00:00	83.6923141479
6/17/2010 16:00:00	83.8268508911
6/18/2010 16:00:00	83.9177246094
6/21/2010 16:00:00	83.6774291992
6/22/2010 16:00:00	82.295425415
6/23/2010 16:00:00	82.0400772095
6/24/2010 16:00:00	80.6806182861
6/25/2010 16:00:00	81.0185852051
6/28/2010 16:00:00	80.7632369995
6/29/2010 16:00:00	78.2696685791
6/30/2010 16:00:00	77.5260925293
7/1/2010 16:00:00	77.1806106567
7/2/2010 16:00:00	76.7599945068
7/6/2010 16:00:00	77.2631988525
7/7/2010 16:00:00	79.6966705322
7/8/2010 16:00:00	80.4853057861
7/9/2010 16:00:00	81.0861816406
7/12/2010 16:00:00	81.1387557983
7/13/2010 16:00:00	82.36302948
7/14/2010 16:00:00	82.3555297852
7/15/2010 16:00:00	82.3780288696
7/16/2010 16:00:00	80.1097946167
7/19/2010 16:00:00	80.5830001831
7/20/2010 16:00:00	81.4767379761
7/21/2010 16:00:00	80.4177322388
7/22/2010 16:00:00	82.2127990723
7/23/2010 16:00:00	82.9263000488
7/26/2010 16:00:00	83.7900543213
7/27/2010 16:00:00	83.7825546265
7/28/2010 16:00:00	83.2417755127
7/29/2010 16:00:00	82.8361968994
7/30/2010 16:00:00	82.8211746216
8/2/2010 16:00:00	84.6913604736
8/3/2010 16:00:00	84.2857666016
8/4/2010 16:00:00	84.8490600586
8/5/2010 16:00:00	84.7589492798
8/6/2010 16:00:00	84.4134368896
8/9/2010 16:00:00	84.8640823364
8/10/2010 16:00:00	84.4059371948
8/11/2010 16:00:00	82.0926513672
8/12/2010 16:00:00	81.5894088745
8/13/2010 16:00:00	81.3490600586
8/16/2010 16:00:00	81.3115386963
8/17/2010 16:00:00	82.3104476929
8/18/2010 16:00:00	82.4606628418
8/19/2010 16:00:00	81.0261077881
8/20/2010 16:00:00	80.7632369995
8/23/2010 16:00:00	80.4552764893
8/24/2010 16:00:00	79.2610931396
8/25/2010 16:00:00	79.5689926147
8/26/2010 16:00:00	79.0357055664
8/27/2010 16:00:00	80.2600097656
8/30/2010 16:00:00	79.0958251953
8/31/2010 16:00:00	79.0958251953
9/1/2010 16:00:00	81.461730957
9/2/2010 16:00:00	82.2202987671
9/3/2010 16:00:00	83.286857605
9/7/2010 16:00:00	82.347984314
9/8/2010 16:00:00	82.9263000488
9/9/2010 16:00:00	83.3093566895
9/10/2010 16:00:00	83.7299880981
9/13/2010 16:00:00	84.6613006592
9/14/2010 16:00:00	84.6087493896
9/15/2010 16:00:00	84.9317169189
9/16/2010 16:00:00	84.9091644287
9/17/2010 16:00:00	84.940864563
9/20/2010 16:00:00	86.2396469116
9/21/2010 16:00:00	86.0659942627
9/22/2010 16:00:00	85.6431274414
9/23/2010 16:00:00	84.948425293
9/24/2010 16:00:00	86.7002639771
9/27/2010 16:00:00	86.2849273682
9/28/2010 16:00:00	86.5869979858
9/29/2010 16:00:00	86.4359512329
9/30/2010 16:00:00	86.1792297363
10/1/2010 16:00:00	86.5416793823
10/4/2010 16:00:00	85.8922805786
10/5/2010 16:00:00	87.6214752197
10/6/2010 16:00:00	87.6139297485
10/7/2010 16:00:00	87.5082321167
10/8/2010 16:00:00	87.9990158081
10/11/2010 16:00:00	88.0820770264
10/12/2010 16:00:00	88.3539199829
10/13/2010 16:00:00	89.0410461426
10/14/2010 16:00:00	88.6937026978
10/15/2010 16:00:00	88.8749237061
10/18/2010 16:00:00	89.3128738403
10/19/2010 16:00:00	88.1425247192
10/20/2010 16:00:00	89.0033035278
10/21/2010 16:00:00	89.1996231079
10/22/2010 16:00:00	89.3657455444
10/25/2010 16:00:00	89.630027771
10/26/2010 16:00:00	89.6451034546
10/27/2010 16:00:00	89.3884124756
10/28/2010 16:00:00	89.403503418
10/29/2010 16:00:00	89.4714508057
11/1/2010 16:00:00	89.5016479492
11/2/2010 16:00:00	90.2114181519
11/3/2010 16:00:00	90.5739135742
11/4/2010 16:00:00	92.318145752
11/5/2010 16:00:00	92.6655197144
11/8/2010 16:00:00	92.4918670654
11/9/2010 16:00:00	91.8273696899
11/10/2010 16:00:00	92.1973571777
11/11/2010 16:00:00	91.8500289917
11/12/2010 16:00:00	90.7626647949
11/15/2010 16:00:00	90.6343231201
11/16/2010 16:00:00	89.2222671509
11/17/2010 16:00:00	89.2675476074
11/18/2010 16:00:00	90.5814437866
11/19/2010 16:00:00	90.8306274414
11/22/2010 16:00:00	90.7551498413
11/23/2010 16:00:00	89.4412460327
11/24/2010 16:00:00	90.7626647949
11/26/2010 16:00:00	89.7055587769
11/29/2010 16:00:00	89.9773864746
11/30/2010 16:00:00	89.4714508057
12/1/2010 16:00:00	91.3743209839
12/2/2010 16:00:00	92.5447158813
12/3/2010 16:00:00	92.7938995361
12/6/2010 16:00:00	92.6957168579
12/7/2010 16:00:00	92.7485733032
12/8/2010 16:00:00	93.0883789062
12/9/2010 16:00:00	93.4508285522
12/10/2010 16:00:00	93.9944839478
12/13/2010 16:00:00	94.0549087524
12/14/2010 16:00:00	94.1379852295
12/15/2010 16:00:00	93.70753479
12/16/2010 16:00:00	94.2512207031
12/17/2010 16:00:00	94.352180481
12/20/2010 16:00:00	94.5799636841
12/21/2010 16:00:00	95.1795654297
12/22/2010 16:00:00	95.4756011963
12/23/2010 16:00:00	95.3389511108
12/27/2010 16:00:00	95.376953125
12/28/2010 16:00:00	95.5135650635
12/29/2010 16:00:00	95.5818710327
12/30/2010 16:00:00	95.4300689697
12/31/2010 16:00:00	95.452835083
1/3/2011 16:00:00	96.4396133423
1/4/2011 16:00:00	96.3864822388
1/5/2011 16:00:00	96.8874740601
1/6/2011 16:00:00	96.6977081299
1/7/2011 16:00:00	96.5079345703
1/10/2011 16:00:00	96.3864822388
1/11/2011 16:00:00	96.7280654907
1/12/2011 16:00:00	97.6010055542
1/13/2011 16:00:00	97.4416122437
1/14/2011 16:00:00	98.1475372314
1/18/2011 16:00:00	98.3145141602
1/19/2011 16:00:00	97.3504943848
1/20/2011 16:00:00	97.2214584351
1/21/2011 16:00:00	97.4416122437
1/24/2011 16:00:00	97.9957046509
1/25/2011 16:00:00	98.0488510132
1/26/2011 16:00:00	98.4283676147
1/27/2011 16:00:00	98.6712722778
1/28/2011 16:00:00	96.9481887817
1/31/2011 16:00:00	97.676902771
2/1/2011 16:00:00	99.2405776978
2/2/2011 16:00:00	99.050819397
2/3/2011 16:00:00	99.2709503174
2/4/2011 16:00:00	99.5518035889
2/7/2011 16:00:00	100.174240112
2/8/2011 16:00:00	100.629707336
2/9/2011 16:00:00	100.401939392
2/10/2011 16:00:00	100.439926147
2/11/2011 16:00:00	101.039535522
2/14/2011 16:00:00	101.282485962
2/15/2011 16:00:00	100.963653564
2/16/2011 16:00:00	101.601287842
2/17/2011 16:00:00	101.904914856
2/18/2011 16:00:00	102.117446899
2/22/2011 16:00:00	100.067962646
2/23/2011 16:00:00	99.4531097412
2/24/2011 16:00:00	99.3848114014
2/25/2011 16:00:00	100.447502136
2/28/2011 16:00:00	101.069923401
3/1/2011 16:00:00	99.3848114014
3/2/2011 16:00:00	99.5973358154
3/3/2011 16:00:00	101.31287384
3/4/2011 16:00:00	100.553779602
3/7/2011 16:00:00	99.7643127441
3/8/2011 16:00:00	100.637260437
3/9/2011 16:00:00	100.49306488
3/10/2011 16:00:00	98.6333236694
3/11/2011 16:00:00	99.3164749146
3/14/2011 16:00:00	98.7168121338
3/15/2011 16:00:00	97.5858001709
3/16/2011 16:00:00	95.7792434692
3/17/2011 16:00:00	97.046836853
3/18/2011 16:00:00	97.3998718262
3/21/2011 16:00:00	98.909324646
3/22/2011 16:00:00	98.5662612915
3/23/2011 16:00:00	98.8483505249
3/24/2011 16:00:00	99.7936706543
3/25/2011 16:00:00	100.098640442
3/28/2011 16:00:00	99.8546676636
3/29/2011 16:00:00	100.525566101
3/30/2011 16:00:00	101.219314575
3/31/2011 16:00:00	101.082069397
4/1/2011 16:00:00	101.508979797
4/4/2011 16:00:00	101.592842102
4/5/2011 16:00:00	101.577613831
4/6/2011 16:00:00	101.897796631
4/7/2011 16:00:00	101.638633728
4/8/2011 16:00:00	101.28792572
4/11/2011 16:00:00	100.982955933
4/12/2011 16:00:00	100.228210449
4/13/2011 16:00:00	100.220603943
4/14/2011 16:00:00	100.296859741
4/15/2011 16:00:00	100.662788391
4/18/2011 16:00:00	99.5344619751
4/19/2011 16:00:00	100.106262207
4/20/2011 16:00:00	101.47088623
4/21/2011 16:00:00	101.989295959
4/25/2011 16:00:00	101.882537842
4/26/2011 16:00:00	102.759277344
4/27/2011 16:00:00	103.430152893
4/28/2011 16:00:00	103.765594482
4/29/2011 16:00:00	104.00957489
5/2/2011 16:00:00	103.849502563
5/3/2011 16:00:00	103.475898743
5/4/2011 16:00:00	102.789764404
5/5/2011 16:00:00	101.859680176
5/6/2011 16:00:00	102.309509277
5/9/2011 16:00:00	102.705917358
5/10/2011 16:00:00	103.582649231
5/11/2011 16:00:00	102.492469788
5/12/2011 16:00:00	102.980361938
5/13/2011 16:00:00	102.187538147
5/16/2011 16:00:00	101.539505005
5/17/2011 16:00:00	101.524238586
5/18/2011 16:00:00	102.431472778
5/19/2011 16:00:00	102.675430298
5/20/2011 16:00:00	101.859680176
5/23/2011 16:00:00	100.678031921
5/24/2011 16:00:00	100.594184875
5/25/2011 16:00:00	100.929588318
5/26/2011 16:00:00	101.394630432
5/27/2011 16:00:00	101.783447266
5/31/2011 16:00:00	102.843139648
6/1/2011 16:00:00	100.533180237
6/2/2011 16:00:00	100.426437378
6/3/2011 16:00:00	99.4277420044
6/6/2011 16:00:00	98.3756713867
6/7/2011 16:00:00	98.3146820068
6/8/2011 16:00:00	97.9029846191
6/9/2011 16:00:00	98.6501312256
6/10/2011 16:00:00	97.277885437
6/13/2011 16:00:00	97.3541183472
6/14/2011 16:00:00	98.5891494751
6/15/2011 16:00:00	96.8356552124
6/16/2011 16:00:00	97.0491790771
6/17/2011 16:00:00	97.3387756348
6/20/2011 16:00:00	97.8367843628
6/21/2011 16:00:00	99.1775283813
6/22/2011 16:00:00	98.5799026489
6/23/2011 16:00:00	98.2964477539
6/24/2011 16:00:00	97.1549224854
6/27/2011 16:00:00	98.0206298828
6/28/2011 16:00:00	99.3000640869
6/29/2011 16:00:00	100.150527954
6/30/2011 16:00:00	101.108200073
7/1/2011 16:00:00	102.602172852
7/5/2011 16:00:00	102.517929077
7/6/2011 16:00:00	102.6404953
7/7/2011 16:00:00	103.705429077
7/8/2011 16:00:00	102.969947815
7/11/2011 16:00:00	101.108200073
7/12/2011 16:00:00	100.671485901
7/13/2011 16:00:00	101.008613586
7/14/2011 16:00:00	100.311393738
7/15/2011 16:00:00	100.893699646
7/18/2011 16:00:00	100.066223145
7/19/2011 16:00:00	101.690505981
7/20/2011 16:00:00	101.629188538
7/21/2011 16:00:00	103.038902283
7/22/2011 16:00:00	103.10785675
7/25/2011 16:00:00	102.533226013
7/26/2011 16:00:00	102.150177002
7/27/2011 16:00:00	100.058578491
7/28/2011 16:00:00	99.7674255371
7/29/2011 16:00:00	99.0855789185
8/1/2011 16:00:00	98.6641845703
8/2/2011 16:00:00	96.1435928345
8/3/2011 16:00:00	96.6645889282
8/4/2011 16:00:00	92.1366500854
8/5/2011 16:00:00	91.9987640381
8/8/2011 16:00:00	86.0074768066
8/9/2011 16:00:00	90.0067367554
8/10/2011 16:00:00	86.0304489136
8/11/2011 16:00:00	89.8918380737
8/12/2011 16:00:00	90.4970932007
8/15/2011 16:00:00	92.4124679565
8/16/2011 16:00:00	91.6232681274
8/17/2011 16:00:00	91.6846466064
8/18/2011 16:00:00	87.7313308716
8/19/2011 16:00:00	86.2985992432
8/22/2011 16:00:00	86.3675613403
8/23/2011 16:00:00	89.2099685669
8/24/2011 16:00:00	90.466468811
8/25/2011 16:00:00	89.087387085
8/26/2011 16:00:00	90.3821716309
8/29/2011 16:00:00	92.979385376
8/30/2011 16:00:00	93.2245864868
8/31/2011 16:00:00	93.6382904053
9/1/2011 16:00:00	92.6576309204
9/2/2011 16:00:00	90.2902450562
9/6/2011 16:00:00	89.6313400269
9/7/2011 16:00:00	92.159614563
9/8/2011 16:00:00	91.2019500732
9/9/2011 16:00:00	88.8115539551
9/12/2011 16:00:00	89.3861846924
9/13/2011 16:00:00	90.205947876
9/14/2011 16:00:00	91.454788208
9/15/2011 16:00:00	93.0330505371
9/16/2011 16:00:00	93.5836410522
9/19/2011 16:00:00	92.6518173218
9/20/2011 16:00:00	92.5440292358
9/21/2011 16:00:00	89.8178100586
9/22/2011 16:00:00	86.9145126343
9/23/2011 16:00:00	87.4381713867
9/26/2011 16:00:00	89.5174942017
9/27/2011 16:00:00	90.5186157227
9/28/2011 16:00:00	88.6703643799
9/29/2011 16:00:00	89.3711624146
9/30/2011 16:00:00	87.1378631592
10/3/2011 16:00:00	84.6580810547
10/4/2011 16:00:00	86.5140533447
10/5/2011 16:00:00	88.1158752441
10/6/2011 16:00:00	89.7099990845
10/7/2011 16:00:00	89.1093292236
10/10/2011 16:00:00	92.0896377563
10/11/2011 16:00:00	92.1820449829
10/12/2011 16:00:00	92.9906616211
10/13/2011 16:00:00	92.8058624268
10/14/2011 16:00:00	94.3922729492
10/17/2011 16:00:00	92.5902252197
10/18/2011 16:00:00	94.4000015259
10/19/2011 16:00:00	93.2833251953
10/20/2011 16:00:00	93.6914749146
10/21/2011 16:00:00	95.4704284668
10/24/2011 16:00:00	96.6410217285
10/25/2011 16:00:00	94.7619171143
10/26/2011 16:00:00	95.7245635986
10/27/2011 16:00:00	99.0591583252
10/28/2011 16:00:00	99.0360412598
10/31/2011 16:00:00	96.6486816406
11/1/2011 16:00:00	93.9533157349
11/2/2011 16:00:00	95.4857940674
11/3/2011 16:00:00	97.2262802124
11/4/2011 16:00:00	96.6332931519
11/7/2011 16:00:00	97.2339706421
11/8/2011 16:00:00	98.4815673828
11/9/2011 16:00:00	94.8466644287
11/10/2011 16:00:00	95.7399520874
11/11/2011 16:00:00	97.5420074463
11/14/2011 16:00:00	96.6178970337
11/15/2011 16:00:00	97.0953521729
11/16/2011 16:00:00	95.5551300049
11/17/2011 16:00:00	94.0380249023
11/18/2011 16:00:00	93.9378967285
11/21/2011 16:00:00	92.1512680054
11/22/2011 16:00:00	91.7892913818
11/23/2011 16:00:00	89.7639160156
11/25/2011 16:00:00	89.5945053101
11/28/2011 16:00:00	92.1897659302
11/29/2011 16:00:00	92.4515838623
11/30/2011 16:00:00	96.2559280396
12/1/2011 16:00:00	96.2405471802
12/2/2011 16:00:00	96.1558227539
12/5/2011 16:00:00	97.2031707764
12/6/2011 16:00:00	97.2339706421
12/7/2011 16:00:00	97.5959396362
12/8/2011 16:00:00	95.4550323486
12/9/2011 16:00:00	97.0722732544
12/12/2011 16:00:00	95.6552352905
12/13/2011 16:00:00	94.7619171143
12/14/2011 16:00:00	93.7530975342
12/15/2011 16:00:00	94.0919265747
12/16/2011 16:00:00	94.2314453125
12/19/2011 16:00:00	93.2239227295
12/20/2011 16:00:00	96.0449142456
12/21/2011 16:00:00	96.2309112549
12/22/2011 16:00:00	97.0833892822
12/23/2011 16:00:00	97.951385498
12/27/2011 16:00:00	98.0289077759
12/28/2011 16:00:00	96.7424163818
12/29/2011 16:00:00	97.742149353
12/30/2011 16:00:00	97.2616500854
1/3/2012 16:00:00	98.8116531372
1/4/2012 16:00:00	98.9666595459
1/5/2012 16:00:00	99.2301254272
1/6/2012 16:00:00	98.974395752
1/9/2012 16:00:00	99.214630127
1/10/2012 16:00:00	100.074890137
1/11/2012 16:00:00	100.129127502
1/12/2012 16:00:00	100.369377136
1/13/2012 16:00:00	99.8501052856
1/17/2012 16:00:00	100.23764801
1/18/2012 16:00:00	101.345878601
1/19/2012 16:00:00	101.880630493
1/20/2012 16:00:00	102.260391235
1/23/2012 16:00:00	101.996871948
1/24/2012 16:00:00	101.880630493
1/25/2012 16:00:00	102.733131409
1/26/2012 16:00:00	102.206115723
1/27/2012 16:00:00	102.159637451
1/30/2012 16:00:00	101.810882568
1/31/2012 16:00:00	101.772117615
2/1/2012 16:00:00	102.663375854
2/2/2012 16:00:00	102.82611084
2/3/2012 16:00:00	104.267608643
2/6/2012 16:00:00	104.197822571
2/7/2012 16:00:00	104.461334229
2/8/2012 16:00:00	104.77130127
2/9/2012 16:00:00	104.903068542
2/10/2012 16:00:00	104.128089905
2/13/2012 16:00:00	104.903068542
2/14/2012 16:00:00	104.77130127
2/15/2012 16:00:00	104.283096313
2/16/2012 16:00:00	105.437843323
2/17/2012 16:00:00	105.716804504
2/21/2012 16:00:00	105.763305664
2/22/2012 16:00:00	105.422355652
2/23/2012 16:00:00	105.88734436
2/24/2012 16:00:00	106.119796753
2/27/2012 16:00:00	106.298088074
2/28/2012 16:00:00	106.608093262
2/29/2012 16:00:00	106.189590454
3/1/2012 16:00:00	106.739830017
3/2/2012 16:00:00	106.414337158
3/5/2012 16:00:00	105.980323792
3/6/2012 16:00:00	104.430328369
3/7/2012 16:00:00	105.158843994
3/8/2012 16:00:00	106.205024719
3/9/2012 16:00:00	106.615814209
3/12/2012 16:00:00	106.623558044
3/13/2012 16:00:00	108.545532227
3/14/2012 16:00:00	108.429298401
3/15/2012 16:00:00	109.057052612
3/16/2012 16:00:00	109.208099365
3/19/2012 16:00:00	109.636154175
3/20/2012 16:00:00	109.31703949
3/21/2012 16:00:00	109.137992859
3/22/2012 16:00:00	108.351799011
3/23/2012 16:00:00	108.702140808
3/26/2012 16:00:00	110.227760315
3/27/2012 16:00:00	109.885238647
3/28/2012 16:00:00	109.340385437
3/29/2012 16:00:00	109.153556824
3/30/2012 16:00:00	109.604995728
4/2/2012 16:00:00	110.406799316
4/3/2012 16:00:00	109.955307007
4/4/2012 16:00:00	108.865585327
4/5/2012 16:00:00	108.811035156
4/9/2012 16:00:00	107.589012146
4/10/2012 16:00:00	105.78314209
4/11/2012 16:00:00	106.639343262
4/12/2012 16:00:00	108.032669067
4/13/2012 16:00:00	106.748374939
4/16/2012 16:00:00	106.67830658
4/17/2012 16:00:00	108.25844574
4/18/2012 16:00:00	107.892555237
4/19/2012 16:00:00	107.19985199
4/20/2012 16:00:00	107.378860474
4/23/2012 16:00:00	106.475906372
4/24/2012 16:00:00	106.88067627
4/25/2012 16:00:00	108.344055176
4/26/2012 16:00:00	109.099113464
4/27/2012 16:00:00	109.278129578
4/30/2012 16:00:00	108.873306274
5/1/2012 16:00:00	109.550582886
5/2/2012 16:00:00	109.223594666
5/3/2012 16:00:00	108.390777588
5/4/2012 16:00:00	106.639343262
5/7/2012 16:00:00	106.717208862
5/8/2012 16:00:00	106.289115906
5/9/2012 16:00:00	105.658607483
5/10/2012 16:00:00	105.876541138
5/11/2012 16:00:00	105.557418823
5/14/2012 16:00:00	104.389808655
5/15/2012 16:00:00	103.790481567
5/16/2012 16:00:00	103.393478394
5/17/2012 16:00:00	101.860061646
5/18/2012 16:00:00	100.988258362
5/21/2012 16:00:00	102.724075317
5/22/2012 16:00:00	102.903137207
5/23/2012 16:00:00	102.957572937
5/24/2012 16:00:00	103.159957886
5/25/2012 16:00:00	102.825256348
5/29/2012 16:00:00	104.070671082
5/30/2012 16:00:00	102.560585022
5/31/2012 16:00:00	102.334846497
6/1/2012 16:00:00	99.7584152222
6/4/2012 16:00:00	99.7117004395
6/5/2012 16:00:00	100.46673584
6/6/2012 16:00:00	102.724075317
6/7/2012 16:00:00	102.786361694
6/8/2012 16:00:00	103.603668213
6/11/2012 16:00:00	102.288154602
6/12/2012 16:00:00	103.463546753
6/13/2012 16:00:00	102.801925659
6/14/2012 16:00:00	103.891662598
6/15/2012 16:00:00	104.954193115
6/18/2012 16:00:00	105.157600403
6/19/2012 16:00:00	106.174751282
6/20/2012 16:00:00	106.0026474
6/21/2012 16:00:00	103.624099731
6/22/2012 16:00:00	104.422142029
6/25/2012 16:00:00	102.747772217
6/26/2012 16:00:00	103.264152527
6/27/2012 16:00:00	104.195251465
6/28/2012 16:00:00	103.897911072
6/29/2012 16:00:00	106.487747192
7/2/2012 16:00:00	106.808517456
7/3/2012 16:00:00	107.512702942
7/5/2012 16:00:00	107.02759552
7/6/2012 16:00:00	106.010467529
7/9/2012 16:00:00	105.877456665
7/10/2012 16:00:00	104.954193115
7/11/2012 16:00:00	104.969841003
7/12/2012 16:00:00	104.461257935
7/13/2012 16:00:00	106.213890076
7/16/2012 16:00:00	105.963500977
7/17/2012 16:00:00	106.691184998
7/18/2012 16:00:00	107.481407166
7/19/2012 16:00:00	107.763084412
7/20/2012 16:00:00	106.777252197
7/23/2012 16:00:00	105.697486877
7/24/2012 16:00:00	104.789901733
7/25/2012 16:00:00	104.813346863
7/26/2012 16:00:00	106.542503357
7/27/2012 16:00:00	108.506385803
7/30/2012 16:00:00	108.506385803
7/31/2012 16:00:00	107.747451782
8/1/2012 16:00:00	107.653541565
8/2/2012 16:00:00	106.910240173
8/3/2012 16:00:00	109.030654907
8/6/2012 16:00:00	109.241874695
8/7/2012 16:00:00	109.789581299
8/8/2012 16:00:00	109.922592163
8/9/2012 16:00:00	110.01650238
8/10/2012 16:00:00	110.196418762
8/13/2012 16:00:00	110.141654968
8/14/2012 16:00:00	110.157310486
8/15/2012 16:00:00	110.282463074
8/16/2012 16:00:00	111.096229553
8/17/2012 16:00:00	111.244857788
8/20/2012 16:00:00	111.252700806
8/21/2012 16:00:00	110.916244507
8/22/2012 16:00:00	110.96320343
8/23/2012 16:00:00	110.055610657
8/24/2012 16:00:00	110.720626831
8/27/2012 16:00:00	110.744117737
8/28/2012 16:00:00	110.634567261
8/29/2012 16:00:00	110.720626831
8/30/2012 16:00:00	109.922592163
8/31/2012 16:00:00	110.446846008
9/4/2012 16:00:00	110.345069885
9/5/2012 16:00:00	110.251190186
9/6/2012 16:00:00	112.488945007
9/7/2012 16:00:00	112.927101135
9/10/2012 16:00:00	112.285507202
9/11/2012 16:00:00	112.598464966
9/12/2012 16:00:00	112.974021912
9/13/2012 16:00:00	114.695335388
9/14/2012 16:00:00	115.203918457
9/17/2012 16:00:00	114.812713623
9/18/2012 16:00:00	114.718833923
9/19/2012 16:00:00	114.781455994
9/20/2012 16:00:00	114.789237976
9/21/2012 16:00:00	114.741249084
9/24/2012 16:00:00	114.568222046
9/25/2012 16:00:00	113.348945618
9/26/2012 16:00:00	112.711845398
9/27/2012 16:00:00	113.773742676
9/28/2012 16:00:00	113.246711731
10/1/2012 16:00:00	113.545623779
10/2/2012 16:00:00	113.663619995
10/3/2012 16:00:00	114.127731323
10/4/2012 16:00:00	114.945785522
10/5/2012 16:00:00	114.953659058
10/8/2012 16:00:00	114.560348511
10/9/2012 16:00:00	113.427604675
10/10/2012 16:00:00	112.703933716
10/11/2012 16:00:00	112.766906738
10/12/2012 16:00:00	112.397171021
10/15/2012 16:00:00	113.333236694
10/16/2012 16:00:00	114.481658936
10/17/2012 16:00:00	115.000900269
10/18/2012 16:00:00	114.701904297
10/19/2012 16:00:00	112.790458679
10/22/2012 16:00:00	112.806236267
10/23/2012 16:00:00	111.240898132
10/24/2012 16:00:00	110.926254272
10/25/2012 16:00:00	111.24874115
10/26/2012 16:00:00	111.18585968
10/31/2012 16:00:00	111.18585968
11/1/2012 16:00:00	112.349983215
11/2/2012 16:00:00	111.350990295
11/5/2012 16:00:00	111.579147339
11/6/2012 16:00:00	112.452278137
11/7/2012 16:00:00	109.903648376
11/8/2012 16:00:00	108.582199097
11/9/2012 16:00:00	108.676612854
11/12/2012 16:00:00	108.763130188
11/13/2012 16:00:00	108.385528564
11/14/2012 16:00:00	106.922447205
11/15/2012 16:00:00	106.74155426
11/16/2012 16:00:00	107.26852417
11/19/2012 16:00:00	109.439567566
11/20/2012 16:00:00	109.486793518
11/21/2012 16:00:00	109.69128418
11/23/2012 16:00:00	111.18585968
11/26/2012 16:00:00	110.949882507
11/27/2012 16:00:00	110.383506775
11/28/2012 16:00:00	111.272377014
11/29/2012 16:00:00	111.791519165
11/30/2012 16:00:00	111.815109253
12/3/2012 16:00:00	111.26448822
12/4/2012 16:00:00	111.107170105
12/5/2012 16:00:00	111.303825378
12/6/2012 16:00:00	111.681419373
12/7/2012 16:00:00	112.019645691
12/10/2012 16:00:00	112.066802979
12/11/2012 16:00:00	112.829772949
12/12/2012 16:00:00	112.884895325
12/13/2012 16:00:00	112.192657471
12/14/2012 16:00:00	111.775817871
12/17/2012 16:00:00	113.089424133
12/18/2012 16:00:00	114.347969055
12/19/2012 16:00:00	113.498420715
12/20/2012 16:00:00	114.151313782
12/21/2012 16:00:00	113.11516571
12/24/2012 16:00:00	112.76663208
12/26/2012 16:00:00	112.291290283
12/27/2012 16:00:00	112.140716553
12/28/2012 16:00:00	110.928703308
12/31/2012 16:00:00	112.814155579
1/2/2013 16:00:00	115.705581665
1/3/2013 16:00:00	115.444114685
1/4/2013 16:00:00	115.95111084
1/7/2013 16:00:00	115.634246826
1/8/2013 16:00:00	115.301551819
1/9/2013 16:00:00	115.594657898
1/10/2013 16:00:00	116.513572693
1/11/2013 16:00:00	116.505691528
1/14/2013 16:00:00	116.426460266
1/15/2013 16:00:00	116.505691528
1/16/2013 16:00:00	116.489830017
1/17/2013 16:00:00	117.242416382
1/18/2013 16:00:00	117.503799438
1/22/2013 16:00:00	118.137542725
1/23/2013 16:00:00	118.327682495
1/24/2013 16:00:00	118.359382629
1/25/2013 16:00:00	119.024833679
1/28/2013 16:00:00	118.882247925
1/29/2013 16:00:00	119.349586487
1/30/2013 16:00:00	118.882247925
1/31/2013 16:00:00	118.58908844
2/1/2013 16:00:00	119.809028625
2/4/2013 16:00:00	118.462371826
2/5/2013 16:00:00	119.658531189
2/6/2013 16:00:00	119.745704651
2/7/2013 16:00:00	119.587257385
2/8/2013 16:00:00	120.252662659
2/11/2013 16:00:00	120.228874207
2/12/2013 16:00:00	120.426963806
2/13/2013 16:00:00	120.529945374
2/14/2013 16:00:00	120.640838623
2/15/2013 16:00:00	120.498199463
2/19/2013 16:00:00	121.401321411
2/20/2013 16:00:00	119.888275146
2/21/2013 16:00:00	119.159416199
2/22/2013 16:00:00	120.323989868
2/25/2013 16:00:00	118.034561157
2/26/2013 16:00:00	118.842575073
2/27/2013 16:00:00	120.339805603
2/28/2013 16:00:00	120.102127075
3/1/2013 16:00:00	120.498199463
3/4/2013 16:00:00	121.139953613
3/5/2013 16:00:00	122.225204468
3/6/2013 16:00:00	122.39151001
3/7/2013 16:00:00	122.613372803
3/8/2013 16:00:00	123.136199951
3/11/2013 16:00:00	123.60358429
3/12/2013 16:00:00	123.326316833
3/13/2013 16:00:00	123.500587463
3/14/2013 16:00:00	124.158119202
3/15/2013 16:00:00	123.99420166
3/18/2013 16:00:00	123.309875488
3/19/2013 16:00:00	123.023429871
3/20/2013 16:00:00	123.882736206
3/21/2013 16:00:00	122.824531555
3/22/2013 16:00:00	123.811210632
3/25/2013 16:00:00	123.29397583
3/26/2013 16:00:00	124.280639648
3/27/2013 16:00:00	124.280639648
3/28/2013 16:00:00	124.662612915
4/1/2013 16:00:00	124.1692276
4/2/2013 16:00:00	124.781898499
4/3/2013 16:00:00	123.516769409
4/4/2013 16:00:00	124.018074036
4/5/2013 16:00:00	123.461044312
4/8/2013 16:00:00	124.296585083
4/9/2013 16:00:00	124.726257324
4/10/2013 16:00:00	126.253990173
4/11/2013 16:00:00	126.667808533
4/12/2013 16:00:00	126.357406616
4/15/2013 16:00:00	123.429229736
4/16/2013 16:00:00	125.251434326
4/17/2013 16:00:00	123.42124939
4/18/2013 16:00:00	122.649497986
4/19/2013 16:00:00	123.715698242
4/22/2013 16:00:00	124.264755249
4/23/2013 16:00:00	125.545829773
4/24/2013 16:00:00	125.625343323
4/25/2013 16:00:00	126.134635925
4/26/2013 16:00:00	125.911880493
4/29/2013 16:00:00	126.755271912
4/30/2013 16:00:00	127.057632446
5/1/2013 16:00:00	125.943710327
5/2/2013 16:00:00	127.113327026
5/3/2013 16:00:00	128.40234375
5/6/2013 16:00:00	128.728622437
5/7/2013 16:00:00	129.381072998
5/8/2013 16:00:00	129.969955444
5/9/2013 16:00:00	129.603912354
5/10/2013 16:00:00	130.025665283
5/13/2013 16:00:00	130.129104614
5/14/2013 16:00:00	131.473754883
5/15/2013 16:00:00	132.181976318
5/16/2013 16:00:00	131.561279297
5/17/2013 16:00:00	132.834442139
5/20/2013 16:00:00	132.82649231
5/21/2013 16:00:00	133.017410278
5/22/2013 16:00:00	132.030776978
5/23/2013 16:00:00	131.648803711
5/24/2013 16:00:00	131.537445068
5/28/2013 16:00:00	132.325180054
5/29/2013 16:00:00	131.465866089
5/30/2013 16:00:00	131.951171875
5/31/2013 16:00:00	130.057434082
6/3/2013 16:00:00	130.773590088
6/4/2013 16:00:00	130.144973755
6/5/2013 16:00:00	128.322799683
6/6/2013 16:00:00	129.484512329
6/7/2013 16:00:00	131.131622314
6/10/2013 16:00:00	131.131622314
6/11/2013 16:00:00	129.778945923
6/12/2013 16:00:00	128.704727173
6/13/2013 16:00:00	130.662200928
6/14/2013 16:00:00	129.842575073
6/17/2013 16:00:00	130.845184326
6/18/2013 16:00:00	131.879562378
6/19/2013 16:00:00	130.057434082
6/20/2013 16:00:00	126.834869385
6/21/2013 16:00:00	127.242019653
6/24/2013 16:00:00	125.634178162
6/25/2013 16:00:00	126.842041016
6/26/2013 16:00:00	128.097854614
6/27/2013 16:00:00	128.849884033
6/28/2013 16:00:00	128.321853638
7/1/2013 16:00:00	129.073776245
7/2/2013 16:00:00	128.953826904
7/3/2013 16:00:00	129.009857178
7/5/2013 16:00:00	130.401687622
7/8/2013 16:00:00	131.145568848
7/9/2013 16:00:00	132.089477539
7/10/2013 16:00:00	132.137512207
7/11/2013 16:00:00	133.937255859
7/12/2013 16:00:00	133.993286133
7/15/2013 16:00:00	134.505187988
7/16/2013 16:00:00	134.001281738
7/17/2013 16:00:00	134.345245361
7/18/2013 16:00:00	135.081161499
7/19/2013 16:00:00	135.321105957
7/22/2013 16:00:00	135.585128784
7/23/2013 16:00:00	135.297088623
7/24/2013 16:00:00	134.801193237
7/25/2013 16:00:00	135.129150391
7/26/2013 16:00:00	135.273117065
7/29/2013 16:00:00	134.857116699
7/30/2013 16:00:00	134.857116699
7/31/2013 16:00:00	134.953170776
8/1/2013 16:00:00	136.513000488
8/2/2013 16:00:00	136.744995117
8/5/2013 16:00:00	136.544998169
8/6/2013 16:00:00	135.769058228
8/7/2013 16:00:00	135.329147339
8/8/2013 16:00:00	135.825057983
8/9/2013 16:00:00	135.433105469
8/12/2013 16:00:00	135.273117065
8/13/2013 16:00:00	135.673049927
8/14/2013 16:00:00	134.977172852
8/15/2013 16:00:00	133.089370728
8/16/2013 16:00:00	132.649368286
8/19/2013 16:00:00	131.801483154
8/20/2013 16:00:00	132.449432373
8/21/2013 16:00:00	131.633499146
8/22/2013 16:00:00	132.833374023
8/23/2013 16:00:00	133.281341553
8/26/2013 16:00:00	132.785400391
8/27/2013 16:00:00	130.649673462
8/28/2013 16:00:00	131.113616943
8/29/2013 16:00:00	131.321548462
8/30/2013 16:00:00	130.905593872
9/3/2013 16:00:00	131.497543335
9/4/2013 16:00:00	132.585449219
9/5/2013 16:00:00	132.753433228
9/6/2013 16:00:00	132.81741333
9/9/2013 16:00:00	134.089263916
9/10/2013 16:00:00	135.081161499
9/11/2013 16:00:00	135.505050659
9/12/2013 16:00:00	135.145202637
9/13/2013 16:00:00	135.449111938
9/16/2013 16:00:00	136.233001709
9/17/2013 16:00:00	136.840927124
9/18/2013 16:00:00	138.42477417
9/19/2013 16:00:00	138.1927948
9/20/2013 16:00:00	137.226608276
9/23/2013 16:00:00	136.59161377
9/24/2013 16:00:00	136.270080566
9/25/2013 16:00:00	135.876205444
9/26/2013 16:00:00	136.398681641
9/27/2013 16:00:00	135.771759033
9/30/2013 16:00:00	135.04826355
10/1/2013 16:00:00	136.117370605
10/2/2013 16:00:00	135.98878479
10/3/2013 16:00:00	134.734771729
10/4/2013 16:00:00	135.755645752
10/7/2013 16:00:00	134.582077026
10/8/2013 16:00:00	133.014587402
10/9/2013 16:00:00	133.111114502
10/10/2013 16:00:00	135.980728149
10/11/2013 16:00:00	136.856887817
10/14/2013 16:00:00	137.403457642
10/15/2013 16:00:00	136.40675354
10/16/2013 16:00:00	138.311752319
10/17/2013 16:00:00	139.23614502
10/18/2013 16:00:00	140.176635742
10/21/2013 16:00:00	140.184631348
10/22/2013 16:00:00	140.996505737
10/23/2013 16:00:00	140.321334839
10/24/2013 16:00:00	140.78742981
10/25/2013 16:00:00	141.430557251
10/28/2013 16:00:00	141.655548096
10/29/2013 16:00:00	142.411224365
10/30/2013 16:00:00	141.703872681
10/31/2013 16:00:00	141.301986694
11/1/2013 16:00:00	141.639556885
11/4/2013 16:00:00	142.137924194
11/5/2013 16:00:00	141.687789917
11/6/2013 16:00:00	142.411224365
11/7/2013 16:00:00	140.610671997
11/8/2013 16:00:00	142.507659912
11/11/2013 16:00:00	142.531799316
11/12/2013 16:00:00	142.242431641
11/13/2013 16:00:00	143.38381958
11/14/2013 16:00:00	144.099182129
11/15/2013 16:00:00	144.726119995
11/18/2013 16:00:00	144.21975708
11/19/2013 16:00:00	143.906326294
11/20/2013 16:00:00	143.456192017
11/21/2013 16:00:00	144.613632202
11/22/2013 16:00:00	145.337036133
11/25/2013 16:00:00	145.192428589
11/26/2013 16:00:00	145.232589722
11/27/2013 16:00:00	145.586273193
11/29/2013 16:00:00	145.48979187
12/2/2013 16:00:00	145.112075806
12/3/2013 16:00:00	144.485015869
12/4/2013 16:00:00	144.468948364
12/5/2013 16:00:00	143.833969116
12/6/2013 16:00:00	145.441558838
12/9/2013 16:00:00	145.811340332
12/10/2013 16:00:00	145.288894653
12/11/2013 16:00:00	143.657150269
12/12/2013 16:00:00	143.182861328
12/13/2013 16:00:00	143.166809082
12/16/2013 16:00:00	144.059005737
12/17/2013 16:00:00	143.600891113
12/18/2013 16:00:00	146.052490234
12/19/2013 16:00:00	145.883651733
12/20/2013 16:00:00	146.732254028
12/23/2013 16:00:00	147.516220093
12/24/2013 16:00:00	147.839447021
12/26/2013 16:00:00	148.591094971
12/27/2013 16:00:00	148.583023071
12/30/2013 16:00:00	148.558761597
12/31/2013 16:00:00	149.261825562
1/2/2014 16:00:00	147.831420898
1/3/2014 16:00:00	147.807159424
1/6/2014 16:00:00	147.378829956
1/7/2014 16:00:00	148.283981323
1/8/2014 16:00:00	148.316268921
1/9/2014 16:00:00	148.413314819
1/10/2014 16:00:00	148.817321777
1/13/2014 16:00:00	146.837310791
1/14/2014 16:00:00	148.4375
1/15/2014 16:00:00	149.237579346
1/16/2014 16:00:00	149.043624878
1/17/2014 16:00:00	148.413314819
1/21/2014 16:00:00	148.84967041
1/22/2014 16:00:00	148.94670105
1/23/2014 16:00:00	147.726333618
1/24/2014 16:00:00	144.574432373
1/27/2014 16:00:00	143.863220215
1/28/2014 16:00:00	144.719940186
1/29/2014 16:00:00	143.329849243
1/30/2014 16:00:00	144.849212646
1/31/2014 16:00:00	144.00062561
2/3/2014 16:00:00	140.759887695
2/4/2014 16:00:00	141.745834351
2/5/2014 16:00:00	141.567977905
2/6/2014 16:00:00	143.434890747
2/7/2014 16:00:00	145.212890625
2/10/2014 16:00:00	145.47958374
2/11/2014 16:00:00	147.071685791
2/12/2014 16:00:00	147.144378662
2/13/2014 16:00:00	147.904067993
2/14/2014 16:00:00	148.720352173
2/18/2014 16:00:00	148.898178101
2/19/2014 16:00:00	147.91217041
2/20/2014 16:00:00	148.784973145
2/21/2014 16:00:00	148.615280151
2/24/2014 16:00:00	149.439666748
2/25/2014 16:00:00	149.383041382
2/26/2014 16:00:00	149.391174316
2/27/2014 16:00:00	150.175079346
2/28/2014 16:00:00	150.554870605
3/3/2014 16:00:00	149.49621582
3/4/2014 16:00:00	151.597457886
3/5/2014 16:00:00	151.734863281
3/6/2014 16:00:00	152.082336426
3/7/2014 16:00:00	152.147064209
3/10/2014 16:00:00	152.066268921
3/11/2014 16:00:00	151.314620972
3/12/2014 16:00:00	151.355041504
3/13/2014 16:00:00	149.657836914
3/14/2014 16:00:00	149.237579346
3/17/2014 16:00:00	150.587280273
3/18/2014 16:00:00	151.662139893
3/19/2014 16:00:00	150.853927612
3/20/2014 16:00:00	151.734863281
3/21/2014 16:00:00	151.146347046
3/24/2014 16:00:00	150.521316528
3/25/2014 16:00:00	151.235610962
3/26/2014 16:00:00	150.14793396
3/27/2014 16:00:00	149.831329346
3/28/2014 16:00:00	150.570037842
3/31/2014 16:00:00	151.803833008
4/1/2014 16:00:00	152.810394287
4/2/2014 16:00:00	153.321792603
4/3/2014 16:00:00	153.118911743
4/4/2014 16:00:00	151.308731079
4/7/2014 16:00:00	149.636459351
4/8/2014 16:00:00	150.253463745
4/9/2014 16:00:00	151.868789673
4/10/2014 16:00:00	148.678649902
4/11/2014 16:00:00	147.339324951
4/14/2014 16:00:00	148.500076294
4/15/2014 16:00:00	149.52281189
4/16/2014 16:00:00	151.089553833
4/17/2014 16:00:00	151.300582886
4/21/2014 16:00:00	151.828201294
4/22/2014 16:00:00	152.518173218
4/23/2014 16:00:00	152.161026001
4/24/2014 16:00:00	152.469497681
4/25/2014 16:00:00	151.21937561
4/28/2014 16:00:00	151.698348999
4/29/2014 16:00:00	152.404510498
4/30/2014 16:00:00	152.859130859
5/1/2014 16:00:00	152.875366211
5/2/2014 16:00:00	152.656204224
5/5/2014 16:00:00	152.948410034
5/6/2014 16:00:00	151.617172241
5/7/2014 16:00:00	152.510055542
5/8/2014 16:00:00	152.347702026
5/9/2014 16:00:00	152.575012207
5/12/2014 16:00:00	154.060531616
5/13/2014 16:00:00	154.198501587
5/14/2014 16:00:00	153.467910767
5/15/2014 16:00:00	152.120437622
5/16/2014 16:00:00	152.648071289
5/19/2014 16:00:00	153.208175659
5/20/2014 16:00:00	152.242172241
5/21/2014 16:00:00	153.524780273
5/22/2014 16:00:00	153.898132324
5/23/2014 16:00:00	154.515090942
5/27/2014 16:00:00	155.46484375
5/28/2014 16:00:00	155.351150513
5/29/2014 16:00:00	156.154815674
5/30/2014 16:00:00	156.406448364
6/2/2014 16:00:00	156.585006714
6/3/2014 16:00:00	156.503845215
6/4/2014 16:00:00	156.820419312
6/5/2014 16:00:00	157.843215942
6/6/2014 16:00:00	158.598175049
6/9/2014 16:00:00	158.760498047
6/10/2014 16:00:00	158.776702881
6/11/2014 16:00:00	158.224746704
6/12/2014 16:00:00	157.104492188
6/13/2014 16:00:00	157.5834198
6/16/2014 16:00:00	157.71333313
6/17/2014 16:00:00	158.151702881
6/18/2014 16:00:00	159.3125
6/19/2014 16:00:00	159.49105835
6/20/2014 16:00:00	159.814849854
6/23/2014 16:00:00	159.765945435
6/24/2014 16:00:00	158.803497314
6/25/2014 16:00:00	159.521255493
6/26/2014 16:00:00	159.407089233
6/27/2014 16:00:00	159.716995239
6/30/2014 16:00:00	159.635421753
7/1/2014 16:00:00	160.703918457
7/2/2014 16:00:00	160.867019653
7/3/2014 16:00:00	161.658233643
7/7/2014 16:00:00	161.09538269
7/8/2014 16:00:00	160.059539795
7/9/2014 16:00:00	160.777328491
7/10/2014 16:00:00	160.141159058
7/11/2014 16:00:00	160.361282349
7/14/2014 16:00:00	161.168823242
7/15/2014 16:00:00	160.867019653
7/16/2014 16:00:00	161.462463379
7/17/2014 16:00:00	159.627243042
7/18/2014 16:00:00	161.258483887
7/21/2014 16:00:00	160.956726074
7/22/2014 16:00:00	161.658233643
7/23/2014 16:00:00	162.017074585
7/24/2014 16:00:00	162.025238037
7/25/2014 16:00:00	161.266708374
7/28/2014 16:00:00	161.33190918
7/29/2014 16:00:00	160.638641357
7/30/2014 16:00:00	160.663131714
7/31/2014 16:00:00	157.490325928
8/1/2014 16:00:00	157.009140015
8/4/2014 16:00:00	158.142822266
8/5/2014 16:00:00	156.609359741
8/6/2014 16:00:00	156.658355713
8/7/2014 16:00:00	155.810134888
8/8/2014 16:00:00	157.61265564
8/11/2014 16:00:00	158.06942749
8/12/2014 16:00:00	157.849212646
8/13/2014 16:00:00	158.917633057
8/14/2014 16:00:00	159.668045044
8/15/2014 16:00:00	159.635421753
8/18/2014 16:00:00	160.973052979
8/19/2014 16:00:00	161.813171387
8/20/2014 16:00:00	162.24546814
8/21/2014 16:00:00	162.718429565
8/22/2014 16:00:00	162.465698242
8/25/2014 16:00:00	163.28944397
8/26/2014 16:00:00	163.395462036
8/27/2014 16:00:00	163.330215454
8/28/2014 16:00:00	163.240493774
8/29/2014 16:00:00	163.705413818
9/2/2014 16:00:00	163.623840332
9/3/2014 16:00:00	163.534133911
9/4/2014 16:00:00	163.297592163
9/5/2014 16:00:00	164.031692505
9/8/2014 16:00:00	163.60760498
9/9/2014 16:00:00	162.571685791
9/10/2014 16:00:00	163.183425903
9/11/2014 16:00:00	163.371002197
9/12/2014 16:00:00	162.416732788
9/15/2014 16:00:00	162.294372559
9/16/2014 16:00:00	163.517852783
9/17/2014 16:00:00	163.738037109
9/18/2014 16:00:00	164.610824585
9/19/2014 16:00:00	164.462432861
9/22/2014 16:00:00	163.192321777
9/23/2014 16:00:00	162.258132935
9/24/2014 16:00:00	163.528335571
9/25/2014 16:00:00	160.889694214
9/26/2014 16:00:00	162.168029785
9/29/2014 16:00:00	161.873001099
9/30/2014 16:00:00	161.446899414
10/1/2014 16:00:00	159.258956909
10/2/2014 16:00:00	159.283554077
10/3/2014 16:00:00	161.037200928
10/6/2014 16:00:00	160.848709106
10/7/2014 16:00:00	158.365859985
10/8/2014 16:00:00	161.135543823
10/9/2014 16:00:00	157.939666748
10/10/2014 16:00:00	156.136932373
10/13/2014 16:00:00	153.572052002
10/14/2014 16:00:00	153.809692383
10/15/2014 16:00:00	152.768981934
10/16/2014 16:00:00	152.637893677
10/17/2014 16:00:00	154.440643311
10/20/2014 16:00:00	155.940200806
10/21/2014 16:00:00	159.029541016
10/22/2014 16:00:00	157.898727417
10/23/2014 16:00:00	159.734237671
10/24/2014 16:00:00	160.963409424
10/27/2014 16:00:00	160.742202759
10/28/2014 16:00:00	162.585906982
10/29/2014 16:00:00	162.340103149
10/30/2014 16:00:00	163.38079834
10/31/2014 16:00:00	165.249130249
11/3/2014 16:00:00	165.339279175
11/4/2014 16:00:00	164.765655518
11/5/2014 16:00:00	165.806335449
11/6/2014 16:00:00	166.470077515
11/7/2014 16:00:00	166.625808716
11/10/2014 16:00:00	167.150146484
11/11/2014 16:00:00	167.314147949
11/12/2014 16:00:00	167.133834839
11/13/2014 16:00:00	167.322280884
11/14/2014 16:00:00	167.363265991
11/17/2014 16:00:00	167.469818115
11/18/2014 16:00:00	168.436752319
11/19/2014 16:00:00	168.16633606
11/20/2014 16:00:00	168.46131897
11/21/2014 16:00:00	169.362747192
11/24/2014 16:00:00	169.837997437
11/25/2014 16:00:00	169.715057373
11/26/2014 16:00:00	170.149353027
11/28/2014 16:00:00	169.788909912
12/1/2014 16:00:00	168.608856201
12/2/2014 16:00:00	169.698684692
12/3/2014 16:00:00	170.354248047
12/4/2014 16:00:00	170.165771484
12/5/2014 16:00:00	170.444351196
12/8/2014 16:00:00	169.305374146
12/9/2014 16:00:00	169.190628052
12/10/2014 16:00:00	166.478286743
12/11/2014 16:00:00	167.322280884
12/12/2014 16:00:00	164.61807251
12/15/2014 16:00:00	163.487319946
12/16/2014 16:00:00	162.176193237
12/17/2014 16:00:00	165.355636597
12/18/2014 16:00:00	169.444702148
12/19/2014 16:00:00	170.165618896
12/22/2014 16:00:00	170.948410034
12/23/2014 16:00:00	171.179168701
12/24/2014 16:00:00	171.195602417
12/26/2014 16:00:00	171.747665405
12/29/2014 16:00:00	171.978363037
12/30/2014 16:00:00	171.055511475
12/31/2014 16:00:00	169.358154297
1/2/2015 16:00:00	169.267562866
1/5/2015 16:00:00	166.210617065
1/6/2015 16:00:00	164.645065308
1/7/2015 16:00:00	166.696746826
1/8/2015 16:00:00	169.654769897
1/9/2015 16:00:00	168.29524231
1/12/2015 16:00:00	166.976867676
1/13/2015 16:00:00	166.507232666
1/14/2015 16:00:00	165.502029419
1/15/2015 16:00:00	163.985855103
1/16/2015 16:00:00	166.136489868
1/20/2015 16:00:00	166.490753174
1/21/2015 16:00:00	167.331192017
1/22/2015 16:00:00	169.819610596
1/23/2015 16:00:00	168.888458252
1/26/2015 16:00:00	169.284011841
1/27/2015 16:00:00	167.051010132
1/28/2015 16:00:00	164.908782959
1/29/2015 16:00:00	166.433120728
1/30/2015 16:00:00	164.340148926
2/2/2015 16:00:00	166.375396729
2/3/2015 16:00:00	168.781387329
2/4/2015 16:00:00	168.13873291
2/5/2015 16:00:00	169.836044312
2/6/2015 16:00:00	169.366378784
2/9/2015 16:00:00	168.608322144
2/10/2015 16:00:00	170.404602051
2/11/2015 16:00:00	170.503463745
2/12/2015 16:00:00	172.143188477
2/13/2015 16:00:00	172.851791382
2/17/2015 16:00:00	173.123718262
2/18/2015 16:00:00	173.140167236
2/19/2015 16:00:00	173.016601562
2/20/2015 16:00:00	174.054779053
2/23/2015 16:00:00	174.029998779
2/24/2015 16:00:00	174.524368286
2/25/2015 16:00:00	174.376083374
2/26/2015 16:00:00	174.170135498
2/27/2015 16:00:00	173.576919556
3/2/2015 16:00:00	174.672729492
3/3/2015 16:00:00	173.955886841
3/4/2015 16:00:00	173.222518921
3/5/2015 16:00:00	173.412124634
3/6/2015 16:00:00	170.973114014
3/9/2015 16:00:00	171.681716919
3/10/2015 16:00:00	168.896759033
3/11/2015 16:00:00	168.501220703
3/12/2015 16:00:00	170.64352417
3/13/2015 16:00:00	169.597091675
3/16/2015 16:00:00	171.862991333
3/17/2015 16:00:00	171.352203369
3/18/2015 16:00:00	173.412124634
3/19/2015 16:00:00	172.621109009
3/20/2015 16:00:00	174.144805908
3/23/2015 16:00:00	173.805419922
3/24/2015 16:00:00	172.828826904
3/25/2015 16:00:00	170.29624939
3/26/2015 16:00:00	169.890701294
3/27/2015 16:00:00	170.279708862
3/30/2015 16:00:00	172.357009888
3/31/2015 16:00:00	170.850723267
4/1/2015 16:00:00	170.246566772
4/2/2015 16:00:00	170.859008789
4/6/2015 16:00:00	172.009414673
4/7/2015 16:00:00	171.554229736
4/8/2015 16:00:00	172.133590698
4/9/2015 16:00:00	172.895019531
4/10/2015 16:00:00	173.838516235
4/13/2015 16:00:00	173.052246094
4/14/2015 16:00:00	173.383285522
4/15/2015 16:00:00	174.161346436
4/16/2015 16:00:00	174.111709595
4/17/2015 16:00:00	172.108779907
4/20/2015 16:00:00	173.68132019
4/21/2015 16:00:00	173.474365234
4/22/2015 16:00:00	174.326889038
4/23/2015 16:00:00	174.765487671
4/24/2015 16:00:00	175.171035767
4/27/2015 16:00:00	174.442764282
4/28/2015 16:00:00	174.997253418
4/29/2015 16:00:00	174.27722168
4/30/2015 16:00:00	172.53086853
5/1/2015 16:00:00	174.401351929
5/4/2015 16:00:00	174.897964478
5/5/2015 16:00:00	172.895019531
5/6/2015 16:00:00	172.183227539
5/7/2015 16:00:00	172.870178223
5/8/2015 16:00:00	175.146240234
5/11/2015 16:00:00	174.310317993
5/12/2015 16:00:00	173.788879395
5/13/2015 16:00:00	173.822021484
5/14/2015 16:00:00	175.634521484
5/15/2015 16:00:00	175.824920654
5/18/2015 16:00:00	176.371154785
5/19/2015 16:00:00	176.313201904
5/20/2015 16:00:00	176.189056396
5/21/2015 16:00:00	176.702224731
5/22/2015 16:00:00	176.280075073
5/26/2015 16:00:00	174.384750366
5/27/2015 16:00:00	176.040039062
5/28/2015 16:00:00	175.841415405
5/29/2015 16:00:00	174.748916626
6/1/2015 16:00:00	175.104858398
6/2/2015 16:00:00	174.931045532
6/3/2015 16:00:00	175.394500732
6/4/2015 16:00:00	173.91305542
6/5/2015 16:00:00	173.615112305
6/8/2015 16:00:00	172.547409058
6/9/2015 16:00:00	172.522567749
6/10/2015 16:00:00	174.591644287
6/11/2015 16:00:00	175.154449463
6/12/2015 16:00:00	173.813720703
6/15/2015 16:00:00	173.068786621
6/16/2015 16:00:00	174.012374878
6/17/2015 16:00:00	174.293701172
6/18/2015 16:00:00	176.106262207
6/19/2015 16:00:00	175.324508667
6/22/2015 16:00:00	176.222671509
6/23/2015 16:00:00	176.347442627
6/24/2015 16:00:00	175.066696167
6/25/2015 16:00:00	174.534439087
6/26/2015 16:00:00	174.501190186
6/29/2015 16:00:00	170.841796875
6/30/2015 16:00:00	171.199478149
7/1/2015 16:00:00	172.571716309
7/2/2015 16:00:00	172.413711548
7/6/2015 16:00:00	171.92300415
7/7/2015 16:00:00	173.004135132
7/8/2015 16:00:00	170.101623535
7/9/2015 16:00:00	170.409317017
7/10/2015 16:00:00	172.55506897
7/13/2015 16:00:00	174.459564209
7/14/2015 16:00:00	175.216415405
7/15/2015 16:00:00	175.158203125
7/16/2015 16:00:00	176.563735962
7/17/2015 16:00:00	176.713409424
7/20/2015 16:00:00	176.804916382
7/21/2015 16:00:00	176.106262207
7/22/2015 16:00:00	175.790222168
7/23/2015 16:00:00	174.800537109
7/24/2015 16:00:00	172.987472534
7/27/2015 16:00:00	171.981170654
7/28/2015 16:00:00	174.093719482
7/29/2015 16:00:00	175.291259766
7/30/2015 16:00:00	175.332839966
7/31/2015 16:00:00	175.066696167
8/3/2015 16:00:00	174.476196289
8/4/2015 16:00:00	174.135238647
8/5/2015 16:00:00	174.709091187
8/6/2015 16:00:00	173.278594971
8/7/2015 16:00:00	172.945968628
8/10/2015 16:00:00	175.124938965
8/11/2015 16:00:00	173.544723511
8/12/2015 16:00:00	173.752655029
8/13/2015 16:00:00	173.536407471
8/14/2015 16:00:00	174.16847229
8/17/2015 16:00:00	175.141540527
8/18/2015 16:00:00	174.634246826
8/19/2015 16:00:00	173.253677368
8/20/2015 16:00:00	169.635879517
8/21/2015 16:00:00	164.529434204
8/24/2015 16:00:00	157.6015625
8/25/2015 16:00:00	155.747024536
8/26/2015 16:00:00	161.726669312
8/27/2015 16:00:00	165.727050781
8/28/2015 16:00:00	165.735336304
8/31/2015 16:00:00	164.396331787
9/1/2015 16:00:00	159.489532471
9/2/2015 16:00:00	162.516769409
9/3/2015 16:00:00	162.63319397
9/4/2015 16:00:00	160.171524048
9/8/2015 16:00:00	164.196762085
9/9/2015 16:00:00	162.001159668
9/10/2015 16:00:00	162.882736206
9/11/2015 16:00:00	163.622909546
9/14/2015 16:00:00	163.015838623
9/15/2015 16:00:00	165.053405762
9/16/2015 16:00:00	166.483886719
9/17/2015 16:00:00	166.109573364
9/18/2015 16:00:00	163.395126343
9/21/2015 16:00:00	164.239517212
9/22/2015 16:00:00	162.10774231
9/23/2015 16:00:00	161.848556519
9/24/2015 16:00:00	161.263320923
9/25/2015 16:00:00	161.221511841
9/28/2015 16:00:00	157.175308228
9/29/2015 16:00:00	157.267288208
9/30/2015 16:00:00	160.201629639
10/1/2015 16:00:00	160.619644165
10/2/2015 16:00:00	163.018936157
10/5/2015 16:00:00	165.919784546
10/6/2015 16:00:00	165.351364136
10/7/2015 16:00:00	166.705627441
10/8/2015 16:00:00	168.210494995
10/9/2015 16:00:00	168.310714722
10/12/2015 16:00:00	168.46963501
10/13/2015 16:00:00	167.407897949
10/14/2015 16:00:00	166.605361938
10/15/2015 16:00:00	169.163482666
10/16/2015 16:00:00	169.932617188
10/19/2015 16:00:00	170.016235352
10/20/2015 16:00:00	169.798873901
10/21/2015 16:00:00	168.745529175
10/22/2015 16:00:00	171.596237183
10/23/2015 16:00:00	173.477203369
10/26/2015 16:00:00	173.050872803
10/27/2015 16:00:00	172.716445923
10/28/2015 16:00:00	174.681015015
10/29/2015 16:00:00	174.580718994
10/30/2015 16:00:00	173.828353882
11/2/2015 16:00:00	175.884872437
11/3/2015 16:00:00	176.394882202
11/4/2015 16:00:00	175.859741211
11/5/2015 16:00:00	175.684234619
11/6/2015 16:00:00	175.592285156
11/9/2015 16:00:00	173.953674316
11/10/2015 16:00:00	174.354980469
11/11/2015 16:00:00	173.66947937
11/12/2015 16:00:00	171.245101929
11/13/2015 16:00:00	169.32232666
11/16/2015 16:00:00	171.897247314
11/17/2015 16:00:00	171.771759033
11/18/2015 16:00:00	174.497116089
11/19/2015 16:00:00	174.346633911
11/20/2015 16:00:00	174.981994629
11/23/2015 16:00:00	174.781402588
11/24/2015 16:00:00	175.015441895
11/25/2015 16:00:00	174.990371704
11/27/2015 16:00:00	175.190963745
11/30/2015 16:00:00	174.463638306
12/1/2015 16:00:00	176.127334595
12/2/2015 16:00:00	174.329956055
12/3/2015 16:00:00	171.888824463
12/4/2015 16:00:00	175.241134644
12/7/2015 16:00:00	174.179428101
12/8/2015 16:00:00	173.009017944
12/9/2015 16:00:00	171.663131714
12/10/2015 16:00:00	172.106231689
12/11/2015 16:00:00	168.770568848
12/14/2015 16:00:00	169.623291016
12/15/2015 16:00:00	171.403930664
12/16/2015 16:00:00	173.911880493
12/17/2015 16:00:00	171.261886597
12/18/2015 16:00:00	168.210830688
12/21/2015 16:00:00	169.598434448
12/22/2015 16:00:00	171.137359619
12/23/2015 16:00:00	173.256607056
12/24/2015 16:00:00	172.970687866
12/28/2015 16:00:00	172.575454712
12/29/2015 16:00:00	174.417175293
12/30/2015 16:00:00	173.180923462
12/31/2015 16:00:00	171.448501587
1/4/2016 16:00:00	169.051773071
1/5/2016 16:00:00	169.337661743
1/6/2016 16:00:00	167.201583862
1/7/2016 16:00:00	163.190200806
1/8/2016 16:00:00	161.398910522
1/11/2016 16:00:00	161.55871582
1/12/2016 16:00:00	162.862213135
1/13/2016 16:00:00	158.800369263
1/14/2016 16:00:00	161.407302856
1/15/2016 16:00:00	157.942565918
1/19/2016 16:00:00	158.152786255
1/20/2016 16:00:00	156.126068115
1/21/2016 16:00:00	157.000656128
1/22/2016 16:00:00	160.221603394
1/25/2016 16:00:00	157.799591064
1/26/2016 16:00:00	159.952468872
1/27/2016 16:00:00	158.211685181
1/28/2016 16:00:00	159.035797119
1/29/2016 16:00:00	162.912658691
2/1/2016 16:00:00	162.85383606
2/2/2016 16:00:00	159.918838501
2/3/2016 16:00:00	160.877487183
2/4/2016 16:00:00	161.12979126
2/5/2016 16:00:00	158.060272217
2/8/2016 16:00:00	155.932601929
2/9/2016 16:00:00	155.94102478
2/10/2016 16:00:00	155.806488037
2/11/2016 16:00:00	153.77973938
2/12/2016 16:00:00	156.950210571
2/16/2016 16:00:00	159.59928894
2/17/2016 16:00:00	162.206253052
2/18/2016 16:00:00	161.541900635
2/19/2016 16:00:00	161.466186523
2/22/2016 16:00:00	163.804107666
2/23/2016 16:00:00	161.735321045
2/24/2016 16:00:00	162.475372314
2/25/2016 16:00:00	164.443283081
2/26/2016 16:00:00	164.064804077
2/29/2016 16:00:00	162.778121948
3/1/2016 16:00:00	166.604553223
3/2/2016 16:00:00	167.352966309
3/3/2016 16:00:00	168.008972168
3/4/2016 16:00:00	168.555557251
3/7/2016 16:00:00	168.690124512
3/8/2016 16:00:00	166.848358154
3/9/2016 16:00:00	167.672576904
3/10/2016 16:00:00	167.807098389
3/11/2016 16:00:00	170.515045166
3/14/2016 16:00:00	170.29637146
3/15/2016 16:00:00	170.018875122
3/16/2016 16:00:00	171.002822876
3/17/2016 16:00:00	172.087646484
3/18/2016 16:00:00	172.763916016
3/21/2016 16:00:00	173.009033203
3/22/2016 16:00:00	172.91607666
3/23/2016 16:00:00	171.774917603
3/24/2016 16:00:00	171.698806763
3/28/2016 16:00:00	171.800247192
3/29/2016 16:00:00	173.389480591
3/30/2016 16:00:00	174.150222778
3/31/2016 16:00:00	173.72756958
4/1/2016 16:00:00	174.910949707
4/4/2016 16:00:00	174.344619751
4/5/2016 16:00:00	172.603286743
4/6/2016 16:00:00	174.488342285
4/7/2016 16:00:00	172.400390625
4/8/2016 16:00:00	172.865310669
4/11/2016 16:00:00	172.459564209
4/12/2016 16:00:00	174.065704346
4/13/2016 16:00:00	175.823898315
4/14/2016 16:00:00	175.832351685
4/15/2016 16:00:00	175.638015747
4/18/2016 16:00:00	176.872070312
4/19/2016 16:00:00	177.430023193
4/20/2016 16:00:00	177.599060059
4/21/2016 16:00:00	176.643890381
4/22/2016 16:00:00	176.643890381
4/25/2016 16:00:00	176.339508057
4/26/2016 16:00:00	176.601608276
4/27/2016 16:00:00	176.965103149
4/28/2016 16:00:00	175.359008789
4/29/2016 16:00:00	174.412246704
5/2/2016 16:00:00	175.798522949
5/3/2016 16:00:00	174.26852417
5/4/2016 16:00:00	173.29649353
5/5/2016 16:00:00	173.262634277
5/6/2016 16:00:00	173.896636963
5/9/2016 16:00:00	174.040328979
5/10/2016 16:00:00	176.20425415
5/11/2016 16:00:00	174.555999756
5/12/2016 16:00:00	174.606674194
5/13/2016 16:00:00	173.085113525
5/16/2016 16:00:00	174.792617798
5/17/2016 16:00:00	173.16116333
5/18/2016 16:00:00	173.211914062
5/19/2016 16:00:00	172.61177063
5/20/2016 16:00:00	173.70223999
5/23/2016 16:00:00	173.465560913
5/24/2016 16:00:00	175.714050293
5/25/2016 16:00:00	176.905883789
5/26/2016 16:00:00	176.956634521
5/27/2016 16:00:00	177.717437744
5/31/2016 16:00:00	177.379333496
6/1/2016 16:00:00	177.742752075
6/2/2016 16:00:00	178.283782959
6/3/2016 16:00:00	177.751190186
6/6/2016 16:00:00	178.655670166
6/7/2016 16:00:00	178.934646606
6/8/2016 16:00:00	179.517868042
6/9/2016 16:00:00	179.272766113
6/10/2016 16:00:00	177.573730469
6/13/2016 16:00:00	176.20425415
6/14/2016 16:00:00	175.857711792
6/15/2016 16:00:00	175.612625122
6/16/2016 16:00:00	176.13671875
6/17/2016 16:00:00	175.480682373
6/20/2016 16:00:00	176.610794067
6/21/2016 16:00:00	177.1121521
6/22/2016 16:00:00	176.823242188
6/23/2016 16:00:00	179.125946045
6/24/2016 16:00:00	172.693710327
6/27/2016 16:00:00	169.600769043
6/28/2016 16:00:00	172.659698486
6/29/2016 16:00:00	175.599685669
6/30/2016 16:00:00	177.995803833
7/1/2016 16:00:00	178.369689941
7/5/2016 16:00:00	177.086654663
7/6/2016 16:00:00	178.148757935
7/7/2016 16:00:00	178.038299561
7/8/2016 16:00:00	180.689376831
7/11/2016 16:00:00	181.326660156
7/12/2016 16:00:00	182.643707275
7/13/2016 16:00:00	182.618255615
7/14/2016 16:00:00	183.637832642
7/15/2016 16:00:00	183.391403198
7/18/2016 16:00:00	183.884246826
7/19/2016 16:00:00	183.697372437
7/20/2016 16:00:00	184.462081909
7/21/2016 16:00:00	183.765380859
7/22/2016 16:00:00	184.589569092
7/25/2016 16:00:00	184.088226318
7/26/2016 16:00:00	184.173156738
7/27/2016 16:00:00	183.977783203
7/28/2016 16:00:00	184.190216064
7/29/2016 16:00:00	184.487594604
8/1/2016 16:00:00	184.334655762
8/2/2016 16:00:00	183.153549194
8/3/2016 16:00:00	183.688842773
8/4/2016 16:00:00	183.884246826
8/5/2016 16:00:00	185.38822937
8/8/2016 16:00:00	185.277755737
8/9/2016 16:00:00	185.38822937
8/10/2016 16:00:00	184.929473877
8/11/2016 16:00:00	185.787612915
8/12/2016 16:00:00	185.626159668
8/15/2016 16:00:00	186.161453247
8/16/2016 16:00:00	185.20135498
8/17/2016 16:00:00	185.549728394
8/18/2016 16:00:00	185.966033936
8/19/2016 16:00:00	185.694152832
8/22/2016 16:00:00	185.685684204
8/23/2016 16:00:00	186.059509277
8/24/2016 16:00:00	185.107818604
8/25/2016 16:00:00	184.980392456
8/26/2016 16:00:00	184.632003784
8/29/2016 16:00:00	185.541213989
8/30/2016 16:00:00	185.235321045
8/31/2016 16:00:00	184.708480835
9/1/2016 16:00:00	184.716964722
9/2/2016 16:00:00	185.549728394
9/6/2016 16:00:00	186.110519409
9/7/2016 16:00:00	186.093505859
9/8/2016 16:00:00	185.668655396
9/9/2016 16:00:00	181.224655151
9/12/2016 16:00:00	183.824798584
9/13/2016 16:00:00	181.182220459
9/14/2016 16:00:00	181.11428833
9/15/2016 16:00:00	182.924087524
9/16/2016 16:00:00	182.216964722
9/19/2016 16:00:00	182.251113892
9/20/2016 16:00:00	182.259719849
9/21/2016 16:00:00	184.309249878
9/22/2016 16:00:00	185.470703125
9/23/2016 16:00:00	184.454483032
9/26/2016 16:00:00	182.959991455
9/27/2016 16:00:00	184.095794678
9/28/2016 16:00:00	185.009597778
9/29/2016 16:00:00	183.335723877
9/30/2016 16:00:00	184.719223022
10/3/2016 16:00:00	184.275100708
10/4/2016 16:00:00	183.335723877
10/5/2016 16:00:00	184.146987915
10/6/2016 16:00:00	184.275100708
10/7/2016 16:00:00	183.643157959
10/10/2016 16:00:00	184.599685669
10/11/2016 16:00:00	182.268218994
10/12/2016 16:00:00	182.507324219
10/13/2016 16:00:00	181.909545898
10/14/2016 16:00:00	182.003509521
10/17/2016 16:00:00	181.371551514
10/18/2016 16:00:00	182.507324219
10/19/2016 16:00:00	182.994125366
10/20/2016 16:00:00	182.652542114
10/21/2016 16:00:00	182.737945557
10/24/2016 16:00:00	183.515075684
10/25/2016 16:00:00	182.900192261
10/26/2016 16:00:00	182.532989502
10/27/2016 16:00:00	182.046234131
10/28/2016 16:00:00	181.508163452
10/31/2016 16:00:00	181.51675415
11/1/2016 16:00:00	180.201568604
11/2/2016 16:00:00	179.116989136
11/3/2016 16:00:00	178.297180176
11/4/2016 16:00:00	178.100738525
11/7/2016 16:00:00	182.029129028
11/8/2016 16:00:00	182.848922729
11/9/2016 16:00:00	184.787490845
11/10/2016 16:00:00	185.248687744
11/11/2016 16:00:00	184.821670532
11/14/2016 16:00:00	184.966934204
11/15/2016 16:00:00	186.410095215
11/16/2016 16:00:00	186.0599823
11/17/2016 16:00:00	187.016418457
11/18/2016 16:00:00	186.597961426
11/21/2016 16:00:00	188.007064819
11/22/2016 16:00:00	188.374282837
11/23/2016 16:00:00	188.476730347
11/25/2016 16:00:00	189.177047729
11/28/2016 16:00:00	188.288864136
11/29/2016 16:00:00	188.656158447
11/30/2016 16:00:00	188.203521729
12/1/2016 16:00:00	187.511795044
12/2/2016 16:00:00	187.605667114
12/5/2016 16:00:00	188.732971191
12/6/2016 16:00:00	189.330749512
12/7/2016 16:00:00	191.807312012
12/8/2016 16:00:00	192.277069092
12/9/2016 16:00:00	193.438476562
12/12/2016 16:00:00	193.216415405
12/13/2016 16:00:00	194.505966187
12/14/2016 16:00:00	192.900482178
12/15/2016 16:00:00	193.69468689
12/16/2016 16:00:00	193.315887451
12/19/2016 16:00:00	193.736785889
12/20/2016 16:00:00	194.484146118
12/21/2016 16:00:00	193.942977905
12/22/2016 16:00:00	193.607879639
12/23/2016 16:00:00	193.891448975
12/27/2016 16:00:00	194.372497559
12/28/2016 16:00:00	192.76612854
12/29/2016 16:00:00	192.723144531
12/30/2016 16:00:00	192.018753052
1/3/2017 16:00:00	193.487670898
1/4/2017 16:00:00	194.638748169
1/5/2017 16:00:00	194.484146118
1/6/2017 16:00:00	195.179977417
1/9/2017 16:00:00	194.535720825
1/10/2017 16:00:00	194.535720825
1/11/2017 16:00:00	195.085449219
1/12/2017 16:00:00	194.595840454
1/13/2017 16:00:00	195.042495728
1/17/2017 16:00:00	194.355255127
1/18/2017 16:00:00	194.784790039
1/19/2017 16:00:00	194.063278198
1/20/2017 16:00:00	194.776199341
1/23/2017 16:00:00	194.269363403
1/24/2017 16:00:00	195.515045166
1/25/2017 16:00:00	197.207290649
1/26/2017 16:00:00	197.001098633
1/27/2017 16:00:00	196.691864014
1/30/2017 16:00:00	195.471954346
1/31/2017 16:00:00	195.454864502
2/1/2017 16:00:00	195.532180786
2/2/2017 16:00:00	195.661026001
2/3/2017 16:00:00	197.009628296
2/6/2017 16:00:00	196.657501221
2/7/2017 16:00:00	196.666061401
2/8/2017 16:00:00	196.923812866
2/9/2017 16:00:00	198.092086792
2/10/2017 16:00:00	198.873779297
2/13/2017 16:00:00	199.956192017
2/14/2017 16:00:00	200.755050659
2/15/2017 16:00:00	201.803085327
2/16/2017 16:00:00	201.631271362
2/17/2017 16:00:00	201.949157715
2/21/2017 16:00:00	203.151733398
2/22/2017 16:00:00	202.971389771
2/23/2017 16:00:00	203.108795166
2/24/2017 16:00:00	203.366531372
2/27/2017 16:00:00	203.684326172
2/28/2017 16:00:00	203.134552002
3/1/2017 16:00:00	205.977920532
3/2/2017 16:00:00	204.68081665
3/3/2017 16:00:00	204.809692383
3/6/2017 16:00:00	204.199783325
3/7/2017 16:00:00	203.589874268
3/8/2017 16:00:00	203.211837769
3/9/2017 16:00:00	203.469558716
3/10/2017 16:00:00	204.182571411
3/13/2017 16:00:00	204.285690308
3/14/2017 16:00:00	203.503936768
3/15/2017 16:00:00	205.264907837
3/16/2017 16:00:00	204.861190796
3/17/2017 16:00:00	204.501449585
3/20/2017 16:00:00	204.277145386
3/21/2017 16:00:00	201.654296875
3/22/2017 16:00:00	202.128860474
3/23/2017 16:00:00	201.913146973
3/24/2017 16:00:00	201.76651001
3/27/2017 16:00:00	201.559417725
3/28/2017 16:00:00	203.026092529
3/29/2017 16:00:00	203.215927124
3/30/2017 16:00:00	203.863006592
3/31/2017 16:00:00	203.388519287
4/3/2017 16:00:00	203.034744263
4/4/2017 16:00:00	203.164123535
4/5/2017 16:00:00	202.560195923
4/6/2017 16:00:00	203.129638672
4/7/2017 16:00:00	202.922607422
4/10/2017 16:00:00	203.043304443
4/11/2017 16:00:00	202.801757812
4/12/2017 16:00:00	201.913146973
4/13/2017 16:00:00	200.601730347
4/17/2017 16:00:00	202.379058838
4/18/2017 16:00:00	201.775100708
4/19/2017 16:00:00	201.404129028
4/20/2017 16:00:00	203.043304443
4/21/2017 16:00:00	202.396331787
4/24/2017 16:00:00	204.622192383
4/25/2017 16:00:00	205.812835693
4/26/2017 16:00:00	205.683441162
4/27/2017 16:00:00	205.856002808
4/28/2017 16:00:00	205.407333374
5/1/2017 16:00:00	205.925018311
5/2/2017 16:00:00	206.002685547
5/3/2017 16:00:00	205.752441406
5/4/2017 16:00:00	205.994033813
5/5/2017 16:00:00	206.805053711
5/8/2017 16:00:00	206.770584106
5/9/2017 16:00:00	206.580718994
5/10/2017 16:00:00	206.951660156
5/11/2017 16:00:00	206.528961182
5/12/2017 16:00:00	206.183853149
5/15/2017 16:00:00	207.322738647
5/16/2017 16:00:00	207.132873535
5/17/2017 16:00:00	203.457504272
5/18/2017 16:00:00	204.277145386
5/19/2017 16:00:00	205.605773926
5/22/2017 16:00:00	206.649734497
5/23/2017 16:00:00	207.107025146
5/24/2017 16:00:00	207.590179443
5/25/2017 16:00:00	208.582336426
5/26/2017 16:00:00	208.539199829
5/30/2017 16:00:00	208.357971191
5/31/2017 16:00:00	208.306243896
6/1/2017 16:00:00	209.962799072
6/2/2017 16:00:00	210.661605835
6/5/2017 16:00:00	210.506317139
6/6/2017 16:00:00	209.833328247
6/7/2017 16:00:00	210.221557617
6/8/2017 16:00:00	210.325073242
6/9/2017 16:00:00	210.005889893
6/12/2017 16:00:00	209.962799072
6/13/2017 16:00:00	210.989425659
6/14/2017 16:00:00	210.721969604
6/15/2017 16:00:00	210.316497803
6/16/2017 16:00:00	210.362426758
6/19/2017 16:00:00	212.113769531
6/20/2017 16:00:00	210.683181763
6/21/2017 16:00:00	210.631225586
6/22/2017 16:00:00	210.535842896
6/23/2017 16:00:00	210.787246704
6/26/2017 16:00:00	210.925994873
6/27/2017 16:00:00	209.226654053
6/28/2017 16:00:00	211.099395752
6/29/2017 16:00:00	209.244064331
6/30/2017 16:00:00	209.63420105
7/3/2017 16:00:00	209.989593506
7/5/2017 16:00:00	210.475158691
7/6/2017 16:00:00	208.550445557
7/7/2017 16:00:00	209.902923584
7/10/2017 16:00:00	210.128387451
7/11/2017 16:00:00	209.972305298
7/12/2017 16:00:00	211.550201416
7/13/2017 16:00:00	211.905654907
7/14/2017 16:00:00	212.893951416
7/17/2017 16:00:00	212.867996216
7/18/2017 16:00:00	212.980682373
7/19/2017 16:00:00	214.133789062
7/20/2017 16:00:00	214.229141235
7/21/2017 16:00:00	214.038421631
7/24/2017 16:00:00	213.98638916
7/25/2017 16:00:00	214.506576538
7/26/2017 16:00:00	214.515258789
7/27/2017 16:00:00	214.315795898
7/28/2017 16:00:00	214.06439209
7/31/2017 16:00:00	213.943069458
8/1/2017 16:00:00	214.419921875
8/2/2017 16:00:00	214.523910522
8/3/2017 16:00:00	214.107788086
8/4/2017 16:00:00	214.497970581
8/7/2017 16:00:00	214.896713257
8/8/2017 16:00:00	214.367858887
8/9/2017 16:00:00	214.359207153
8/10/2017 16:00:00	211.333435059
8/11/2017 16:00:00	211.64553833
8/14/2017 16:00:00	213.743652344
8/15/2017 16:00:00	213.717559814
8/16/2017 16:00:00	214.090408325
8/17/2017 16:00:00	210.752624512
8/18/2017 16:00:00	210.423156738
8/21/2017 16:00:00	210.58782959
8/22/2017 16:00:00	212.790008545
8/23/2017 16:00:00	212.027038574
8/24/2017 16:00:00	211.532821655
8/25/2017 16:00:00	212.027038574
8/28/2017 16:00:00	212.035736084
8/29/2017 16:00:00	212.278503418
8/30/2017 16:00:00	213.284118652
8/31/2017 16:00:00	214.56729126
9/1/2017 16:00:00	214.870697021
9/5/2017 16:00:00	213.327484131
9/6/2017 16:00:00	214.05569458
9/7/2017 16:00:00	214.029785156
9/8/2017 16:00:00	213.778305054
9/11/2017 16:00:00	216.05847168
9/12/2017 16:00:00	216.786697388
9/13/2017 16:00:00	216.890731812
9/14/2017 16:00:00	216.821380615
9/15/2017 16:00:00	217.113265991
9/18/2017 16:00:00	217.575027466
9/19/2017 16:00:00	217.792892456
9/20/2017 16:00:00	217.871231079
9/21/2017 16:00:00	217.287490845
9/22/2017 16:00:00	217.331100464
9/25/2017 16:00:00	216.886749268
9/26/2017 16:00:00	217.017471313
9/27/2017 16:00:00	217.862548828
9/28/2017 16:00:00	218.123931885
9/29/2017 16:00:00	218.890670776
10/2/2017 16:00:00	219.840362549
10/3/2017 16:00:00	220.310836792
10/4/2017 16:00:00	220.572280884
10/5/2017 16:00:00	221.879135132
10/6/2017 16:00:00	221.626480103
10/9/2017 16:00:00	221.260574341
10/10/2017 16:00:00	221.844284058
10/11/2017 16:00:00	222.1927948
10/12/2017 16:00:00	221.861755371
10/13/2017 16:00:00	222.13180542
10/16/2017 16:00:00	222.42805481
10/17/2017 16:00:00	222.584884644
10/18/2017 16:00:00	222.802749634
10/19/2017 16:00:00	222.863677979
10/20/2017 16:00:00	224.013778687
10/23/2017 16:00:00	223.142501831
10/24/2017 16:00:00	223.534591675
10/25/2017 16:00:00	222.42805481
10/26/2017 16:00:00	222.715621948
10/27/2017 16:00:00	224.536560059
10/30/2017 16:00:00	223.700119019
10/31/2017 16:00:00	224.048583984
11/1/2017 16:00:00	224.344833374
11/2/2017 16:00:00	224.431991577
11/3/2017 16:00:00	225.181274414
11/6/2017 16:00:00	225.529800415
11/7/2017 16:00:00	225.372924805
11/8/2017 16:00:00	225.756317139
11/9/2017 16:00:00	224.937316895
11/10/2017 16:00:00	224.867645264
11/13/2017 16:00:00	225.076751709
11/14/2017 16:00:00	224.553970337
11/15/2017 16:00:00	223.430007935
11/16/2017 16:00:00	225.329421997
11/17/2017 16:00:00	224.667221069
11/20/2017 16:00:00	225.050598145
11/21/2017 16:00:00	226.52305603
11/22/2017 16:00:00	226.322616577
11/24/2017 16:00:00	226.845413208
11/27/2017 16:00:00	226.732177734
11/28/2017 16:00:00	229.032348633
11/29/2017 16:00:00	228.892913818
11/30/2017 16:00:00	230.896896362
12/1/2017 16:00:00	230.417694092
12/4/2017 16:00:00	230.138778687
12/5/2017 16:00:00	229.311126709
12/6/2017 16:00:00	229.354736328
12/7/2017 16:00:00	230.077896118
12/8/2017 16:00:00	231.33253479
12/11/2017 16:00:00	232.02947998
12/12/2017 16:00:00	232.43901062
12/13/2017 16:00:00	232.412872314
12/14/2017 16:00:00	231.463195801
12/15/2017 16:00:00	233.39074707
12/18/2017 16:00:00	234.870666504
12/19/2017 16:00:00	233.968673706
12/20/2017 16:00:00	233.84602356
12/21/2017 16:00:00	234.327667236
12/22/2017 16:00:00	234.266448975
12/26/2017 16:00:00	233.986129761
12/27/2017 16:00:00	234.099990845
12/28/2017 16:00:00	234.581726074
12/29/2017 16:00:00	233.69720459
1/2/2018 16:00:00	235.369857788
1/3/2018 16:00:00	236.85848999
1/4/2018 16:00:00	237.8568573
1/5/2018 16:00:00	239.442001343
1/8/2018 16:00:00	239.879852295
1/9/2018 16:00:00	240.42276001
1/10/2018 16:00:00	240.054977417
1/11/2018 16:00:00	241.806411743
1/12/2018 16:00:00	243.382781982
1/16/2018 16:00:00	242.550842285
1/17/2018 16:00:00	244.862747192
1/18/2018 16:00:00	244.451126099
1/19/2018 16:00:00	245.563415527
1/22/2018 16:00:00	247.560012817
1/23/2018 16:00:00	248.085418701
1/24/2018 16:00:00	247.989059448
1/25/2018 16:00:00	248.094116211
1/26/2018 16:00:00	250.966537476
1/29/2018 16:00:00	249.302703857
1/30/2018 16:00:00	246.745635986
1/31/2018 16:00:00	246.868179321
2/1/2018 16:00:00	246.587936401
2/2/2018 16:00:00	241.21963501
2/5/2018 16:00:00	231.13130188
2/6/2018 16:00:00	235.685119629
2/7/2018 16:00:00	234.406616211
2/8/2018 16:00:00	225.614227295
2/9/2018 16:00:00	229.00328064
2/12/2018 16:00:00	232.366104126
2/13/2018 16:00:00	232.944000244
2/14/2018 16:00:00	236.087936401
2/15/2018 16:00:00	239.100448608
2/16/2018 16:00:00	239.170471191
2/20/2018 16:00:00	237.673019409
2/21/2018 16:00:00	236.490722656
2/22/2018 16:00:00	236.79725647
2/23/2018 16:00:00	240.571594238
2/26/2018 16:00:00	243.365142822
2/27/2018 16:00:00	240.326477051
2/28/2018 16:00:00	237.891891479
3/1/2018 16:00:00	234.432800293
3/2/2018 16:00:00	235.641311646
3/5/2018 16:00:00	238.36479187
3/6/2018 16:00:00	238.969009399
3/7/2018 16:00:00	238.881530762
3/8/2018 16:00:00	240.037506104
3/9/2018 16:00:00	244.214691162
3/12/2018 16:00:00	243.908126831
3/13/2018 16:00:00	242.331878662
3/14/2018 16:00:00	241.08833313
3/15/2018 16:00:00	240.825622559
3/16/2018 16:00:00	241.086700439
3/19/2018 16:00:00	237.824768066
3/20/2018 16:00:00	238.229202271
3/21/2018 16:00:00	237.77204895
3/22/2018 16:00:00	231.828384399
3/23/2018 16:00:00	226.887069702
3/26/2018 16:00:00	233.094497681
3/27/2018 16:00:00	229.129150391
3/28/2018 16:00:00	228.452133179
3/29/2018 16:00:00	231.371154785
4/2/2018 16:00:00	226.37713623
4/3/2018 16:00:00	229.278610229
4/4/2018 16:00:00	231.731674194
4/5/2018 16:00:00	233.560501099
4/6/2018 16:00:00	228.355422974
4/9/2018 16:00:00	229.480804443
4/10/2018 16:00:00	233.129623413
4/11/2018 16:00:00	231.907531738
4/12/2018 16:00:00	233.815475464
4/13/2018 16:00:00	233.129623413
4/16/2018 16:00:00	235.046356201
4/17/2018 16:00:00	237.561019897
4/18/2018 16:00:00	237.736862183
4/19/2018 16:00:00	236.418045044
4/20/2018 16:00:00	234.413345337
4/23/2018 16:00:00	234.378204346
4/24/2018 16:00:00	231.221710205
4/25/2018 16:00:00	231.793258667
4/26/2018 16:00:00	234.14956665
4/27/2018 16:00:00	234.369354248
4/30/2018 16:00:00	232.566986084
5/1/2018 16:00:00	232.980209351
5/2/2018 16:00:00	231.415145874
5/3/2018 16:00:00	230.905212402
5/4/2018 16:00:00	233.89465332
5/7/2018 16:00:00	234.685913086
5/8/2018 16:00:00	234.685913086
5/9/2018 16:00:00	236.954315186
5/10/2018 16:00:00	239.170028687
5/11/2018 16:00:00	239.899780273
5/14/2018 16:00:00	240.014083862
5/15/2018 16:00:00	238.361083984
5/16/2018 16:00:00	239.363449097
5/17/2018 16:00:00	239.161239624
5/18/2018 16:00:00	238.563354492
5/21/2018 16:00:00	240.356994629
5/22/2018 16:00:00	239.688766479
5/23/2018 16:00:00	240.348236084
5/24/2018 16:00:00	239.855789185
5/25/2018 16:00:00	239.284255981
5/29/2018 16:00:00	236.532333374
5/30/2018 16:00:00	239.688766479
5/31/2018 16:00:00	238.220443726
6/1/2018 16:00:00	240.559249878
6/4/2018 16:00:00	241.702224731
6/5/2018 16:00:00	241.878097534
6/6/2018 16:00:00	243.900314331
6/7/2018 16:00:00	243.873962402
6/8/2018 16:00:00	244.59487915
6/11/2018 16:00:00	244.920288086
6/12/2018 16:00:00	245.236785889
6/13/2018 16:00:00	244.454223633
6/14/2018 16:00:00	245.069747925
6/15/2018 16:00:00	244.757064819
6/18/2018 16:00:00	244.253631592
6/19/2018 16:00:00	243.317459106
6/20/2018 16:00:00	243.73248291
6/21/2018 16:00:00	242.204620361
6/22/2018 16:00:00	242.646224976
6/25/2018 16:00:00	239.34312439
6/26/2018 16:00:00	239.873016357
6/27/2018 16:00:00	237.885894775
6/28/2018 16:00:00	239.24597168
6/29/2018 16:00:00	239.590393066
7/2/2018 16:00:00	240.102737427
7/3/2018 16:00:00	239.254730225
7/5/2018 16:00:00	241.206680298
7/6/2018 16:00:00	243.246765137
7/9/2018 16:00:00	245.436981201
7/10/2018 16:00:00	246.320373535
7/11/2018 16:00:00	244.518600464
7/12/2018 16:00:00	246.735458374
7/13/2018 16:00:00	246.929672241
7/16/2018 16:00:00	246.708877563
7/17/2018 16:00:00	247.706924438
7/18/2018 16:00:00	248.227996826
7/19/2018 16:00:00	247.2918396
7/20/2018 16:00:00	247.009216309
7/23/2018 16:00:00	247.468444824
7/24/2018 16:00:00	248.713745117
7/25/2018 16:00:00	250.833343506
7/26/2018 16:00:00	250.241607666
7/27/2018 16:00:00	248.545974731
7/30/2018 16:00:00	247.247665405
7/31/2018 16:00:00	248.466445923
8/1/2018 16:00:00	248.05128479
8/2/2018 16:00:00	249.402587891
8/3/2018 16:00:00	250.471282959
8/6/2018 16:00:00	251.389709473
8/7/2018 16:00:00	252.219940186
8/8/2018 16:00:00	252.113967896
8/9/2018 16:00:00	251.769577026
8/10/2018 16:00:00	250.082611084
8/13/2018 16:00:00	249.146438599
8/14/2018 16:00:00	250.73614502
8/15/2018 16:00:00	248.863891602
8/16/2018 16:00:00	250.8775177
8/17/2018 16:00:00	251.760757446
8/20/2018 16:00:00	252.299407959
8/21/2018 16:00:00	252.891098022
8/22/2018 16:00:00	252.741027832
8/23/2018 16:00:00	252.405395508
8/24/2018 16:00:00	253.924545288
8/27/2018 16:00:00	255.929336548
8/28/2018 16:00:00	256.053009033
8/29/2018 16:00:00	257.430725098
8/30/2018 16:00:00	256.388580322
8/31/2018 16:00:00	256.39743042
9/4/2018 16:00:00	255.955825806
9/5/2018 16:00:00	255.266860962
9/6/2018 16:00:00	254.498641968
9/7/2018 16:00:00	254.004013062
9/10/2018 16:00:00	254.445571899
9/11/2018 16:00:00	255.284667969
9/12/2018 16:00:00	255.346420288
9/13/2018 16:00:00	256.856658936
9/14/2018 16:00:00	256.900878906
9/17/2018 16:00:00	255.540649414
9/18/2018 16:00:00	256.927398682
9/19/2018 16:00:00	257.201202393
9/20/2018 16:00:00	259.285400391
9/21/2018 16:00:00	259.048614502
9/24/2018 16:00:00	258.187957764
9/25/2018 16:00:00	257.948425293
9/26/2018 16:00:00	257.176605225
9/27/2018 16:00:00	257.895233154
9/28/2018 16:00:00	257.921813965
10/1/2018 16:00:00	258.817840576
10/2/2018 16:00:00	258.667053223
10/3/2018 16:00:00	258.808990479
10/4/2018 16:00:00	256.786224365
10/5/2018 16:00:00	255.348999023
10/8/2018 16:00:00	255.348999023
10/9/2018 16:00:00	254.976364136
10/10/2018 16:00:00	246.903045654
10/11/2018 16:00:00	241.464599609
10/12/2018 16:00:00	244.818130493
10/15/2018 16:00:00	243.44303894
10/16/2018 16:00:00	248.766098022
10/17/2018 16:00:00	248.81048584
10/18/2018 16:00:00	245.217376709
10/19/2018 16:00:00	245.084213257
10/22/2018 16:00:00	243.984222412
10/23/2018 16:00:00	242.742111206
10/24/2018 16:00:00	235.387451172
10/25/2018 16:00:00	239.610397339
10/26/2018 16:00:00	235.396270752
10/29/2018 16:00:00	234.092056274
10/30/2018 16:00:00	237.56098938
10/31/2018 16:00:00	240.098358154
11/1/2018 16:00:00	242.653488159
11/2/2018 16:00:00	241.216217041
11/5/2018 16:00:00	242.546936035
11/6/2018 16:00:00	244.081756592
11/7/2018 16:00:00	249.307357788
11/8/2018 16:00:00	248.85484314
11/9/2018 16:00:00	246.423934937
11/12/2018 16:00:00	241.819473267
11/13/2018 16:00:00	241.366958618
11/14/2018 16:00:00	239.71685791
11/15/2018 16:00:00	242.218719482
11/16/2018 16:00:00	242.848602295
11/19/2018 16:00:00	238.740951538
11/20/2018 16:00:00	234.322753906
11/21/2018 16:00:00	235.121246338
11/23/2018 16:00:00	233.550918579
11/26/2018 16:00:00	237.321395874
11/27/2018 16:00:00	238.119888306
11/28/2018 16:00:00	243.60269165
11/29/2018 16:00:00	243.070373535
11/30/2018 16:00:00	244.551956177
12/3/2018 16:00:00	247.79019165
12/4/2018 16:00:00	239.761199951
12/6/2018 16:00:00	239.397460938
12/7/2018 16:00:00	233.834747314
12/10/2018 16:00:00	234.278411865
12/11/2018 16:00:00	234.331680298
12/12/2018 16:00:00	235.511611938
12/13/2018 16:00:00	235.431777954
12/14/2018 16:00:00	231.084518433
12/17/2018 16:00:00	226.551071167
12/18/2018 16:00:00	226.302612305
12/19/2018 16:00:00	222.913604736
12/20/2018 16:00:00	219.285018921
12/21/2018 16:00:00	214.791946411
12/24/2018 16:00:00	209.11656189
12/26/2018 16:00:00	219.682098389
12/27/2018 16:00:00	221.368667603
12/28/2018 16:00:00	221.083114624
12/31/2018 16:00:00	223.019592285
1/2/2019 16:00:00	223.251586914
1/3/2019 16:00:00	217.924194336
1/4/2019 16:00:00	225.223724365
1/7/2019 16:00:00	226.999511719
1/8/2019 16:00:00	229.132278442
1/9/2019 16:00:00	230.203063965
1/10/2019 16:00:00	231.015151978
1/11/2019 16:00:00	231.104370117
1/14/2019 16:00:00	229.69442749
1/15/2019 16:00:00	232.326889038
1/16/2019 16:00:00	232.889099121
1/17/2019 16:00:00	234.655944824
1/18/2019 16:00:00	237.779327393
1/22/2019 16:00:00	234.566711426
1/23/2019 16:00:00	235.057525635
1/24/2019 16:00:00	235.182418823
1/25/2019 16:00:00	237.172454834
1/28/2019 16:00:00	235.369903564
1/29/2019 16:00:00	235.057525635
1/30/2019 16:00:00	238.778671265
1/31/2019 16:00:00	240.875823975
2/1/2019 16:00:00	240.991775513
2/4/2019 16:00:00	242.687255859
2/5/2019 16:00:00	243.704605103
2/6/2019 16:00:00	243.38331604
2/7/2019 16:00:00	241.063201904
2/8/2019 16:00:00	241.357666016
2/11/2019 16:00:00	241.491531372
2/12/2019 16:00:00	244.596939087
2/13/2019 16:00:00	245.391143799
2/14/2019 16:00:00	244.846832275
2/15/2019 16:00:00	247.514968872
2/19/2019 16:00:00	247.943267822
2/20/2019 16:00:00	248.44303894
2/21/2019 16:00:00	247.55960083
2/22/2019 16:00:00	249.09437561
2/25/2019 16:00:00	249.433563232
2/26/2019 16:00:00	249.255081177
2/27/2019 16:00:00	249.147979736
2/28/2019 16:00:00	248.683914185
3/1/2019 16:00:00	250.236694336
3/4/2019 16:00:00	249.326431274
3/5/2019 16:00:00	248.987289429
3/6/2019 16:00:00	247.479293823
3/7/2019 16:00:00	245.409011841
3/8/2019 16:00:00	244.918197632
3/11/2019 16:00:00	248.469711304
3/12/2019 16:00:00	249.406677246
3/13/2019 16:00:00	251.057617188
3/14/2019 16:00:00	250.897033691
3/15/2019 16:00:00	252.136581421
3/18/2019 16:00:00	253.050827026
3/19/2019 16:00:00	253.113555908
3/20/2019 16:00:00	252.351669312
3/21/2019 16:00:00	255.201919556
3/22/2019 16:00:00	250.290222168
3/25/2019 16:00:00	250.101989746
3/26/2019 16:00:00	251.966308594
3/27/2019 16:00:00	250.648696899
3/28/2019 16:00:00	251.598770142
3/29/2019 16:00:00	253.185302734
4/1/2019 16:00:00	256.187835693
4/2/2019 16:00:00	256.313354492
4/3/2019 16:00:00	256.716674805
4/4/2019 16:00:00	257.397796631
4/5/2019 16:00:00	258.643707275
4/8/2019 16:00:00	258.840881348
4/9/2019 16:00:00	257.514434814
4/10/2019 16:00:00	258.392730713
4/11/2019 16:00:00	258.321014404
4/12/2019 16:00:00	260.068817139
4/15/2019 16:00:00	259.898468018
4/16/2019 16:00:00	260.068817139
4/17/2019 16:00:00	259.432434082
4/18/2019 16:00:00	259.943359375
4/22/2019 16:00:00	260.167358398
4/23/2019 16:00:00	262.50668335
4/24/2019 16:00:00	261.924072266
4/25/2019 16:00:00	261.762817383
4/26/2019 16:00:00	262.981872559
4/29/2019 16:00:00	263.394012451
4/30/2019 16:00:00	263.528564453
5/1/2019 16:00:00	261.547637939
5/2/2019 16:00:00	260.982971191
5/3/2019 16:00:00	263.537475586
5/6/2019 16:00:00	262.452941895
5/7/2019 16:00:00	258.070037842
5/8/2019 16:00:00	257.711456299
5/9/2019 16:00:00	256.931732178
5/10/2019 16:00:00	258.222381592
5/13/2019 16:00:00	251.733276367
5/14/2019 16:00:00	254.009872437
5/15/2019 16:00:00	255.497756958
5/16/2019 16:00:00	257.863891602
5/17/2019 16:00:00	256.196777344
5/20/2019 16:00:00	254.502822876
5/21/2019 16:00:00	256.797363281
5/22/2019 16:00:00	256.008544922
5/23/2019 16:00:00	252.880599976
5/24/2019 16:00:00	253.454177856
5/28/2019 16:00:00	251.096939087
5/29/2019 16:00:00	249.41178894
5/30/2019 16:00:00	250.093032837
5/31/2019 16:00:00	246.722961426
6/3/2019 16:00:00	246.095565796
6/4/2019 16:00:00	251.437545776
6/5/2019 16:00:00	253.61555481
6/6/2019 16:00:00	255.264633179
6/7/2019 16:00:00	257.819061279
6/10/2019 16:00:00	259.002197266
6/11/2019 16:00:00	258.939453125
6/12/2019 16:00:00	258.482299805
6/13/2019 16:00:00	259.54888916
6/14/2019 16:00:00	259.262176514
6/17/2019 16:00:00	259.360687256
6/18/2019 16:00:00	262.076507568
6/19/2019 16:00:00	262.668029785
6/20/2019 16:00:00	265.177703857
6/21/2019 16:00:00	264.792266846
6/24/2019 16:00:00	264.467987061
6/25/2019 16:00:00	261.874084473
6/26/2019 16:00:00	261.612884521
6/27/2019 16:00:00	262.540618896
6/28/2019 16:00:00	263.89151001
7/1/2019 16:00:00	266.287353516
7/2/2019 16:00:00	266.980804443
7/3/2019 16:00:00	269.115356445
7/5/2019 16:00:00	268.809112549
7/8/2019 16:00:00	267.332061768
7/9/2019 16:00:00	267.665344238
7/10/2019 16:00:00	268.94418335
7/11/2019 16:00:00	269.574676514
7/12/2019 16:00:00	270.781555176
7/15/2019 16:00:00	270.871643066
7/16/2019 16:00:00	269.997955322
7/17/2019 16:00:00	268.160675049
7/18/2019 16:00:00	269.142333984
7/19/2019 16:00:00	267.64730835
7/22/2019 16:00:00	268.304718018
7/23/2019 16:00:00	270.223114014
7/24/2019 16:00:00	271.493011475
7/25/2019 16:00:00	270.196044922
7/26/2019 16:00:00	272.006378174
7/29/2019 16:00:00	271.511047363
7/30/2019 16:00:00	270.844573975
7/31/2019 16:00:00	267.881469727
8/1/2019 16:00:00	265.54876709
8/2/2019 16:00:00	263.549316406
8/5/2019 16:00:00	255.623596191
8/6/2019 16:00:00	259.208068848
8/7/2019 16:00:00	259.361175537
8/8/2019 16:00:00	264.449951172
8/9/2019 16:00:00	262.648590088
8/12/2019 16:00:00	259.45135498
8/13/2019 16:00:00	263.486328125
8/14/2019 16:00:00	255.695587158
8/15/2019 16:00:00	256.371032715
8/16/2019 16:00:00	260.153839111
8/19/2019 16:00:00	263.288085938
8/20/2019 16:00:00	261.270690918
8/21/2019 16:00:00	263.396209717
8/22/2019 16:00:00	263.315124512
8/23/2019 16:00:00	256.551208496
8/26/2019 16:00:00	259.388183594
8/27/2019 16:00:00	258.370483398
8/28/2019 16:00:00	260.189910889
8/29/2019 16:00:00	263.513183594
8/30/2019 16:00:00	263.396209717
9/3/2019 16:00:00	261.855957031
9/4/2019 16:00:00	264.828308105
9/5/2019 16:00:00	268.232757568
9/6/2019 16:00:00	268.439788818
9/9/2019 16:00:00	268.574981689
9/10/2019 16:00:00	268.511871338
9/11/2019 16:00:00	270.421295166
9/12/2019 16:00:00	271.358001709
9/13/2019 16:00:00	271.177825928
9/16/2019 16:00:00	270.340209961
9/17/2019 16:00:00	271.024658203
9/18/2019 16:00:00	271.186889648
9/19/2019 16:00:00	271.168792725
9/20/2019 16:00:00	269.887634277
9/23/2019 16:00:00	269.824249268
9/24/2019 16:00:00	267.70703125
9/25/2019 16:00:00	269.290466309
9/26/2019 16:00:00	268.729492188
9/27/2019 16:00:00	267.281707764
9/30/2019 16:00:00	268.521362305
10/1/2019 16:00:00	265.327331543
10/2/2019 16:00:00	260.640411377
10/3/2019 16:00:00	262.775787354
10/4/2019 16:00:00	266.331695557
10/7/2019 16:00:00	265.182556152
10/8/2019 16:00:00	261.065704346
10/9/2019 16:00:00	263.544952393
10/10/2019 16:00:00	265.327331543
10/11/2019 16:00:00	268.078033447
10/14/2019 16:00:00	267.779418945
10/15/2019 16:00:00	270.430450439
10/16/2019 16:00:00	269.996185303
10/17/2019 16:00:00	270.792480469
10/18/2019 16:00:00	269.607116699
10/21/2019 16:00:00	271.434875488
10/22/2019 16:00:00	270.548156738
10/23/2019 16:00:00	271.335327148
10/24/2019 16:00:00	271.778656006
10/25/2019 16:00:00	272.891601562
10/28/2019 16:00:00	274.42980957
10/29/2019 16:00:00	274.348266602
10/30/2019 16:00:00	275.189758301
10/31/2019 16:00:00	274.45690918
11/1/2019 16:00:00	276.999450684
11/4/2019 16:00:00	278.112365723
11/5/2019 16:00:00	277.804779053
11/6/2019 16:00:00	277.868041992
11/7/2019 16:00:00	278.845214844
11/8/2019 16:00:00	279.532928467
11/11/2019 16:00:00	278.999053955
11/12/2019 16:00:00	279.587219238
11/13/2019 16:00:00	279.677734375
11/14/2019 16:00:00	280.084838867
11/15/2019 16:00:00	282.111572266
11/18/2019 16:00:00	282.319671631
11/19/2019 16:00:00	282.23828125
11/20/2019 16:00:00	281.188659668
11/21/2019 16:00:00	280.736297607
11/22/2019 16:00:00	281.360626221
11/25/2019 16:00:00	283.54119873
11/26/2019 16:00:00	284.183563232
11/27/2019 16:00:00	285.4503479
11/29/2019 16:00:00	284.391784668
12/2/2019 16:00:00	281.975860596
12/3/2019 16:00:00	280.084838867
12/4/2019 16:00:00	281.812988281
12/5/2019 16:00:00	282.319671631
12/6/2019 16:00:00	284.898468018
12/9/2019 16:00:00	284.002685547
12/10/2019 16:00:00	283.685943604
12/11/2019 16:00:00	284.491333008
12/12/2019 16:00:00	286.94329834
12/13/2019 16:00:00	287.115325928
12/16/2019 16:00:00	289.087738037
12/17/2019 16:00:00	289.151000977
12/18/2019 16:00:00	289.169219971
12/19/2019 16:00:00	290.354522705
12/20/2019 16:00:00	291.627380371
12/23/2019 16:00:00	292.072998047
12/24/2019 16:00:00	292.08215332
12/26/2019 16:00:00	293.636901855
12/27/2019 16:00:00	293.564086914
12/30/2019 16:00:00	291.945648193
12/31/2019 16:00:00	292.654907227
1/2/2020 16:00:00	295.391784668
1/3/2020 16:00:00	293.154998779
1/6/2020 16:00:00	294.273345947
1/7/2020 16:00:00	293.445922852
1/8/2020 16:00:00	295.009918213
1/9/2020 16:00:00	297.010223389
1/10/2020 16:00:00	296.155639648
1/13/2020 16:00:00	298.19229126
1/14/2020 16:00:00	297.737701416
1/15/2020 16:00:00	298.410522461
1/16/2020 16:00:00	300.892822266
1/17/2020 16:00:00	301.829345703
1/21/2020 16:00:00	301.238372803
1/22/2020 16:00:00	301.274688721
1/23/2020 16:00:00	301.620269775
1/24/2020 16:00:00	298.937957764
1/27/2020 16:00:00	294.146057129
1/28/2020 16:00:00	297.22845459
1/29/2020 16:00:00	296.982971191
1/30/2020 16:00:00	297.946746826
1/31/2020 16:00:00	292.536773682
2/3/2020 16:00:00	294.709838867
2/4/2020 16:00:00	299.201568604
2/5/2020 16:00:00	302.656738281
2/6/2020 16:00:00	303.675231934
2/7/2020 16:00:00	302.05657959
2/10/2020 16:00:00	304.311645508
2/11/2020 16:00:00	304.839080811
2/12/2020 16:00:00	306.802978516
2/13/2020 16:00:00	306.475646973
2/14/2020 16:00:00	306.966674805
2/18/2020 16:00:00	306.175720215
2/19/2020 16:00:00	307.63949585
2/20/2020 16:00:00	306.375701904
2/21/2020 16:00:00	303.220581055
2/24/2020 16:00:00	293.1640625
2/25/2020 16:00:00	284.280639648
2/26/2020 16:00:00	283.234893799
2/27/2020 16:00:00	270.514404297
2/28/2020 16:00:00	269.377838135
3/2/2020 16:00:00	281.043609619
3/3/2020 16:00:00	272.996734619
3/4/2020 16:00:00	284.471588135
3/5/2020 16:00:00	275.015197754
3/6/2020 16:00:00	270.468841553
3/9/2020 16:00:00	249.346832275
3/10/2020 16:00:00	262.249237061
3/11/2020 16:00:00	249.46496582
3/12/2020 16:00:00	225.596862793
3/13/2020 16:00:00	244.882324219
3/16/2020 16:00:00	218.086380005
3/17/2020 16:00:00	229.861328125
3/18/2020 16:00:00	218.222763062
3/19/2020 16:00:00	218.68649292
3/20/2020 16:00:00	209.262390137
3/23/2020 16:00:00	203.911880493
3/24/2020 16:00:00	222.386962891
3/25/2020 16:00:00	225.716186523
3/26/2020 16:00:00	238.895690918
3/27/2020 16:00:00	231.779983521
3/30/2020 16:00:00	239.307235718
3/31/2020 16:00:00	235.740264893
4/1/2020 16:00:00	225.130813599
4/2/2020 16:00:00	230.325775146
4/3/2020 16:00:00	226.99659729
4/6/2020 16:00:00	242.243057251
4/7/2020 16:00:00	242.490097046
4/8/2020 16:00:00	250.630126953
4/9/2020 16:00:00	254.444061279
4/13/2020 16:00:00	252.120925903
4/14/2020 16:00:00	259.55670166
4/15/2020 16:00:00	254.041595459
4/16/2020 16:00:00	255.267166138
4/17/2020 16:00:00	262.163299561
4/20/2020 16:00:00	257.544586182
4/21/2020 16:00:00	249.724639893
4/22/2020 16:00:00	255.267166138
4/23/2020 16:00:00	255.248886108
4/24/2020 16:00:00	258.80670166
4/27/2020 16:00:00	262.538391113
4/28/2020 16:00:00	261.330963135
4/29/2020 16:00:00	268.172271729
4/30/2020 16:00:00	265.675384521
5/1/2020 16:00:00	258.641998291
5/4/2020 16:00:00	259.355499268
5/5/2020 16:00:00	261.751708984
5/6/2020 16:00:00	259.977325439
5/7/2020 16:00:00	263.114440918
5/8/2020 16:00:00	267.467956543
5/11/2020 16:00:00	267.522949219
5/12/2020 16:00:00	262.190765381
5/13/2020 16:00:00	257.55368042
5/14/2020 16:00:00	260.635803223
5/15/2020 16:00:00	261.83404541
5/18/2020 16:00:00	269.809356689
5/19/2020 16:00:00	267.038146973
5/20/2020 16:00:00	271.574676514
5/21/2020 16:00:00	269.699676514
5/22/2020 16:00:00	270.21182251
5/26/2020 16:00:00	273.540893555
5/27/2020 16:00:00	277.610961914
5/28/2020 16:00:00	277.098846436
5/29/2020 16:00:00	278.333526611
6/1/2020 16:00:00	279.458496094
6/2/2020 16:00:00	281.77243042
6/3/2020 16:00:00	285.522460938
6/4/2020 16:00:00	284.772460938
6/5/2020 16:00:00	292.071014404
6/8/2020 16:00:00	295.601379395
6/9/2020 16:00:00	293.397186279
6/10/2020 16:00:00	291.760070801
6/11/2020 16:00:00	274.94039917
6/12/2020 16:00:00	278.233001709
6/15/2020 16:00:00	280.830413818
6/16/2020 16:00:00	286.235809326
6/17/2020 16:00:00	285.046813965
6/18/2020 16:00:00	285.156524658
6/19/2020 16:00:00	283.526947021
6/22/2020 16:00:00	285.34576416
6/23/2020 16:00:00	286.659423828
6/24/2020 16:00:00	279.347076416
6/25/2020 16:00:00	282.341796875
6/26/2020 16:00:00	275.63583374
6/29/2020 16:00:00	279.686950684
6/30/2020 16:00:00	283.269683838
7/1/2020 16:00:00	285.25390625
7/2/2020 16:00:00	286.824798584
7/6/2020 16:00:00	291.252502441
7/7/2020 16:00:00	288.248626709
7/8/2020 16:00:00	290.453430176
7/9/2020 16:00:00	288.799835205
7/10/2020 16:00:00	291.748626709
7/13/2020 16:00:00	289.222412109
7/14/2020 16:00:00	292.970458984
7/15/2020 16:00:00	295.662078857
7/16/2020 16:00:00	294.688293457
7/17/2020 16:00:00	295.542694092
7/20/2020 16:00:00	297.931152344
7/21/2020 16:00:00	298.564941406
7/22/2020 16:00:00	300.264373779
7/23/2020 16:00:00	296.681671143
7/24/2020 16:00:00	294.770935059
7/27/2020 16:00:00	296.920532227
7/28/2020 16:00:00	295.037384033
7/29/2020 16:00:00	298.665924072
7/30/2020 16:00:00	297.600372314
7/31/2020 16:00:00	299.951934814
8/3/2020 16:00:00	302.037353516
8/4/2020 16:00:00	303.20401001
8/5/2020 16:00:00	305.087097168
8/6/2020 16:00:00	307.126525879
8/7/2020 16:00:00	307.347015381
8/10/2020 16:00:00	308.265655518
8/11/2020 16:00:00	305.721038818
8/12/2020 16:00:00	309.983459473
8/13/2020 16:00:00	309.423156738
8/14/2020 16:00:00	309.432373047
8/17/2020 16:00:00	310.415283203
8/18/2020 16:00:00	311.085906982
8/19/2020 16:00:00	309.790557861
8/20/2020 16:00:00	310.755126953
8/21/2020 16:00:00	311.857513428
8/24/2020 16:00:00	315.017700195
8/25/2020 16:00:00	316.120025635
8/26/2020 16:00:00	319.289245605
8/27/2020 16:00:00	319.987518311
8/28/2020 16:00:00	322.054321289
8/31/2020 16:00:00	320.887664795
9/1/2020 16:00:00	323.910003662
9/2/2020 16:00:00	328.595062256
9/3/2020 16:00:00	317.286712646
9/4/2020 16:00:00	314.696136475
9/8/2020 16:00:00	306.09777832
9/9/2020 16:00:00	312.142303467
9/10/2020 16:00:00	306.722412109
9/11/2020 16:00:00	306.878509521
9/14/2020 16:00:00	310.920501709
9/15/2020 16:00:00	312.491394043
9/16/2020 16:00:00	311.251251221
9/17/2020 16:00:00	308.513702393
9/18/2020 16:00:00	304.961975098
9/21/2020 16:00:00	301.567749023
9/22/2020 16:00:00	304.639007568
9/23/2020 16:00:00	297.57421875
9/24/2020 16:00:00	298.367279053
9/25/2020 16:00:00	303.191101074
9/28/2020 16:00:00	308.226837158
9/29/2020 16:00:00	306.548309326
9/30/2020 16:00:00	308.872497559
10/1/2020 16:00:00	310.855529785
10/2/2020 16:00:00	307.904052734
10/5/2020 16:00:00	313.364135742
10/6/2020 16:00:00	308.909423828
10/7/2020 16:00:00	314.286499023
10/8/2020 16:00:00	317.071838379
10/9/2020 16:00:00	319.903320312
10/12/2020 16:00:00	325.049804688
10/13/2020 16:00:00	322.928497314
10/14/2020 16:00:00	320.89944458
10/15/2020 16:00:00	320.502746582
10/16/2020 16:00:00	320.309082031
10/19/2020 16:00:00	315.439331055
10/20/2020 16:00:00	316.702880859
10/21/2020 16:00:00	316.103424072
10/22/2020 16:00:00	317.837249756
10/23/2020 16:00:00	318.916442871
10/26/2020 16:00:00	313.022888184
10/27/2020 16:00:00	311.943817139
10/28/2020 16:00:00	301.281860352
10/29/2020 16:00:00	304.344024658
10/30/2020 16:00:00	301.171203613
11/2/2020 16:00:00	304.546875
11/3/2020 16:00:00	309.92388916
11/4/2020 16:00:00	316.850494385
11/5/2020 16:00:00	323.029998779
11/6/2020 16:00:00	322.956115723
11/9/2020 16:00:00	327.014343262
11/10/2020 16:00:00	326.534790039
11/11/2020 16:00:00	328.960388184
11/12/2020 16:00:00	325.769134521
11/13/2020 16:00:00	330.279296875
11/16/2020 16:00:00	334.402069092
11/17/2020 16:00:00	332.603485107
11/18/2020 16:00:00	328.600769043
11/19/2020 16:00:00	329.984161377
11/20/2020 16:00:00	327.724456787
11/23/2020 16:00:00	329.689025879
11/24/2020 16:00:00	335.001495361
11/25/2020 16:00:00	334.485015869
11/27/2020 16:00:00	335.416595459
11/30/2020 16:00:00	333.931671143
12/1/2020 16:00:00	337.583953857
12/2/2020 16:00:00	338.294219971
12/3/2020 16:00:00	338.201934814
12/4/2020 16:00:00	341.116485596
12/7/2020 16:00:00	340.415527344
12/8/2020 16:00:00	341.411590576
12/9/2020 16:00:00	338.349487305
12/10/2020 16:00:00	338.238891602
12/11/2020 16:00:00	337.842315674
12/14/2020 16:00:00	336.329589844
12/15/2020 16:00:00	340.876708984
12/16/2020 16:00:00	341.411590576
12/17/2020 16:00:00	343.320739746
12/18/2020 16:00:00	341.949920654
12/21/2020 16:00:00	340.727294922
12/22/2020 16:00:00	340.153015137
12/23/2020 16:00:00	340.458679199
12/24/2020 16:00:00	341.78314209
12/28/2020 16:00:00	344.719421387
12/29/2020 16:00:00	344.061737061
12/30/2020 16:00:00	344.55267334
12/31/2020 16:00:00	346.303283691
1/4/2021 16:00:00	341.5887146
1/5/2021 16:00:00	343.941314697
1/6/2021 16:00:00	345.997528076
1/7/2021 16:00:00	351.138244629
1/8/2021 16:00:00	353.138916016
1/11/2021 16:00:00	350.758453369
1/12/2021 16:00:00	350.832611084
1/13/2021 16:00:00	351.777374268
1/14/2021 16:00:00	350.545379639
1/15/2021 16:00:00	347.989044189
1/19/2021 16:00:00	350.721435547
1/20/2021 16:00:00	355.574920654
1/21/2021 16:00:00	355.899169922
1/22/2021 16:00:00	354.639434814
1/25/2021 16:00:00	356.03805542
1/26/2021 16:00:00	355.482299805
1/27/2021 16:00:00	346.794128418
1/28/2021 16:00:00	349.776702881
1/29/2021 16:00:00	342.774261475
2/1/2021 16:00:00	348.479949951
2/2/2021 16:00:00	353.407501221
2/3/2021 16:00:00	353.685333252
2/4/2021 16:00:00	357.705291748
2/5/2021 16:00:00	359.113128662
2/8/2021 16:00:00	361.706695557
2/9/2021 16:00:00	361.46585083
2/10/2021 16:00:00	361.308319092
2/11/2021 16:00:00	361.891845703
2/12/2021 16:00:00	363.67956543
2/16/2021 16:00:00	363.364685059
2/17/2021 16:00:00	363.448150635
2/18/2021 16:00:00	361.901092529
2/19/2021 16:00:00	361.262023926
2/22/2021 16:00:00	358.483306885
2/23/2021 16:00:00	358.918670654
2/24/2021 16:00:00	362.873748779
2/25/2021 16:00:00	354.130096436
2/26/2021 16:00:00	352.305297852
3/1/2021 16:00:00	360.845306396
3/2/2021 16:00:00	358.029449463
3/3/2021 16:00:00	353.287200928
3/4/2021 16:00:00	348.915222168
3/5/2021 16:00:00	355.334197998
3/8/2021 16:00:00	353.564941406
3/9/2021 16:00:00	358.613067627
3/10/2021 16:00:00	360.845306396
3/11/2021 16:00:00	364.503967285
3/12/2021 16:00:00	364.994934082
3/15/2021 16:00:00	367.171539307
3/16/2021 16:00:00	366.708404541
3/17/2021 16:00:00	367.958831787
3/18/2021 16:00:00	362.605133057
3/19/2021 16:00:00	361.934204102
3/22/2021 16:00:00	364.82421875
3/23/2021 16:00:00	361.952728271
3/24/2021 16:00:00	360.112731934
3/25/2021 16:00:00	362.138580322
3/26/2021 16:00:00	367.97454834
3/29/2021 16:00:00	367.788574219
3/30/2021 16:00:00	366.812896729
3/31/2021 16:00:00	368.299682617
4/1/2021 16:00:00	372.277069092
4/5/2021 16:00:00	377.620330811
4/6/2021 16:00:00	377.39730835
4/7/2021 16:00:00	377.834075928
4/8/2021 16:00:00	379.627532959
4/9/2021 16:00:00	382.387542725
4/12/2021 16:00:00	382.526916504
4/13/2021 16:00:00	383.660644531
4/14/2021 16:00:00	382.350463867
4/15/2021 16:00:00	386.457763672
4/16/2021 16:00:00	387.749450684
4/19/2021 16:00:00	385.844421387
4/20/2021 16:00:00	383.019439697
4/21/2021 16:00:00	386.643615723
4/22/2021 16:00:00	383.112335205
4/23/2021 16:00:00	387.266174316
4/26/2021 16:00:00	388.074768066
4/27/2021 16:00:00	387.99105835
4/28/2021 16:00:00	387.879516602
4/29/2021 16:00:00	390.351409912
4/30/2021 16:00:00	387.786590576
5/3/2021 16:00:00	388.623016357
5/4/2021 16:00:00	386.225524902
5/5/2021 16:00:00	386.346252441
5/6/2021 16:00:00	389.431427002
5/7/2021 16:00:00	392.265686035
5/10/2021 16:00:00	388.381378174
5/11/2021 16:00:00	384.91519165
5/12/2021 16:00:00	376.737579346
5/13/2021 16:00:00	381.263122559
5/14/2021 16:00:00	387.117492676
5/17/2021 16:00:00	386.132507324
5/18/2021 16:00:00	382.805725098
5/19/2021 16:00:00	381.802154541
5/20/2021 16:00:00	385.909484863
5/21/2021 16:00:00	385.593536377
5/24/2021 16:00:00	389.524353027
5/25/2021 16:00:00	388.660125732
5/26/2021 16:00:00	389.431427002
5/27/2021 16:00:00	389.635955811
5/28/2021 16:00:00	390.332824707
6/1/2021 16:00:00	389.989044189
6/2/2021 16:00:00	390.602294922
6/3/2021 16:00:00	389.152587891
6/4/2021 16:00:00	392.711730957
6/7/2021 16:00:00	392.330718994
6/8/2021 16:00:00	392.414459229
6/9/2021 16:00:00	391.828948975
6/10/2021 16:00:00	393.650360107
6/11/2021 16:00:00	394.300872803
6/14/2021 16:00:00	395.183654785
6/15/2021 16:00:00	394.458831787
6/16/2021 16:00:00	392.256439209
6/17/2021 16:00:00	392.126403809
6/18/2021 16:00:00	386.836395264
6/21/2021 16:00:00	392.374328613
6/22/2021 16:00:00	394.472076416
6/23/2021 16:00:00	393.996551514
6/24/2021 16:00:00	396.327392578
6/25/2021 16:00:00	397.735168457
6/28/2021 16:00:00	398.53692627
6/29/2021 16:00:00	398.751434326
6/30/2021 16:00:00	399.08706665
7/1/2021 16:00:00	401.296539307
7/2/2021 16:00:00	404.363952637
7/6/2021 16:00:00	403.627380371
7/7/2021 16:00:00	405.053741455
7/8/2021 16:00:00	401.753356934
7/9/2021 16:00:00	406.042114258
7/12/2021 16:00:00	407.496520996
7/13/2021 16:00:00	406.107391357
7/14/2021 16:00:00	406.713409424
7/15/2021 16:00:00	405.324188232
7/16/2021 16:00:00	402.144958496
7/19/2021 16:00:00	396.206207275
7/20/2021 16:00:00	401.884002686
7/21/2021 16:00:00	405.137817383
7/22/2021 16:00:00	405.986175537
7/23/2021 16:00:00	410.16293335
7/26/2021 16:00:00	411.169799805
7/27/2021 16:00:00	409.29598999
7/28/2021 16:00:00	409.128143311
7/29/2021 16:00:00	410.824768066
7/30/2021 16:00:00	408.829711914
8/2/2021 16:00:00	407.972015381
8/3/2021 16:00:00	411.29107666
8/4/2021 16:00:00	409.267852783
8/5/2021 16:00:00	411.859680176
8/6/2021 16:00:00	412.540283203
8/9/2021 16:00:00	412.204711914
8/10/2021 16:00:00	412.717498779
8/11/2021 16:00:00	413.743041992
8/12/2021 16:00:00	414.982971191
8/13/2021 16:00:00	415.738220215
8/16/2021 16:00:00	416.717071533
8/17/2021 16:00:00	413.985443115
8/18/2021 16:00:00	409.454345703
8/19/2021 16:00:00	410.088317871
8/20/2021 16:00:00	413.351379395
8/23/2021 16:00:00	416.987487793
8/24/2021 16:00:00	417.649383545
8/25/2021 16:00:00	418.525756836
8/26/2021 16:00:00	416.055206299
8/27/2021 16:00:00	419.775115967
8/30/2021 16:00:00	421.621124268
8/31/2021 16:00:00	420.996429443
9/1/2021 16:00:00	421.220184326
9/2/2021 16:00:00	422.516143799
9/3/2021 16:00:00	422.413604736
9/7/2021 16:00:00	420.903198242
9/8/2021 16:00:00	420.390380859
9/9/2021 16:00:00	418.591094971
9/10/2021 16:00:00	415.290679932
9/13/2021 16:00:00	416.35345459
9/14/2021 16:00:00	414.106719971
9/15/2021 16:00:00	417.56552124
9/16/2021 16:00:00	416.903594971
9/17/2021 16:00:00	412.842529297
9/20/2021 16:00:00	405.958740234
9/21/2021 16:00:00	405.57522583
9/22/2021 16:00:00	409.531616211
9/23/2021 16:00:00	414.507354736
9/24/2021 16:00:00	415.190124512
9/27/2021 16:00:00	414.002319336
9/28/2021 16:00:00	405.659423828
9/29/2021 16:00:00	406.342163086
9/30/2021 16:00:00	401.375701904
10/1/2021 16:00:00	406.145751953
10/4/2021 16:00:00	400.908081055
10/5/2021 16:00:00	405.079498291
10/6/2021 16:00:00	406.763031006
10/7/2021 16:00:00	410.279785156
10/8/2021 16:00:00	409.531616211
10/11/2021 16:00:00	406.566650391
10/12/2021 16:00:00	405.565887451
10/13/2021 16:00:00	407.024932861
10/14/2021 16:00:00	413.871337891
10/15/2021 16:00:00	417.023254395
10/18/2021 16:00:00	418.257965088
10/19/2021 16:00:00	421.484710693
10/20/2021 16:00:00	423.140197754
10/21/2021 16:00:00	424.243835449
10/22/2021 16:00:00	423.804321289
10/25/2021 16:00:00	426.077026367
10/26/2021 16:00:00	426.460479736
10/27/2021 16:00:00	424.571228027
10/28/2021 16:00:00	428.667816162
10/29/2021 16:00:00	429.537689209
11/1/2021 16:00:00	430.27645874
11/2/2021 16:00:00	432.016174316
11/3/2021 16:00:00	434.653747559
11/4/2021 16:00:00	436.702056885
11/5/2021 16:00:00	438.217224121
11/8/2021 16:00:00	438.591339111
11/9/2021 16:00:00	437.14163208
11/10/2021 16:00:00	433.625
11/11/2021 16:00:00	433.765197754
11/12/2021 16:00:00	437.038787842
11/15/2021 16:00:00	437.188415527
11/16/2021 16:00:00	438.918701172
11/17/2021 16:00:00	437.852539062
11/18/2021 16:00:00	439.339599609
11/19/2021 16:00:00	438.553985596
11/22/2021 16:00:00	437.319366455
11/23/2021 16:00:00	437.899261475
11/24/2021 16:00:00	439.068389893
11/26/2021 16:00:00	429.275695801
11/29/2021 16:00:00	434.541473389
11/30/2021 16:00:00	426.086395264
12/1/2021 16:00:00	421.353729248
12/2/2021 16:00:00	427.807373047
12/3/2021 16:00:00	424.084838867
12/6/2021 16:00:00	429.107391357
12/7/2021 16:00:00	437.983459473
12/8/2021 16:00:00	439.143249512
12/9/2021 16:00:00	436.178375244
12/10/2021 16:00:00	440.28427124
12/13/2021 16:00:00	436.384094238
12/14/2021 16:00:00	433.381713867
12/15/2021 16:00:00	440.15335083
12/16/2021 16:00:00	436.271820068
12/17/2021 16:00:00	431.628662109
12/20/2021 16:00:00	427.03894043
12/21/2021 16:00:00	434.622772217
12/22/2021 16:00:00	438.968414307
12/23/2021 16:00:00	441.699707031
12/27/2021 16:00:00	447.950683594
12/28/2021 16:00:00	447.584655762
12/29/2021 16:00:00	448.157226562
12/30/2021 16:00:00	446.918273926
12/31/2021 16:00:00	445.791931152
1/3/2022 16:00:00	448.37310791
1/4/2022 16:00:00	448.222839355
1/5/2022 16:00:00	439.616027832
1/6/2022 16:00:00	439.203063965
1/7/2022 16:00:00	437.466674805
1/10/2022 16:00:00	436.922271729
1/11/2022 16:00:00	440.901947021
1/12/2022 16:00:00	442.093902588
1/13/2022 16:00:00	436.002502441
1/14/2022 16:00:00	436.180725098
1/18/2022 16:00:00	428.456207275
1/19/2022 16:00:00	424.007232666
1/20/2022 16:00:00	419.314331055
1/21/2022 16:00:00	411.08291626
1/24/2022 16:00:00	412.828735352
1/25/2022 16:00:00	407.788513184
1/26/2022 16:00:00	406.765411377
1/27/2022 16:00:00	404.756835938
1/28/2022 16:00:00	414.809112549
1/31/2022 16:00:00	422.280395508
2/1/2022 16:00:00	425.133575439
2/2/2022 16:00:00	429.263397217
2/3/2022 16:00:00	419.17364502
2/4/2022 16:00:00	421.144683838
2/7/2022 16:00:00	419.792999268
2/8/2022 16:00:00	423.247039795
2/9/2022 16:00:00	429.441802979
2/10/2022 16:00:00	421.7265625
2/11/2022 16:00:00	413.410583496
2/14/2022 16:00:00	412.059143066
2/15/2022 16:00:00	418.70425415
2/16/2022 16:00:00	419.17364502
2/17/2022 16:00:00	410.219451904
2/18/2022 16:00:00	407.563201904
2/22/2022 16:00:00	403.189453125
2/23/2022 16:00:00	396.037353516
2/24/2022 16:00:00	401.997344971
2/25/2022 16:00:00	410.86706543
2/28/2022 16:00:00	409.815826416
3/1/2022 16:00:00	403.574249268
3/2/2022 16:00:00	410.998504639
3/3/2022 16:00:00	408.952362061
3/4/2022 16:00:00	405.62979126
3/7/2022 16:00:00	393.672119141
3/8/2022 16:00:00	390.687438965
3/9/2022 16:00:00	401.162017822
3/10/2022 16:00:00	399.350616455
3/11/2022 16:00:00	394.272827148
3/14/2022 16:00:00	391.391387939
3/15/2022 16:00:00	399.99822998
3/16/2022 16:00:00	408.867889404
3/17/2022 16:00:00	413.983184814
3/18/2022 16:00:00	418.517456055
3/21/2022 16:00:00	418.395111084
3/22/2022 16:00:00	423.290893555
3/23/2022 16:00:00	417.839538574
3/24/2022 16:00:00	424.138244629
3/25/2022 16:00:00	426.209564209
3/28/2022 16:00:00	429.241241455
3/29/2022 16:00:00	434.551269531
3/30/2022 16:00:00	431.867980957
3/31/2022 16:00:00	425.220977783
4/1/2022 16:00:00	426.426055908
4/4/2022 16:00:00	430.079101562
4/5/2022 16:00:00	424.64666748
4/6/2022 16:00:00	420.400482178
4/7/2022 16:00:00	422.518829346
4/8/2022 16:00:00	421.389068604
4/11/2022 16:00:00	414.18649292
4/12/2022 16:00:00	412.651916504
4/13/2022 16:00:00	417.378234863
4/14/2022 16:00:00	412.181182861
4/18/2022 16:00:00	412.350585938
4/19/2022 16:00:00	419.007080078
4/20/2022 16:00:00	418.696289062
4/21/2022 16:00:00	412.43536377
4/22/2022 16:00:00	401.118499756
4/25/2022 16:00:00	403.443969727
4/26/2022 16:00:00	391.75994873
4/27/2022 16:00:00	392.861480713
4/28/2022 16:00:00	402.784881592
4/29/2022 16:00:00	387.899749756
5/2/2022 16:00:00	390.234680176
5/3/2022 16:00:00	392.023529053
5/4/2022 16:00:00	403.961791992
5/5/2022 16:00:00	389.603851318
5/6/2022 16:00:00	387.278320312
5/9/2022 16:00:00	374.878723145
5/10/2022 16:00:00	375.744903564
5/11/2022 16:00:00	369.775848389
5/12/2022 16:00:00	369.389770508
5/13/2022 16:00:00	378.221038818
5/16/2022 16:00:00	376.686401367
5/17/2022 16:00:00	384.435028076
5/18/2022 16:00:00	368.937805176
5/19/2022 16:00:00	366.678161621
5/20/2022 16:00:00	366.838287354
5/23/2022 16:00:00	373.701904297
5/24/2022 16:00:00	370.849121094
5/25/2022 16:00:00	374.125549316
5/26/2022 16:00:00	381.601043701
5/27/2022 16:00:00	390.969055176
5/31/2022 16:00:00	388.775299072
6/1/2022 16:00:00	385.63067627
6/2/2022 16:00:00	392.974456787
6/3/2022 16:00:00	386.525177002
6/6/2022 16:00:00	387.702056885
6/7/2022 16:00:00	391.420928955
6/8/2022 16:00:00	387.165344238
6/9/2022 16:00:00	377.957519531
6/10/2022 16:00:00	366.998352051
6/13/2022 16:00:00	353.064086914
6/14/2022 16:00:00	352.000213623
6/15/2022 16:00:00	357.018371582
6/16/2022 16:00:00	345.202514648
6/17/2022 16:00:00	345.946655273
6/21/2022 16:00:00	354.65536499
6/22/2022 16:00:00	354.012451172
6/23/2022 16:00:00	357.482574463
6/24/2022 16:00:00	368.848419189
6/27/2022 16:00:00	367.439483643
6/28/2022 16:00:00	359.931671143
6/29/2022 16:00:00	359.638641357
6/30/2022 16:00:00	356.716705322
7/1/2022 16:00:00	360.489501953
7/5/2022 16:00:00	361.170318604
7/6/2022 16:00:00	362.390136719
7/7/2022 16:00:00	367.817779541
7/8/2022 16:00:00	367.515197754
7/11/2022 16:00:00	363.316864014
7/12/2022 16:00:00	360.101928711
7/13/2022 16:00:00	358.210723877
7/14/2022 16:00:00	357.340820312
7/15/2022 16:00:00	364.167907715
7/18/2022 16:00:00	361.160949707
7/19/2022 16:00:00	370.919250488
7/20/2022 16:00:00	373.28314209
7/21/2022 16:00:00	377.084320068
7/22/2022 16:00:00	373.585723877
7/25/2022 16:00:00	374.039611816
7/26/2022 16:00:00	369.6144104
7/27/2022 16:00:00	379.21194458
7/28/2022 16:00:00	383.968109131
7/29/2022 16:00:00	389.565887451
8/1/2022 16:00:00	388.41229248
8/2/2022 16:00:00	385.849822998
8/3/2022 16:00:00	391.892028809
8/4/2022 16:00:00	391.627227783
8/5/2022 16:00:00	390.965301514
8/8/2022 16:00:00	390.511474609
8/9/2022 16:00:00	388.960723877
8/10/2022 16:00:00	397.130493164
8/11/2022 16:00:00	397.130493164
8/12/2022 16:00:00	403.85345459
8/15/2022 16:00:00	405.517669678
8/16/2022 16:00:00	406.311950684
8/17/2022 16:00:00	403.42791748
8/18/2022 16:00:00	404.600494385
8/19/2022 16:00:00	399.163482666
8/22/2022 16:00:00	390.851867676
8/23/2022 16:00:00	389.906280518
8/24/2022 16:00:00	391.154449463
8/25/2022 16:00:00	396.676635742
8/26/2022 16:00:00	383.249450684
8/29/2022 16:00:00	380.715301514
8/30/2022 16:00:00	376.535919189
8/31/2022 16:00:00	373.67086792
9/1/2022 16:00:00	374.843353271
9/2/2022 16:00:00	370.890899658
9/6/2022 16:00:00	369.491424561
9/7/2022 16:00:00	376.129364014
9/8/2022 16:00:00	378.587860107
9/9/2022 16:00:00	384.469268799
9/12/2022 16:00:00	388.601470947
9/13/2022 16:00:00	371.704040527
9/14/2022 16:00:00	373.122436523
9/15/2022 16:00:00	368.886230469
9/16/2022 16:00:00	366.072052002
9/19/2022 16:00:00	368.910949707
9/20/2022 16:00:00	364.676300049
9/21/2022 16:00:00	358.315063477
9/22/2022 16:00:00	355.305297852
9/23/2022 16:00:00	349.352142334
9/26/2022 16:00:00	345.896148682
9/27/2022 16:00:00	345.013183594
9/28/2022 16:00:00	351.801757812
9/29/2022 16:00:00	344.45300293
9/30/2022 16:00:00	339.126525879
10/3/2022 16:00:00	348.07989502
10/4/2022 16:00:00	358.865753174
10/5/2022 16:00:00	358.030212402
10/6/2022 16:00:00	354.33682251
10/7/2022 16:00:00	344.45300293
10/10/2022 16:00:00	341.822967529
10/11/2022 16:00:00	339.658233643
10/12/2022 16:00:00	338.537841797
10/13/2022 16:00:00	347.472167969
10/14/2022 16:00:00	339.553741455
10/17/2022 16:00:00	348.279266357
10/18/2022 16:00:00	352.371429443
10/19/2022 16:00:00	349.874389648
10/20/2022 16:00:00	346.940490723
10/21/2022 16:00:00	355.371704102
10/24/2022 16:00:00	359.720214844
10/25/2022 16:00:00	365.464508057
10/26/2022 16:00:00	362.710998535
10/27/2022 16:00:00	360.774108887
10/28/2022 16:00:00	369.357086182
10/31/2022 16:00:00	366.689147949
11/1/2022 16:00:00	365.084655762
11/2/2022 16:00:00	355.922393799
11/3/2022 16:00:00	352.257537842
11/4/2022 16:00:00	357.327575684
11/7/2022 16:00:00	360.745635986
11/8/2022 16:00:00	362.691925049
11/9/2022 16:00:00	355.219787598
11/10/2022 16:00:00	374.740600586
11/11/2022 16:00:00	378.367492676
11/14/2022 16:00:00	375.148864746
11/15/2022 16:00:00	378.348449707
11/16/2022 16:00:00	375.462219238
11/17/2022 16:00:00	374.313354492
11/18/2022 16:00:00	376.012817383
11/21/2022 16:00:00	374.645629883
11/22/2022 16:00:00	379.687255859
11/23/2022 16:00:00	382.079864502
11/25/2022 16:00:00	381.994384766
11/28/2022 16:00:00	375.898925781
11/29/2022 16:00:00	375.253295898
11/30/2022 16:00:00	387.073974609
12/1/2022 16:00:00	386.78918457
12/2/2022 16:00:00	386.342956543
12/5/2022 16:00:00	379.392944336
12/6/2022 16:00:00	373.924041748
12/7/2022 16:00:00	373.28793335
12/8/2022 16:00:00	376.212188721
12/9/2022 16:00:00	373.401824951
12/12/2022 16:00:00	378.785308838
12/13/2022 16:00:00	381.652648926
12/14/2022 16:00:00	379.212554932
12/15/2022 16:00:00	369.936309814
12/16/2022 16:00:00	365.568786621
12/19/2022 16:00:00	362.468933105
12/20/2022 16:00:00	362.96496582
12/21/2022 16:00:00	368.392150879
12/22/2022 16:00:00	363.136627197
12/23/2022 16:00:00	365.225494385
12/27/2022 16:00:00	363.785217285
12/28/2022 16:00:00	359.264099121
12/29/2022 16:00:00	365.731018066
12/30/2022 16:00:00	364.767578125
1/3/2023 16:00:00	363.231933594
1/4/2023 16:00:00	366.036193848
1/5/2023 16:00:00	361.858520508
1/6/2023 16:00:00	370.156677246
1/9/2023 16:00:00	369.946899414
1/10/2023 16:00:00	372.54119873
1/11/2023 16:00:00	377.253051758
1/12/2023 16:00:00	378.626556396
1/13/2023 16:00:00	380.095397949
1/17/2023 16:00:00	379.399139404
1/18/2023 16:00:00	373.409179688
1/19/2023 16:00:00	370.690795898
1/20/2023 16:00:00	377.596435547
1/23/2023 16:00:00	382.127044678
1/24/2023 16:00:00	381.716888428
1/25/2023 16:00:00	381.859954834
1/26/2023 16:00:00	386.056732178
1/27/2023 16:00:00	386.943878174
1/30/2023 16:00:00	382.088897705
1/31/2023 16:00:00	387.706970215
2/1/2023 16:00:00	391.827331543
2/2/2023 16:00:00	397.531219482
2/3/2023 16:00:00	393.30569458
2/6/2023 16:00:00	390.902130127
2/7/2023 16:00:00	396.01461792
2/8/2023 16:00:00	391.684265137
2/9/2023 16:00:00	388.288757324
2/10/2023 16:00:00	389.194854736
2/13/2023 16:00:00	393.76361084
2/14/2023 16:00:00	393.582397461
2/15/2023 16:00:00	394.860534668
2/16/2023 16:00:00	389.423797607
2/17/2023 16:00:00	388.450866699
2/21/2023 16:00:00	380.658233643
2/22/2023 16:00:00	380.133575439
2/23/2023 16:00:00	382.155670166
2/24/2023 16:00:00	378.073425293
2/27/2023 16:00:00	379.360992432
2/28/2023 16:00:00	377.958862305
3/1/2023 16:00:00	376.509033203
3/2/2023 16:00:00	379.437316895
3/3/2023 16:00:00	385.522644043
3/6/2023 16:00:00	385.789703369
3/7/2023 16:00:00	379.876037598
3/8/2023 16:00:00	380.49609375
3/9/2023 16:00:00	373.475921631
3/10/2023 16:00:00	368.086853027
3/13/2023 16:00:00	367.562347412
3/14/2023 16:00:00	373.638122559
3/15/2023 16:00:00	371.301239014
3/16/2023 16:00:00	377.815765381
3/17/2023 16:00:00	373.398193359
3/20/2023 16:00:00	376.988555908
3/21/2023 16:00:00	381.938690186
3/22/2023 16:00:00	375.427978516
3/23/2023 16:00:00	376.442840576
3/24/2023 16:00:00	378.913085938
3/27/2023 16:00:00	379.621673584
3/28/2023 16:00:00	378.769470215
3/29/2023 16:00:00	384.274841309
3/30/2023 16:00:00	386.524902344
3/31/2023 16:00:00	391.972747803
4/3/2023 16:00:00	393.466400146
4/4/2023 16:00:00	391.283416748
4/5/2023 16:00:00	390.25894165
4/6/2023 16:00:00	391.781280518
4/10/2023 16:00:00	392.183380127
4/11/2023 16:00:00	392.288696289
4/12/2023 16:00:00	390.689758301
4/13/2023 16:00:00	395.879180908
4/14/2023 16:00:00	394.91217041
4/17/2023 16:00:00	396.329223633
4/18/2023 16:00:00	396.587738037
4/19/2023 16:00:00	396.5206604
4/20/2023 16:00:00	394.356811523
4/21/2023 16:00:00	394.66317749
4/24/2023 16:00:00	395.074920654
4/25/2023 16:00:00	388.80355835
4/26/2023 16:00:00	387.156829834
4/27/2023 16:00:00	394.864257812
4/28/2023 16:00:00	398.234527588
5/1/2023 16:00:00	397.832366943
5/2/2023 16:00:00	393.361083984
5/3/2023 16:00:00	390.66104126
5/4/2023 16:00:00	387.894042969
5/5/2023 16:00:00	395.074920654
5/8/2023 16:00:00	395.180267334
5/9/2023 16:00:00	393.447235107
5/10/2023 16:00:00	395.285614014
5/11/2023 16:00:00	394.596252441
5/12/2023 16:00:00	394.079162598
5/15/2023 16:00:00	395.438812256
5/16/2023 16:00:00	392.796203613
5/17/2023 16:00:00	397.564300537
5/18/2023 16:00:00	401.394195557
5/19/2023 16:00:00	400.810119629
5/22/2023 16:00:00	400.972808838
5/23/2023 16:00:00	396.472839355
5/24/2023 16:00:00	393.60043335
5/25/2023 16:00:00	397.00894165
5/26/2023 16:00:00	402.150543213
5/30/2023 16:00:00	402.30368042
5/31/2023 16:00:00	400.072814941
6/1/2023 16:00:00	403.873901367
6/2/2023 16:00:00	409.714477539
6/5/2023 16:00:00	408.929382324
6/6/2023 16:00:00	409.819732666
6/7/2023 16:00:00	408.402740479
6/8/2023 16:00:00	410.872955322
6/9/2023 16:00:00	411.610168457
6/12/2023 16:00:00	415.344299316
6/13/2023 16:00:00	418.082611084
6/14/2023 16:00:00	418.580413818
6/15/2023 16:00:00	423.769836426
6/16/2023 16:00:00	422.326416016
6/20/2023 16:00:00	420.135345459
6/21/2023 16:00:00	417.98260498
6/22/2023 16:00:00	419.491394043
6/23/2023 16:00:00	416.320098877
6/26/2023 16:00:00	414.61907959
6/27/2023 16:00:00	419.164672852
6/28/2023 16:00:00	419.376159668
6/29/2023 16:00:00	421.029022217
6/30/2023 16:00:00	425.997528076
7/3/2023 16:00:00	426.487579346
7/5/2023 16:00:00	425.853363037
7/6/2023 16:00:00	422.51864624
7/7/2023 16:00:00	421.451843262
7/10/2023 16:00:00	422.51864624
7/11/2023 16:00:00	425.209442139
7/12/2023 16:00:00	428.630706787
7/13/2023 16:00:00	432.032623291
7/14/2023 16:00:00	431.763580322
7/17/2023 16:00:00	433.262786865
7/18/2023 16:00:00	436.482147217
7/19/2023 16:00:00	437.452728271
7/20/2023 16:00:00	434.550476074
7/21/2023 16:00:00	434.550476074
7/24/2023 16:00:00	436.491699219
7/25/2023 16:00:00	437.683380127
7/26/2023 16:00:00	437.750640869
7/27/2023 16:00:00	434.848327637
7/28/2023 16:00:00	439.105682373
7/31/2023 16:00:00	439.941802979
8/1/2023 16:00:00	438.682830811
8/2/2023 16:00:00	432.580413818
8/3/2023 16:00:00	431.34072876
8/4/2023 16:00:00	429.389862061
8/7/2023 16:00:00	433.137756348
8/8/2023 16:00:00	431.254241943
8/9/2023 16:00:00	428.37121582
8/10/2023 16:00:00	428.525024414
8/11/2023 16:00:00	428.275085449
8/14/2023 16:00:00	430.639160156
8/15/2023 16:00:00	425.622711182
8/16/2023 16:00:00	422.499450684
8/17/2023 16:00:00	419.280029297
8/18/2023 16:00:00	419.481781006
8/21/2023 16:00:00	422.211120605
8/22/2023 16:00:00	421.067504883
8/23/2023 16:00:00	425.757263184
8/24/2023 16:00:00	419.856628418
8/25/2023 16:00:00	422.81652832
8/28/2023 16:00:00	425.497802734
8/29/2023 16:00:00	431.648284912
8/30/2023 16:00:00	433.426116943
8/31/2023 16:00:00	432.791809082
9/1/2023 16:00:00	433.599060059
9/5/2023 16:00:00	431.725158691
9/6/2023 16:00:00	428.822875977
9/7/2023 16:00:00	427.506286621
9/8/2023 16:00:00	428.150146484
9/11/2023 16:00:00	430.965881348
9/12/2023 16:00:00	428.601837158
9/13/2023 16:00:00	429.101593018
9/14/2023 16:00:00	432.801422119
9/15/2023 16:00:00	427.58694458
9/18/2023 16:00:00	427.837677002
9/19/2023 16:00:00	426.950439453
9/20/2023 16:00:00	423.025299072
9/21/2023 16:00:00	416.033416748
9/22/2023 16:00:00	415.097930908
9/25/2023 16:00:00	416.843475342
9/26/2023 16:00:00	410.719573975
9/27/2023 16:00:00	410.883483887
9/28/2023 16:00:00	413.265594482
9/29/2023 16:00:00	412.26260376
10/2/2023 16:00:00	412.098632812
10/3/2023 16:00:00	406.582214355
10/4/2023 16:00:00	409.542999268
10/5/2023 16:00:00	409.388671875
10/6/2023 16:00:00	414.249298096
10/9/2023 16:00:00	416.901306152
10/10/2023 16:00:00	419.071289062
10/11/2023 16:00:00	420.787872314
10/12/2023 16:00:00	418.222564697
10/13/2023 16:00:00	416.13949585
10/16/2023 16:00:00	420.517852783
10/17/2023 16:00:00	420.498535156
10/18/2023 16:00:00	414.89541626
10/19/2023 16:00:00	411.249908447
10/20/2023 16:00:00	406.196502686
10/23/2023 16:00:00	405.492462158
10/24/2023 16:00:00	408.549682617
10/25/2023 16:00:00	402.686004639
10/26/2023 16:00:00	397.864044189
10/27/2023 16:00:00	396.06060791
10/30/2023 16:00:00	400.795806885
10/31/2023 16:00:00	403.312927246
11/1/2023 16:00:00	407.614196777
11/2/2023 16:00:00	415.425811768
11/3/2023 16:00:00	419.215942383
11/6/2023 16:00:00	420.180328369
11/7/2023 16:00:00	421.376159668
11/8/2023 16:00:00	421.684814453
11/9/2023 16:00:00	418.396179199
11/10/2023 16:00:00	424.925170898
11/13/2023 16:00:00	424.520202637
11/14/2023 16:00:00	432.756134033
11/15/2023 16:00:00	433.672271729
11/16/2023 16:00:00	434.202728271
11/17/2023 16:00:00	434.742767334
11/20/2023 16:00:00	438.089202881
11/21/2023 16:00:00	437.134521484
11/22/2023 16:00:00	438.822174072
11/24/2023 16:00:00	439.092254639
11/27/2023 16:00:00	438.301422119
11/28/2023 16:00:00	438.73538208
11/29/2023 16:00:00	438.426757812
11/30/2023 16:00:00	440.153106689
12/1/2023 16:00:00	442.757019043
12/4/2023 16:00:00	440.432830811
12/5/2023 16:00:00	440.346008301
12/6/2023 16:00:00	438.571502686
12/7/2023 16:00:00	441.91796875
12/8/2023 16:00:00	443.817871094
12/11/2023 16:00:00	445.5440979
12/12/2023 16:00:00	447.578979492
12/13/2023 16:00:00	453.75112915
12/14/2023 16:00:00	455.207366943
12/15/2023 16:00:00	454.45791626
12/18/2023 16:00:00	457.014251709
12/19/2023 16:00:00	459.793334961
12/20/2023 16:00:00	453.421905518
12/21/2023 16:00:00	457.721191406
12/22/2023 16:00:00	458.640991211
12/26/2023 16:00:00	460.577606201
12/27/2023 16:00:00	461.410400391
12/28/2023 16:00:00	461.584686279
12/29/2023 16:00:00	460.248443604
1/2/2024 16:00:00	457.672729492
1/3/2024 16:00:00	453.935089111
1/4/2024 16:00:00	452.472900391
1/5/2024 16:00:00	453.09262085
1/8/2024 16:00:00	459.560913086
1/9/2024 16:00:00	458.863739014
1/10/2024 16:00:00	461.458831787
1/11/2024 16:00:00	461.255523682
1/12/2024 16:00:00	461.574981689
1/16/2024 16:00:00	459.880432129
1/17/2024 16:00:00	457.324127197
1/18/2024 16:00:00	461.390991211
1/19/2024 16:00:00	467.142822266
1/22/2024 16:00:00	468.130493164
1/23/2024 16:00:00	469.495819092
1/24/2024 16:00:00	470.009094238
1/25/2024 16:00:00	472.56539917
1/26/2024 16:00:00	471.965026855
1/29/2024 16:00:00	475.702697754
1/30/2024 16:00:00	475.334747314
1/31/2024 16:00:00	467.578491211
2/1/2024 16:00:00	473.69833374
2/2/2024 16:00:00	478.685119629
2/5/2024 16:00:00	476.942047119
2/6/2024 16:00:00	478.326873779
2/7/2024 16:00:00	482.316253662
2/8/2024 16:00:00	482.529266357
2/9/2024 16:00:00	485.318023682
2/12/2024 16:00:00	485.104980469
2/13/2024 16:00:00	478.423583984
2/14/2024 16:00:00	482.771392822
2/15/2024 16:00:00	486.102355957
2/16/2024 16:00:00	483.681610107
2/20/2024 16:00:00	481.018768311
2/21/2024 16:00:00	481.454498291
2/22/2024 16:00:00	491.418457031
2/23/2024 16:00:00	491.757354736
2/26/2024 16:00:00	489.956237793
2/27/2024 16:00:00	490.866485596
2/28/2024 16:00:00	490.217712402
2/29/2024 16:00:00	491.979949951
3/1/2024 16:00:00	496.598876953
3/4/2024 16:00:00	496.066314697
3/5/2024 16:00:00	491.108581543
3/6/2024 16:00:00	493.597076416
3/7/2024 16:00:00	498.496704102
3/8/2024 16:00:00	495.504699707
3/11/2024 16:00:00	495.078613281
3/12/2024 16:00:00	500.404327393
3/13/2024 16:00:00	499.620025635
3/14/2024 16:00:00	498.632293701
3/15/2024 16:00:00	495.208435059
3/18/2024 16:00:00	498.151519775
3/19/2024 16:00:00	500.919830322
3/20/2024 16:00:00	505.553009033
3/21/2024 16:00:00	507.223632812
3/22/2024 16:00:00	506.262084961
3/25/2024 16:00:00	504.863433838
3/26/2024 16:00:00	503.930908203
3/27/2024 16:00:00	508.165924072
3/28/2024 16:00:00	508.068725586
4/1/2024 16:00:00	507.184783936
4/2/2024 16:00:00	503.959991455
4/3/2024 16:00:00	504.513671875
4/4/2024 16:00:00	498.355499268
4/5/2024 16:00:00	503.561676025
4/8/2024 16:00:00	503.843444824
4/9/2024 16:00:00	504.426269531
4/10/2024 16:00:00	499.375366211
4/11/2024 16:00:00	503.144165039
4/12/2024 16:00:00	496.199188232
4/15/2024 16:00:00	489.982757568
4/16/2024 16:00:00	489.089080811
4/17/2024 16:00:00	486.194549561
4/18/2024 16:00:00	485.194091797
4/19/2024 16:00:00	480.959197998
4/22/2024 16:00:00	485.388458252
4/23/2024 16:00:00	491.148284912
4/24/2024 16:00:00	490.91519165
4/25/2024 16:00:00	489.050262451
4/26/2024 16:00:00	493.68347168
4/29/2024 16:00:00	495.43182373
4/30/2024 16:00:00	487.583557129
5/1/2024 16:00:00	486.000274658
5/2/2024 16:00:00	490.546081543
5/3/2024 16:00:00	496.626586914
5/6/2024 16:00:00	501.755157471
5/7/2024 16:00:00	502.308807373
5/8/2024 16:00:00	502.357299805
5/9/2024 16:00:00	505.251861572
5/10/2024 16:00:00	505.902679443
5/13/2024 16:00:00	505.97064209
5/14/2024 16:00:00	508.292175293
5/15/2024 16:00:00	514.586181641
5/16/2024 16:00:00	513.527526855
5/17/2024 16:00:00	514.265808105
5/20/2024 16:00:00	514.858276367
5/21/2024 16:00:00	516.120910645
5/22/2024 16:00:00	514.63494873
5/23/2024 16:00:00	510.875793457
5/24/2024 16:00:00	514.256103516
5/28/2024 16:00:00	514.615539551
5/29/2024 16:00:00	511.011810303
5/30/2024 16:00:00	507.621917725
5/31/2024 16:00:00	512.245361328
6/3/2024 16:00:00	512.662963867
6/4/2024 16:00:00	513.236206055
6/5/2024 16:00:00	519.33605957
6/6/2024 16:00:00	519.326293945
6/7/2024 16:00:00	518.694885254
6/10/2024 16:00:00	520.297607422
6/11/2024 16:00:00	521.55065918
6/12/2024 16:00:00	525.834228516
6/13/2024 16:00:00	526.892883301
6/14/2024 16:00:00	527.213439941
6/17/2024 16:00:00	531.409606934
6/18/2024 16:00:00	532.759643555
6/20/2024 16:00:00	531.31237793
6/21/2024 16:00:00	530.600097656
6/24/2024 16:00:00	528.875305176
6/25/2024 16:00:00	530.911987305
6/26/2024 16:00:00	531.574645996
6/27/2024 16:00:00	532.412536621
6/28/2024 16:00:00	530.317565918
7/1/2024 16:00:00	531.408935547
7/2/2024 16:00:00	534.985168457
7/3/2024 16:00:00	537.372558594
7/5/2024 16:00:00	540.471313477
7/8/2024 16:00:00	541.095031738
7/9/2024 16:00:00	541.62121582
7/10/2024 16:00:00	546.98059082
7/11/2024 16:00:00	542.264343262
7/12/2024 16:00:00	545.684631348
7/15/2024 16:00:00	547.185302734
7/16/2024 16:00:00	550.430175781
7/17/2024 16:00:00	542.712585449
7/18/2024 16:00:00	538.541870117
7/19/2024 16:00:00	534.965698242
7/22/2024 16:00:00	540.481201172
7/23/2024 16:00:00	539.633361816
7/24/2024 16:00:00	527.403808594
7/25/2024 16:00:00	524.655944824
7/26/2024 16:00:00	530.531921387
7/29/2024 16:00:00	530.843688965
7/30/2024 16:00:00	528.15423584
7/31/2024 16:00:00	536.739135742
8/1/2024 16:00:00	529.13848877
8/2/2024 16:00:00	519.286682129
8/5/2024 16:00:00	504.163208008
8/6/2024 16:00:00	508.811340332
8/7/2024 16:00:00	505.410430908
8/8/2024 16:00:00	517.094177246
8/9/2024 16:00:00	519.374389648
8/12/2024 16:00:00	519.647216797
8/13/2024 16:00:00	528.193237305
8/14/2024 16:00:00	529.85949707
8/15/2024 16:00:00	538.941345215
8/16/2024 16:00:00	540.149841309
8/19/2024 16:00:00	545.314453125
8/20/2024 16:00:00	544.427612305
8/21/2024 16:00:00	546.298461914
8/22/2024 16:00:00	542.010986328
8/23/2024 16:00:00	547.770080566
8/26/2024 16:00:00	546.464172363
8/27/2024 16:00:00	547.214599609
8/28/2024 16:00:00	544.037841797
8/29/2024 16:00:00	544.086486816
8/30/2024 16:00:00	549.280456543
9/3/2024 16:00:00	537.976806641
9/4/2024 16:00:00	536.875549316
9/5/2024 16:00:00	535.569824219
9/6/2024 16:00:00	526.556152344
9/9/2024 16:00:00	532.451477051
9/10/2024 16:00:00	534.770812988
9/11/2024 16:00:00	540.256896973
9/12/2024 16:00:00	544.807617188
9/13/2024 16:00:00	547.653076172
9/16/2024 16:00:00	548.461791992
9/17/2024 16:00:00	548.685913086
9/18/2024 16:00:00	547.05871582
9/19/2024 16:00:00	556.393859863
9/20/2024 16:00:00	555.432128906
9/23/2024 16:00:00	556.820129395
9/24/2024 16:00:00	558.413269043
9/25/2024 16:00:00	557.18157959
9/26/2024 16:00:00	559.39074707
9/27/2024 16:00:00	558.579406738
9/30/2024 16:00:00	560.817810059
10/1/2024 16:00:00	555.793701172
10/2/2024 16:00:00	556.028381348
10/3/2024 16:00:00	555.011779785
10/4/2024 16:00:00	560.055297852
10/7/2024 16:00:00	554.992248535
10/8/2024 16:00:00	560.241149902
10/9/2024 16:00:00	564.121643066
10/10/2024 16:00:00	563.134399414
10/11/2024 16:00:00	566.506530762
10/14/2024 16:00:00	571.139648438
10/15/2024 16:00:00	566.701904297
10/16/2024 16:00:00	569.165222168
10/17/2024 16:00:00	569.214050293
10/18/2024 16:00:00	571.403564453
10/21/2024 16:00:00	570.465148926
10/22/2024 16:00:00	570.16217041
10/23/2024 16:00:00	564.952331543
10/24/2024 16:00:00	566.174255371
10/25/2024 16:00:00	565.97857666
10/28/2024 16:00:00	567.728271484
10/29/2024 16:00:00	568.647094727
10/30/2024 16:00:00	566.926818848
10/31/2024 16:00:00	555.813232422
11/1/2024 16:00:00	558.159057617
11/4/2024 16:00:00	556.956970215
11/5/2024 16:00:00	563.69152832
11/6/2024 16:00:00	577.707946777
11/7/2024 16:00:00	582.174926758
11/8/2024 16:00:00	584.696716309
11/11/2024 16:00:00	585.25390625
11/12/2024 16:00:00	583.435852051
11/13/2024 16:00:00	583.719360352
11/14/2024 16:00:00	579.965942383
11/15/2024 16:00:00	572.537475586
11/18/2024 16:00:00	574.883239746
11/19/2024 16:00:00	576.984741211
11/20/2024 16:00:00	577.180236816
11/21/2024 16:00:00	580.278686523
11/22/2024 16:00:00	582.077209473
11/25/2024 16:00:00	584.051574707
11/26/2024 16:00:00	587.101318359
11/27/2024 16:00:00	585.322387695
11/29/2024 16:00:00	588.958374023
12/2/2024 16:00:00	590.014038086
12/3/2024 16:00:00	590.287658691
12/4/2024 16:00:00	593.953063965
12/5/2024 16:00:00	592.975646973
12/6/2024 16:00:00	594.09979248
12/9/2024 16:00:00	591.040344238
12/10/2024 16:00:00	589.202697754
12/11/2024 16:00:00	593.75769043
12/12/2024 16:00:00	590.698242188
12/13/2024 16:00:00	590.580993652
12/16/2024 16:00:00	593.102783203
12/17/2024 16:00:00	590.659057617
12/18/2024 16:00:00	573.055480957
12/19/2024 16:00:00	572.879455566
12/20/2024 16:00:00	579.760253906
12/23/2024 16:00:00	583.232116699
12/24/2024 16:00:00	589.71472168
12/26/2024 16:00:00	589.753967285
12/27/2024 16:00:00	583.545898438
12/30/2024 16:00:00	576.88671875
12/31/2024 16:00:00	574.787963867
1/2/2025 16:00:00	573.375671387
1/3/2025 16:00:00	580.544921875
1/6/2025 16:00:00	583.889099121
1/7/2025 16:00:00	577.288818359
1/8/2025 16:00:00	578.132263184
1/10/2025 16:00:00	569.305664062
1/13/2025 16:00:00	570.188293457
1/14/2025 16:00:00	570.972961426
1/15/2025 16:00:00	581.358886719
1/16/2025 16:00:00	580.240905762
1/17/2025 16:00:00	586.066467285
1/21/2025 16:00:00	591.430969238
1/22/2025 16:00:00	594.75567627
1/23/2025 16:00:00	598.001953125
1/24/2025 16:00:00	596.256164551
1/27/2025 16:00:00	587.821899414
1/28/2025 16:00:00	592.872741699
1/29/2025 16:00:00	590.214904785
1/30/2025 16:00:00	593.382568359
1/31/2025 16:00:00	590.224731445
2/3/2025 16:00:00	586.252746582
2/4/2025 16:00:00	590.18548584
2/5/2025 16:00:00	592.578369141
2/6/2025 16:00:00	594.638000488
2/7/2025 16:00:00	589.195007324
2/10/2025 16:00:00	593.196350098
2/11/2025 16:00:00	593.647521973
2/12/2025 16:00:00	591.734985352
2/13/2025 16:00:00	597.98236084
2/14/2025 16:00:00	597.952819824
2/18/2025 16:00:00	599.708374023
2/19/2025 16:00:00	601.120666504
2/20/2025 16:00:00	598.619812012
2/21/2025 16:00:00	588.38092041
2/24/2025 16:00:00	585.703552246
2/25/2025 16:00:00	582.790771484
2/26/2025 16:00:00	583.084960938
2/27/2025 16:00:00	573.777832031
2/28/2025 16:00:00	582.731933594
3/3/2025 16:00:00	572.522460938
3/4/2025 16:00:00	565.745605469
3/5/2025 16:00:00	571.82611084
3/6/2025 16:00:00	561.675537109
3/7/2025 16:00:00	564.823669434
3/10/2025 16:00:00	549.77923584
3/11/2025 16:00:00	545.208984375
3/12/2025 16:00:00	548.102294922
3/13/2025 16:00:00	540.795776367
3/14/2025 16:00:00	551.966308594
3/17/2025 16:00:00	556.22265625
3/18/2025 16:00:00	550.21081543
3/19/2025 16:00:00	556.20300293
3/20/2025 16:00:00	554.594665527
3/21/2025 16:00:00	554.777648926
3/24/2025 16:00:00	564.71282959
3/25/2025 16:00:00	566.070373535
3/26/2025 16:00:00	559.312438965
3/27/2025 16:00:00	557.827087402
3/28/2025 16:00:00	546.593383789
3/31/2025 16:00:00	550.262512207
4/1/2025 16:00:00	551.816711426
4/2/2025 16:00:00	555.308898926
4/3/2025 16:00:00	527.942810059
4/4/2025 16:00:00	497.035430908
4/7/2025 16:00:00	496.150146484
4/8/2025 16:00:00	488.37902832
4/9/2025 16:00:00	539.668334961
4/10/2025 16:00:00	516.020568848
4/11/2025 16:00:00	525.227844238
4/14/2025 16:00:00	530.323242188
4/15/2025 16:00:00	528.837890625
4/16/2025 16:00:00	517.082885742
4/17/2025 16:00:00	517.820678711
4/21/2025 16:00:00	505.495117188
4/22/2025 16:00:00	518.647033691
4/23/2025 16:00:00	526.683654785
4/24/2025 16:00:00	537.769775391
4/25/2025 16:00:00	541.655334473
4/28/2025 16:00:00	541.861877441
4/29/2025 16:00:00	545.27520752
4/30/2025 16:00:00	545.491699219
5/1/2025 16:00:00	549.357543945
5/2/2025 16:00:00	557.512268066
5/5/2025 16:00:00	554.315246582
5/6/2025 16:00:00	549.682128906
5/7/2025 16:00:00	551.993835449
5/8/2025 16:00:00	555.840026855
5/9/2025 16:00:00	555.131835938
5/12/2025 16:00:00	573.477478027
5/13/2025 16:00:00	577.264648438
5/14/2025 16:00:00	578.002441406
5/15/2025 16:00:00	580.825500488
5/16/2025 16:00:00	584.504516602
5/19/2025 16:00:00	585.143920898
5/20/2025 16:00:00	583.176574707
5/21/2025 16:00:00	573.34954834
5/22/2025 16:00:00	573.575744629
5/23/2025 16:00:00	569.660827637
5/27/2025 16:00:00	581.504394531
5/28/2025 16:00:00	578.140075684
5/29/2025 16:00:00	580.422241211
5/30/2025 16:00:00	579.773010254
6/2/2025 16:00:00	583.03894043
6/3/2025 16:00:00	586.363708496
6/4/2025 16:00:00	586.206298828
6/5/2025 16:00:00	583.37322998
6/6/2025 16:00:00	589.363952637
6/9/2025 16:00:00	589.895141602
6/10/2025 16:00:00	593.239624023
6/11/2025 16:00:00	591.547668457
6/12/2025 16:00:00	593.898620605
6/13/2025 16:00:00	587.258850098
6/16/2025 16:00:00	592.846130371
6/17/2025 16:00:00	587.780212402
6/18/2025 16:00:00	587.691650391
6/20/2025 16:00:00	586.311523438
6/23/2025 16:00:00	592.102661133
6/24/2025 16:00:00	598.643859863
6/25/2025 16:00:00	598.979370117
6/26/2025 16:00:00	603.665588379
6/27/2025 16:00:00	606.664794922
6/30/2025 16:00:00	609.565429688
7/1/2025 16:00:00	609.368103027
7/2/2025 16:00:00	612.130554199
7/3/2025 16:00:00	616.954956055
7/7/2025 16:00:00	612.35748291
7/8/2025 16:00:00	612.022033691
7/9/2025 16:00:00	615.692077637
7/10/2025 16:00:00	617.428527832
7/11/2025 16:00:00	615.25793457
7/14/2025 16:00:00	616.432128906
7/15/2025 16:00:00	613.797851562
7/16/2025 16:00:00	615.849975586
7/17/2025 16:00:00	619.618652344
7/18/2025 16:00:00	619.164978027
7/21/2025 16:00:00	620.338989258
7/22/2025 16:00:00	620.427734375
7/23/2025 16:00:00	625.706054688
7/24/2025 16:00:00	625.913208008
7/25/2025 16:00:00	628.557312012
7/28/2025 16:00:00	628.399414062
7/29/2025 16:00:00	626.741943359
7/30/2025 16:00:00	625.952697754
7/31/2025 16:00:00	623.604614258
8/1/2025 16:00:00	613.383483887
8/4/2025 16:00:00	622.706726074
8/5/2025 16:00:00	619.549621582
8/6/2025 16:00:00	624.295227051
8/7/2025 16:00:00	623.772216797
8/8/2025 16:00:00	628.636291504
8/11/2025 16:00:00	627.393005371
8/12/2025 16:00:00	634.072387695
8/13/2025 16:00:00	636.242797852
8/14/2025 16:00:00	636.302062988
8/15/2025 16:00:00	634.812316895
8/18/2025 16:00:00	634.674133301
8/19/2025 16:00:00	631.230957031
8/20/2025 16:00:00	629.553649902
8/21/2025 16:00:00	627.028076172
8/22/2025 16:00:00	636.657165527
8/25/2025 16:00:00	633.855224609
8/26/2025 16:00:00	636.509155273
8/27/2025 16:00:00	637.959472656
8/28/2025 16:00:00	640.21875
8/29/2025 16:00:00	636.400695801
9/2/2025 16:00:00	631.684753418
9/3/2025 16:00:00	635.108154297
9/4/2025 16:00:00	640.41607666
9/5/2025 16:00:00	638.561279297
9/8/2025 16:00:00	640.129943848
9/9/2025 16:00:00	641.609863281
9/10/2025 16:00:00	643.464599609
9/11/2025 16:00:00	648.812011719
9/12/2025 16:00:00	648.594909668
9/15/2025 16:00:00	652.047912598
9/16/2025 16:00:00	651.15020752
9/17/2025 16:00:00	650.341247559
9/18/2025 16:00:00	653.379943848
9/19/2025 16:00:00	656.616027832
9/22/2025 16:00:00	659.72253418
9/23/2025 16:00:00	656.131286621
9/24/2025 16:00:00	654.043762207
9/25/2025 16:00:00	651.026306152
9/26/2025 16:00:00	654.75604248
9/29/2025 16:00:00	656.596252441
9/30/2025 16:00:00	659.069458008
10/1/2025 16:00:00	661.315307617
10/2/2025 16:00:00	662.077026367
10/3/2025 16:00:00	662.067199707
10/6/2025 16:00:00	664.44152832
10/7/2025 16:00:00	661.978210449
10/8/2025 16:00:00	665.925537109
10/9/2025 16:00:00	663.996398926
10/10/2025 16:00:00	646.049987793
10/13/2025 16:00:00	655.963012695
10/14/2025 16:00:00	655.161682129
10/15/2025 16:00:00	658.070251465
10/16/2025 16:00:00	653.588684082
10/17/2025 16:00:00	657.29864502
10/20/2025 16:00:00	664.134887695
10/21/2025 16:00:00	664.124938965
10/22/2025 16:00:00	660.672180176
10/23/2025 16:00:00	664.58996582
10/24/2025 16:00:00	670.021362305
10/27/2025 16:00:00	677.926025391
10/28/2025 16:00:00	679.726623535
10/29/2025 16:00:00	680.053039551
10/30/2025 16:00:00	672.573913574
10/31/2025 16:00:00	674.780090332
11/3/2025 16:00:00	676.046386719
11/4/2025 16:00:00	668.032775879
11/5/2025 16:00:00	670.34777832
11/6/2025 16:00:00	663.155517578
11/7/2025 16:00:00	663.808349609
11/10/2025 16:00:00	674.166625977
11/11/2025 16:00:00	675.710021973
11/12/2025 16:00:00	676.0859375
11/13/2025 16:00:00	664.867004395
11/14/2025 16:00:00	664.758117676
11/17/2025 16:00:00	658.564941406
11/18/2025 16:00:00	653.034667969
11/19/2025 16:00:00	655.557373047
11/20/2025 16:00:00	645.565246582
11/21/2025 16:00:00	651.995849609
11/24/2025 16:00:00	661.592285156
11/25/2025 16:00:00	667.815185547
11/26/2025 16:00:00	672.425476074
11/28/2025 16:00:00	676.095825195
12/1/2025 16:00:00	673.009155273
12/2/2025 16:00:00	674.25567627
12/3/2025 16:00:00	676.590515137
12/4/2025 16:00:00	677.085205078
12/5/2025 16:00:00	678.371276855
12/8/2025 16:00:00	676.333312988
12/9/2025 16:00:00	675.749572754
12/10/2025 16:00:00	680.231201172
12/11/2025 16:00:00	681.814147949
12/12/2025 16:00:00	674.483276367
12/15/2025 16:00:00	673.464172363
12/16/2025 16:00:00	671.624084473
12/17/2025 16:00:00	664.233825684
12/18/2025 16:00:00	669.249633789
12/19/2025 16:00:00	675.315368652
12/22/2025 16:00:00	679.522460938
12/23/2025 16:00:00	682.628173828
12/24/2025 16:00:00	685.02947998
12/26/2025 16:00:00	684.960021973
12/29/2025 16:00:00	682.519042969
12/30/2025 16:00:00	681.685546875
12/31/2025 16:00:00	676.635009766
1/2/2026 16:00:00	677.875305176
1/5/2026 16:00:00	682.390075684
1/6/2026 16:00:00	686.448364258
1/7/2026 16:00:00	684.235656738
1/8/2026 16:00:00	684.16619873
1/9/2026 16:00:00	688.690856934
1/12/2026 16:00:00	689.772399902
1/13/2026 16:00:00	688.393188477
1/14/2026 16:00:00	685.00958252
1/15/2026 16:00:00	686.875061035
1/16/2026 16:00:00	686.299499512
1/20/2026 16:00:00	672.328613281
1/21/2026 16:00:00	680.08807373
1/22/2026 16:00:00	683.640319824
1/23/2026 16:00:00	683.888305664
1/26/2026 16:00:00	687.36126709
1/27/2026 16:00:00	690.09979248
1/28/2026 16:00:00	690.030334473
1/29/2026 16:00:00	688.661071777
1/30/2026 16:00:00	686.607177734
2/2/2026 16:00:00	690.020446777
2/3/2026 16:00:00	684.186035156
2/4/2026 16:00:00	680.871948242
2/5/2026 16:00:00	672.368347168
2/6/2026 16:00:00	685.267578125
2/9/2026 16:00:00	688.571777344
2/10/2026 16:00:00	686.75592041
2/11/2026 16:00:00	686.597229004
2/12/2026 16:00:00	675.990112305
2/13/2026 16:00:00	676.466308594
2/17/2026 16:00:00	677.557800293
2/18/2026 16:00:00	680.971130371
2/19/2026 16:00:00	679.175170898
2/20/2026 16:00:00	684.086853027
2/23/2026 16:00:00	677.101379395
2/24/2026 16:00:00	682.022888184
2/25/2026 16:00:00	687.778015137
2/26/2026 16:00:00	683.957763672
2/27/2026 16:00:00	680.673461914
3/2/2026 16:00:00	681.060424805
3/3/2026 16:00:00	675.057373047
3/4/2026 16:00:00	679.82019043
3/5/2026 16:00:00	676.029724121
3/6/2026 16:00:00	667.168884277
3/9/2026 16:00:00	673.013305664
3/10/2026 16:00:00	671.931762695
3/11/2026 16:00:00	671.088378906
3/12/2026 16:00:00	660.897949219
3/13/2026 16:00:00	657.157165527
3/16/2026 16:00:00	663.844970703
3/17/2026 16:00:00	665.591247559
3/18/2026 16:00:00	656.303771973
3/19/2026 16:00:00	654.686401367
3/20/2026 16:00:00	645.301025391
3/23/2026 16:00:00	652.076660156
3/24/2026 16:00:00	649.887756348
3/25/2026 16:00:00	653.509399414
3/26/2026 16:00:00	641.838562012
3/27/2026 16:00:00	630.893981934
3/30/2026 16:00:00	628.784667969
3/31/2026 16:00:00	647.062072754
4/1/2026 16:00:00	651.93737793
4/2/2026 16:00:00	652.524414062
4/6/2026 16:00:00	655.608825684
4/7/2026 16:00:00	655.897277832
4/8/2026 16:00:00	672.602722168
4/9/2026 16:00:00	676.482971191
4/10/2026 16:00:00	676.035339355
4/13/2026 16:00:00	682.641845703
4/14/2026 16:00:00	690.959716797
4/15/2026 16:00:00	696.412109375
4/16/2026 16:00:00	698.123413086
4/17/2026 16:00:00	706.56072998
4/20/2026 16:00:00	705.147766113
4/21/2026 16:00:00	700.53125
4/22/2026 16:00:00	707.625305176
4/23/2026 16:00:00	704.879211426
4/24/2026 16:00:00	710.341552734
4/27/2026 16:00:00	711.565307617
4/28/2026 16:00:00	708.102844238
4/29/2026 16:00:00	707.993408203
4/30/2026 16:00:00	715.037719727
5/1/2026 16:00:00	717.017700195
5/4/2026 16:00:00	714.390991211
5/5/2026 16:00:00	720.122009277
5/6/2026 16:00:00	730.131286621
5/7/2026 16:00:00	727.89263916
5/8/2026 16:00:00	733.902160645
5/11/2026 16:00:00	735.573669434
5/12/2026 16:00:00	734.459350586
5/13/2026 16:00:00	738.56854248
5/14/2026 16:00:00	744.398986816
5/15/2026 16:00:00	735.444396973
5/18/2026 16:00:00	734.927001953
5/19/2026 16:00:00	730.031799316
5/20/2026 16:00:00	737.51385498
5/21/2026 16:00:00	738.97644043
5/22/2026 16:00:00	741.881774902
5/26/2026 16:00:00	746.80682373
5/27/2026 16:00:00	746.677490234
5/28/2026 16:00:00	750.796569824
5/29/2026 16:00:00	752.667114258
6/1/2026 16:00:00	754.71673584
6/2/2026 16:00:00	755.741577148
6/3/2026 16:00:00	750.438415527
6/4/2026 16:00:00	753.274047852
6/5/2026 16:00:00	733.832519531
6/8/2026 16:00:00	735.49407959
6/9/2026 16:00:00	733.335021973
6/10/2026 16:00:00	721.773620605
6/11/2026 16:00:00	734.041503906
6/12/2026 16:00:00	738.011352539
6/15/2026 16:00:00	751.02545166
6/16/2026 16:00:00	746.548156738
6/17/2026 16:00:00	737.225341797
6/18/2026 16:00:00	744.890258789
6/22/2026 16:00:00	742.546142578
6/23/2026 16:00:00	731.762878418
6/24/2026 16:00:00	731.423706055
6/25/2026 16:00:00	732.481079102
6/26/2026 16:00:00	727.184265137
6/29/2026 16:00:00	739.164489746
6/30/2026 16:00:00	744.920227051
7/1/2026 16:00:00	743.912719727
7/2/2026 16:00:00	742.935180664
7/6/2026 16:00:00	749.419067383
7/7/2026 16:00:00	745.857910156
7/8/2026 16:00:00	743.553649902
7/9/2026 16:00:00	749.848022461
7/10/2026 16:00:00	753.079956055
7/13/2026 16:00:00	747.31427002
7/14/2026 16:00:00	749.967712402
7/15/2026 16:00:00	752.940307617
7/16/2026 16:00:00	748.860412598
7/17/2026 16:00:00	741.448791504
7/20/2026 16:00:00	740.251831055
7/21/2026 16:00:00	746.426513672
7/22/2026 16:00:00	745.55859375
7/23/2026 16:00:00	736.351501465
7/24/2026 16:00:00	737.099609375
7/27/2026 16:00:00	737.259277344
7/28/2026 16:00:00	739.024841309
7/29/2026 16:00:00	727.653137207
7/30/2026 16:00:00	739.852783203
7/31/2026 16:00:00	745.179626465
8/3/2026 16:00:00	755.793212891
8/4/2026 16:00:00	769.419372559
8/5/2026 16:00:00	767.883178711
8/6/2026 16:00:00	766.65625
8/7/2026 16:00:00	771.344604492
8/10/2026 16:00:00	771.11517334
8/11/2026 16:00:00	768.651306152
8/12/2026 16:00:00	770.576477051
8/13/2026 16:00:00	775.953186035
8/14/2026 16:00:00	774.416992188
8/17/2026 16:00:00	770.75604248
8/18/2026 16:00:00	765.54901123
8/19/2026 16:00:00	767.154968262
8/20/2026 16:00:00	760.710998535
8/21/2026 16:00:00	763.823242188
8/24/2026 16:00:00	761.578796387
8/25/2026 16:00:00	764.012756348
8/26/2026 16:00:00	764.182373047
8/27/2026 16:00:00	769.189941406
8/28/2026 16:00:00	767.444274902
8/31/2026 16:00:00	765.149963379
9/1/2026 16:00:00	759.893066406
9/2/2026 16:00:00	763.264648438
9/3/2026 16:00:00	771.254821777
9/4/2026 16:00:00	768.282226562
9/8/2026 16:00:00	764.062683105
9/9/2026 16:00:00	760.511535645
9/10/2026 16:00:00	755.952819824
9/11/2026 16:00:00	762.396789551
9/14/2026 16:00:00	758.995239258
9/15/2026 16:00:00	755.513916016
9/16/2026 16:00:00	752.182189941
9/17/2026 16:00:00	760.710998535
9/18/2026 16:00:00	761.690002441
9/21/2026 16:00:00	773.5
9/22/2026 16:00:00	773.380004883
9/23/2026 16:00:00	767.809997559
9/24/2026 16:00:00	767.140014648
