Date	Close
1/2/1953 16:00:00	0.150153512332
1/5/1953 16:00:00	0.150847475787
1/6/1953 16:00:00	0.149687695821
1/7/1953 16:00:00	0.148991363726
1/8/1953 16:00:00	0.148990181254
1/9/1953 16:00:00	0.147367021703
1/12/1953 16:00:00	0.146207306355
1/13/1953 16:00:00	0.14713297518
1/14/1953 16:00:00	0.147363512931
1/15/1953 16:00:00	0.147825750652
1/16/1953 16:00:00	0.147129472022
1/19/1953 16:00:00	0.146896604371
1/20/1953 16:00:00	0.147822230982
1/21/1953 16:00:00	0.147357665216
1/22/1953 16:00:00	0.147588190153
1/23/1953 16:00:00	0.147355326212
1/26/1953 16:00:00	0.147122465961
1/27/1953 16:00:00	0.147121298322
1/28/1953 16:00:00	0.147583504861
1/29/1953 16:00:00	0.148045704065
1/30/1953 16:00:00	0.148971262771
2/2/1953 16:00:00	0.149665125231
2/3/1953 16:00:00	0.149895617173
2/4/1953 16:00:00	0.149199393752
2/5/1953 16:00:00	0.147808153166
2/6/1953 16:00:00	0.149660373855
2/9/1953 16:00:00	0.145025737968
2/10/1953 16:00:00	0.144561245954
2/11/1953 16:00:00	0.144791767306
2/13/1953 16:00:00	0.145485618648
2/16/1953 16:00:00	0.144789469007
2/17/1953 16:00:00	0.144093330433
2/18/1953 16:00:00	0.143860525532
2/19/1953 16:00:00	0.144322702704
2/20/1953 16:00:00	0.144553214915
2/24/1953 16:00:00	0.14547869084
2/25/1953 16:00:00	0.146172498146
2/26/1953 16:00:00	0.146402990183
2/27/1953 16:00:00	0.146170177954
3/2/1953 16:00:00	0.146400666332
3/3/1953 16:00:00	0.14686279767
3/4/1953 16:00:00	0.145471763345
3/5/1953 16:00:00	0.145470608807
3/6/1953 16:00:00	0.145932736472
3/9/1953 16:00:00	0.145699939012
3/10/1953 16:00:00	0.146162057509
3/11/1953 16:00:00	0.147319075444
3/12/1953 16:00:00	0.147317906245
3/13/1953 16:00:00	0.147780000911
3/16/1953 16:00:00	0.147778828054
3/17/1953 16:00:00	0.148472539978
3/18/1953 16:00:00	0.148008108769
3/19/1953 16:00:00	0.147775309519
3/20/1953 16:00:00	0.147774136699
3/23/1953 16:00:00	0.146846480272
3/24/1953 16:00:00	0.147540171986
3/25/1953 16:00:00	0.147075766584
3/26/1953 16:00:00	0.146379753174
3/27/1953 16:00:00	0.146610204964
3/30/1953 16:00:00	0.144292924409
3/31/1953 16:00:00	0.142670510413
4/1/1953 16:00:00	0.142206162165
4/2/1953 16:00:00	0.142205033544
4/6/1953 16:00:00	0.138729840595
4/7/1953 16:00:00	0.139191944375
4/8/1953 16:00:00	0.140348842542
4/9/1953 16:00:00	0.140116129912
4/10/1953 16:00:00	0.139883420971
4/13/1953 16:00:00	0.139419120649
4/14/1953 16:00:00	0.140112793819
4/15/1953 16:00:00	0.140574864602
4/16/1953 16:00:00	0.140342159366
4/17/1953 16:00:00	0.138719931487
4/20/1953 16:00:00	0.13918200226
4/21/1953 16:00:00	0.13894931361
4/22/1953 16:00:00	0.137790299891
4/23/1953 16:00:00	0.136168143966
4/24/1953 16:00:00	0.136398641742
4/27/1953 16:00:00	0.137092289138
4/28/1953 16:00:00	0.138017500354
4/29/1953 16:00:00	0.138942696926
4/30/1953 16:00:00	0.138710023045
5/1/1953 16:00:00	0.139172060813
5/4/1953 16:00:00	0.140791928695
5/5/1953 16:00:00	0.140790811298
5/6/1953 16:00:00	0.140789693911
5/7/1953 16:00:00	0.140093890543
5/8/1953 16:00:00	0.140092778687
5/11/1953 16:00:00	0.140091666839
5/12/1953 16:00:00	0.139164329104
5/13/1953 16:00:00	0.138931670001
5/14/1953 16:00:00	0.139856778502
5/15/1953 16:00:00	0.139855668528
5/18/1953 16:00:00	0.139159911202
5/19/1953 16:00:00	0.138927259485
5/20/1953 16:00:00	0.140315429482
5/21/1953 16:00:00	0.141008946707
5/22/1953 16:00:00	0.140776285804
5/25/1953 16:00:00	0.140543628588
5/26/1953 16:00:00	0.139847898853
5/27/1953 16:00:00	0.138689107667
5/28/1953 16:00:00	0.137530334943
5/29/1953 16:00:00	0.137992308533
6/1/1953 16:00:00	0.135907436885
6/2/1953 16:00:00	0.136137887108
6/3/1953 16:00:00	0.135905279629
6/4/1953 16:00:00	0.134978100303
6/5/1953 16:00:00	0.135440075705
6/8/1953 16:00:00	0.134975957789
6/9/1953 16:00:00	0.13265969002
6/10/1953 16:00:00	0.132195601598
6/11/1953 16:00:00	0.133583648065
6/12/1953 16:00:00	0.133814101999
6/15/1953 16:00:00	0.132655478546
6/16/1953 16:00:00	0.132422915291
6/17/1953 16:00:00	0.134042424468
6/18/1953 16:00:00	0.134041360639
6/19/1953 16:00:00	0.134040296819
6/22/1953 16:00:00	0.134502239214
6/23/1953 16:00:00	0.135427176825
6/24/1953 16:00:00	0.135426102006
6/25/1953 16:00:00	0.135888022416
6/26/1953 16:00:00	0.13588694394
6/29/1953 16:00:00	0.13565437153
6/30/1953 16:00:00	0.135653294908
7/1/1953 16:00:00	0.136115198823
7/2/1953 16:00:00	0.136577095411
7/3/1953 16:00:00	0.136807498068
7/6/1953 16:00:00	0.136806412294
7/7/1953 16:00:00	0.137731258253
7/8/1953 16:00:00	0.137498684042
7/9/1953 16:00:00	0.137266113516
7/10/1953 16:00:00	0.137033546677
7/13/1953 16:00:00	0.135643605595
7/14/1953 16:00:00	0.1351795816
7/15/1953 16:00:00	0.135641452518
7/16/1953 16:00:00	0.135640375999
7/17/1953 16:00:00	0.13679664058
7/20/1953 16:00:00	0.135869689305
7/21/1953 16:00:00	0.135637146427
7/22/1953 16:00:00	0.135867532648
7/23/1953 16:00:00	0.135866454335
7/24/1953 16:00:00	0.13586537603
7/27/1953 16:00:00	0.134938468935
7/28/1953 16:00:00	0.135400308695
7/29/1953 16:00:00	0.136093594647
7/30/1953 16:00:00	0.137249772997
7/31/1953 16:00:00	0.138868832804
8/3/1953 16:00:00	0.139330626779
8/4/1953 16:00:00	0.138866628533
8/5/1953 16:00:00	0.138402637655
8/6/1953 16:00:00	0.139095866835
8/7/1953 16:00:00	0.138863322189
8/10/1953 16:00:00	0.1388622201
8/11/1953 16:00:00	0.138629680985
8/12/1953 16:00:00	0.138860015943
8/13/1953 16:00:00	0.13862748052
8/14/1953 16:00:00	0.138163517261
8/17/1953 16:00:00	0.137699561371
8/18/1953 16:00:00	0.137235612849
8/19/1953 16:00:00	0.136308819712
8/20/1953 16:00:00	0.136076313754
8/21/1953 16:00:00	0.136538078388
8/24/1953 16:00:00	0.13491705145
8/25/1953 16:00:00	0.133990306227
8/26/1953 16:00:00	0.133757826048
8/27/1953 16:00:00	0.13329393463
8/28/1953 16:00:00	0.133061463661
8/31/1953 16:00:00	0.130746295206
9/1/1953 16:00:00	0.131208076281
9/2/1953 16:00:00	0.131901257573
9/3/1953 16:00:00	0.131668805022
9/4/1953 16:00:00	0.132130567782
9/8/1953 16:00:00	0.132129519127
9/9/1953 16:00:00	0.132359870689
9/10/1953 16:00:00	0.131201828337
9/11/1953 16:00:00	0.129581011394
9/14/1953 16:00:00	0.127266036341
9/15/1953 16:00:00	0.128190597467
9/16/1953 16:00:00	0.128883752991
9/17/1953 16:00:00	0.129114119248
9/18/1953 16:00:00	0.128418932601
9/21/1953 16:00:00	0.128186527939
9/22/1953 16:00:00	0.129805195957
9/23/1953 16:00:00	0.130035547568
9/24/1953 16:00:00	0.13003451554
9/25/1953 16:00:00	0.130264861662
9/28/1953 16:00:00	0.131189333047
9/29/1953 16:00:00	0.131419666347
9/30/1953 16:00:00	0.130724505378
10/1/1953 16:00:00	0.1314175803
10/2/1953 16:00:00	0.132110644241
10/5/1953 16:00:00	0.131415494286
10/6/1953 16:00:00	0.130720355385
10/7/1953 16:00:00	0.131876135226
10/8/1953 16:00:00	0.132106450231
10/9/1953 16:00:00	0.132336761575
10/13/1953 16:00:00	0.131872995334
10/14/1953 16:00:00	0.132566017119
10/15/1953 16:00:00	0.133953090841
10/16/1953 16:00:00	0.134877437676
10/19/1953 16:00:00	0.135107717885
10/20/1953 16:00:00	0.135106645601
10/21/1953 16:00:00	0.135336920322
10/22/1953 16:00:00	0.135798536546
10/23/1953 16:00:00	0.136260145446
10/26/1953 16:00:00	0.135796381009
10/27/1953 16:00:00	0.135563963599
10/28/1953 16:00:00	0.135794225517
10/29/1953 16:00:00	0.137412499707
10/30/1953 16:00:00	0.137180074957
11/2/1953 16:00:00	0.137872983233
11/4/1953 16:00:00	0.136946566968
11/5/1953 16:00:00	0.137639466072
11/6/1953 16:00:00	0.137638373695
11/9/1953 16:00:00	0.137868606325
11/10/1953 16:00:00	0.136248249975
11/12/1953 16:00:00	0.136709811254
11/13/1953 16:00:00	0.137171365211
11/16/1953 16:00:00	0.136245005957
11/17/1953 16:00:00	0.135549977249
11/18/1953 16:00:00	0.13578021541
11/19/1953 16:00:00	0.136241762032
11/20/1953 16:00:00	0.136471991041
11/23/1953 16:00:00	0.136008291011
11/24/1953 16:00:00	0.136932438049
11/25/1953 16:00:00	0.136931351284
11/27/1953 16:00:00	0.137624173402
11/30/1953 16:00:00	0.138316984542
12/1/1953 16:00:00	0.138315886788
12/2/1953 16:00:00	0.139239978921
12/3/1953 16:00:00	0.139470169488
12/4/1953 16:00:00	0.139469062582
12/7/1953 16:00:00	0.139236663707
12/8/1953 16:00:00	0.138772978376
12/9/1953 16:00:00	0.138540588706
12/10/1953 16:00:00	0.138308202719
12/11/1953 16:00:00	0.138075820415
12/14/1953 16:00:00	0.137843441793
12/15/1953 16:00:00	0.137842347798
12/16/1953 16:00:00	0.139228928453
12/17/1953 16:00:00	0.139227823462
12/18/1953 16:00:00	0.139457993933
12/21/1953 16:00:00	0.139225613502
12/22/1953 16:00:00	0.138068149621
12/23/1953 16:00:00	0.137835783909
12/24/1953 16:00:00	0.138297226162
12/28/1953 16:00:00	0.137833596036
12/29/1953 16:00:00	0.136907444427
12/30/1953 16:00:00	0.138062670736
12/31/1953 16:00:00	0.13852409651
1/4/1954 16:00:00	0.13921677389
1/5/1954 16:00:00	0.139909440293
1/6/1954 16:00:00	0.140139585174
1/7/1954 16:00:00	0.139675966073
1/8/1954 16:00:00	0.138981102735
1/11/1954 16:00:00	0.138286250446
1/12/1954 16:00:00	0.138978896667
1/13/1954 16:00:00	0.139902777997
1/14/1954 16:00:00	0.140595400441
1/15/1954 16:00:00	0.141981739214
1/18/1954 16:00:00	0.141980612375
1/19/1954 16:00:00	0.143366918239
1/20/1954 16:00:00	0.143597017371
1/21/1954 16:00:00	0.143827112845
1/22/1954 16:00:00	0.144288437961
1/25/1954 16:00:00	0.144749755757
1/26/1954 16:00:00	0.145673525516
1/27/1954 16:00:00	0.145209913741
1/28/1954 16:00:00	0.145208761281
1/29/1954 16:00:00	0.145670057115
2/1/1954 16:00:00	0.144975234065
2/2/1954 16:00:00	0.144742862999
2/3/1954 16:00:00	0.145204151508
2/4/1954 16:00:00	0.146127866301
2/5/1954 16:00:00	0.146820351491
2/8/1954 16:00:00	0.146356759946
2/9/1954 16:00:00	0.146124387073
2/10/1954 16:00:00	0.145892017883
2/11/1954 16:00:00	0.145428444739
2/12/1954 16:00:00	0.145889702134
2/15/1954 16:00:00	0.145426136349
2/16/1954 16:00:00	0.144037769425
2/17/1954 16:00:00	0.144267826541
2/18/1954 16:00:00	0.144266681558
2/19/1954 16:00:00	0.144727929794
2/23/1954 16:00:00	0.144264391608
2/24/1954 16:00:00	0.144263246652
2/25/1954 16:00:00	0.144724483907
2/26/1954 16:00:00	0.146110470928
3/1/1954 16:00:00	0.146571686229
3/2/1954 16:00:00	0.147032894212
3/3/1954 16:00:00	0.147031727284
3/4/1954 16:00:00	0.147492924288
3/5/1954 16:00:00	0.148185294106
3/8/1954 16:00:00	0.14772176142
3/9/1954 16:00:00	0.14795176549
3/10/1954 16:00:00	0.148412940537
3/11/1954 16:00:00	0.14910528107
3/12/1954 16:00:00	0.149104097695
3/15/1954 16:00:00	0.148409406898
3/16/1954 16:00:00	0.148408229046
3/17/1954 16:00:00	0.148638216668
3/18/1954 16:00:00	0.149330527902
3/19/1954 16:00:00	0.149791666355
3/22/1954 16:00:00	0.149559317553
3/23/1954 16:00:00	0.148633498009
3/24/1954 16:00:00	0.147938849491
3/25/1954 16:00:00	0.147706520921
3/26/1954 16:00:00	0.148398806492
3/29/1954 16:00:00	0.14909108109
3/30/1954 16:00:00	0.149089897828
3/31/1954 16:00:00	0.150475597345
4/1/1954 16:00:00	0.151861274959
4/2/1954 16:00:00	0.152091213204
4/5/1954 16:00:00	0.152321147792
4/6/1954 16:00:00	0.150933099916
4/7/1954 16:00:00	0.151394177991
4/8/1954 16:00:00	0.153010929497
4/9/1954 16:00:00	0.153009715125
4/12/1954 16:00:00	0.154164163263
4/13/1954 16:00:00	0.154625201097
4/14/1954 16:00:00	0.155779618166
4/15/1954 16:00:00	0.15624063588
4/19/1954 16:00:00	0.15508376987
4/20/1954 16:00:00	0.155082539046
4/21/1954 16:00:00	0.154619065195
4/22/1954 16:00:00	0.154848957738
4/23/1954 16:00:00	0.155309964473
4/26/1954 16:00:00	0.15600207991
4/27/1954 16:00:00	0.155076385028
4/28/1954 16:00:00	0.155306266611
4/29/1954 16:00:00	0.157616139179
4/30/1954 16:00:00	0.158077105674
5/3/1954 16:00:00	0.157613637335
5/4/1954 16:00:00	0.158074596513
5/5/1954 16:00:00	0.158073341953
5/6/1954 16:00:00	0.159458695665
5/7/1954 16:00:00	0.160381828356
5/10/1954 16:00:00	0.160149457749
5/11/1954 16:00:00	0.159454899025
5/12/1954 16:00:00	0.160609103793
5/13/1954 16:00:00	0.159683460175
5/14/1954 16:00:00	0.161068735192
5/17/1954 16:00:00	0.161298545441
5/18/1954 16:00:00	0.161297265294
5/19/1954 16:00:00	0.160602730435
5/20/1954 16:00:00	0.161294705007
5/21/1954 16:00:00	0.162217749847
5/24/1954 16:00:00	0.162216462404
5/25/1954 16:00:00	0.161753019809
5/26/1954 16:00:00	0.16313819051
5/27/1954 16:00:00	0.162674747914
5/28/1954 16:00:00	0.1633666731
6/1/1954 16:00:00	0.163365376539
6/2/1954 16:00:00	0.163133011563
6/3/1954 16:00:00	0.163131716857
6/4/1954 16:00:00	0.162899357406
6/7/1954 16:00:00	0.162204875799
6/8/1954 16:00:00	0.158506611233
6/9/1954 16:00:00	0.157581116443
6/10/1954 16:00:00	0.158504095222
6/11/1954 16:00:00	0.159889170447
6/14/1954 16:00:00	0.1601189552
6/15/1954 16:00:00	0.161272943831
6/16/1954 16:00:00	0.162657964264
6/17/1954 16:00:00	0.162194576839
6/18/1954 16:00:00	0.162655382392
6/21/1954 16:00:00	0.162654091476
6/22/1954 16:00:00	0.162883843314
6/23/1954 16:00:00	0.163113591497
6/24/1954 16:00:00	0.16380541419
6/25/1954 16:00:00	0.163573076891
6/28/1954 16:00:00	0.164033849531
6/29/1954 16:00:00	0.164956682038
6/30/1954 16:00:00	0.163569182253
7/1/1954 16:00:00	0.163567884085
7/2/1954 16:00:00	0.165645838691
7/6/1954 16:00:00	0.167492734236
7/7/1954 16:00:00	0.167722429389
7/8/1954 16:00:00	0.167721098259
7/9/1954 16:00:00	0.168874871122
7/12/1954 16:00:00	0.168642511869
7/13/1954 16:00:00	0.168179139158
7/14/1954 16:00:00	0.168639835005
7/15/1954 16:00:00	0.169100523539
7/16/1954 16:00:00	0.168406146538
7/19/1954 16:00:00	0.167942790375
7/20/1954 16:00:00	0.167017425637
7/21/1954 16:00:00	0.168171130708
7/22/1954 16:00:00	0.169555821819
7/23/1954 16:00:00	0.16978547862
7/26/1954 16:00:00	0.170015131767
7/27/1954 16:00:00	0.170937777722
7/28/1954 16:00:00	0.171398415067
7/29/1954 16:00:00	0.172090040268
7/30/1954 16:00:00	0.173012647844
8/2/1954 16:00:00	0.173704249285
8/3/1954 16:00:00	0.173471880987
8/4/1954 16:00:00	0.173239516369
8/5/1954 16:00:00	0.172545183386
8/6/1954 16:00:00	0.170233972168
8/9/1954 16:00:00	0.168846727166
8/10/1954 16:00:00	0.170231269962
8/11/1954 16:00:00	0.172077748173
8/12/1954 16:00:00	0.17161442879
8/13/1954 16:00:00	0.172305991786
8/16/1954 16:00:00	0.174152409713
8/17/1954 16:00:00	0.174381998917
8/18/1954 16:00:00	0.174149645398
8/19/1954 16:00:00	0.174610198657
8/20/1954 16:00:00	0.175070744604
8/23/1954 16:00:00	0.173914534939
8/24/1954 16:00:00	0.172989305873
8/25/1954 16:00:00	0.171833131167
8/26/1954 16:00:00	0.171369850393
8/27/1954 16:00:00	0.17206136033
8/30/1954 16:00:00	0.170212355995
8/31/1954 16:00:00	0.167208616192
9/1/1954 16:00:00	0.168362044776
9/2/1954 16:00:00	0.169746404411
9/3/1954 16:00:00	0.171130742151
9/7/1954 16:00:00	0.172053166654
9/8/1954 16:00:00	0.172051801153
9/9/1954 16:00:00	0.172512319692
9/10/1954 16:00:00	0.172972830921
9/13/1954 16:00:00	0.174588026634
9/14/1954 16:00:00	0.175510387187
9/15/1954 16:00:00	0.175508994248
9/16/1954 16:00:00	0.176431332868
9/17/1954 16:00:00	0.177815519003
9/20/1954 16:00:00	0.177121320032
9/21/1954 16:00:00	0.178274551335
9/22/1954 16:00:00	0.179658689966
9/23/1954 16:00:00	0.180580959167
9/24/1954 16:00:00	0.181734135698
9/27/1954 16:00:00	0.182425453729
9/28/1954 16:00:00	0.183347679091
9/29/1954 16:00:00	0.182422558061
9/30/1954 16:00:00	0.181266537111
10/1/1954 16:00:00	0.181265098487
10/4/1954 16:00:00	0.18218730369
10/5/1954 16:00:00	0.183109494279
10/6/1954 16:00:00	0.18380076295
10/7/1954 16:00:00	0.183568398732
10/8/1954 16:00:00	0.183336038194
10/11/1954 16:00:00	0.181949172278
10/12/1954 16:00:00	0.181255028343
10/13/1954 16:00:00	0.181022691685
10/14/1954 16:00:00	0.178943188384
10/15/1954 16:00:00	0.178018190453
10/18/1954 16:00:00	0.178709455394
10/19/1954 16:00:00	0.179169818604
10/20/1954 16:00:00	0.18055373027
10/21/1954 16:00:00	0.180321410181
10/22/1954 16:00:00	0.180550864347
10/25/1954 16:00:00	0.179395014112
10/26/1954 16:00:00	0.179393590342
10/27/1954 16:00:00	0.179853926147
10/28/1954 16:00:00	0.178928986919
10/29/1954 16:00:00	0.177773186287
11/1/1954 16:00:00	0.178464398192
11/3/1954 16:00:00	0.182156940891
11/4/1954 16:00:00	0.184233331029
11/5/1954 16:00:00	0.183770131187
11/8/1954 16:00:00	0.185384741687
11/9/1954 16:00:00	0.18630673111
11/10/1954 16:00:00	0.186305252486
11/11/1954 16:00:00	0.187919804563
11/12/1954 16:00:00	0.188380032558
11/15/1954 16:00:00	0.188147679595
11/16/1954 16:00:00	0.188607898457
11/17/1954 16:00:00	0.18906811001
11/18/1954 16:00:00	0.187912347504
11/19/1954 16:00:00	0.187910856136
11/22/1954 16:00:00	0.188601910933
11/23/1954 16:00:00	0.191139729907
11/24/1954 16:00:00	0.192292438347
11/26/1954 16:00:00	0.194137658323
11/29/1954 16:00:00	0.194136117548
11/30/1954 16:00:00	0.192518699469
12/1/1954 16:00:00	0.190901307159
12/2/1954 16:00:00	0.192053971677
12/3/1954 16:00:00	0.193899120244
12/6/1954 16:00:00	0.195282575078
12/7/1954 16:00:00	0.196204347084
12/8/1954 16:00:00	0.195971961263
12/9/1954 16:00:00	0.195047098692
12/10/1954 16:00:00	0.194353075793
12/13/1954 16:00:00	0.194351533308
12/14/1954 16:00:00	0.192965063045
12/15/1954 16:00:00	0.194348448296
12/16/1954 16:00:00	0.196424264559
12/17/1954 16:00:00	0.201962285366
12/20/1954 16:00:00	0.198498471884
12/21/1954 16:00:00	0.198958520853
12/22/1954 16:00:00	0.198726131468
12/23/1954 16:00:00	0.198955362791
12/27/1954 16:00:00	0.197107330297
12/28/1954 16:00:00	0.199183009481
12/29/1954 16:00:00	0.201027852854
12/30/1954 16:00:00	0.201026257394
12/31/1954 16:00:00	0.20240945821
1/3/1955 16:00:00	0.206562207827
1/4/1955 16:00:00	0.204714202341
1/5/1955 16:00:00	0.199635111501
1/6/1955 16:00:00	0.196864022659
1/7/1955 16:00:00	0.198477991498
1/10/1955 16:00:00	0.201015088261
1/11/1955 16:00:00	0.200321133242
1/12/1955 16:00:00	0.19985797396
1/13/1955 16:00:00	0.198933256266
1/14/1955 16:00:00	0.198008553272
1/17/1955 16:00:00	0.194083735382
1/18/1955 16:00:00	0.19523608169
1/19/1955 16:00:00	0.196157634238
1/20/1955 16:00:00	0.197079172181
1/21/1955 16:00:00	0.198693011111
1/24/1955 16:00:00	0.199152974278
1/25/1955 16:00:00	0.199151393699
1/26/1955 16:00:00	0.201457477022
1/27/1955 16:00:00	0.201686642732
1/28/1955 16:00:00	0.20283885579
1/31/1955 16:00:00	0.205144855238
2/1/1955 16:00:00	0.205604745339
2/2/1955 16:00:00	0.205141598975
2/3/1955 16:00:00	0.203986193595
2/4/1955 16:00:00	0.206984371622
2/7/1955 16:00:00	0.206982728889
2/8/1955 16:00:00	0.203981336475
2/9/1955 16:00:00	0.205594954403
2/10/1955 16:00:00	0.207439293107
2/11/1955 16:00:00	0.207899135735
2/14/1955 16:00:00	0.206282287129
2/15/1955 16:00:00	0.206280649968
2/16/1955 16:00:00	0.205586795874
2/17/1955 16:00:00	0.206046638522
2/18/1955 16:00:00	0.206045003231
2/21/1955 16:00:00	0.205812634467
2/23/1955 16:00:00	0.205580269381
2/24/1955 16:00:00	0.204655718512
2/25/1955 16:00:00	0.2041926383
2/28/1955 16:00:00	0.205113922304
3/1/1955 16:00:00	0.205573743059
3/2/1955 16:00:00	0.207417891482
3/3/1955 16:00:00	0.208108407349
3/4/1955 16:00:00	0.20926034997
3/7/1955 16:00:00	0.207874386969
3/8/1955 16:00:00	0.203950578928
3/9/1955 16:00:00	0.201872540351
3/10/1955 16:00:00	0.203255207036
3/11/1955 16:00:00	0.199792949058
3/14/1955 16:00:00	0.194715791945
3/15/1955 16:00:00	0.19909765896
3/16/1955 16:00:00	0.200480303563
3/17/1955 16:00:00	0.201170819367
3/18/1955 16:00:00	0.201399923254
3/21/1955 16:00:00	0.200244831581
3/22/1955 16:00:00	0.20139672639
3/23/1955 16:00:00	0.203932772894
3/24/1955 16:00:00	0.205546006654
3/25/1955 16:00:00	0.205544375337
3/28/1955 16:00:00	0.204850675428
3/29/1955 16:00:00	0.205079737327
3/30/1955 16:00:00	0.203001936891
3/31/1955 16:00:00	0.203461693803
4/1/1955 16:00:00	0.20553621876
4/4/1955 16:00:00	0.204611866
4/5/1955 16:00:00	0.205532956261
4/6/1955 16:00:00	0.206454031921
4/7/1955 16:00:00	0.207375092981
4/11/1955 16:00:00	0.208065466367
4/12/1955 16:00:00	0.209217171298
4/13/1955 16:00:00	0.209446180272
4/14/1955 16:00:00	0.2099058532
4/15/1955 16:00:00	0.210596184598
4/18/1955 16:00:00	0.212439824785
4/19/1955 16:00:00	0.211976814488
4/20/1955 16:00:00	0.212436452729
4/21/1955 16:00:00	0.212665425198
4/22/1955 16:00:00	0.21081848423
4/25/1955 16:00:00	0.211278120661
4/26/1955 16:00:00	0.212429708701
4/27/1955 16:00:00	0.211274767004
4/28/1955 16:00:00	0.208735947821
4/29/1955 16:00:00	0.21034882338
5/2/1955 16:00:00	0.210808445224
5/3/1955 16:00:00	0.208730977823
5/4/1955 16:00:00	0.208498679263
5/5/1955 16:00:00	0.209419585039
5/6/1955 16:00:00	0.209648561289
5/9/1955 16:00:00	0.209877533892
5/10/1955 16:00:00	0.209414598892
5/11/1955 16:00:00	0.20710660869
5/12/1955 16:00:00	0.205721179183
5/13/1955 16:00:00	0.207103321223
5/16/1955 16:00:00	0.204795404481
5/17/1955 16:00:00	0.20433252821
5/18/1955 16:00:00	0.206175895491
5/19/1955 16:00:00	0.207327368209
5/20/1955 16:00:00	0.208709442675
5/23/1955 16:00:00	0.20709345907
5/24/1955 16:00:00	0.206861199147
5/25/1955 16:00:00	0.207782015359
5/26/1955 16:00:00	0.209164042313
5/27/1955 16:00:00	0.209392993133
5/31/1955 16:00:00	0.20916072226
6/1/1955 16:00:00	0.209620276637
6/2/1955 16:00:00	0.209849218348
6/3/1955 16:00:00	0.211692381172
6/6/1955 16:00:00	0.218839354468
6/7/1955 16:00:00	0.220451817312
6/8/1955 16:00:00	0.21629930126
6/9/1955 16:00:00	0.215144603248
6/10/1955 16:00:00	0.216295867902
6/13/1955 16:00:00	0.218369484755
6/14/1955 16:00:00	0.218598342461
6/15/1955 16:00:00	0.219749552398
6/16/1955 16:00:00	0.220208982651
6/17/1955 16:00:00	0.220898990927
6/20/1955 16:00:00	0.221127821258
6/21/1955 16:00:00	0.222970719633
6/22/1955 16:00:00	0.223430109734
6/23/1955 16:00:00	0.224350648593
6/24/1955 16:00:00	0.225271172857
6/27/1955 16:00:00	0.225499959375
6/28/1955 16:00:00	0.224345306914
6/29/1955 16:00:00	0.224343526396
6/30/1955 16:00:00	0.22572515921
7/1/1955 16:00:00	0.226415068943
7/5/1955 16:00:00	0.229180054918
7/6/1955 16:00:00	0.237247956272
7/7/1955 16:00:00	0.234018210001
7/8/1955 16:00:00	0.234246912527
7/11/1955 16:00:00	0.234706169394
7/12/1955 16:00:00	0.234704306647
7/13/1955 16:00:00	0.231935791969
7/14/1955 16:00:00	0.231933951209
7/15/1955 16:00:00	0.232854313053
7/18/1955 16:00:00	0.232391367353
7/19/1955 16:00:00	0.231006241028
7/20/1955 16:00:00	0.231696043098
7/21/1955 16:00:00	0.233999637505
7/22/1955 16:00:00	0.235842112483
7/25/1955 16:00:00	0.238376177414
7/26/1955 16:00:00	0.238835361318
7/27/1955 16:00:00	0.239986146114
7/28/1955 16:00:00	0.238370501767
7/29/1955 16:00:00	0.238599142338
8/1/1955 16:00:00	0.235139290109
8/2/1955 16:00:00	0.235598481356
8/3/1955 16:00:00	0.236057665306
8/4/1955 16:00:00	0.231906340685
8/5/1955 16:00:00	0.233057116166
8/8/1955 16:00:00	0.23167213822
8/9/1955 16:00:00	0.228443025985
8/10/1955 16:00:00	0.228441212945
8/11/1955 16:00:00	0.230514042621
8/12/1955 16:00:00	0.230973241229
8/15/1955 16:00:00	0.230510383675
8/16/1955 16:00:00	0.228894981542
8/17/1955 16:00:00	0.229123673456
8/18/1955 16:00:00	0.228660841587
8/19/1955 16:00:00	0.229581046341
8/22/1955 16:00:00	0.22934872121
8/23/1955 16:00:00	0.232343416938
8/24/1955 16:00:00	0.232802571786
8/25/1955 16:00:00	0.233722714529
8/26/1955 16:00:00	0.234642842682
8/29/1955 16:00:00	0.234640980437
8/30/1955 16:00:00	0.234178133963
8/31/1955 16:00:00	0.235559217142
9/1/1955 16:00:00	0.236709789978
9/2/1955 16:00:00	0.237860344581
9/6/1955 16:00:00	0.239241365781
9/7/1955 16:00:00	0.239008984029
9/8/1955 16:00:00	0.239237568312
9/9/1955 16:00:00	0.239235669601
9/12/1955 16:00:00	0.240847113572
9/13/1955 16:00:00	0.244071861981
9/14/1955 16:00:00	0.245222294412
9/15/1955 16:00:00	0.243837515716
9/16/1955 16:00:00	0.245679342431
9/19/1955 16:00:00	0.245907861021
9/20/1955 16:00:00	0.245675442773
9/21/1955 16:00:00	0.247056281576
9/22/1955 16:00:00	0.247054320812
9/23/1955 16:00:00	0.248435126784
9/26/1955 16:00:00	0.231840085385
9/27/1955 16:00:00	0.237138764235
9/28/1955 16:00:00	0.241054626585
9/29/1955 16:00:00	0.239439537176
9/30/1955 16:00:00	0.237363569649
10/3/1955 16:00:00	0.230909083918
10/4/1955 16:00:00	0.232750836806
10/5/1955 16:00:00	0.23367077507
10/6/1955 16:00:00	0.23205580868
10/7/1955 16:00:00	0.23021042529
10/10/1955 16:00:00	0.223525813104
10/11/1955 16:00:00	0.221450088247
10/12/1955 16:00:00	0.225596199165
10/13/1955 16:00:00	0.224672667353
10/14/1955 16:00:00	0.223749150217
10/17/1955 16:00:00	0.224438669436
10/18/1955 16:00:00	0.226049897095
10/19/1955 16:00:00	0.228121955315
10/20/1955 16:00:00	0.230885259433
10/21/1955 16:00:00	0.23088342701
10/24/1955 16:00:00	0.232724975257
10/25/1955 16:00:00	0.23111018286
10/26/1955 16:00:00	0.229264997244
10/27/1955 16:00:00	0.229493594763
10/28/1955 16:00:00	0.229491773385
10/31/1955 16:00:00	0.229489952022
11/1/1955 16:00:00	0.229027307476
11/2/1955 16:00:00	0.229486309331
11/3/1955 16:00:00	0.234092646833
11/4/1955 16:00:00	0.238007693479
11/7/1955 16:00:00	0.238927421929
11/9/1955 16:00:00	0.241459953491
11/10/1955 16:00:00	0.241918838581
11/11/1955 16:00:00	0.24491210421
11/14/1955 16:00:00	0.251130881831
11/15/1955 16:00:00	0.249976912207
11/16/1955 16:00:00	0.248362173991
11/17/1955 16:00:00	0.246517069846
11/18/1955 16:00:00	0.246054333791
11/21/1955 16:00:00	0.244439665308
11/22/1955 16:00:00	0.246741586435
11/23/1955 16:00:00	0.24697001247
11/25/1955 16:00:00	0.246737669916
11/28/1955 16:00:00	0.245123047171
11/29/1955 16:00:00	0.246042616965
11/30/1955 16:00:00	0.245579910282
12/1/1955 16:00:00	0.244886835784
12/2/1955 16:00:00	0.245115265554
12/5/1955 16:00:00	0.246495549136
12/6/1955 16:00:00	0.246493592822
12/7/1955 16:00:00	0.245570165149
12/8/1955 16:00:00	0.247180778239
12/9/1955 16:00:00	0.247409180679
12/12/1955 16:00:00	0.244873231092
12/13/1955 16:00:00	0.245101648172
12/14/1955 16:00:00	0.243026474694
12/15/1955 16:00:00	0.242794189065
12/16/1955 16:00:00	0.243022617145
12/19/1955 16:00:00	0.242559982011
12/20/1955 16:00:00	0.242097354212
12/21/1955 16:00:00	0.246932772898
12/22/1955 16:00:00	0.244396988019
12/23/1955 16:00:00	0.244855740138
12/27/1955 16:00:00	0.243471732453
12/28/1955 16:00:00	0.242548431236
12/29/1955 16:00:00	0.243007187029
12/30/1955 16:00:00	0.244617628362
1/3/1956 16:00:00	0.243003329703
1/4/1956 16:00:00	0.242080061467
1/5/1956 16:00:00	0.241847807122
1/6/1956 16:00:00	0.242997543919
1/9/1956 16:00:00	0.239540673984
1/10/1956 16:00:00	0.237465824728
1/11/1956 16:00:00	0.238845894441
1/12/1956 16:00:00	0.240686590117
1/13/1956 16:00:00	0.240224035715
1/16/1956 16:00:00	0.237458286003
1/17/1956 16:00:00	0.239298948734
1/18/1956 16:00:00	0.237684833327
1/19/1956 16:00:00	0.23537979933
1/20/1956 16:00:00	0.232614176254
1/23/1956 16:00:00	0.231921396913
1/24/1956 16:00:00	0.234913576286
1/25/1956 16:00:00	0.235372326748
1/26/1956 16:00:00	0.233988625093
1/27/1956 16:00:00	0.233295856746
1/30/1956 16:00:00	0.234215212918
1/31/1956 16:00:00	0.235825454845
2/1/1956 16:00:00	0.236975074693
2/2/1956 16:00:00	0.237894379846
2/3/1956 16:00:00	0.241116616982
2/6/1956 16:00:00	0.241114703358
2/7/1956 16:00:00	0.240191625648
2/8/1956 16:00:00	0.23765653827
2/9/1956 16:00:00	0.235121491331
2/10/1956 16:00:00	0.234889339792
2/13/1956 16:00:00	0.234657191924
2/14/1956 16:00:00	0.233734202217
2/15/1956 16:00:00	0.236956267215
2/16/1956 16:00:00	0.236033273812
2/17/1956 16:00:00	0.239715822367
2/20/1956 16:00:00	0.23925337073
2/21/1956 16:00:00	0.239942290096
2/23/1956 16:00:00	0.242012823998
2/24/1956 16:00:00	0.244083325161
2/27/1956 16:00:00	0.243851120704
2/28/1956 16:00:00	0.244770247212
2/29/1956 16:00:00	0.244077513677
3/1/1956 16:00:00	0.24522688558
3/2/1956 16:00:00	0.246606499254
3/5/1956 16:00:00	0.247986091075
3/6/1956 16:00:00	0.247984122931
3/7/1956 16:00:00	0.247751900279
3/8/1956 16:00:00	0.24844069208
3/9/1956 16:00:00	0.251431981679
3/12/1956 16:00:00	0.253732476862
3/13/1956 16:00:00	0.253500215855
3/14/1956 16:00:00	0.256030903653
3/15/1956 16:00:00	0.258561551464
3/16/1956 16:00:00	0.259250224815
3/19/1956 16:00:00	0.261780807126
3/20/1956 16:00:00	0.263160158561
3/21/1956 16:00:00	0.25993476096
3/22/1956 16:00:00	0.262465277588
3/23/1956 16:00:00	0.262923659929
3/26/1956 16:00:00	0.262000649731
3/27/1956 16:00:00	0.259926508983
3/28/1956 16:00:00	0.261305809276
3/29/1956 16:00:00	0.26130373542
4/2/1956 16:00:00	0.262452779358
4/3/1956 16:00:00	0.261529809454
4/4/1956 16:00:00	0.262909053237
4/5/1956 16:00:00	0.261755876231
4/6/1956 16:00:00	0.263135096304
4/9/1956 16:00:00	0.261981935768
4/10/1956 16:00:00	0.258296454989
4/11/1956 16:00:00	0.260366301714
4/12/1956 16:00:00	0.258752772794
4/13/1956 16:00:00	0.258520512107
4/16/1956 16:00:00	0.258518460357
4/17/1956 16:00:00	0.258286205185
4/18/1956 16:00:00	0.257363348859
4/19/1956 16:00:00	0.256440507192
4/20/1956 16:00:00	0.257359263717
4/23/1956 16:00:00	0.25689682894
4/24/1956 16:00:00	0.254823041456
4/25/1956 16:00:00	0.253900249253
4/26/1956 16:00:00	0.255969949714
4/27/1956 16:00:00	0.258730183851
4/30/1956 16:00:00	0.260799813404
5/1/1956 16:00:00	0.259646817644
5/2/1956 16:00:00	0.259644756955
5/3/1956 16:00:00	0.260563422371
5/4/1956 16:00:00	0.261482073215
5/7/1956 16:00:00	0.259868752791
5/8/1956 16:00:00	0.258945986167
5/9/1956 16:00:00	0.258483582621
5/10/1956 16:00:00	0.254338428325
5/11/1956 16:00:00	0.254106239243
5/14/1956 16:00:00	0.252723210357
5/15/1956 16:00:00	0.249959202318
5/16/1956 16:00:00	0.248346063436
5/17/1956 16:00:00	0.251336213681
5/18/1956 16:00:00	0.25018341211
5/21/1956 16:00:00	0.248109990733
5/22/1956 16:00:00	0.244195340862
5/23/1956 16:00:00	0.242812467794
5/24/1956 16:00:00	0.240509000732
5/25/1956 16:00:00	0.24050709193
5/28/1956 16:00:00	0.237743379217
5/29/1956 16:00:00	0.24326505587
5/31/1956 16:00:00	0.243723418584
6/1/1956 16:00:00	0.245792788112
6/4/1956 16:00:00	0.247171695736
6/5/1956 16:00:00	0.247399875299
6/6/1956 16:00:00	0.246247214714
6/7/1956 16:00:00	0.248086361041
6/8/1956 16:00:00	0.243481676684
6/11/1956 16:00:00	0.246701619028
6/12/1956 16:00:00	0.250151642689
6/13/1956 16:00:00	0.250379787664
6/14/1956 16:00:00	0.24991754356
6/15/1956 16:00:00	0.250145686739
6/18/1956 16:00:00	0.248993077322
6/19/1956 16:00:00	0.24945134717
6/20/1956 16:00:00	0.250369852074
6/21/1956 16:00:00	0.252208819806
6/22/1956 16:00:00	0.251286348003
6/25/1956 16:00:00	0.250363890854
6/26/1956 16:00:00	0.252202814801
6/27/1956 16:00:00	0.25404170965
6/28/1956 16:00:00	0.25426980369
6/29/1956 16:00:00	0.253577460417
7/2/1956 16:00:00	0.253345341309
7/3/1956 16:00:00	0.255414273476
7/5/1956 16:00:00	0.257943378819
7/6/1956 16:00:00	0.259321938494
7/9/1956 16:00:00	0.260470377005
7/10/1956 16:00:00	0.262078992323
7/11/1956 16:00:00	0.262767199405
7/12/1956 16:00:00	0.262304926211
7/13/1956 16:00:00	0.262993120547
7/16/1956 16:00:00	0.265291935492
7/17/1956 16:00:00	0.266210183636
7/18/1956 16:00:00	0.266208070857
7/19/1956 16:00:00	0.266205958095
7/20/1956 16:00:00	0.266433928286
7/23/1956 16:00:00	0.266431813731
7/24/1956 16:00:00	0.266429699193
7/25/1956 16:00:00	0.266887739592
7/26/1956 16:00:00	0.267115697073
7/27/1956 16:00:00	0.265042912789
7/30/1956 16:00:00	0.264580665328
7/31/1956 16:00:00	0.266649196775
8/1/1956 16:00:00	0.267797422172
8/2/1956 16:00:00	0.268025363309
8/3/1956 16:00:00	0.268023236124
8/6/1956 16:00:00	0.264340103137
8/7/1956 16:00:00	0.265488310262
8/8/1956 16:00:00	0.266406439989
8/9/1956 16:00:00	0.266404325652
8/10/1956 16:00:00	0.265021878038
8/13/1956 16:00:00	0.262489183841
8/14/1956 16:00:00	0.259266374411
8/15/1956 16:00:00	0.26455546724
8/16/1956 16:00:00	0.264093271128
8/17/1956 16:00:00	0.263631082343
8/20/1956 16:00:00	0.260638410565
8/21/1956 16:00:00	0.258796000184
8/22/1956 16:00:00	0.256033455579
8/23/1956 16:00:00	0.259251970178
8/24/1956 16:00:00	0.259019875382
8/27/1956 16:00:00	0.257407571776
8/28/1956 16:00:00	0.256945461706
8/29/1956 16:00:00	0.25579326372
8/30/1956 16:00:00	0.253490934481
8/31/1956 16:00:00	0.256709315645
9/4/1956 16:00:00	0.258777514686
9/5/1956 16:00:00	0.259465534269
9/6/1956 16:00:00	0.259923520292
9/7/1956 16:00:00	0.258311311706
9/10/1956 16:00:00	0.256929147751
9/11/1956 16:00:00	0.256007040063
9/12/1956 16:00:00	0.254164885781
9/13/1956 16:00:00	0.24910257223
9/14/1956 16:00:00	0.255080897052
9/17/1956 16:00:00	0.254618852949
9/18/1956 16:00:00	0.252776768186
9/19/1956 16:00:00	0.249784681961
9/20/1956 16:00:00	0.249782699543
9/21/1956 16:00:00	0.251620737027
9/24/1956 16:00:00	0.250698737342
9/25/1956 16:00:00	0.247246765045
9/26/1956 16:00:00	0.247704796751
9/27/1956 16:00:00	0.246552854996
9/28/1956 16:00:00	0.245170938218
10/1/1956 16:00:00	0.241719119928
10/2/1956 16:00:00	0.246087004832
10/3/1956 16:00:00	0.25022483315
10/4/1956 16:00:00	0.250222847239
10/5/1956 16:00:00	0.251140798282
10/8/1956 16:00:00	0.251138805101
10/9/1956 16:00:00	0.249756928391
10/10/1956 16:00:00	0.253204627525
10/11/1956 16:00:00	0.252972641009
10/12/1956 16:00:00	0.254120508931
10/15/1956 16:00:00	0.253428572167
10/16/1956 16:00:00	0.252046731943
10/17/1956 16:00:00	0.250204974405
10/18/1956 16:00:00	0.250662924266
10/19/1956 16:00:00	0.249971036921
10/22/1956 16:00:00	0.249969053023
10/23/1956 16:00:00	0.249277182151
10/24/1956 16:00:00	0.24835536176
10/25/1956 16:00:00	0.247893473349
10/26/1956 16:00:00	0.250191074339
10/29/1956 16:00:00	0.250878953791
10/30/1956 16:00:00	0.250647009476
10/31/1956 16:00:00	0.246505895287
11/1/1956 16:00:00	0.251562828533
11/2/1956 16:00:00	0.254090257153
11/5/1956 16:00:00	0.25730748364
11/7/1956 16:00:00	0.254776056066
11/8/1956 16:00:00	0.252704553434
11/9/1956 16:00:00	0.250633083801
11/12/1956 16:00:00	0.251550849086
11/13/1956 16:00:00	0.250169231906
11/14/1956 16:00:00	0.248787636701
11/15/1956 16:00:00	0.247406063471
11/16/1956 16:00:00	0.247404099931
11/19/1956 16:00:00	0.245102841798
11/20/1956 16:00:00	0.242801620348
11/21/1956 16:00:00	0.241650064466
11/23/1956 16:00:00	0.244177309986
11/26/1956 16:00:00	0.242795839246
11/27/1956 16:00:00	0.243023832597
11/28/1956 16:00:00	0.240262882085
11/29/1956 16:00:00	0.240260975237
11/30/1956 16:00:00	0.243937705345
12/3/1956 16:00:00	0.248763942576
12/4/1956 16:00:00	0.248072234592
12/5/1956 16:00:00	0.251059087868
12/6/1956 16:00:00	0.253356171232
12/7/1956 16:00:00	0.254503689376
12/10/1956 16:00:00	0.25335214968
12/11/1956 16:00:00	0.251510921891
12/12/1956 16:00:00	0.249669723419
12/13/1956 16:00:00	0.251736828019
12/14/1956 16:00:00	0.251964726754
12/17/1956 16:00:00	0.251962727034
12/18/1956 16:00:00	0.25196072733
12/19/1956 16:00:00	0.251269054118
12/20/1956 16:00:00	0.249427945159
12/21/1956 16:00:00	0.251035178121
12/26/1956 16:00:00	0.251033185778
12/27/1956 16:00:00	0.251031193452
12/28/1956 16:00:00	0.251948729322
12/31/1956 16:00:00	0.252636370411
1/2/1957 16:00:00	0.250105702872
1/3/1957 16:00:00	0.252402483558
1/4/1957 16:00:00	0.252630355121
1/7/1957 16:00:00	0.251478985445
1/8/1957 16:00:00	0.250557505173
1/9/1957 16:00:00	0.249865908809
1/10/1957 16:00:00	0.25055352807
1/11/1957 16:00:00	0.250091808306
1/14/1957 16:00:00	0.248250913095
1/15/1957 16:00:00	0.244571151545
1/16/1957 16:00:00	0.245028930713
1/17/1957 16:00:00	0.245026986039
1/18/1957 16:00:00	0.241807050945
1/21/1957 16:00:00	0.240426004174
1/22/1957 16:00:00	0.241113654361
1/23/1957 16:00:00	0.24295054842
1/24/1957 16:00:00	0.243868016829
1/25/1957 16:00:00	0.24294669205
1/28/1957 16:00:00	0.241105999912
1/29/1957 16:00:00	0.242253304675
1/30/1957 16:00:00	0.243400591255
1/31/1957 16:00:00	0.242479299387
2/1/1957 16:00:00	0.241787860352
2/4/1957 16:00:00	0.241326268663
2/5/1957 16:00:00	0.237876835251
2/6/1957 16:00:00	0.237415281958
2/7/1957 16:00:00	0.236494074255
2/8/1957 16:00:00	0.234883394092
2/11/1957 16:00:00	0.230744640414
2/12/1957 16:00:00	0.229823507751
2/13/1957 16:00:00	0.233269036371
2/14/1957 16:00:00	0.233037363319
2/15/1957 16:00:00	0.235793352435
2/18/1957 16:00:00	0.235561662977
2/19/1957 16:00:00	0.235789609697
2/20/1957 16:00:00	0.236477181654
2/21/1957 16:00:00	0.235785867004
2/25/1957 16:00:00	0.235324374114
2/26/1957 16:00:00	0.235552315419
2/27/1957 16:00:00	0.23532063882
2/28/1957 16:00:00	0.234629355261
3/1/1957 16:00:00	0.237155331427
3/4/1957 16:00:00	0.238991862664
3/5/1957 16:00:00	0.239909165375
3/6/1957 16:00:00	0.239907261334
3/7/1957 16:00:00	0.239905357308
3/8/1957 16:00:00	0.238984275683
3/11/1957 16:00:00	0.237373830973
3/12/1957 16:00:00	0.237371947054
3/13/1957 16:00:00	0.23897858554
3/14/1957 16:00:00	0.239206475986
3/15/1957 16:00:00	0.238974792242
3/18/1957 16:00:00	0.237823978347
3/19/1957 16:00:00	0.238970998963
3/20/1957 16:00:00	0.239198882174
3/21/1957 16:00:00	0.239426761755
3/22/1957 16:00:00	0.23919508538
3/25/1957 16:00:00	0.238274089656
3/26/1957 16:00:00	0.238272198592
3/27/1957 16:00:00	0.239419160959
3/28/1957 16:00:00	0.239876798544
3/29/1957 16:00:00	0.239415360663
4/1/1957 16:00:00	0.239643225762
4/2/1957 16:00:00	0.241249667629
4/3/1957 16:00:00	0.241937037714
4/4/1957 16:00:00	0.241245838269
4/5/1957 16:00:00	0.241473681561
4/8/1957 16:00:00	0.241012252864
4/9/1957 16:00:00	0.243307882994
4/10/1957 16:00:00	0.244224961924
4/11/1957 16:00:00	0.24422302363
4/12/1957 16:00:00	0.244221085352
4/15/1957 16:00:00	0.24421914709
4/16/1957 16:00:00	0.244446954042
4/17/1957 16:00:00	0.244904500743
4/18/1957 16:00:00	0.24674048952
4/22/1957 16:00:00	0.24696827101
4/23/1957 16:00:00	0.248115000577
4/24/1957 16:00:00	0.248342767522
4/25/1957 16:00:00	0.247651593677
4/26/1957 16:00:00	0.247190163265
4/29/1957 16:00:00	0.248566585249
4/30/1957 16:00:00	0.248564612498
5/1/1957 16:00:00	0.250170728753
5/2/1957 16:00:00	0.252236269955
5/3/1957 16:00:00	0.251774821322
5/6/1957 16:00:00	0.251543101557
5/7/1957 16:00:00	0.250851946001
5/8/1957 16:00:00	0.25176882671
5/9/1957 16:00:00	0.251996544627
5/10/1957 16:00:00	0.253143115961
5/13/1957 16:00:00	0.254749094013
5/14/1957 16:00:00	0.253598519021
5/15/1957 16:00:00	0.254515341548
5/16/1957 16:00:00	0.25566185652
5/17/1957 16:00:00	0.256348942974
5/20/1957 16:00:00	0.257495425228
5/21/1957 16:00:00	0.257493381614
5/22/1957 16:00:00	0.256342839436
5/23/1957 16:00:00	0.256340804969
5/24/1957 16:00:00	0.256798162641
5/27/1957 16:00:00	0.254269487898
5/28/1957 16:00:00	0.253808085084
5/29/1957 16:00:00	0.256102976482
5/31/1957 16:00:00	0.257938454063
6/3/1957 16:00:00	0.257706719975
6/4/1957 16:00:00	0.257245304416
6/5/1957 16:00:00	0.257243262786
6/6/1957 16:00:00	0.259997398989
6/7/1957 16:00:00	0.260225015198
6/10/1957 16:00:00	0.26068230564
6/11/1957 16:00:00	0.260909912773
6/12/1957 16:00:00	0.261596864717
6/13/1957 16:00:00	0.262054133353
6/14/1957 16:00:00	0.262052053558
6/17/1957 16:00:00	0.262509311297
6/18/1957 16:00:00	0.261588560134
6/19/1957 16:00:00	0.259749163155
6/20/1957 16:00:00	0.258139458734
6/21/1957 16:00:00	0.256529779928
6/24/1957 16:00:00	0.254690467129
6/25/1957 16:00:00	0.256755365707
6/26/1957 16:00:00	0.256294016042
6/27/1957 16:00:00	0.257210598508
6/28/1957 16:00:00	0.257897514114
7/1/1957 16:00:00	0.258354768313
7/2/1957 16:00:00	0.260878853391
7/3/1957 16:00:00	0.263862192337
7/5/1957 16:00:00	0.265008323573
7/8/1957 16:00:00	0.2663840799
7/9/1957 16:00:00	0.266381965741
7/10/1957 16:00:00	0.26683913085
7/11/1957 16:00:00	0.26614809966
7/12/1957 16:00:00	0.267294167268
7/15/1957 16:00:00	0.267521680051
7/16/1957 16:00:00	0.266371395146
7/17/1957 16:00:00	0.264532236982
7/18/1957 16:00:00	0.264300508842
7/19/1957 16:00:00	0.264528038073
7/22/1957 16:00:00	0.264066688578
7/23/1957 16:00:00	0.264523839226
7/24/1957 16:00:00	0.264751361218
7/25/1957 16:00:00	0.264978879585
7/26/1957 16:00:00	0.264058305591
7/29/1957 16:00:00	0.261071202958
7/30/1957 16:00:00	0.261069130964
7/31/1957 16:00:00	0.261067058987
8/1/1957 16:00:00	0.260605766166
8/2/1957 16:00:00	0.259914872052
8/5/1957 16:00:00	0.257616741462
8/6/1957 16:00:00	0.254400227739
8/7/1957 16:00:00	0.256464636533
8/8/1957 16:00:00	0.255544195955
8/9/1957 16:00:00	0.255771767284
8/12/1957 16:00:00	0.252555370435
8/13/1957 16:00:00	0.252553366027
8/14/1957 16:00:00	0.249337046068
8/15/1957 16:00:00	0.249335067203
8/16/1957 16:00:00	0.249792268955
8/19/1957 16:00:00	0.244739339862
8/20/1957 16:00:00	0.247033263714
8/21/1957 16:00:00	0.247949642403
8/22/1957 16:00:00	0.246340593533
8/23/1957 16:00:00	0.242665339757
8/26/1957 16:00:00	0.239449303381
8/27/1957 16:00:00	0.243350220015
8/28/1957 16:00:00	0.243577864344
8/29/1957 16:00:00	0.24265763575
8/30/1957 16:00:00	0.246558434407
9/3/1957 16:00:00	0.247933899015
9/4/1957 16:00:00	0.24586581546
9/5/1957 16:00:00	0.244486464618
9/6/1957 16:00:00	0.243795829983
9/9/1957 16:00:00	0.241727828739
9/10/1957 16:00:00	0.239430299355
9/11/1957 16:00:00	0.241494432379
9/12/1957 16:00:00	0.244706319989
9/13/1957 16:00:00	0.244474822228
9/16/1957 16:00:00	0.243325112834
9/17/1957 16:00:00	0.243552733675
9/18/1957 16:00:00	0.244009901063
9/19/1957 16:00:00	0.242401125994
9/20/1957 16:00:00	0.238496911321
9/23/1957 16:00:00	0.232985946427
9/24/1957 16:00:00	0.234590896963
9/25/1957 16:00:00	0.23458903513
9/26/1957 16:00:00	0.232521320753
9/27/1957 16:00:00	0.23228993801
9/30/1957 16:00:00	0.231599487904
10/1/1957 16:00:00	0.23343391929
10/2/1957 16:00:00	0.235268321659
10/3/1957 16:00:00	0.23549598452
10/4/1957 16:00:00	0.233657889504
10/7/1957 16:00:00	0.230672191694
10/8/1957 16:00:00	0.22906368898
10/9/1957 16:00:00	0.229291393749
10/10/1957 16:00:00	0.223781072024
10/11/1957 16:00:00	0.223779295984
10/14/1957 16:00:00	0.225384140544
10/15/1957 16:00:00	0.227677505962
10/16/1957 16:00:00	0.225839590078
10/17/1957 16:00:00	0.222165609244
10/18/1957 16:00:00	0.22032776661
10/21/1957 16:00:00	0.213899791451
10/22/1957 16:00:00	0.212980068977
10/23/1957 16:00:00	0.222617562816
10/24/1957 16:00:00	0.222386293367
10/25/1957 16:00:00	0.221925526759
10/28/1957 16:00:00	0.221005769471
10/29/1957 16:00:00	0.222380998445
10/30/1957 16:00:00	0.224215196352
10/31/1957 16:00:00	0.224442910414
11/1/1957 16:00:00	0.220998753194
11/4/1957 16:00:00	0.220767509357
11/6/1957 16:00:00	0.22099524529
11/7/1957 16:00:00	0.222370408775
11/8/1957 16:00:00	0.219614830819
11/11/1957 16:00:00	0.219613087844
11/12/1957 16:00:00	0.216628094996
11/13/1957 16:00:00	0.216167417897
11/14/1957 16:00:00	0.215706748105
11/15/1957 16:00:00	0.220753491953
11/18/1957 16:00:00	0.218915952066
11/19/1957 16:00:00	0.217766856399
11/20/1957 16:00:00	0.218224067724
11/21/1957 16:00:00	0.221434887783
11/22/1957 16:00:00	0.223498326208
11/25/1957 16:00:00	0.225332267617
11/26/1957 16:00:00	0.219364451813
11/27/1957 16:00:00	0.225558150364
11/29/1957 16:00:00	0.228309867651
12/2/1957 16:00:00	0.226242941287
12/3/1957 16:00:00	0.226241145708
12/4/1957 16:00:00	0.227157164122
12/5/1957 16:00:00	0.227155361288
12/6/1957 16:00:00	0.226006309168
12/9/1957 16:00:00	0.2239394832
12/10/1957 16:00:00	0.221872690177
12/11/1957 16:00:00	0.221641484928
12/12/1957 16:00:00	0.2218691684
12/13/1957 16:00:00	0.223014611093
12/16/1957 16:00:00	0.219571257631
12/17/1957 16:00:00	0.215669085138
12/18/1957 16:00:00	0.215667373479
12/19/1957 16:00:00	0.217730562218
12/20/1957 16:00:00	0.21612281319
12/23/1957 16:00:00	0.21612109793
12/24/1957 16:00:00	0.2163488106
12/26/1957 16:00:00	0.218641354528
12/27/1957 16:00:00	0.217721922093
12/30/1957 16:00:00	0.21680250427
12/31/1957 16:00:00	0.219094990009
1/2/1958 16:00:00	0.220928601862
1/3/1958 16:00:00	0.223679852845
1/6/1958 16:00:00	0.222760416673
1/7/1958 16:00:00	0.224364542572
1/8/1958 16:00:00	0.224362761901
1/9/1958 16:00:00	0.222984522582
1/10/1958 16:00:00	0.220918081358
1/13/1958 16:00:00	0.221604546362
1/14/1958 16:00:00	0.222520404765
1/15/1958 16:00:00	0.224353858563
1/16/1958 16:00:00	0.22458147865
1/17/1958 16:00:00	0.224809095112
1/20/1958 16:00:00	0.226183693128
1/21/1958 16:00:00	0.225952502793
1/22/1958 16:00:00	0.225262529307
1/23/1958 16:00:00	0.22617830782
1/24/1958 16:00:00	0.228011630871
1/27/1958 16:00:00	0.227321657379
1/28/1958 16:00:00	0.227549239371
1/29/1958 16:00:00	0.228923739308
1/30/1958 16:00:00	0.227775009931
1/31/1958 16:00:00	0.227773202193
2/3/1958 16:00:00	0.229606425303
2/4/1958 16:00:00	0.231898373512
2/5/1958 16:00:00	0.230520281574
2/6/1958 16:00:00	0.229830331804
2/7/1958 16:00:00	0.227993535045
2/10/1958 16:00:00	0.226615507051
2/11/1958 16:00:00	0.224549397216
2/12/1958 16:00:00	0.223400784653
2/13/1958 16:00:00	0.223628375887
2/14/1958 16:00:00	0.225690862989
2/17/1958 16:00:00	0.224542268627
2/18/1958 16:00:00	0.224769845349
2/19/1958 16:00:00	0.224538704476
2/20/1958 16:00:00	0.223160791445
2/21/1958 16:00:00	0.223159020328
2/24/1958 16:00:00	0.221781140158
2/25/1958 16:00:00	0.22155003031
2/26/1958 16:00:00	0.223153706979
2/27/1958 16:00:00	0.221775859616
2/28/1958 16:00:00	0.222691476365
3/3/1958 16:00:00	0.224295105816
3/4/1958 16:00:00	0.225440028691
3/5/1958 16:00:00	0.226126255848
3/6/1958 16:00:00	0.228876504877
3/7/1958 16:00:00	0.229333358748
3/10/1958 16:00:00	0.230019538718
3/11/1958 16:00:00	0.231623033975
3/12/1958 16:00:00	0.231162536223
3/13/1958 16:00:00	0.231390029513
3/14/1958 16:00:00	0.2307002148
3/17/1958 16:00:00	0.229093113962
3/18/1958 16:00:00	0.228174006017
3/19/1958 16:00:00	0.229318798157
3/20/1958 16:00:00	0.229316978167
3/21/1958 16:00:00	0.230920377038
3/24/1958 16:00:00	0.23183580502
3/25/1958 16:00:00	0.231146024979
3/26/1958 16:00:00	0.230226944356
3/27/1958 16:00:00	0.229537188041
3/28/1958 16:00:00	0.229764674198
3/31/1958 16:00:00	0.229074932482
4/1/1958 16:00:00	0.22815589748
4/2/1958 16:00:00	0.226319667443
4/3/1958 16:00:00	0.225629969531
4/7/1958 16:00:00	0.224940282568
4/8/1958 16:00:00	0.225397091176
4/9/1958 16:00:00	0.22654177785
4/10/1958 16:00:00	0.226769273197
4/11/1958 16:00:00	0.22699676492
4/14/1958 16:00:00	0.228370701328
4/15/1958 16:00:00	0.230661767389
4/16/1958 16:00:00	0.228825648332
4/17/1958 16:00:00	0.229740969122
4/18/1958 16:00:00	0.232031969824
4/21/1958 16:00:00	0.233405811916
4/22/1958 16:00:00	0.232486844315
4/23/1958 16:00:00	0.232484999181
4/24/1958 16:00:00	0.234317355239
4/25/1958 16:00:00	0.235461862286
4/28/1958 16:00:00	0.234772178948
4/29/1958 16:00:00	0.233623967147
4/30/1958 16:00:00	0.235914791763
5/1/1958 16:00:00	0.236371451575
5/2/1958 16:00:00	0.237286632649
5/5/1958 16:00:00	0.237743274316
5/6/1958 16:00:00	0.238887690619
5/7/1958 16:00:00	0.238427277045
5/8/1958 16:00:00	0.238654641762
5/9/1958 16:00:00	0.239340513216
5/12/1958 16:00:00	0.237275333402
5/13/1958 16:00:00	0.236814947204
5/14/1958 16:00:00	0.234062071238
5/15/1958 16:00:00	0.234977205067
5/16/1958 16:00:00	0.235204586222
5/19/1958 16:00:00	0.234514986811
5/20/1958 16:00:00	0.236576307283
5/21/1958 16:00:00	0.236115948477
5/22/1958 16:00:00	0.237260268466
5/23/1958 16:00:00	0.237716859397
5/26/1958 16:00:00	0.237714972755
5/27/1958 16:00:00	0.23725461945
5/28/1958 16:00:00	0.237711199509
5/29/1958 16:00:00	0.239084691116
6/2/1958 16:00:00	0.239999705186
6/3/1958 16:00:00	0.240914704744
6/4/1958 16:00:00	0.241142016989
6/5/1958 16:00:00	0.241369325614
6/6/1958 16:00:00	0.241825851248
6/9/1958 16:00:00	0.241365494363
6/10/1958 16:00:00	0.240905144776
6/11/1958 16:00:00	0.240903232831
6/12/1958 16:00:00	0.242276601011
6/13/1958 16:00:00	0.243879158983
6/16/1958 16:00:00	0.244564852641
6/17/1958 16:00:00	0.243187664119
6/18/1958 16:00:00	0.245477794983
6/19/1958 16:00:00	0.24135016952
6/20/1958 16:00:00	0.242723468684
6/23/1958 16:00:00	0.241804739781
6/24/1958 16:00:00	0.240886025474
6/25/1958 16:00:00	0.241342507639
6/26/1958 16:00:00	0.242715763206
6/27/1958 16:00:00	0.242943030246
6/30/1958 16:00:00	0.24477463443
7/1/1958 16:00:00	0.244772691775
7/2/1958 16:00:00	0.244999937048
7/3/1958 16:00:00	0.245914736989
7/7/1958 16:00:00	0.246600338138
7/8/1958 16:00:00	0.24545246864
7/9/1958 16:00:00	0.244533798033
7/10/1958 16:00:00	0.245448572558
7/11/1958 16:00:00	0.247050863589
7/14/1958 16:00:00	0.243840450094
7/15/1958 16:00:00	0.243838514853
7/16/1958 16:00:00	0.244524094236
7/17/1958 16:00:00	0.246126341628
7/18/1958 16:00:00	0.247270227824
7/21/1958 16:00:00	0.250247424733
7/22/1958 16:00:00	0.250703767259
7/23/1958 16:00:00	0.250701777547
7/24/1958 16:00:00	0.251845591221
7/25/1958 16:00:00	0.253676863356
7/28/1958 16:00:00	0.25459147828
7/29/1958 16:00:00	0.253443681483
7/30/1958 16:00:00	0.254129130282
7/31/1958 16:00:00	0.254585416595
8/1/1958 16:00:00	0.256416594395
8/4/1958 16:00:00	0.258706039186
8/5/1958 16:00:00	0.257558255054
8/6/1958 16:00:00	0.255952200456
8/7/1958 16:00:00	0.25778330929
8/8/1958 16:00:00	0.259156107707
8/11/1958 16:00:00	0.259841467643
8/12/1958 16:00:00	0.257318897346
8/13/1958 16:00:00	0.257775125653
8/14/1958 16:00:00	0.258231346709
8/15/1958 16:00:00	0.256167112586
8/18/1958 16:00:00	0.254561170938
8/19/1958 16:00:00	0.255017406544
8/20/1958 16:00:00	0.255015382597
8/21/1958 16:00:00	0.256617228996
8/22/1958 16:00:00	0.257302559929
8/25/1958 16:00:00	0.257300517845
8/26/1958 16:00:00	0.257985832459
8/27/1958 16:00:00	0.258212902033
8/28/1958 16:00:00	0.256836161143
8/29/1958 16:00:00	0.257292349631
9/2/1958 16:00:00	0.25843586573
9/3/1958 16:00:00	0.259579363702
9/4/1958 16:00:00	0.259119087549
9/5/1958 16:00:00	0.258200606335
9/8/1958 16:00:00	0.259114974538
9/9/1958 16:00:00	0.260945738403
9/10/1958 16:00:00	0.26002726446
9/11/1958 16:00:00	0.261628893132
9/12/1958 16:00:00	0.261168622504
9/15/1958 16:00:00	0.263457502566
9/16/1958 16:00:00	0.265517252958
9/17/1958 16:00:00	0.265515145678
9/18/1958 16:00:00	0.265742128273
9/19/1958 16:00:00	0.265740019208
9/22/1958 16:00:00	0.264592479043
9/23/1958 16:00:00	0.26665213868
9/24/1958 16:00:00	0.267566352767
9/25/1958 16:00:00	0.266647906098
9/26/1958 16:00:00	0.267103947759
9/29/1958 16:00:00	0.268018136455
9/30/1958 16:00:00	0.269161385979
10/1/1958 16:00:00	0.268701102737
10/2/1958 16:00:00	0.269615256984
10/3/1958 16:00:00	0.270529396729
10/6/1958 16:00:00	0.274421406947
10/7/1958 16:00:00	0.274419228999
10/8/1958 16:00:00	0.274187986604
10/9/1958 16:00:00	0.274185810509
10/10/1958 16:00:00	0.276016121051
10/13/1958 16:00:00	0.277159225555
10/14/1958 16:00:00	0.275324568189
10/15/1958 16:00:00	0.271657496974
10/16/1958 16:00:00	0.273487769273
10/17/1958 16:00:00	0.276234219531
10/20/1958 16:00:00	0.27508677753
10/21/1958 16:00:00	0.275084594302
10/22/1958 16:00:00	0.27416622593
10/23/1958 16:00:00	0.27347691661
10/24/1958 16:00:00	0.272558575583
10/27/1958 16:00:00	0.270495045041
10/28/1958 16:00:00	0.271409054208
10/29/1958 16:00:00	0.27392630911
10/30/1958 16:00:00	0.275069311969
10/31/1958 16:00:00	0.275296162445
11/3/1958 16:00:00	0.2764391363
11/5/1958 16:00:00	0.278956271667
11/6/1958 16:00:00	0.281244339105
11/7/1958 16:00:00	0.280096975333
11/10/1958 16:00:00	0.281697923909
11/11/1958 16:00:00	0.283985915235
11/12/1958 16:00:00	0.284441703177
11/13/1958 16:00:00	0.283065331195
11/14/1958 16:00:00	0.284437188195
11/17/1958 16:00:00	0.285350992554
11/18/1958 16:00:00	0.284661686951
11/19/1958 16:00:00	0.284888439547
11/20/1958 16:00:00	0.284886178527
11/21/1958 16:00:00	0.282135819341
11/24/1958 16:00:00	0.278698484965
11/25/1958 16:00:00	0.273200164905
11/26/1958 16:00:00	0.277778049708
11/28/1958 16:00:00	0.280981857235
12/1/1958 16:00:00	0.282124622564
12/2/1958 16:00:00	0.280748399928
12/3/1958 16:00:00	0.281204162631
12/4/1958 16:00:00	0.281201930852
12/5/1958 16:00:00	0.28074171549
12/8/1958 16:00:00	0.280739487381
12/9/1958 16:00:00	0.282569164591
12/10/1958 16:00:00	0.286001717334
12/11/1958 16:00:00	0.285312493794
12/12/1958 16:00:00	0.28462328119
12/15/1958 16:00:00	0.285307965029
12/16/1958 16:00:00	0.286450596206
12/17/1958 16:00:00	0.28828014115
12/18/1958 16:00:00	0.289422730659
12/19/1958 16:00:00	0.288962486295
12/22/1958 16:00:00	0.287128418068
12/23/1958 16:00:00	0.285523349059
12/24/1958 16:00:00	0.289184574247
12/29/1958 16:00:00	0.292387808854
12/30/1958 16:00:00	0.293530311373
12/31/1958 16:00:00	0.295130721377
1/2/1959 16:00:00	0.29627318404
1/5/1959 16:00:00	0.297415628586
1/6/1959 16:00:00	0.296955353397
1/7/1959 16:00:00	0.293289707746
1/8/1959 16:00:00	0.296034824619
1/9/1959 16:00:00	0.298093042361
1/12/1959 16:00:00	0.298090676543
1/13/1959 16:00:00	0.296485672698
1/14/1959 16:00:00	0.297170159033
1/15/1959 16:00:00	0.298312523803
1/16/1959 16:00:00	0.298310156243
1/19/1959 16:00:00	0.297620965626
1/20/1959 16:00:00	0.297847542759
1/21/1959 16:00:00	0.299447740611
1/22/1959 16:00:00	0.29921642846
1/23/1959 16:00:00	0.299442987489
1/26/1959 16:00:00	0.298067019272
1/27/1959 16:00:00	0.298064653661
1/28/1959 16:00:00	0.294857291792
1/29/1959 16:00:00	0.295083878124
1/30/1959 16:00:00	0.296455084108
2/2/1959 16:00:00	0.295079194221
2/3/1959 16:00:00	0.295534694362
2/4/1959 16:00:00	0.294387752821
2/5/1959 16:00:00	0.29301191212
2/6/1959 16:00:00	0.290720431065
2/9/1959 16:00:00	0.286597676706
2/10/1959 16:00:00	0.290486904121
2/11/1959 16:00:00	0.290713508759
2/12/1959 16:00:00	0.288651027038
2/13/1959 16:00:00	0.290937800606
2/16/1959 16:00:00	0.29139330086
2/17/1959 16:00:00	0.290475376901
2/18/1959 16:00:00	0.29047307154
2/19/1959 16:00:00	0.296879943506
2/20/1959 16:00:00	0.296877587316
2/24/1959 16:00:00	0.296646335549
2/25/1959 16:00:00	0.295499512326
2/26/1959 16:00:00	0.295954950999
2/27/1959 16:00:00	0.29641038243
3/2/1959 16:00:00	0.298010248251
3/3/1959 16:00:00	0.300983407842
3/4/1959 16:00:00	0.301438788526
3/5/1959 16:00:00	0.301894161969
3/6/1959 16:00:00	0.300747360517
3/9/1959 16:00:00	0.300516094364
3/10/1959 16:00:00	0.301200341671
3/11/1959 16:00:00	0.301655702471
3/12/1959 16:00:00	0.302797677508
3/13/1959 16:00:00	0.303253018384
3/16/1959 16:00:00	0.300046428778
3/17/1959 16:00:00	0.302561599492
3/18/1959 16:00:00	0.301872598513
3/19/1959 16:00:00	0.301641337954
3/20/1959 16:00:00	0.301867806902
3/23/1959 16:00:00	0.298890216668
3/24/1959 16:00:00	0.299574422356
3/25/1959 16:00:00	0.299114329851
3/26/1959 16:00:00	0.298425388988
3/30/1959 16:00:00	0.296821043751
3/31/1959 16:00:00	0.296818688029
4/1/1959 16:00:00	0.298189433426
4/2/1959 16:00:00	0.299789005472
4/3/1959 16:00:00	0.302075091885
4/6/1959 16:00:00	0.30298807353
4/7/1959 16:00:00	0.302527982951
4/8/1959 16:00:00	0.300923693977
4/9/1959 16:00:00	0.300692466383
4/10/1959 16:00:00	0.301147754922
4/13/1959 16:00:00	0.30206070758
4/14/1959 16:00:00	0.303660147359
4/15/1959 16:00:00	0.305030729735
4/16/1959 16:00:00	0.307545441659
4/17/1959 16:00:00	0.310060113812
4/20/1959 16:00:00	0.311430612931
4/21/1959 16:00:00	0.311199316416
4/22/1959 16:00:00	0.309137439339
4/23/1959 16:00:00	0.308448522271
4/24/1959 16:00:00	0.310505448674
4/27/1959 16:00:00	0.311418254643
4/28/1959 16:00:00	0.31027170425
4/29/1959 16:00:00	0.30912517207
4/30/1959 16:00:00	0.308436282341
5/1/1959 16:00:00	0.308891455031
5/4/1959 16:00:00	0.308889003511
5/5/1959 16:00:00	0.30934416535
5/6/1959 16:00:00	0.308655295669
5/7/1959 16:00:00	0.304763194411
5/8/1959 16:00:00	0.307048787625
5/11/1959 16:00:00	0.31047834165
5/12/1959 16:00:00	0.310475877536
5/13/1959 16:00:00	0.310702209225
5/14/1959 16:00:00	0.312758889051
5/15/1959 16:00:00	0.311612446014
5/18/1959 16:00:00	0.311609972899
5/19/1959 16:00:00	0.31252265391
5/20/1959 16:00:00	0.311376239992
5/21/1959 16:00:00	0.311602553645
5/22/1959 16:00:00	0.312743996004
5/25/1959 16:00:00	0.311826388829
5/26/1959 16:00:00	0.311366355119
5/27/1959 16:00:00	0.311821439218
5/28/1959 16:00:00	0.312962843533
5/29/1959 16:00:00	0.314561777759
6/1/1959 16:00:00	0.314330509035
6/2/1959 16:00:00	0.312269080884
6/3/1959 16:00:00	0.312266602557
6/4/1959 16:00:00	0.309061389866
6/5/1959 16:00:00	0.308372642276
6/8/1959 16:00:00	0.304252459294
6/9/1959 16:00:00	0.302191193364
6/10/1959 16:00:00	0.306763983414
6/11/1959 16:00:00	0.306990306411
6/12/1959 16:00:00	0.307216625797
6/15/1959 16:00:00	0.30561290955
6/16/1959 16:00:00	0.303322962272
6/17/1959 16:00:00	0.306065559131
6/18/1959 16:00:00	0.30583438149
6/19/1959 16:00:00	0.306289447698
6/22/1959 16:00:00	0.306287016829
6/23/1959 16:00:00	0.30628458598
6/24/1959 16:00:00	0.307883344173
6/25/1959 16:00:00	0.309710816518
6/26/1959 16:00:00	0.311080784566
6/29/1959 16:00:00	0.31313693851
6/30/1959 16:00:00	0.313591921432
7/1/1959 16:00:00	0.316334219665
7/2/1959 16:00:00	0.317932822263
7/6/1959 16:00:00	0.319988856829
7/7/1959 16:00:00	0.322044858844
7/8/1959 16:00:00	0.322042302933
7/9/1959 16:00:00	0.321811023815
7/10/1959 16:00:00	0.321579748349
7/13/1959 16:00:00	0.318832561008
7/14/1959 16:00:00	0.319516183878
7/15/1959 16:00:00	0.319742363987
7/16/1959 16:00:00	0.3188249698
7/17/1959 16:00:00	0.317678877858
7/20/1959 16:00:00	0.316075383131
7/21/1959 16:00:00	0.318817378646
7/22/1959 16:00:00	0.319958382706
7/23/1959 16:00:00	0.320184548417
7/24/1959 16:00:00	0.32018200727
7/27/1959 16:00:00	0.322237779046
7/28/1959 16:00:00	0.323836119016
7/29/1959 16:00:00	0.325434433657
7/30/1959 16:00:00	0.32474576279
7/31/1959 16:00:00	0.324743185442
8/3/1959 16:00:00	0.325884070036
8/4/1959 16:00:00	0.325424102504
8/5/1959 16:00:00	0.323592009709
8/6/1959 16:00:00	0.323360754586
8/7/1959 16:00:00	0.3215287073
8/10/1959 16:00:00	0.314665656751
8/11/1959 16:00:00	0.318779425264
8/12/1959 16:00:00	0.318090856333
8/13/1959 16:00:00	0.31763097615
8/14/1959 16:00:00	0.318314483295
8/17/1959 16:00:00	0.317854608594
8/18/1959 16:00:00	0.314650672615
8/19/1959 16:00:00	0.313047481558
8/20/1959 16:00:00	0.317618371511
8/21/1959 16:00:00	0.317387183796
8/24/1959 16:00:00	0.31624133926
8/25/1959 16:00:00	0.316924819298
8/26/1959 16:00:00	0.317379626994
8/27/1959 16:00:00	0.320121024191
8/28/1959 16:00:00	0.320118483548
8/31/1959 16:00:00	0.320115942925
9/1/1959 16:00:00	0.316226280159
9/2/1959 16:00:00	0.316452422834
9/3/1959 16:00:00	0.313020152389
9/4/1959 16:00:00	0.314389560662
9/8/1959 16:00:00	0.310042773396
9/9/1959 16:00:00	0.307753861607
9/10/1959 16:00:00	0.306150916121
9/11/1959 16:00:00	0.308434900961
9/14/1959 16:00:00	0.306146056468
9/15/1959 16:00:00	0.304543161916
9/16/1959 16:00:00	0.304769380914
9/17/1959 16:00:00	0.30316652275
9/18/1959 16:00:00	0.302020954816
9/21/1959 16:00:00	0.296988685753
9/22/1959 16:00:00	0.29630044259
9/23/1959 16:00:00	0.299956121155
9/24/1959 16:00:00	0.305212117674
9/25/1959 16:00:00	0.304981072047
9/28/1959 16:00:00	0.307036245002
9/29/1959 16:00:00	0.309091385425
9/30/1959 16:00:00	0.30565966399
10/1/1959 16:00:00	0.306114470227
10/2/1959 16:00:00	0.3074837262
10/5/1959 16:00:00	0.307024060981
10/6/1959 16:00:00	0.306793013663
10/7/1959 16:00:00	0.306104752389
10/8/1959 16:00:00	0.305416502033
10/9/1959 16:00:00	0.306557103923
10/12/1959 16:00:00	0.308154894441
10/13/1959 16:00:00	0.307238042552
10/14/1959 16:00:00	0.304949606814
10/15/1959 16:00:00	0.305632980298
10/16/1959 16:00:00	0.308373707791
10/19/1959 16:00:00	0.306542505998
10/20/1959 16:00:00	0.304711333338
10/21/1959 16:00:00	0.304023143051
10/22/1959 16:00:00	0.301277664217
10/23/1959 16:00:00	0.304246904107
10/26/1959 16:00:00	0.306073171066
10/27/1959 16:00:00	0.3088137427
10/28/1959 16:00:00	0.309039873398
10/29/1959 16:00:00	0.308808840913
10/30/1959 16:00:00	0.309263545994
11/2/1959 16:00:00	0.308803939199
11/4/1959 16:00:00	0.307887190997
11/5/1959 16:00:00	0.308341892498
11/6/1959 16:00:00	0.309939440334
11/9/1959 16:00:00	0.309251273771
11/10/1959 16:00:00	0.309248819396
11/11/1959 16:00:00	0.30924636504
11/12/1959 16:00:00	0.307643966465
11/13/1959 16:00:00	0.305813031732
11/16/1959 16:00:00	0.302610767242
11/17/1959 16:00:00	0.303294039513
11/18/1959 16:00:00	0.30671997499
11/19/1959 16:00:00	0.306488986326
11/20/1959 16:00:00	0.306486553874
11/23/1959 16:00:00	0.307169773687
11/24/1959 16:00:00	0.308767178403
11/25/1959 16:00:00	0.309221822138
11/27/1959 16:00:00	0.310590639935
11/30/1959 16:00:00	0.313787784172
12/1/1959 16:00:00	0.315842169289
12/2/1959 16:00:00	0.315382582766
12/3/1959 16:00:00	0.31606569404
12/4/1959 16:00:00	0.316748794463
12/7/1959 16:00:00	0.317431884035
12/8/1959 16:00:00	0.319486158799
12/9/1959 16:00:00	0.317426845348
12/10/1959 16:00:00	0.317652855134
12/11/1959 16:00:00	0.316964752378
12/14/1959 16:00:00	0.31787633845
12/15/1959 16:00:00	0.317188244798
12/16/1959 16:00:00	0.317414249221
12/17/1959 16:00:00	0.316954690105
12/18/1959 16:00:00	0.318551801722
12/21/1959 16:00:00	0.318777789891
12/22/1959 16:00:00	0.318546745363
12/23/1959 16:00:00	0.317401653566
12/24/1959 16:00:00	0.317627645415
12/28/1959 16:00:00	0.31762512456
12/29/1959 16:00:00	0.319450661997
12/30/1959 16:00:00	0.321961686962
12/31/1959 16:00:00	0.322416139073
1/4/1960 16:00:00	0.322642082085
1/5/1960 16:00:00	0.325153022073
1/6/1960 16:00:00	0.323779451941
1/7/1960 16:00:00	0.321491917888
1/8/1960 16:00:00	0.320346893309
1/11/1960 16:00:00	0.316459973423
1/12/1960 16:00:00	0.314401043236
1/13/1960 16:00:00	0.312799124077
1/14/1960 16:00:00	0.314396052698
1/15/1960 16:00:00	0.314393557491
1/18/1960 16:00:00	0.311649258024
1/19/1960 16:00:00	0.308219556706
1/20/1960 16:00:00	0.30730319041
1/21/1960 16:00:00	0.307986186121
1/22/1960 16:00:00	0.308897647383
1/25/1960 16:00:00	0.305468076946
1/26/1960 16:00:00	0.305922598111
1/27/1960 16:00:00	0.305234757313
1/28/1960 16:00:00	0.302033766999
1/29/1960 16:00:00	0.299289762338
2/1/1960 16:00:00	0.301115110762
2/2/1960 16:00:00	0.305681994264
2/3/1960 16:00:00	0.302938025667
2/4/1960 16:00:00	0.302707161347
2/5/1960 16:00:00	0.301105551265
2/8/1960 16:00:00	0.297676315355
2/9/1960 16:00:00	0.300415407783
2/10/1960 16:00:00	0.298585401281
2/11/1960 16:00:00	0.296755423897
2/12/1960 16:00:00	0.298352212626
2/15/1960 16:00:00	0.296750713444
2/16/1960 16:00:00	0.29446390321
2/17/1960 16:00:00	0.296060671954
2/18/1960 16:00:00	0.300170276043
2/19/1960 16:00:00	0.302452294622
2/23/1960 16:00:00	0.300850826184
2/24/1960 16:00:00	0.299706256148
2/25/1960 16:00:00	0.300617616112
2/26/1960 16:00:00	0.301985827292
2/29/1960 16:00:00	0.301754999545
3/1/1960 16:00:00	0.301067317004
3/2/1960 16:00:00	0.299009080955
3/3/1960 16:00:00	0.294438196317
3/4/1960 16:00:00	0.293293740824
3/7/1960 16:00:00	0.290321928181
3/8/1960 16:00:00	0.287350162932
3/9/1960 16:00:00	0.290545737924
3/10/1960 16:00:00	0.289401349703
3/11/1960 16:00:00	0.291454784632
3/14/1960 16:00:00	0.29190929718
3/15/1960 16:00:00	0.294191090746
3/16/1960 16:00:00	0.29578762052
3/17/1960 16:00:00	0.295328458141
3/18/1960 16:00:00	0.295554519878
3/21/1960 16:00:00	0.296008981811
3/22/1960 16:00:00	0.297148642495
3/23/1960 16:00:00	0.299430286036
3/24/1960 16:00:00	0.30079829993
3/25/1960 16:00:00	0.300795912642
3/28/1960 16:00:00	0.300108341062
3/29/1960 16:00:00	0.299649173342
3/30/1960 16:00:00	0.298961621759
3/31/1960 16:00:00	0.297360523798
4/1/1960 16:00:00	0.297814938792
4/4/1960 16:00:00	0.29826934656
4/5/1960 16:00:00	0.297353443825
4/6/1960 16:00:00	0.303517399533
4/7/1960 16:00:00	0.303514990664
4/8/1960 16:00:00	0.302827446396
4/11/1960 16:00:00	0.301683159722
4/12/1960 16:00:00	0.302365889922
4/13/1960 16:00:00	0.302363490193
4/14/1960 16:00:00	0.303046204131
4/18/1960 16:00:00	0.303728907226
4/19/1960 16:00:00	0.301442820685
4/20/1960 16:00:00	0.297558210136
4/21/1960 16:00:00	0.298469304312
4/22/1960 16:00:00	0.297553486986
4/25/1960 16:00:00	0.29458244139
4/26/1960 16:00:00	0.295493537361
4/27/1960 16:00:00	0.295491192174
4/28/1960 16:00:00	0.292976943518
4/29/1960 16:00:00	0.291832853131
5/2/1960 16:00:00	0.290460429705
5/3/1960 16:00:00	0.294340064169
5/4/1960 16:00:00	0.295251118561
5/5/1960 16:00:00	0.2943353921
5/6/1960 16:00:00	0.293876368142
5/9/1960 16:00:00	0.294102377957
5/10/1960 16:00:00	0.292044980611
5/11/1960 16:00:00	0.292727678385
5/12/1960 16:00:00	0.294323712208
5/13/1960 16:00:00	0.296604725508
5/16/1960 16:00:00	0.29637403838
5/17/1960 16:00:00	0.297513342748
5/18/1960 16:00:00	0.297282652027
5/19/1960 16:00:00	0.298650258779
5/20/1960 16:00:00	0.298876214425
5/23/1960 16:00:00	0.299102166467
5/24/1960 16:00:00	0.298643148111
5/25/1960 16:00:00	0.298640777928
5/26/1960 16:00:00	0.298638407763
5/27/1960 16:00:00	0.298864354442
5/31/1960 16:00:00	0.299318612533
6/1/1960 16:00:00	0.299544550194
6/2/1960 16:00:00	0.300912041226
6/3/1960 16:00:00	0.301366272217
6/6/1960 16:00:00	0.305016804933
6/7/1960 16:00:00	0.307982362057
6/8/1960 16:00:00	0.310262959725
6/9/1960 16:00:00	0.310945404516
6/10/1960 16:00:00	0.310714636105
6/13/1960 16:00:00	0.310940468893
6/14/1960 16:00:00	0.310481407178
6/15/1960 16:00:00	0.308424286669
6/16/1960 16:00:00	0.308193545529
6/17/1960 16:00:00	0.307734516518
6/20/1960 16:00:00	0.306362335976
6/21/1960 16:00:00	0.306131616648
6/22/1960 16:00:00	0.307042331303
6/23/1960 16:00:00	0.308637884287
6/24/1960 16:00:00	0.309091999698
6/27/1960 16:00:00	0.307035020739
6/28/1960 16:00:00	0.304978074521
6/29/1960 16:00:00	0.30497565406
6/30/1960 16:00:00	0.304973233618
7/1/1960 16:00:00	0.305655633331
7/5/1960 16:00:00	0.305424935922
7/6/1960 16:00:00	0.304965972399
7/7/1960 16:00:00	0.306561427638
7/8/1960 16:00:00	0.307243793035
7/11/1960 16:00:00	0.304502182588
7/12/1960 16:00:00	0.301304090825
7/13/1960 16:00:00	0.300388656823
7/14/1960 16:00:00	0.300614531644
7/15/1960 16:00:00	0.300155631719
7/18/1960 16:00:00	0.298327207666
7/19/1960 16:00:00	0.298324839989
7/20/1960 16:00:00	0.297637717535
7/21/1960 16:00:00	0.295124607713
7/22/1960 16:00:00	0.29283978589
7/25/1960 16:00:00	0.290098508194
7/26/1960 16:00:00	0.291922160243
7/27/1960 16:00:00	0.290093903384
7/28/1960 16:00:00	0.292145767165
7/29/1960 16:00:00	0.297164703921
8/1/1960 16:00:00	0.297162345471
8/2/1960 16:00:00	0.294649398867
8/3/1960 16:00:00	0.292821192687
8/4/1960 16:00:00	0.293731795265
8/5/1960 16:00:00	0.296696451891
8/8/1960 16:00:00	0.297150553238
8/9/1960 16:00:00	0.298745778519
8/10/1960 16:00:00	0.29988452967
8/11/1960 16:00:00	0.301251485386
8/12/1960 16:00:00	0.303074861079
8/15/1960 16:00:00	0.302844236701
8/16/1960 16:00:00	0.303526484803
8/17/1960 16:00:00	0.303980506667
8/18/1960 16:00:00	0.303978094123
8/19/1960 16:00:00	0.304888528728
8/22/1960 16:00:00	0.306027158861
8/23/1960 16:00:00	0.308991436312
8/24/1960 16:00:00	0.310586428648
8/25/1960 16:00:00	0.309214736217
8/26/1960 16:00:00	0.308071268345
8/29/1960 16:00:00	0.307156019577
8/30/1960 16:00:00	0.303958794108
8/31/1960 16:00:00	0.304640973616
9/1/1960 16:00:00	0.305323142288
9/2/1960 16:00:00	0.304636138052
9/6/1960 16:00:00	0.302123609804
9/7/1960 16:00:00	0.298241981358
9/8/1960 16:00:00	0.298011426155
9/9/1960 16:00:00	0.29983455211
9/12/1960 16:00:00	0.297778511155
9/13/1960 16:00:00	0.298460696135
9/14/1960 16:00:00	0.296404698756
9/15/1960 16:00:00	0.295261450654
9/16/1960 16:00:00	0.294574575352
9/19/1960 16:00:00	0.287726972346
9/20/1960 16:00:00	0.288637383397
9/21/1960 16:00:00	0.291601326604
9/22/1960 16:00:00	0.290458162047
9/23/1960 16:00:00	0.287946006248
9/26/1960 16:00:00	0.28360855922
9/27/1960 16:00:00	0.282921814652
9/28/1960 16:00:00	0.280409778949
9/29/1960 16:00:00	0.281092036255
9/30/1960 16:00:00	0.285881146893
10/3/1960 16:00:00	0.285194405975
10/4/1960 16:00:00	0.283138742805
10/5/1960 16:00:00	0.28518987898
10/6/1960 16:00:00	0.287012830794
10/7/1960 16:00:00	0.288607603642
10/10/1960 16:00:00	0.289061609712
10/11/1960 16:00:00	0.289515608563
10/12/1960 16:00:00	0.289285166132
10/13/1960 16:00:00	0.291336156098
10/14/1960 16:00:00	0.292930831449
10/17/1960 16:00:00	0.291787810217
10/18/1960 16:00:00	0.290188532227
10/19/1960 16:00:00	0.289729957866
10/20/1960 16:00:00	0.287674453997
10/21/1960 16:00:00	0.28675964286
10/24/1960 16:00:00	0.281510372729
10/25/1960 16:00:00	0.278770598428
10/26/1960 16:00:00	0.283330916215
10/27/1960 16:00:00	0.286294289064
10/28/1960 16:00:00	0.285151402189
10/31/1960 16:00:00	0.284921017961
11/1/1960 16:00:00	0.287884307711
11/2/1960 16:00:00	0.289478845541
11/3/1960 16:00:00	0.29038901096
11/4/1960 16:00:00	0.293124073238
11/7/1960 16:00:00	0.294034195334
11/9/1960 16:00:00	0.295400523616
11/10/1960 16:00:00	0.301100891978
11/11/1960 16:00:00	0.298133114716
11/14/1960 16:00:00	0.296534014224
11/15/1960 16:00:00	0.297900279307
11/16/1960 16:00:00	0.297213611162
11/17/1960 16:00:00	0.296298854438
11/18/1960 16:00:00	0.297893186448
11/21/1960 16:00:00	0.298347013926
11/22/1960 16:00:00	0.297204175856
11/23/1960 16:00:00	0.297658001553
11/25/1960 16:00:00	0.299480362569
11/28/1960 16:00:00	0.29879371987
11/29/1960 16:00:00	0.297879001256
11/30/1960 16:00:00	0.296280042183
12/1/1960 16:00:00	0.294909191714
12/2/1960 16:00:00	0.295363013875
12/5/1960 16:00:00	0.294904510629
12/6/1960 16:00:00	0.295814481055
12/7/1960 16:00:00	0.298777120409
12/8/1960 16:00:00	0.299458971575
12/9/1960 16:00:00	0.301965390566
12/12/1960 16:00:00	0.303103346699
12/13/1960 16:00:00	0.30332900985
12/14/1960 16:00:00	0.303098535552
12/15/1960 16:00:00	0.302183869555
12/16/1960 16:00:00	0.304918230844
12/19/1960 16:00:00	0.30445968785
12/20/1960 16:00:00	0.304229211812
12/21/1960 16:00:00	0.306735433973
12/22/1960 16:00:00	0.305820775226
12/23/1960 16:00:00	0.306046402347
12/27/1960 16:00:00	0.306500078328
12/28/1960 16:00:00	0.307865949709
12/29/1960 16:00:00	0.30945984829
12/30/1960 16:00:00	0.309685439311
1/3/1961 16:00:00	0.306718393337
1/4/1961 16:00:00	0.311048783952
1/5/1961 16:00:00	0.312186523463
1/6/1961 16:00:00	0.31149992631
1/9/1961 16:00:00	0.313549796209
1/10/1961 16:00:00	0.314459452581
1/11/1961 16:00:00	0.315597128925
1/12/1961 16:00:00	0.316506754616
1/13/1961 16:00:00	0.318100458279
1/16/1961 16:00:00	0.318097933672
1/17/1961 16:00:00	0.318323436278
1/18/1961 16:00:00	0.31877696067
1/19/1961 16:00:00	0.319230477848
1/20/1961 16:00:00	0.320368053122
1/23/1961 16:00:00	0.322189670252
1/24/1961 16:00:00	0.32309918586
1/25/1961 16:00:00	0.323552654306
1/26/1961 16:00:00	0.324006115539
1/27/1961 16:00:00	0.327423735288
1/30/1961 16:00:00	0.331297322968
1/31/1961 16:00:00	0.330382656947
2/1/1961 16:00:00	0.331064056927
2/2/1961 16:00:00	0.333341484923
2/3/1961 16:00:00	0.332882831852
2/6/1961 16:00:00	0.330600170529
2/7/1961 16:00:00	0.329913546365
2/8/1961 16:00:00	0.333102904264
2/9/1961 16:00:00	0.33196027803
2/10/1961 16:00:00	0.329449701763
2/13/1961 16:00:00	0.327395151224
2/14/1961 16:00:00	0.328988490217
2/15/1961 16:00:00	0.331721750218
2/16/1961 16:00:00	0.33377100462
2/17/1961 16:00:00	0.332856413008
2/20/1961 16:00:00	0.333993690513
2/21/1961 16:00:00	0.334219021811
2/23/1961 16:00:00	0.335584250678
2/24/1961 16:00:00	0.336949457898
2/27/1961 16:00:00	0.339454526617
2/28/1961 16:00:00	0.340363731866
3/1/1961 16:00:00	0.340361030566
3/2/1961 16:00:00	0.342638041482
3/3/1961 16:00:00	0.343319230399
3/6/1961 16:00:00	0.344000408493
3/7/1961 16:00:00	0.34080615698
3/8/1961 16:00:00	0.340803452169
3/9/1961 16:00:00	0.341028709555
3/10/1961 16:00:00	0.341026002978
3/13/1961 16:00:00	0.342163089213
3/14/1961 16:00:00	0.340564676348
3/15/1961 16:00:00	0.341701748141
3/16/1961 16:00:00	0.345346286369
3/17/1961 16:00:00	0.344203788805
3/20/1961 16:00:00	0.348760047609
3/21/1961 16:00:00	0.348301384185
3/22/1961 16:00:00	0.348070673956
3/23/1961 16:00:00	0.347156135003
3/24/1961 16:00:00	0.34669749518
3/27/1961 16:00:00	0.346466803116
3/28/1961 16:00:00	0.346691992066
3/29/1961 16:00:00	0.349652419961
3/30/1961 16:00:00	0.350333450196
4/3/1961 16:00:00	0.353293802402
4/4/1961 16:00:00	0.353746861454
4/5/1961 16:00:00	0.352832335224
4/6/1961 16:00:00	0.353513318563
4/7/1961 16:00:00	0.355561847439
4/10/1961 16:00:00	0.358522040915
4/11/1961 16:00:00	0.359202962903
4/12/1961 16:00:00	0.357604667454
4/13/1961 16:00:00	0.357373910477
4/14/1961 16:00:00	0.35805482528
4/17/1961 16:00:00	0.370587321188
4/18/1961 16:00:00	0.357137484601
4/19/1961 16:00:00	0.355311357339
4/20/1961 16:00:00	0.355308537407
4/21/1961 16:00:00	0.35507780952
4/24/1961 16:00:00	0.347781994071
4/25/1961 16:00:00	0.352793128962
4/26/1961 16:00:00	0.354157744245
4/27/1961 16:00:00	0.353699131997
4/28/1961 16:00:00	0.353012628085
5/1/1961 16:00:00	0.352326135058
5/2/1961 16:00:00	0.354830187128
5/3/1961 16:00:00	0.357789986579
5/4/1961 16:00:00	0.359382388954
5/5/1961 16:00:00	0.359835316534
5/8/1961 16:00:00	0.35937668449
5/9/1961 16:00:00	0.359601718587
5/10/1961 16:00:00	0.35937098012
5/11/1961 16:00:00	0.359368127969
5/12/1961 16:00:00	0.360048918444
5/15/1961 16:00:00	0.361869093411
5/16/1961 16:00:00	0.363233485011
5/17/1961 16:00:00	0.365053605894
5/18/1961 16:00:00	0.362999845689
5/19/1961 16:00:00	0.364364195795
5/22/1961 16:00:00	0.362310473646
5/23/1961 16:00:00	0.361396125276
5/24/1961 16:00:00	0.359114592959
5/25/1961 16:00:00	0.357972419896
5/26/1961 16:00:00	0.360248206597
5/31/1961 16:00:00	0.360928930419
6/1/1961 16:00:00	0.361153925077
6/2/1961 16:00:00	0.36206248824
6/5/1961 16:00:00	0.364110314788
6/6/1961 16:00:00	0.362968156203
6/7/1961 16:00:00	0.356357568956
6/8/1961 16:00:00	0.362050993423
6/9/1961 16:00:00	0.362048120002
6/12/1961 16:00:00	0.359311088366
6/13/1961 16:00:00	0.357485479109
6/14/1961 16:00:00	0.358394013444
6/15/1961 16:00:00	0.357024122587
6/16/1961 16:00:00	0.354287217926
6/19/1961 16:00:00	0.351094681974
6/20/1961 16:00:00	0.354281594111
6/21/1961 16:00:00	0.354278782353
6/22/1961 16:00:00	0.35290897853
6/23/1961 16:00:00	0.35450098906
6/26/1961 16:00:00	0.350852921173
6/27/1961 16:00:00	0.350850136626
6/28/1961 16:00:00	0.351530826394
6/29/1961 16:00:00	0.351300213507
6/30/1961 16:00:00	0.351980888861
7/3/1961 16:00:00	0.355167566199
7/5/1961 16:00:00	0.357442922946
7/6/1961 16:00:00	0.358351349126
7/7/1961 16:00:00	0.358348505067
7/10/1961 16:00:00	0.358117848886
7/11/1961 16:00:00	0.357887196344
7/12/1961 16:00:00	0.356061887752
7/13/1961 16:00:00	0.353553188053
7/14/1961 16:00:00	0.356056235857
7/17/1961 16:00:00	0.353319772886
7/18/1961 16:00:00	0.351266757313
7/19/1961 16:00:00	0.35308636511
7/20/1961 16:00:00	0.353083562837
7/21/1961 16:00:00	0.353991943974
7/24/1961 16:00:00	0.353989134515
7/25/1961 16:00:00	0.356264247436
7/26/1961 16:00:00	0.359450486095
7/27/1961 16:00:00	0.36377561762
7/28/1961 16:00:00	0.364456091096
7/31/1961 16:00:00	0.364680983644
8/1/1961 16:00:00	0.368094838105
8/2/1961 16:00:00	0.365814102125
8/3/1961 16:00:00	0.3678612156
8/4/1961 16:00:00	0.369908296649
8/7/1961 16:00:00	0.369905360868
8/8/1961 16:00:00	0.37081352206
8/9/1961 16:00:00	0.370582806661
8/10/1961 16:00:00	0.371718718652
8/11/1961 16:00:00	0.372399074972
8/14/1961 16:00:00	0.370573983277
8/15/1961 16:00:00	0.369887746608
8/16/1961 16:00:00	0.370795864554
8/17/1961 16:00:00	0.373070537606
8/18/1961 16:00:00	0.373978615892
8/21/1961 16:00:00	0.374886679759
8/22/1961 16:00:00	0.374883704468
8/23/1961 16:00:00	0.372603185431
8/24/1961 16:00:00	0.37032270268
8/25/1961 16:00:00	0.371003015829
8/28/1961 16:00:00	0.371227820296
8/29/1961 16:00:00	0.370313885528
8/30/1961 16:00:00	0.371905163748
8/31/1961 16:00:00	0.373496416741
9/1/1961 16:00:00	0.374176677636
9/5/1961 16:00:00	0.373035008413
9/6/1961 16:00:00	0.375764905022
9/7/1961 16:00:00	0.375078713843
9/8/1961 16:00:00	0.372570657579
9/11/1961 16:00:00	0.369379443208
9/12/1961 16:00:00	0.373247936123
9/13/1961 16:00:00	0.373472702901
9/14/1961 16:00:00	0.370964738996
9/15/1961 16:00:00	0.371644971146
9/18/1961 16:00:00	0.36936478524
9/19/1961 16:00:00	0.363213364747
9/20/1961 16:00:00	0.367992601637
9/21/1961 16:00:00	0.368445117449
9/22/1961 16:00:00	0.366848178558
9/25/1961 16:00:00	0.361835546439
9/26/1961 16:00:00	0.361832674728
9/27/1961 16:00:00	0.365700888924
9/28/1961 16:00:00	0.366381113975
9/29/1961 16:00:00	0.367289035558
10/2/1961 16:00:00	0.367513826106
10/3/1961 16:00:00	0.367510909329
10/4/1961 16:00:00	0.370012713767
10/5/1961 16:00:00	0.373425279132
10/6/1961 16:00:00	0.36886834862
10/9/1961 16:00:00	0.37433013737
10/10/1961 16:00:00	0.375465640149
10/11/1961 16:00:00	0.375690353192
10/12/1961 16:00:00	0.375687371523
10/13/1961 16:00:00	0.375229011245
10/16/1961 16:00:00	0.374087595703
10/17/1961 16:00:00	0.374312312448
10/18/1961 16:00:00	0.376358496711
10/19/1961 16:00:00	0.377721602285
10/20/1961 16:00:00	0.375214121297
10/23/1961 16:00:00	0.375666500351
10/24/1961 16:00:00	0.375208165537
10/25/1961 16:00:00	0.377254261414
10/26/1961 16:00:00	0.378161959575
10/27/1961 16:00:00	0.377475944515
10/30/1961 16:00:00	0.37792828757
10/31/1961 16:00:00	0.379063626355
11/1/1961 16:00:00	0.37997128128
11/2/1961 16:00:00	0.382017241987
11/3/1961 16:00:00	0.384063170281
11/6/1961 16:00:00	0.387019707943
11/8/1961 16:00:00	0.392025126696
11/9/1961 16:00:00	0.391566701649
11/10/1961 16:00:00	0.393157179391
11/13/1961 16:00:00	0.394292325394
11/14/1961 16:00:00	0.39656571067
11/15/1961 16:00:00	0.396790212985
11/16/1961 16:00:00	0.396559416001
11/17/1961 16:00:00	0.396556268704
11/20/1961 16:00:00	0.397236054156
11/21/1961 16:00:00	0.397688186365
11/22/1961 16:00:00	0.397229748843
11/24/1961 16:00:00	0.398137151524
11/27/1961 16:00:00	0.398133991705
11/28/1961 16:00:00	0.397675561481
11/29/1961 16:00:00	0.397672405326
11/30/1961 16:00:00	0.395392933195
12/1/1961 16:00:00	0.398121352552
12/4/1961 16:00:00	0.399483960792
12/5/1961 16:00:00	0.399025537908
12/6/1961 16:00:00	0.399477619798
12/7/1961 16:00:00	0.397881091313
12/8/1961 16:00:00	0.399926520381
12/11/1961 16:00:00	0.401971917041
12/12/1961 16:00:00	0.40333442979
12/13/1961 16:00:00	0.402875997989
12/14/1961 16:00:00	0.399913824305
12/15/1961 16:00:00	0.400138262124
12/18/1961 16:00:00	0.398769426825
12/19/1961 16:00:00	0.396034964545
12/20/1961 16:00:00	0.395349002506
12/21/1961 16:00:00	0.393980237864
12/22/1961 16:00:00	0.394432316395
12/26/1961 16:00:00	0.395111988605
12/27/1961 16:00:00	0.398522838872
12/28/1961 16:00:00	0.398974870554
12/29/1961 16:00:00	0.398288917657
1/2/1962 16:00:00	0.394871851625
1/3/1962 16:00:00	0.396006676948
1/4/1962 16:00:00	0.393272453507
1/5/1962 16:00:00	0.387807214888
1/8/1962 16:00:00	0.384845513934
1/9/1962 16:00:00	0.385070044178
1/10/1962 16:00:00	0.383929074225
1/11/1962 16:00:00	0.386429417694
1/12/1962 16:00:00	0.387791825768
1/15/1962 16:00:00	0.386878438605
1/16/1962 16:00:00	0.38459961262
1/17/1962 16:00:00	0.380727806743
1/18/1962 16:00:00	0.380952357004
1/19/1962 16:00:00	0.382997464524
1/22/1962 16:00:00	0.38344956148
1/23/1962 16:00:00	0.380488153661
1/24/1962 16:00:00	0.381167827969
1/25/1962 16:00:00	0.380937239945
1/26/1962 16:00:00	0.379796411258
1/29/1962 16:00:00	0.378428041418
1/30/1962 16:00:00	0.380017940179
1/31/1962 16:00:00	0.383883370261
2/1/1962 16:00:00	0.386155862218
2/2/1962 16:00:00	0.389338526464
2/5/1962 16:00:00	0.389790537033
2/6/1962 16:00:00	0.390242540406
2/7/1962 16:00:00	0.392742456622
2/8/1962 16:00:00	0.393649519124
2/9/1962 16:00:00	0.393191308772
2/12/1962 16:00:00	0.39296064694
2/13/1962 16:00:00	0.392957528204
2/14/1962 16:00:00	0.392954409494
2/15/1962 16:00:00	0.394771577592
2/16/1962 16:00:00	0.393858308282
2/19/1962 16:00:00	0.392945053461
2/20/1962 16:00:00	0.394307117432
2/21/1962 16:00:00	0.392483758963
2/23/1962 16:00:00	0.391570536745
2/26/1962 16:00:00	0.389519703981
2/27/1962 16:00:00	0.39019918213
2/28/1962 16:00:00	0.390651128089
3/1/1962 16:00:00	0.392013145195
3/2/1962 16:00:00	0.391782516194
3/5/1962 16:00:00	0.391096858871
3/6/1962 16:00:00	0.389956184076
3/7/1962 16:00:00	0.389498064467
3/8/1962 16:00:00	0.392225099832
3/9/1962 16:00:00	0.393359530728
3/12/1962 16:00:00	0.393356408827
3/13/1962 16:00:00	0.394490812714
3/14/1962 16:00:00	0.396307708652
3/15/1962 16:00:00	0.397214569572
3/16/1962 16:00:00	0.396528917815
3/19/1962 16:00:00	0.39607077487
3/20/1962 16:00:00	0.395157646903
3/21/1962 16:00:00	0.394244533421
3/22/1962 16:00:00	0.39378641946
3/23/1962 16:00:00	0.394010784882
3/26/1962 16:00:00	0.39082281313
3/27/1962 16:00:00	0.389909763019
3/28/1962 16:00:00	0.391726550705
3/29/1962 16:00:00	0.391723441764
3/30/1962 16:00:00	0.38921803444
4/2/1962 16:00:00	0.388077546125
4/3/1962 16:00:00	0.385117251549
4/4/1962 16:00:00	0.383294385251
4/5/1962 16:00:00	0.385793561771
4/6/1962 16:00:00	0.385335554679
4/9/1962 16:00:00	0.382375375911
4/10/1962 16:00:00	0.383737155139
4/11/1962 16:00:00	0.383051708026
4/12/1962 16:00:00	0.380091617931
4/13/1962 16:00:00	0.380316064896
4/16/1962 16:00:00	0.378493352424
4/17/1962 16:00:00	0.380310028088
4/18/1962 16:00:00	0.382354133111
4/19/1962 16:00:00	0.384170749396
4/23/1962 16:00:00	0.383940245863
4/24/1962 16:00:00	0.383482293214
4/25/1962 16:00:00	0.379385132694
4/26/1962 16:00:00	0.375742935776
4/27/1962 16:00:00	0.371645902331
4/30/1962 16:00:00	0.365729370471
5/1/1962 16:00:00	0.368228347879
5/2/1962 16:00:00	0.36981751835
5/3/1962 16:00:00	0.372998743965
5/4/1962 16:00:00	0.371403715848
5/7/1962 16:00:00	0.370263585971
5/8/1962 16:00:00	0.365484520034
5/9/1962 16:00:00	0.36047809762
5/10/1962 16:00:00	0.356381479107
5/11/1962 16:00:00	0.351375209368
5/14/1962 16:00:00	0.353874121195
5/15/1962 16:00:00	0.360694078504
5/16/1962 16:00:00	0.360463792095
5/17/1962 16:00:00	0.358641555665
5/18/1962 16:00:00	0.35818386903
5/21/1962 16:00:00	0.356816516323
5/22/1962 16:00:00	0.349763772396
5/23/1962 16:00:00	0.3429385562
5/24/1962 16:00:00	0.340206880437
5/25/1962 16:00:00	0.333836671925
5/28/1962 16:00:00	0.311547923076
5/29/1962 16:00:00	0.326099514033
5/31/1962 16:00:00	0.334738335658
6/1/1962 16:00:00	0.33337125644
6/4/1962 16:00:00	0.321543709317
6/5/1962 16:00:00	0.323360358001
6/6/1962 16:00:00	0.327905757303
6/7/1962 16:00:00	0.32813055138
6/8/1962 16:00:00	0.328355341868
6/11/1962 16:00:00	0.324941842433
6/12/1962 16:00:00	0.316525793851
6/13/1962 16:00:00	0.311975497348
6/14/1962 16:00:00	0.305378787078
6/15/1962 16:00:00	0.314244399696
6/18/1962 16:00:00	0.313332370527
6/19/1962 16:00:00	0.312192973855
6/20/1962 16:00:00	0.307870272897
6/21/1962 16:00:00	0.30127385761
6/22/1962 16:00:00	0.296269183629
6/25/1962 16:00:00	0.294902584319
6/26/1962 16:00:00	0.294218125277
6/27/1962 16:00:00	0.29580738749
6/28/1962 16:00:00	0.306036655829
6/29/1962 16:00:00	0.308080534472
7/2/1962 16:00:00	0.314216963507
7/3/1962 16:00:00	0.317852292743
7/5/1962 16:00:00	0.319668667346
7/6/1962 16:00:00	0.31602836452
7/9/1962 16:00:00	0.318299441714
7/10/1962 16:00:00	0.321934623434
7/11/1962 16:00:00	0.324887682878
7/12/1962 16:00:00	0.326703929781
7/13/1962 16:00:00	0.325564580004
7/16/1962 16:00:00	0.325561996158
7/17/1962 16:00:00	0.319648370503
7/18/1962 16:00:00	0.316462990661
7/19/1962 16:00:00	0.317824543665
7/20/1962 16:00:00	0.320095444307
7/23/1962 16:00:00	0.319865563353
7/24/1962 16:00:00	0.31736229894
7/25/1962 16:00:00	0.318041790863
7/26/1962 16:00:00	0.319857947441
7/27/1962 16:00:00	0.322128741846
7/30/1962 16:00:00	0.32576348934
7/31/1962 16:00:00	0.32803420112
8/1/1962 16:00:00	0.325530990458
8/2/1962 16:00:00	0.326665037432
8/3/1962 16:00:00	0.327571742103
8/6/1962 16:00:00	0.325523239705
8/7/1962 16:00:00	0.323474769904
8/8/1962 16:00:00	0.324154159292
8/9/1962 16:00:00	0.324606220804
8/10/1962 16:00:00	0.324603644564
8/13/1962 16:00:00	0.325055695298
8/14/1962 16:00:00	0.328462790617
8/15/1962 16:00:00	0.330960592556
8/16/1962 16:00:00	0.330730657785
8/17/1962 16:00:00	0.332773789585
8/20/1962 16:00:00	0.335044193534
8/21/1962 16:00:00	0.333677718197
8/22/1962 16:00:00	0.337311884328
8/23/1962 16:00:00	0.336854609023
8/24/1962 16:00:00	0.33639734096
8/27/1962 16:00:00	0.336167375639
8/28/1962 16:00:00	0.331846127429
8/29/1962 16:00:00	0.331161618126
8/30/1962 16:00:00	0.331386279919
8/31/1962 16:00:00	0.333883820706
9/4/1962 16:00:00	0.33069916029
9/5/1962 16:00:00	0.328196404584
9/6/1962 16:00:00	0.329557496823
9/7/1962 16:00:00	0.32978216232
9/10/1962 16:00:00	0.33023410346
9/11/1962 16:00:00	0.33091331484
9/12/1962 16:00:00	0.332501617942
9/13/1962 16:00:00	0.331589883708
9/14/1962 16:00:00	0.332723612164
9/17/1962 16:00:00	0.333857322635
9/18/1962 16:00:00	0.333627404544
9/19/1962 16:00:00	0.333170223459
9/20/1962 16:00:00	0.330894931069
9/21/1962 16:00:00	0.326119781875
9/24/1962 16:00:00	0.320208403149
9/25/1962 16:00:00	0.322023936494
9/26/1962 16:00:00	0.317476229915
9/27/1962 16:00:00	0.315428408853
9/28/1962 16:00:00	0.318152952216
10/1/1962 16:00:00	0.313832637126
10/2/1962 16:00:00	0.317238900596
10/3/1962 16:00:00	0.317690879819
10/4/1962 16:00:00	0.3206425655
10/5/1962 16:00:00	0.3229124698
10/8/1962 16:00:00	0.322909907003
10/9/1962 16:00:00	0.323816309481
10/10/1962 16:00:00	0.324040979026
10/11/1962 16:00:00	0.322902218706
10/12/1962 16:00:00	0.322445184183
10/15/1962 16:00:00	0.324260497873
10/16/1962 16:00:00	0.323121762857
10/17/1962 16:00:00	0.321983045927
10/18/1962 16:00:00	0.319026517608
10/19/1962 16:00:00	0.314706675228
10/22/1962 16:00:00	0.311295802012
10/23/1962 16:00:00	0.303113295737
10/24/1962 16:00:00	0.312654187243
10/25/1962 16:00:00	0.309697850894
10/26/1962 16:00:00	0.309013739598
10/29/1962 16:00:00	0.315827766658
10/30/1962 16:00:00	0.3203695445
10/31/1962 16:00:00	0.320367001885
11/1/1962 16:00:00	0.323772618884
11/2/1962 16:00:00	0.327405390946
11/5/1962 16:00:00	0.330810898572
11/7/1962 16:00:00	0.332853120676
11/8/1962 16:00:00	0.330578444032
11/9/1962 16:00:00	0.33330224055
11/12/1962 16:00:00	0.33784359312
11/13/1962 16:00:00	0.337159317485
11/14/1962 16:00:00	0.341246175118
11/15/1962 16:00:00	0.340107494195
11/16/1962 16:00:00	0.341240758503
11/19/1962 16:00:00	0.339193331983
11/20/1962 16:00:00	0.342825665634
11/21/1962 16:00:00	0.345094817993
11/23/1962 16:00:00	0.349181418661
11/26/1962 16:00:00	0.348269912393
11/27/1962 16:00:00	0.350311785797
11/28/1962 16:00:00	0.352580807009
11/29/1962 16:00:00	0.354395435589
11/30/1962 16:00:00	0.353483916681
12/3/1962 16:00:00	0.351663713224
12/4/1962 16:00:00	0.355750035187
12/5/1962 16:00:00	0.354384184819
12/6/1962 16:00:00	0.357334573786
12/7/1962 16:00:00	0.358240408042
12/10/1962 16:00:00	0.353694249607
12/11/1962 16:00:00	0.353918606447
12/12/1962 16:00:00	0.35573309465
12/13/1962 16:00:00	0.354594469664
12/14/1962 16:00:00	0.355500289553
12/17/1962 16:00:00	0.35436168445
12/18/1962 16:00:00	0.352768787574
12/19/1962 16:00:00	0.355718978316
12/20/1962 16:00:00	0.357079063113
12/21/1962 16:00:00	0.355940481496
12/24/1962 16:00:00	0.355937656571
12/26/1962 16:00:00	0.358206290869
12/27/1962 16:00:00	0.357749159705
12/28/1962 16:00:00	0.357973462749
12/31/1962 16:00:00	0.358879183778
1/2/1963 16:00:00	0.356377809568
1/3/1963 16:00:00	0.362280540795
1/4/1963 16:00:00	0.364549016906
1/7/1963 16:00:00	0.36454612366
1/8/1963 16:00:00	0.367950203555
1/9/1963 16:00:00	0.367038764294
1/10/1963 16:00:00	0.367717235133
1/11/1963 16:00:00	0.368395695189
1/14/1963 16:00:00	0.370436890561
1/15/1963 16:00:00	0.369979705471
1/16/1963 16:00:00	0.367478440849
1/17/1963 16:00:00	0.369973832666
1/18/1963 16:00:00	0.370198013513
1/21/1963 16:00:00	0.37087642147
1/22/1963 16:00:00	0.371554818646
1/23/1963 16:00:00	0.372687428535
1/24/1963 16:00:00	0.37336580055
1/25/1963 16:00:00	0.374271269934
1/28/1963 16:00:00	0.376085150352
1/29/1963 16:00:00	0.376082165549
1/30/1963 16:00:00	0.3738081532
1/31/1963 16:00:00	0.375849094961
2/1/1963 16:00:00	0.376300310334
2/4/1963 16:00:00	0.375616031771
2/5/1963 16:00:00	0.375158859601
2/6/1963 16:00:00	0.376745538335
2/7/1963 16:00:00	0.375379996615
2/8/1963 16:00:00	0.375377017409
2/11/1963 16:00:00	0.373103154878
2/12/1963 16:00:00	0.373327280263
2/13/1963 16:00:00	0.375140995111
2/14/1963 16:00:00	0.376273432436
2/15/1963 16:00:00	0.376724608399
2/18/1963 16:00:00	0.377175777181
2/19/1963 16:00:00	0.375356163483
2/20/1963 16:00:00	0.373309502995
2/21/1963 16:00:00	0.373760688035
2/25/1963 16:00:00	0.371032856397
2/26/1963 16:00:00	0.371029911692
2/27/1963 16:00:00	0.368529213627
2/28/1963 16:00:00	0.36443908864
3/1/1963 16:00:00	0.363300872003
3/4/1963 16:00:00	0.366703934338
3/5/1963 16:00:00	0.366928085249
3/6/1963 16:00:00	0.367379292038
3/7/1963 16:00:00	0.369646952918
3/8/1963 16:00:00	0.370098130948
3/11/1963 16:00:00	0.371003409934
3/12/1963 16:00:00	0.371908674544
3/13/1963 16:00:00	0.373268025725
3/14/1963 16:00:00	0.371448673861
3/15/1963 16:00:00	0.373262100789
3/18/1963 16:00:00	0.371442777803
3/19/1963 16:00:00	0.370758700057
3/20/1963 16:00:00	0.37325321356
3/21/1963 16:00:00	0.372796171897
3/22/1963 16:00:00	0.374609516106
3/25/1963 16:00:00	0.374833579085
3/26/1963 16:00:00	0.375738741293
3/27/1963 16:00:00	0.377324986544
3/28/1963 16:00:00	0.376640899868
3/29/1963 16:00:00	0.376637910655
4/1/1963 16:00:00	0.378224110961
4/2/1963 16:00:00	0.377994083906
4/3/1963 16:00:00	0.381169412586
4/4/1963 16:00:00	0.38366362599
4/5/1963 16:00:00	0.386157799908
4/8/1963 16:00:00	0.387516843805
4/9/1963 16:00:00	0.387059735652
4/10/1963 16:00:00	0.386148605718
4/11/1963 16:00:00	0.388869693468
4/15/1963 16:00:00	0.390682694502
4/16/1963 16:00:00	0.390906602965
4/17/1963 16:00:00	0.389541456619
4/18/1963 16:00:00	0.389311359509
4/19/1963 16:00:00	0.391124299402
4/22/1963 16:00:00	0.391575199071
4/23/1963 16:00:00	0.392934092024
4/24/1963 16:00:00	0.393838966779
4/25/1963 16:00:00	0.394062837596
4/26/1963 16:00:00	0.393832715391
4/29/1963 16:00:00	0.393375603895
4/30/1963 16:00:00	0.39428044633
5/1/1963 16:00:00	0.395185274395
5/2/1963 16:00:00	0.39631707561
5/3/1963 16:00:00	0.395405987337
5/6/1963 16:00:00	0.392679042163
5/7/1963 16:00:00	0.391994979347
5/8/1963 16:00:00	0.395169592485
5/9/1963 16:00:00	0.397209262843
5/10/1963 16:00:00	0.398114017275
5/13/1963 16:00:00	0.397883882715
5/14/1963 16:00:00	0.396291913053
5/15/1963 16:00:00	0.397423624446
5/16/1963 16:00:00	0.396512592222
5/17/1963 16:00:00	0.396509445297
5/20/1963 16:00:00	0.394690571114
5/21/1963 16:00:00	0.395595295052
5/22/1963 16:00:00	0.395592155407
5/23/1963 16:00:00	0.395362055284
5/24/1963 16:00:00	0.39490500009
5/27/1963 16:00:00	0.393994038337
5/28/1963 16:00:00	0.394671776674
5/29/1963 16:00:00	0.396484270703
5/31/1963 16:00:00	0.399204542004
6/3/1963 16:00:00	0.39852052458
6/4/1963 16:00:00	0.398517361719
6/5/1963 16:00:00	0.397606414459
6/6/1963 16:00:00	0.397830203153
6/7/1963 16:00:00	0.396919275769
6/10/1963 16:00:00	0.394192837275
6/11/1963 16:00:00	0.394643586524
6/12/1963 16:00:00	0.396682888174
6/13/1963 16:00:00	0.395771998735
6/14/1963 16:00:00	0.395768857687
6/17/1963 16:00:00	0.396673443402
6/18/1963 16:00:00	0.394400996325
6/19/1963 16:00:00	0.394851722311
6/20/1963 16:00:00	0.394167809735
6/21/1963 16:00:00	0.395526228258
6/24/1963 16:00:00	0.395296166482
6/25/1963 16:00:00	0.394385345706
6/26/1963 16:00:00	0.390751510525
6/27/1963 16:00:00	0.388933071294
6/28/1963 16:00:00	0.390518392633
7/1/1963 16:00:00	0.387565415823
7/2/1963 16:00:00	0.390966017447
7/3/1963 16:00:00	0.393685835151
7/5/1963 16:00:00	0.395044160234
7/8/1963 16:00:00	0.392318147351
7/9/1963 16:00:00	0.394130270949
7/10/1963 16:00:00	0.393219531484
7/11/1963 16:00:00	0.392308806467
7/12/1963 16:00:00	0.391624995149
7/15/1963 16:00:00	0.389352912535
7/16/1963 16:00:00	0.388896031159
7/17/1963 16:00:00	0.38753158168
7/18/1963 16:00:00	0.385259585765
7/19/1963 16:00:00	0.384348967288
7/22/1963 16:00:00	0.381623255974
7/23/1963 16:00:00	0.381620227218
7/24/1963 16:00:00	0.383886046448
7/25/1963 16:00:00	0.383656116727
7/26/1963 16:00:00	0.385241240268
7/29/1963 16:00:00	0.385918821032
7/30/1963 16:00:00	0.389092044777
7/31/1963 16:00:00	0.388408329261
8/1/1963 16:00:00	0.387951498607
8/2/1963 16:00:00	0.389309652956
8/5/1963 16:00:00	0.391575267468
8/6/1963 16:00:00	0.394067714734
8/7/1963 16:00:00	0.392930252974
8/8/1963 16:00:00	0.393153999522
8/9/1963 16:00:00	0.395873238164
8/12/1963 16:00:00	0.396323819222
8/13/1963 16:00:00	0.397454972075
8/14/1963 16:00:00	0.399039822696
8/15/1963 16:00:00	0.400624648186
8/16/1963 16:00:00	0.401302031447
8/19/1963 16:00:00	0.401071994034
8/20/1963 16:00:00	0.400615109572
8/21/1963 16:00:00	0.400158232341
8/22/1963 16:00:00	0.401516138905
8/23/1963 16:00:00	0.40264717865
8/26/1963 16:00:00	0.403551356961
8/27/1963 16:00:00	0.401279737327
8/28/1963 16:00:00	0.40422547093
8/29/1963 16:00:00	0.404675938966
8/30/1963 16:00:00	0.40671425385
9/3/1963 16:00:00	0.407618363948
9/4/1963 16:00:00	0.407388296181
9/5/1963 16:00:00	0.409426541039
9/6/1963 16:00:00	0.408515975188
9/9/1963 16:00:00	0.406924941867
9/10/1963 16:00:00	0.409189967275
9/11/1963 16:00:00	0.410320838271
9/12/1963 16:00:00	0.410090759844
9/13/1963 16:00:00	0.410087505156
9/16/1963 16:00:00	0.409403795562
9/17/1963 16:00:00	0.40985417934
9/18/1963 16:00:00	0.408036408856
9/19/1963 16:00:00	0.410301299482
9/20/1963 16:00:00	0.410751665344
9/23/1963 16:00:00	0.408707121595
9/24/1963 16:00:00	0.410518337917
9/25/1963 16:00:00	0.40824702272
9/26/1963 16:00:00	0.404841724141
9/27/1963 16:00:00	0.403931302766
9/30/1963 16:00:00	0.401433293857
10/1/1963 16:00:00	0.404378488003
10/2/1963 16:00:00	0.404828872018
10/3/1963 16:00:00	0.407773992613
10/4/1963 16:00:00	0.407770756311
10/7/1963 16:00:00	0.406860354838
10/8/1963 16:00:00	0.406403546796
10/9/1963 16:00:00	0.402318142888
10/10/1963 16:00:00	0.40412923689
10/11/1963 16:00:00	0.404352813598
10/14/1963 16:00:00	0.404576386734
10/15/1963 16:00:00	0.405026736782
10/16/1963 16:00:00	0.408198423916
10/17/1963 16:00:00	0.409782622561
10/18/1963 16:00:00	0.410232920537
10/21/1963 16:00:00	0.410456438031
10/22/1963 16:00:00	0.407958693801
10/23/1963 16:00:00	0.408182225735
10/24/1963 16:00:00	0.409766361516
10/25/1963 16:00:00	0.413844899389
10/28/1963 16:00:00	0.416562786847
10/29/1963 16:00:00	0.416332718253
10/30/1963 16:00:00	0.412474481449
10/31/1963 16:00:00	0.413831761381
11/1/1963 16:00:00	0.412694691355
11/4/1963 16:00:00	0.410423862751
11/6/1963 16:00:00	0.406792549173
11/7/1963 16:00:00	0.408149830859
11/8/1963 16:00:00	0.409960590823
11/11/1963 16:00:00	0.40134090882
11/12/1963 16:00:00	0.401791216127
11/13/1963 16:00:00	0.409270595103
11/14/1963 16:00:00	0.407453405228
11/15/1963 16:00:00	0.404049057904
11/18/1963 16:00:00	0.401098242999
11/19/1963 16:00:00	0.401548534234
11/20/1963 16:00:00	0.405173115013
11/21/1963 16:00:00	0.399955024342
11/22/1963 16:00:00	0.388615256435
11/26/1963 16:00:00	0.404029813633
11/27/1963 16:00:00	0.403346422176
11/29/1963 16:00:00	0.408784656726
12/2/1963 16:00:00	0.411048659529
12/3/1963 16:00:00	0.410818674315
12/4/1963 16:00:00	0.411949019462
12/5/1963 16:00:00	0.414439662637
12/6/1963 16:00:00	0.412849350655
12/9/1963 16:00:00	0.412619358339
12/10/1963 16:00:00	0.412842797516
12/11/1963 16:00:00	0.412159384581
12/12/1963 16:00:00	0.412156113475
12/13/1963 16:00:00	0.413059676527
12/16/1963 16:00:00	0.414416638704
12/17/1963 16:00:00	0.416680399129
12/18/1963 16:00:00	0.416223685831
12/19/1963 16:00:00	0.414860174345
12/20/1963 16:00:00	0.414176783157
12/23/1963 16:00:00	0.41145312308
12/24/1963 16:00:00	0.412356641321
12/26/1963 16:00:00	0.414166921773
12/27/1963 16:00:00	0.414843711781
12/30/1963 16:00:00	0.415520491029
12/31/1963 16:00:00	0.418010769571
1/2/1964 16:00:00	0.420274321708
1/3/1964 16:00:00	0.420724356556
1/6/1964 16:00:00	0.421854434382
1/7/1964 16:00:00	0.422077767919
1/8/1964 16:00:00	0.423887856411
1/9/1964 16:00:00	0.425471238208
1/10/1964 16:00:00	0.425241185246
1/13/1964 16:00:00	0.425237810316
1/14/1964 16:00:00	0.42614112584
1/15/1964 16:00:00	0.427724439449
1/16/1964 16:00:00	0.427267706772
1/17/1964 16:00:00	0.427490982977
1/20/1964 16:00:00	0.42680759393
1/21/1964 16:00:00	0.427937524661
1/22/1964 16:00:00	0.430427408401
1/23/1964 16:00:00	0.430877312383
1/24/1964 16:00:00	0.430873892722
1/27/1964 16:00:00	0.430870473087
1/28/1964 16:00:00	0.431093708122
1/29/1964 16:00:00	0.428370452623
1/30/1964 16:00:00	0.429047005956
1/31/1964 16:00:00	0.430856794719
2/3/1964 16:00:00	0.430626727775
2/4/1964 16:00:00	0.43017001881
2/5/1964 16:00:00	0.429486673225
2/6/1964 16:00:00	0.430616474821
2/7/1964 16:00:00	0.432199538979
2/10/1964 16:00:00	0.431289554993
2/11/1964 16:00:00	0.433099225302
2/12/1964 16:00:00	0.434455597191
2/13/1964 16:00:00	0.43422551606
2/14/1964 16:00:00	0.433995438554
2/17/1964 16:00:00	0.433991994146
2/18/1964 16:00:00	0.434215177438
2/19/1964 16:00:00	0.434664983037
2/20/1964 16:00:00	0.435114781472
2/24/1964 16:00:00	0.435564572744
2/25/1964 16:00:00	0.435561115883
2/26/1964 16:00:00	0.436917371169
2/27/1964 16:00:00	0.435554202208
2/28/1964 16:00:00	0.436457205787
3/2/1964 16:00:00	0.437586808315
3/3/1964 16:00:00	0.43916961591
3/4/1964 16:00:00	0.438259691601
3/5/1964 16:00:00	0.43825621335
3/6/1964 16:00:00	0.439838977884
3/9/1964 16:00:00	0.440062091415
3/10/1964 16:00:00	0.44164481649
3/11/1964 16:00:00	0.443680717913
3/12/1964 16:00:00	0.444356993447
3/13/1964 16:00:00	0.444806661086
3/16/1964 16:00:00	0.444803130875
3/17/1964 16:00:00	0.445932568421
3/18/1964 16:00:00	0.446382212779
3/19/1964 16:00:00	0.446152080107
3/20/1964 16:00:00	0.443882657653
3/23/1964 16:00:00	0.444105721123
3/24/1964 16:00:00	0.44342244282
3/25/1964 16:00:00	0.444551837347
3/26/1964 16:00:00	0.445907794899
3/30/1964 16:00:00	0.445677676784
3/31/1964 16:00:00	0.4447678302
4/1/1964 16:00:00	0.446350329238
4/2/1964 16:00:00	0.449065672029
4/3/1964 16:00:00	0.450421539919
4/6/1964 16:00:00	0.451097675718
4/7/1964 16:00:00	0.449508116808
4/8/1964 16:00:00	0.449731115875
4/9/1964 16:00:00	0.449274416992
4/10/1964 16:00:00	0.450403666292
4/13/1964 16:00:00	0.449946969259
4/14/1964 16:00:00	0.451302754654
4/15/1964 16:00:00	0.451752288102
4/16/1964 16:00:00	0.452654926012
4/17/1964 16:00:00	0.454690319666
4/20/1964 16:00:00	0.454460158785
4/21/1964 16:00:00	0.454683102387
4/22/1964 16:00:00	0.45445294516
4/23/1964 16:00:00	0.453996244726
4/24/1964 16:00:00	0.450594466097
4/27/1964 16:00:00	0.448325457743
4/28/1964 16:00:00	0.451493479396
4/29/1964 16:00:00	0.450583737601
4/30/1964 16:00:00	0.449220934579
5/1/1964 16:00:00	0.453295017756
5/4/1964 16:00:00	0.45510369411
5/5/1964 16:00:00	0.457591939138
5/6/1964 16:00:00	0.458494430107
5/7/1964 16:00:00	0.459170377869
5/8/1964 16:00:00	0.445122055106
5/11/1964 16:00:00	0.458030459867
5/12/1964 16:00:00	0.459385965535
5/13/1964 16:00:00	0.458476232898
5/14/1964 16:00:00	0.458019554442
5/15/1964 16:00:00	0.459375027836
5/18/1964 16:00:00	0.45733273543
5/19/1964 16:00:00	0.455063961003
5/20/1964 16:00:00	0.457098963446
5/21/1964 16:00:00	0.458907422746
5/22/1964 16:00:00	0.457544726065
5/25/1964 16:00:00	0.456861572887
5/26/1964 16:00:00	0.455951925042
5/27/1964 16:00:00	0.455268795311
5/28/1964 16:00:00	0.455944687731
6/1/1964 16:00:00	0.454582068563
6/2/1964 16:00:00	0.452313477866
6/3/1964 16:00:00	0.451177405658
6/4/1964 16:00:00	0.446643931254
6/5/1964 16:00:00	0.448678822253
6/8/1964 16:00:00	0.446636841622
6/9/1964 16:00:00	0.449577657403
6/10/1964 16:00:00	0.451159501721
6/11/1964 16:00:00	0.452967806639
6/12/1964 16:00:00	0.452284759946
6/15/1964 16:00:00	0.454545991416
6/16/1964 16:00:00	0.457033667369
6/17/1964 16:00:00	0.459521303914
6/18/1964 16:00:00	0.459517656919
6/19/1964 16:00:00	0.459966959837
6/22/1964 16:00:00	0.461322148183
6/23/1964 16:00:00	0.459506716064
6/24/1964 16:00:00	0.461314825581
6/25/1964 16:00:00	0.46221703539
6/26/1964 16:00:00	0.463798628758
6/29/1964 16:00:00	0.464927268688
6/30/1964 16:00:00	0.46515004117
7/1/1964 16:00:00	0.468543258275
7/2/1964 16:00:00	0.470577668882
7/6/1964 16:00:00	0.472838504249
7/7/1964 16:00:00	0.473740572452
7/8/1964 16:00:00	0.473736812606
7/9/1964 16:00:00	0.474412407684
7/10/1964 16:00:00	0.475314441852
7/13/1964 16:00:00	0.475084221473
7/14/1964 16:00:00	0.473721773495
7/15/1964 16:00:00	0.475529569337
7/16/1964 16:00:00	0.477110893857
7/17/1964 16:00:00	0.479371515872
7/20/1964 16:00:00	0.478009076903
7/21/1964 16:00:00	0.47687309683
7/22/1964 16:00:00	0.476869312123
7/23/1964 16:00:00	0.476865527446
7/24/1964 16:00:00	0.476635310924
7/27/1964 16:00:00	0.474593657416
7/28/1964 16:00:00	0.473457749442
7/29/1964 16:00:00	0.473906844781
7/30/1964 16:00:00	0.475035206991
7/31/1964 16:00:00	0.475484282635
8/3/1964 16:00:00	0.474574824602
8/4/1964 16:00:00	0.468684156685
8/5/1964 16:00:00	0.469586106837
8/6/1964 16:00:00	0.465280482167
8/7/1964 16:00:00	0.468446583504
8/10/1964 16:00:00	0.467990041523
8/11/1964 16:00:00	0.467986327317
8/12/1964 16:00:00	0.470473106415
8/13/1964 16:00:00	0.471827812655
8/14/1964 16:00:00	0.471597663089
8/17/1964 16:00:00	0.471820323353
8/18/1964 16:00:00	0.472042980054
8/19/1964 16:00:00	0.47158643466
8/20/1964 16:00:00	0.4695451125
8/21/1964 16:00:00	0.470446969582
8/24/1964 16:00:00	0.469537659419
8/25/1964 16:00:00	0.467043617474
8/26/1964 16:00:00	0.466360739256
8/27/1964 16:00:00	0.468620925064
8/28/1964 16:00:00	0.470428301213
8/31/1964 16:00:00	0.469519027133
9/1/1964 16:00:00	0.471552750764
9/2/1964 16:00:00	0.472454534448
9/3/1964 16:00:00	0.474035443046
9/4/1964 16:00:00	0.475163570647
9/8/1964 16:00:00	0.475838928003
9/9/1964 16:00:00	0.476967023359
9/10/1964 16:00:00	0.477415983064
9/11/1964 16:00:00	0.479449531103
9/14/1964 16:00:00	0.478313880974
9/15/1964 16:00:00	0.476951881667
9/16/1964 16:00:00	0.478532654081
9/17/1964 16:00:00	0.481697946628
9/18/1964 16:00:00	0.480109590909
9/21/1964 16:00:00	0.482369380661
9/22/1964 16:00:00	0.482591910559
9/23/1964 16:00:00	0.482814436895
9/24/1964 16:00:00	0.48348966894
9/25/1964 16:00:00	0.484617595927
9/28/1964 16:00:00	0.485292802903
9/29/1964 16:00:00	0.485062602118
9/30/1964 16:00:00	0.484832404957
10/1/1964 16:00:00	0.484375865759
10/2/1964 16:00:00	0.485956428544
10/5/1964 16:00:00	0.488215992467
10/6/1964 16:00:00	0.488664798304
10/7/1964 16:00:00	0.488887258502
10/8/1964 16:00:00	0.490241398606
10/9/1964 16:00:00	0.491369182314
10/12/1964 16:00:00	0.491591615669
10/13/1964 16:00:00	0.490003394944
10/14/1964 16:00:00	0.489094187978
10/15/1964 16:00:00	0.486148046008
10/16/1964 16:00:00	0.489539076279
10/19/1964 16:00:00	0.490214163415
10/20/1964 16:00:00	0.491794529126
10/21/1964 16:00:00	0.491337984919
10/22/1964 16:00:00	0.49065512919
10/23/1964 16:00:00	0.491782819809
10/26/1964 16:00:00	0.491099971323
10/27/1964 16:00:00	0.491096073704
10/28/1964 16:00:00	0.489507995233
10/29/1964 16:00:00	0.489730420002
10/30/1964 16:00:00	0.490631765082
11/2/1964 16:00:00	0.492664626662
11/4/1964 16:00:00	0.492434412249
11/5/1964 16:00:00	0.492656806619
11/6/1964 16:00:00	0.493105498212
11/9/1964 16:00:00	0.492875285687
11/10/1964 16:00:00	0.491060996436
11/11/1964 16:00:00	0.492414871467
11/12/1964 16:00:00	0.493316137809
11/13/1964 16:00:00	0.493538514408
11/16/1964 16:00:00	0.496023787558
11/17/1964 16:00:00	0.498282733104
11/18/1964 16:00:00	0.499636497098
11/19/1964 16:00:00	0.499406247084
11/20/1964 16:00:00	0.500081132088
11/23/1964 16:00:00	0.498493195804
11/24/1964 16:00:00	0.497131563987
11/25/1964 16:00:00	0.495317398875
11/27/1964 16:00:00	0.493955813882
11/30/1964 16:00:00	0.489652690453
12/1/1964 16:00:00	0.484897091521
12/2/1964 16:00:00	0.486250864479
12/3/1964 16:00:00	0.488509689684
12/4/1964 16:00:00	0.489637145856
12/7/1964 16:00:00	0.489633259847
12/8/1964 16:00:00	0.487819269396
12/9/1964 16:00:00	0.484874001477
12/10/1964 16:00:00	0.484870153271
12/11/1964 16:00:00	0.485997593367
12/14/1964 16:00:00	0.484862456929
12/15/1964 16:00:00	0.483727338499
12/16/1964 16:00:00	0.485759769761
12/17/1964 16:00:00	0.4877921688
12/18/1964 16:00:00	0.490277032989
12/21/1964 16:00:00	0.490951882602
12/22/1964 16:00:00	0.490495495944
12/23/1964 16:00:00	0.489586629883
12/24/1964 16:00:00	0.489808985786
12/28/1964 16:00:00	0.48935261898
12/29/1964 16:00:00	0.487991307715
12/30/1964 16:00:00	0.490928504309
12/31/1964 16:00:00	0.493639420057
1/4/1965 16:00:00	0.490694479157
1/5/1965 16:00:00	0.493179122918
1/6/1965 16:00:00	0.494758811486
1/7/1965 16:00:00	0.497243383652
1/8/1965 16:00:00	0.497918113414
1/11/1965 16:00:00	0.498366608855
1/12/1965 16:00:00	0.499719984319
1/13/1965 16:00:00	0.501299558302
1/14/1965 16:00:00	0.501521797946
1/15/1965 16:00:00	0.503779981791
1/18/1965 16:00:00	0.50558570058
1/19/1965 16:00:00	0.50648653936
1/20/1965 16:00:00	0.506482519626
1/21/1965 16:00:00	0.506252290669
1/22/1965 16:00:00	0.507605517541
1/25/1965 16:00:00	0.508506311595
1/26/1965 16:00:00	0.509180887457
1/27/1965 16:00:00	0.51121266508
1/28/1965 16:00:00	0.512792009897
1/29/1965 16:00:00	0.513240337128
2/1/1965 16:00:00	0.513688657214
2/2/1965 16:00:00	0.51368458032
2/3/1965 16:00:00	0.514359082825
2/4/1965 16:00:00	0.51412880928
2/5/1965 16:00:00	0.512767591693
2/8/1965 16:00:00	0.510954020241
2/9/1965 16:00:00	0.512759452506
2/10/1965 16:00:00	0.508231700124
2/11/1965 16:00:00	0.503025472902
2/12/1965 16:00:00	0.506866549449
2/15/1965 16:00:00	0.506636347961
2/16/1965 16:00:00	0.504370557627
2/17/1965 16:00:00	0.5050450801
2/18/1965 16:00:00	0.506850458569
2/19/1965 16:00:00	0.507977293729
2/23/1965 16:00:00	0.510687299352
2/24/1965 16:00:00	0.514075765981
2/25/1965 16:00:00	0.514524018409
2/26/1965 16:00:00	0.515876921307
3/1/1965 16:00:00	0.514968176592
3/2/1965 16:00:00	0.51609489362
3/3/1965 16:00:00	0.515412320556
3/4/1965 16:00:00	0.514051286619
3/5/1965 16:00:00	0.513142585137
3/8/1965 16:00:00	0.513364666206
3/9/1965 16:00:00	0.512682136378
3/10/1965 16:00:00	0.511999617358
3/11/1965 16:00:00	0.514483184518
3/12/1965 16:00:00	0.516288272956
3/15/1965 16:00:00	0.516736464763
3/16/1965 16:00:00	0.516280077934
3/17/1965 16:00:00	0.51582369832
3/18/1965 16:00:00	0.514688908079
3/19/1965 16:00:00	0.51513709821
3/22/1965 16:00:00	0.51513300982
3/23/1965 16:00:00	0.516033457038
3/24/1965 16:00:00	0.517160022045
3/25/1965 16:00:00	0.515799135732
3/26/1965 16:00:00	0.512176985897
3/29/1965 16:00:00	0.511268414182
3/30/1965 16:00:00	0.51239498103
3/31/1965 16:00:00	0.512390914403
4/1/1965 16:00:00	0.513517454416
4/2/1965 16:00:00	0.514870096065
4/5/1965 16:00:00	0.515092127535
4/6/1965 16:00:00	0.515088039503
4/7/1965 16:00:00	0.51576229396
4/8/1965 16:00:00	0.518697661293
4/9/1965 16:00:00	0.522085203285
4/12/1965 16:00:00	0.524568256475
4/13/1965 16:00:00	0.525242414257
4/14/1965 16:00:00	0.526594876955
4/15/1965 16:00:00	0.526364594206
4/19/1965 16:00:00	0.528621433007
4/20/1965 16:00:00	0.528617237599
4/21/1965 16:00:00	0.52770865003
4/22/1965 16:00:00	0.53064371313
4/23/1965 16:00:00	0.531543879539
4/26/1965 16:00:00	0.531765753612
4/27/1965 16:00:00	0.532891987657
4/28/1965 16:00:00	0.532887758355
4/29/1965 16:00:00	0.532431354494
4/30/1965 16:00:00	0.533783641853
5/3/1965 16:00:00	0.534683740319
5/4/1965 16:00:00	0.536488152156
5/5/1965 16:00:00	0.538066455234
5/6/1965 16:00:00	0.539418654921
5/7/1965 16:00:00	0.539188297268
5/10/1965 16:00:00	0.538279718964
5/11/1965 16:00:00	0.537823300982
5/12/1965 16:00:00	0.540305815356
5/13/1965 16:00:00	0.542562221002
5/14/1965 16:00:00	0.541653644585
5/17/1965 16:00:00	0.538484424618
5/18/1965 16:00:00	0.538028022951
5/19/1965 16:00:00	0.539606188249
5/20/1965 16:00:00	0.536889180793
5/21/1965 16:00:00	0.534398275141
5/24/1965 16:00:00	0.530551068285
5/25/1965 16:00:00	0.533937682455
5/26/1965 16:00:00	0.532351072384
5/27/1965 16:00:00	0.529634230446
5/28/1965 16:00:00	0.53324682072
6/1/1965 16:00:00	0.535503066859
6/2/1965 16:00:00	0.525778837149
6/3/1965 16:00:00	0.524870487453
6/4/1965 16:00:00	0.526222576304
6/7/1965 16:00:00	0.525088196806
6/8/1965 16:00:00	0.519433058747
6/9/1965 16:00:00	0.514230084934
6/10/1965 16:00:00	0.512417722126
6/11/1965 16:00:00	0.515126056141
6/14/1965 16:00:00	0.508567050934
6/15/1965 16:00:00	0.511501402092
6/16/1965 16:00:00	0.516017902894
6/17/1965 16:00:00	0.519630227333
6/18/1965 16:00:00	0.51736585871
6/21/1965 16:00:00	0.515779594043
6/22/1965 16:00:00	0.516905604835
6/23/1965 16:00:00	0.51373723548
6/24/1965 16:00:00	0.507178657616
6/25/1965 16:00:00	0.504462447054
6/28/1965 16:00:00	0.495643911379
6/29/1965 16:00:00	0.500838249453
6/30/1965 16:00:00	0.511230736403
7/1/1965 16:00:00	0.513712770131
7/2/1965 16:00:00	0.518002816509
7/6/1965 16:00:00	0.517320691218
7/7/1965 16:00:00	0.515508562112
7/8/1965 16:00:00	0.520024493239
7/9/1965 16:00:00	0.522054360167
7/12/1965 16:00:00	0.522050216879
7/13/1965 16:00:00	0.521820077858
7/14/1965 16:00:00	0.523623888193
7/15/1965 16:00:00	0.522941755898
7/16/1965 16:00:00	0.522937605567
7/19/1965 16:00:00	0.522707466675
7/20/1965 16:00:00	0.516375687824
7/21/1965 16:00:00	0.513659769799
7/22/1965 16:00:00	0.51229979405
7/23/1965 16:00:00	0.513877597856
7/26/1965 16:00:00	0.514099499057
7/27/1965 16:00:00	0.512965529893
7/28/1965 16:00:00	0.51409133876
7/29/1965 16:00:00	0.518380768752
7/30/1965 16:00:00	0.521992213599
8/2/1965 16:00:00	0.523343894735
8/3/1965 16:00:00	0.523791678945
8/4/1965 16:00:00	0.526047192614
8/5/1965 16:00:00	0.526043017636
8/6/1965 16:00:00	0.528072514152
8/9/1965 16:00:00	0.526938514555
8/10/1965 16:00:00	0.527160292415
8/11/1965 16:00:00	0.528963773558
8/12/1965 16:00:00	0.53076722609
8/13/1965 16:00:00	0.533248513646
8/16/1965 16:00:00	0.534148092555
8/17/1965 16:00:00	0.535273608133
8/18/1965 16:00:00	0.53526935993
8/19/1965 16:00:00	0.534135374825
8/20/1965 16:00:00	0.533679244475
8/23/1965 16:00:00	0.53299717754
8/24/1965 16:00:00	0.534122657403
8/25/1965 16:00:00	0.535022179176
8/26/1965 16:00:00	0.537277317171
8/27/1965 16:00:00	0.537724926334
8/30/1965 16:00:00	0.537946593519
8/31/1965 16:00:00	0.537942324102
9/1/1965 16:00:00	0.538163985976
9/2/1965 16:00:00	0.541322727345
9/3/1965 16:00:00	0.544029563323
9/7/1965 16:00:00	0.546058578714
9/8/1965 16:00:00	0.548087561923
9/9/1965 16:00:00	0.549664668301
9/10/1965 16:00:00	0.551467670185
9/13/1965 16:00:00	0.553270643462
9/14/1965 16:00:00	0.551232999755
9/15/1965 16:00:00	0.554617352347
9/16/1965 16:00:00	0.557775737967
9/17/1965 16:00:00	0.558223134374
9/20/1965 16:00:00	0.558444613839
9/21/1965 16:00:00	0.557084733647
9/22/1965 16:00:00	0.559791186956
9/23/1965 16:00:00	0.557753604265
9/24/1965 16:00:00	0.55887869082
9/27/1965 16:00:00	0.563166371333
9/28/1965 16:00:00	0.562032406429
9/29/1965 16:00:00	0.55954307589
9/30/1965 16:00:00	0.559312739603
10/1/1965 16:00:00	0.559308300613
10/4/1965 16:00:00	0.560659212952
10/5/1965 16:00:00	0.564043114684
10/6/1965 16:00:00	0.563812749839
10/7/1965 16:00:00	0.563582388617
10/8/1965 16:00:00	0.566062647714
10/11/1965 16:00:00	0.569672282194
10/12/1965 16:00:00	0.569667760985
10/13/1965 16:00:00	0.569889119179
10/14/1965 16:00:00	0.568981085953
10/15/1965 16:00:00	0.57055770068
10/18/1965 16:00:00	0.572586038361
10/19/1965 16:00:00	0.573484982845
10/20/1965 16:00:00	0.573706301792
10/21/1965 16:00:00	0.574831091681
10/22/1965 16:00:00	0.575278263197
10/25/1965 16:00:00	0.573466777156
10/26/1965 16:00:00	0.577076037741
10/27/1965 16:00:00	0.579104210938
10/28/1965 16:00:00	0.577518597137
10/29/1965 16:00:00	0.57909501881
11/1/1965 16:00:00	0.578186998452
11/3/1965 16:00:00	0.578859972555
11/4/1965 16:00:00	0.579984640957
11/5/1965 16:00:00	0.579528336471
11/8/1965 16:00:00	0.578846190271
11/9/1965 16:00:00	0.577260666354
11/10/1965 16:00:00	0.576804394258
11/11/1965 16:00:00	0.578832408281
11/12/1965 16:00:00	0.581763757138
11/15/1965 16:00:00	0.582436659869
11/16/1965 16:00:00	0.581302846468
11/17/1965 16:00:00	0.582653251244
11/18/1965 16:00:00	0.58061611567
11/19/1965 16:00:00	0.5808373404
11/22/1965 16:00:00	0.577219434528
11/23/1965 16:00:00	0.57834399942
11/24/1965 16:00:00	0.579694373854
11/26/1965 16:00:00	0.580367249973
11/29/1965 16:00:00	0.579233524721
11/30/1965 16:00:00	0.578099817445
12/1/1965 16:00:00	0.577643588869
12/2/1965 16:00:00	0.576058275263
12/3/1965 16:00:00	0.576731153323
12/6/1965 16:00:00	0.572661908605
12/7/1965 16:00:00	0.577851063945
12/8/1965 16:00:00	0.577394855266
12/9/1965 16:00:00	0.57942255814
12/10/1965 16:00:00	0.580998613448
12/13/1965 16:00:00	0.581445614173
12/14/1965 16:00:00	0.58189260777
12/15/1965 16:00:00	0.583017001231
12/16/1965 16:00:00	0.583915576283
12/17/1965 16:00:00	0.583910942032
12/20/1965 16:00:00	0.581422541243
12/21/1965 16:00:00	0.583901673557
12/22/1965 16:00:00	0.585929179812
12/23/1965 16:00:00	0.585472946397
12/27/1965 16:00:00	0.581404083421
12/28/1965 16:00:00	0.581625257097
12/29/1965 16:00:00	0.583652716844
12/30/1965 16:00:00	0.586357497679
12/31/1965 16:00:00	0.588159105111
1/3/1966 16:00:00	0.586573971256
1/4/1966 16:00:00	0.587246653056
1/5/1966 16:00:00	0.591080205787
1/6/1966 16:00:00	0.592430167553
1/7/1966 16:00:00	0.593102786802
1/10/1966 16:00:00	0.594452711049
1/11/1966 16:00:00	0.595125303514
1/12/1966 16:00:00	0.59376597035
1/13/1966 16:00:00	0.595115857093
1/14/1966 16:00:00	0.596014192915
1/17/1966 16:00:00	0.597815566259
1/18/1966 16:00:00	0.599165388684
1/19/1966 16:00:00	0.597580317758
1/20/1966 16:00:00	0.595543756825
1/21/1966 16:00:00	0.596442053422
1/24/1966 16:00:00	0.598017597716
1/25/1966 16:00:00	0.599141612582
1/26/1966 16:00:00	0.598233855813
1/27/1966 16:00:00	0.5980033593
1/28/1966 16:00:00	0.595966891749
1/31/1966 16:00:00	0.593253221436
2/1/1966 16:00:00	0.588959391614
2/2/1966 16:00:00	0.591437873066
2/3/1966 16:00:00	0.592336137699
2/4/1966 16:00:00	0.596394718051
2/7/1966 16:00:00	0.598421609462
2/8/1966 16:00:00	0.598416860084
2/9/1966 16:00:00	0.601572365757
2/10/1966 16:00:00	0.60021320706
2/11/1966 16:00:00	0.600208443463
2/14/1966 16:00:00	0.598623589982
2/15/1966 16:00:00	0.596587310981
2/16/1966 16:00:00	0.596582576161
2/17/1966 16:00:00	0.593417736926
2/18/1966 16:00:00	0.592058707588
2/21/1966 16:00:00	0.588668236459
2/23/1966 16:00:00	0.586180684657
2/24/1966 16:00:00	0.58256459964
2/25/1966 16:00:00	0.584365678086
2/28/1966 16:00:00	0.584812462185
3/1/1966 16:00:00	0.577585127343
3/2/1966 16:00:00	0.571937859402
3/3/1966 16:00:00	0.573964670147
3/4/1966 16:00:00	0.572605892292
3/7/1966 16:00:00	0.565153182863
3/8/1966 16:00:00	0.566051498132
3/9/1966 16:00:00	0.571238068043
3/10/1966 16:00:00	0.571233534408
3/11/1966 16:00:00	0.570777611212
3/14/1966 16:00:00	0.564453677073
3/15/1966 16:00:00	0.561289520561
3/16/1966 16:00:00	0.564670406779
3/17/1966 16:00:00	0.566697113781
3/18/1966 16:00:00	0.569175160292
3/21/1966 16:00:00	0.573684323919
3/22/1966 16:00:00	0.575485229009
3/23/1966 16:00:00	0.573449537328
3/24/1966 16:00:00	0.574573379563
3/25/1966 16:00:00	0.576374234633
3/28/1966 16:00:00	0.576821010457
3/29/1966 16:00:00	0.574785372616
3/30/1966 16:00:00	0.571847081011
3/31/1966 16:00:00	0.574776248956
4/1/1966 16:00:00	0.579510714027
4/4/1966 16:00:00	0.584922102717
4/5/1966 16:00:00	0.588528090742
4/6/1966 16:00:00	0.590328720776
4/7/1966 16:00:00	0.591678000583
4/11/1966 16:00:00	0.591898963765
4/12/1966 16:00:00	0.589863350915
4/13/1966 16:00:00	0.590535635815
4/14/1966 16:00:00	0.592787485653
4/15/1966 16:00:00	0.593685388506
4/18/1966 16:00:00	0.59119852572
4/19/1966 16:00:00	0.591193833668
4/20/1966 16:00:00	0.594573839175
4/21/1966 16:00:00	0.597051212263
4/22/1966 16:00:00	0.596143902012
4/25/1966 16:00:00	0.595010964992
4/26/1966 16:00:00	0.594554963983
4/27/1966 16:00:00	0.593196419948
4/28/1966 16:00:00	0.589130268313
4/29/1966 16:00:00	0.588899958716
5/2/1966 16:00:00	0.587992756235
5/3/1966 16:00:00	0.581219178387
5/4/1966 16:00:00	0.57850702278
5/5/1966 16:00:00	0.569026107368
5/6/1966 16:00:00	0.568570341401
5/9/1966 16:00:00	0.55886403343
5/10/1966 16:00:00	0.563823267253
5/11/1966 16:00:00	0.564946890238
5/12/1966 16:00:00	0.558625109038
5/13/1966 16:00:00	0.553882740413
5/16/1966 16:00:00	0.547109919992
5/17/1966 16:00:00	0.54214210641
5/18/1966 16:00:00	0.551839056536
5/19/1966 16:00:00	0.551383459316
5/20/1966 16:00:00	0.554086367018
5/23/1966 16:00:00	0.559270889068
5/24/1966 16:00:00	0.563101708625
5/25/1966 16:00:00	0.565127654379
5/26/1966 16:00:00	0.565123169238
5/27/1966 16:00:00	0.566923468706
5/31/1966 16:00:00	0.559248695563
6/1/1966 16:00:00	0.559244257081
6/2/1966 16:00:00	0.558563040591
6/3/1966 16:00:00	0.559235380217
6/6/1966 16:00:00	0.555170338031
6/7/1966 16:00:00	0.551556535165
6/8/1966 16:00:00	0.552228914217
6/9/1966 16:00:00	0.556059454463
6/10/1966 16:00:00	0.56214575337
6/13/1966 16:00:00	0.56484825379
6/14/1966 16:00:00	0.566648397876
6/15/1966 16:00:00	0.564388134752
6/16/1966 16:00:00	0.562804631922
6/17/1966 16:00:00	0.563251311216
6/20/1966 16:00:00	0.563246840968
6/21/1966 16:00:00	0.564821356693
6/22/1966 16:00:00	0.565719144521
6/23/1966 16:00:00	0.563684562063
6/24/1966 16:00:00	0.564356780527
6/27/1966 16:00:00	0.561194429832
6/28/1966 16:00:00	0.558483250362
6/29/1966 16:00:00	0.553516527362
6/30/1966 16:00:00	0.552835463802
7/1/1966 16:00:00	0.558469952839
7/5/1966 16:00:00	0.560044393587
7/6/1966 16:00:00	0.568159803067
7/7/1966 16:00:00	0.570410791294
7/8/1966 16:00:00	0.571985099946
7/11/1966 16:00:00	0.571078375681
7/12/1966 16:00:00	0.567465133198
7/13/1966 16:00:00	0.563851948214
7/14/1966 16:00:00	0.567230584888
7/15/1966 16:00:00	0.569030395058
7/18/1966 16:00:00	0.568574804512
7/19/1966 16:00:00	0.564510654378
7/20/1966 16:00:00	0.559318900842
7/21/1966 16:00:00	0.559314461803
7/22/1966 16:00:00	0.55885896275
7/25/1966 16:00:00	0.548480228617
7/26/1966 16:00:00	0.54779929637
7/27/1966 16:00:00	0.550501244169
7/28/1966 16:00:00	0.548467169582
7/29/1966 16:00:00	0.547560732508
8/1/1966 16:00:00	0.539212174637
8/2/1966 16:00:00	0.539433412605
8/3/1966 16:00:00	0.544841506764
8/4/1966 16:00:00	0.550024001605
8/5/1966 16:00:00	0.550696172623
8/8/1966 16:00:00	0.549113229861
8/9/1966 16:00:00	0.547530312226
8/10/1966 16:00:00	0.545045392846
8/11/1966 16:00:00	0.544815562168
8/12/1966 16:00:00	0.545713250755
8/15/1966 16:00:00	0.543002903578
8/16/1966 16:00:00	0.536008108146
8/17/1966 16:00:00	0.533072383602
8/18/1966 16:00:00	0.526528770837
8/19/1966 16:00:00	0.522916686112
8/22/1966 16:00:00	0.514118335567
8/23/1966 16:00:00	0.51321229327
8/24/1966 16:00:00	0.519747392611
8/25/1966 16:00:00	0.513204146423
8/26/1966 16:00:00	0.502376787333
8/29/1966 16:00:00	0.490196702139
8/30/1966 16:00:00	0.498986588774
8/31/1966 16:00:00	0.507325377675
9/1/1966 16:00:00	0.511379954305
9/2/1966 16:00:00	0.509572086371
9/6/1966 16:00:00	0.506636875279
9/7/1966 16:00:00	0.502799820583
9/8/1966 16:00:00	0.500766593164
9/9/1966 16:00:00	0.502566370625
9/12/1966 16:00:00	0.513384807211
9/13/1966 16:00:00	0.51608631801
9/14/1966 16:00:00	0.52149334993
9/15/1966 16:00:00	0.527802143994
9/16/1966 16:00:00	0.527347034845
9/19/1966 16:00:00	0.524862807917
9/20/1966 16:00:00	0.52147679435
9/21/1966 16:00:00	0.51267992111
9/22/1966 16:00:00	0.514254022603
9/23/1966 16:00:00	0.512671783327
9/26/1966 16:00:00	0.514020410502
9/27/1966 16:00:00	0.515819911363
9/28/1966 16:00:00	0.509277890356
9/29/1966 16:00:00	0.504088637543
9/30/1966 16:00:00	0.505888174005
10/3/1966 16:00:00	0.495063021607
10/4/1966 16:00:00	0.496411723742
10/5/1966 16:00:00	0.493927979715
10/6/1966 16:00:00	0.489640795565
10/7/1966 16:00:00	0.484226513996
10/10/1966 16:00:00	0.49301449311
10/11/1966 16:00:00	0.495715735265
10/12/1966 16:00:00	0.509913752501
10/13/1966 16:00:00	0.509008001318
10/14/1966 16:00:00	0.507200567413
10/17/1966 16:00:00	0.513057526347
10/18/1966 16:00:00	0.52116859987
10/19/1966 16:00:00	0.517106922608
10/20/1966 16:00:00	0.515750315736
10/21/1966 16:00:00	0.518225791305
10/24/1966 16:00:00	0.519799573374
10/25/1966 16:00:00	0.523176624737
10/26/1966 16:00:00	0.527680672668
10/27/1966 16:00:00	0.53218464938
10/28/1966 16:00:00	0.532405832151
10/31/1966 16:00:00	0.532176202037
11/1/1966 16:00:00	0.536454633155
11/2/1966 16:00:00	0.536901177792
11/3/1966 16:00:00	0.5348683228
11/4/1966 16:00:00	0.536667258
11/7/1966 16:00:00	0.536212207255
11/9/1966 16:00:00	0.540715830605
11/10/1966 16:00:00	0.544092421852
11/11/1966 16:00:00	0.544538884455
11/14/1966 16:00:00	0.54092834494
11/15/1966 16:00:00	0.543177919961
11/16/1966 16:00:00	0.547906694635
11/17/1966 16:00:00	0.544070830822
11/18/1966 16:00:00	0.540685790984
11/21/1966 16:00:00	0.533018591577
11/22/1966 16:00:00	0.53030982719
11/23/1966 16:00:00	0.533911635057
11/25/1966 16:00:00	0.538414882974
11/28/1966 16:00:00	0.537509119872
11/29/1966 16:00:00	0.535701888326
11/30/1966 16:00:00	0.535923005629
12/1/1966 16:00:00	0.533665081096
12/2/1966 16:00:00	0.534111576301
12/5/1966 16:00:00	0.535008791458
12/6/1966 16:00:00	0.539061056833
12/7/1966 16:00:00	0.545141497858
12/8/1966 16:00:00	0.547390753388
12/9/1966 16:00:00	0.548062478288
12/12/1966 16:00:00	0.55391734916
12/13/1966 16:00:00	0.552335482915
12/14/1966 16:00:00	0.551880397152
12/15/1966 16:00:00	0.545115538621
12/16/1966 16:00:00	0.544885864834
12/19/1966 16:00:00	0.543078774868
12/20/1966 16:00:00	0.541046369709
12/21/1966 16:00:00	0.543971522923
12/22/1966 16:00:00	0.545995268533
12/23/1966 16:00:00	0.544638904032
12/27/1966 16:00:00	0.541705203862
12/28/1966 16:00:00	0.539222220237
12/29/1966 16:00:00	0.537640608668
12/30/1966 16:00:00	0.53763634168
1/3/1967 16:00:00	0.538082733854
1/4/1967 16:00:00	0.539430430024
1/5/1967 16:00:00	0.546636580643
1/6/1967 16:00:00	0.550688078388
1/9/1967 16:00:00	0.555190156934
1/10/1967 16:00:00	0.555411071344
1/11/1967 16:00:00	0.55991304118
1/12/1967 16:00:00	0.563063037095
1/13/1967 16:00:00	0.56756487516
1/16/1967 16:00:00	0.566208489275
1/17/1967 16:00:00	0.572738037017
1/18/1967 16:00:00	0.576563761591
1/19/1967 16:00:00	0.577009802148
1/20/1967 16:00:00	0.578807674255
1/23/1967 16:00:00	0.581056127154
1/24/1967 16:00:00	0.582178029996
1/25/1967 16:00:00	0.578117989822
1/26/1967 16:00:00	0.57788810229
1/27/1967 16:00:00	0.580587085945
1/30/1967 16:00:00	0.583961914001
1/31/1967 16:00:00	0.583957279383
2/1/1967 16:00:00	0.582826184
2/2/1967 16:00:00	0.585074462083
2/3/1967 16:00:00	0.589575590388
2/6/1967 16:00:00	0.588669763963
2/7/1967 16:00:00	0.587313381846
2/8/1967 16:00:00	0.59271551816
2/9/1967 16:00:00	0.59045799948
2/10/1967 16:00:00	0.592480830282
2/13/1967 16:00:00	0.592476128053
2/14/1967 16:00:00	0.596526395559
2/15/1967 16:00:00	0.597422758497
2/16/1967 16:00:00	0.59494001918
2/17/1967 16:00:00	0.59538583891
2/20/1967 16:00:00	0.592227348304
2/21/1967 16:00:00	0.591997380932
2/23/1967 16:00:00	0.592893744003
2/24/1967 16:00:00	0.592889038497
2/27/1967 16:00:00	0.586802264625
2/28/1967 16:00:00	0.589050207328
3/1/1967 16:00:00	0.59535276208
3/2/1967 16:00:00	0.598952140044
3/3/1967 16:00:00	0.599848405095
3/6/1967 16:00:00	0.598942632894
3/7/1967 16:00:00	0.59938838155
3/8/1967 16:00:00	0.600509870988
3/9/1967 16:00:00	0.602532332659
3/10/1967 16:00:00	0.605230499438
3/13/1967 16:00:00	0.602297524643
3/14/1967 16:00:00	0.601842260193
3/15/1967 16:00:00	0.607693733204
3/16/1967 16:00:00	0.614220829535
3/17/1967 16:00:00	0.615567375734
3/20/1967 16:00:00	0.615337255234
3/21/1967 16:00:00	0.614206205326
3/22/1967 16:00:00	0.616228413859
3/23/1967 16:00:00	0.621178576193
3/27/1967 16:00:00	0.620948418294
3/28/1967 16:00:00	0.621393942376
3/29/1967 16:00:00	0.620262888999
3/30/1967 16:00:00	0.620483188823
3/31/1967 16:00:00	0.61709995298
4/3/1967 16:00:00	0.610788924455
4/4/1967 16:00:00	0.610784076924
4/5/1967 16:00:00	0.615058321416
4/6/1967 16:00:00	0.616179507963
4/7/1967 16:00:00	0.612571228714
4/10/1967 16:00:00	0.60513443669
4/11/1967 16:00:00	0.60963379806
4/12/1967 16:00:00	0.609178546842
4/13/1967 16:00:00	0.614128214136
4/14/1967 16:00:00	0.620879426067
4/17/1967 16:00:00	0.625603721502
4/18/1967 16:00:00	0.631228739488
4/19/1967 16:00:00	0.632124519946
4/20/1967 16:00:00	0.633470677691
4/21/1967 16:00:00	0.635042008035
4/24/1967 16:00:00	0.637514082235
4/25/1967 16:00:00	0.640886878917
4/26/1967 16:00:00	0.64065660387
4/27/1967 16:00:00	0.646281190681
4/28/1967 16:00:00	0.648077542136
5/1/1967 16:00:00	0.646946482155
5/2/1967 16:00:00	0.646040621614
5/3/1967 16:00:00	0.648062111802
5/4/1967 16:00:00	0.650984281675
5/5/1967 16:00:00	0.652104995938
5/8/1967 16:00:00	0.653225692387
5/9/1967 16:00:00	0.646690502858
5/10/1967 16:00:00	0.645334345666
5/11/1967 16:00:00	0.648256420927
5/12/1967 16:00:00	0.646675105508
5/15/1967 16:00:00	0.641491168352
5/16/1967 16:00:00	0.644863531531
5/17/1967 16:00:00	0.64260679509
5/18/1967 16:00:00	0.641025574656
5/19/1967 16:00:00	0.638093429733
5/22/1967 16:00:00	0.635611644354
5/23/1967 16:00:00	0.632679589056
5/24/1967 16:00:00	0.625694828551
5/25/1967 16:00:00	0.632894697017
5/26/1967 16:00:00	0.631538778212
5/29/1967 16:00:00	0.628606848311
5/31/1967 16:00:00	0.618920593437
6/1/1967 16:00:00	0.627246005835
6/2/1967 16:00:00	0.624314179854
6/5/1967 16:00:00	0.615078470788
6/6/1967 16:00:00	0.627906485565
6/7/1967 16:00:00	0.632854511389
6/8/1967 16:00:00	0.636451648884
6/9/1967 16:00:00	0.637797397077
6/12/1967 16:00:00	0.641394438389
6/13/1967 16:00:00	0.645666811744
6/14/1967 16:00:00	0.644310920015
6/15/1967 16:00:00	0.645206310867
6/16/1967 16:00:00	0.645876563152
6/19/1967 16:00:00	0.645871437148
6/20/1967 16:00:00	0.645866311184
6/21/1967 16:00:00	0.644285352504
6/22/1967 16:00:00	0.642704418909
6/23/1967 16:00:00	0.643149548847
6/26/1967 16:00:00	0.640893308508
6/27/1967 16:00:00	0.638862215809
6/28/1967 16:00:00	0.639082255486
6/29/1967 16:00:00	0.636150776458
6/30/1967 16:00:00	0.635020195483
7/3/1967 16:00:00	0.63704109742
7/5/1967 16:00:00	0.640412584457
7/6/1967 16:00:00	0.640407501818
7/7/1967 16:00:00	0.643328710088
7/10/1967 16:00:00	0.646024774536
7/11/1967 16:00:00	0.649170987719
7/12/1967 16:00:00	0.648940741606
7/13/1967 16:00:00	0.649385775633
7/14/1967 16:00:00	0.65185661607
7/17/1967 16:00:00	0.652076531215
7/18/1967 16:00:00	0.657698526622
7/19/1967 16:00:00	0.658818732061
7/20/1967 16:00:00	0.660614169503
7/21/1967 16:00:00	0.662184496954
7/24/1967 16:00:00	0.660153524162
7/25/1967 16:00:00	0.656997194041
7/26/1967 16:00:00	0.663069035015
7/27/1967 16:00:00	0.665314516062
7/28/1967 16:00:00	0.666434598637
7/31/1967 16:00:00	0.668680017338
8/1/1967 16:00:00	0.673176090477
8/2/1967 16:00:00	0.676546756287
8/3/1967 16:00:00	0.675866190505
8/4/1967 16:00:00	0.677211208487
8/7/1967 16:00:00	0.675630400608
8/8/1967 16:00:00	0.676750338929
8/9/1967 16:00:00	0.677645201136
8/10/1967 16:00:00	0.676064427314
8/11/1967 16:00:00	0.673808514362
8/14/1967 16:00:00	0.670427372515
8/15/1967 16:00:00	0.671547307408
8/16/1967 16:00:00	0.670191681473
8/17/1967 16:00:00	0.671086552795
8/18/1967 16:00:00	0.672431501465
8/21/1967 16:00:00	0.66882546055
8/22/1967 16:00:00	0.665669561413
8/23/1967 16:00:00	0.664764116642
8/24/1967 16:00:00	0.661383261268
8/25/1967 16:00:00	0.658902606998
8/28/1967 16:00:00	0.658672342568
8/29/1967 16:00:00	0.660692414321
8/30/1967 16:00:00	0.662262391064
8/31/1967 16:00:00	0.66653269921
9/1/1967 16:00:00	0.667202493028
9/5/1967 16:00:00	0.671247668217
9/6/1967 16:00:00	0.672592487019
9/7/1967 16:00:00	0.672587148984
9/8/1967 16:00:00	0.673031852576
9/11/1967 16:00:00	0.674601644108
9/12/1967 16:00:00	0.67797154852
9/13/1967 16:00:00	0.685391677618
9/14/1967 16:00:00	0.687186347463
9/15/1967 16:00:00	0.687855929308
9/18/1967 16:00:00	0.690100571309
9/19/1967 16:00:00	0.687620002607
9/20/1967 16:00:00	0.687614545306
9/21/1967 16:00:00	0.692334187999
9/22/1967 16:00:00	0.694353720157
9/25/1967 16:00:00	0.698848233523
9/26/1967 16:00:00	0.693217701327
9/27/1967 16:00:00	0.693662194861
9/28/1967 16:00:00	0.693881685452
9/29/1967 16:00:00	0.693651184393
10/2/1967 16:00:00	0.691170764198
10/3/1967 16:00:00	0.693865164514
10/4/1967 16:00:00	0.692509725421
10/5/1967 16:00:00	0.694304124634
10/6/1967 16:00:00	0.699023302106
10/9/1967 16:00:00	0.701042604549
10/10/1967 16:00:00	0.696537409111
10/11/1967 16:00:00	0.69338216407
10/12/1967 16:00:00	0.689102079234
10/13/1967 16:00:00	0.6913463721
10/16/1967 16:00:00	0.685941499305
10/17/1967 16:00:00	0.684586219642
10/18/1967 16:00:00	0.68660552384
10/19/1967 16:00:00	0.688174857902
10/20/1967 16:00:00	0.688169396197
10/23/1967 16:00:00	0.685239383325
10/24/1967 16:00:00	0.681634525963
10/25/1967 16:00:00	0.682528963725
10/26/1967 16:00:00	0.685897948429
10/27/1967 16:00:00	0.686342421454
10/30/1967 16:00:00	0.685437148109
10/31/1967 16:00:00	0.674858834498
11/1/1967 16:00:00	0.670804325468
11/2/1967 16:00:00	0.668324538989
11/3/1967 16:00:00	0.664720045117
11/6/1967 16:00:00	0.662690241505
11/8/1967 16:00:00	0.660435524348
11/9/1967 16:00:00	0.664029386471
11/10/1967 16:00:00	0.668747902683
11/13/1967 16:00:00	0.667392952571
11/14/1967 16:00:00	0.663338760235
11/15/1967 16:00:00	0.666257674646
11/16/1967 16:00:00	0.67277550389
11/17/1967 16:00:00	0.67434469751
11/20/1967 16:00:00	0.666241810842
11/21/1967 16:00:00	0.677033149447
11/22/1967 16:00:00	0.681301407344
11/24/1967 16:00:00	0.683320335834
11/27/1967 16:00:00	0.685564156686
11/28/1967 16:00:00	0.688257787183
11/29/1967 16:00:00	0.688477245665
11/30/1967 16:00:00	0.685097995645
12/1/1967 16:00:00	0.689141069168
12/4/1967 16:00:00	0.693633909645
12/5/1967 16:00:00	0.694977886929
12/6/1967 16:00:00	0.698121138357
12/7/1967 16:00:00	0.697665777391
12/8/1967 16:00:00	0.697210423613
12/11/1967 16:00:00	0.695180730902
12/12/1967 16:00:00	0.694725403999
12/13/1967 16:00:00	0.697418726449
12/14/1967 16:00:00	0.698537697549
12/15/1967 16:00:00	0.695608460725
12/18/1967 16:00:00	0.694028656406
12/19/1967 16:00:00	0.69312356476
12/20/1967 16:00:00	0.697391051363
12/21/1967 16:00:00	0.699409547297
12/22/1967 16:00:00	0.69827954378
12/26/1967 16:00:00	0.698948668104
12/27/1967 16:00:00	0.704115520946
12/28/1967 16:00:00	0.704109932728
12/29/1967 16:00:00	0.7086020126
1/2/1968 16:00:00	0.706347572486
1/3/1968 16:00:00	0.703193648815
1/4/1968 16:00:00	0.701389043548
1/5/1968 16:00:00	0.705881002095
1/8/1968 16:00:00	0.711047512974
1/9/1968 16:00:00	0.710367251606
1/10/1968 16:00:00	0.71081135562
1/11/1968 16:00:00	0.711930059966
1/12/1968 16:00:00	0.712823879166
1/15/1968 16:00:00	0.711019297217
1/16/1968 16:00:00	0.706741242237
1/17/1968 16:00:00	0.705611323218
1/18/1968 16:00:00	0.705380862923
1/19/1968 16:00:00	0.703126680464
1/22/1968 16:00:00	0.694576548172
1/23/1968 16:00:00	0.692097632607
1/24/1968 16:00:00	0.688719344288
1/25/1968 16:00:00	0.690062985694
1/26/1968 16:00:00	0.691181756293
1/29/1968 16:00:00	0.690726575371
1/30/1968 16:00:00	0.687573250948
1/31/1968 16:00:00	0.683070912062
2/1/1968 16:00:00	0.685763598483
2/2/1968 16:00:00	0.683734591198
2/5/1968 16:00:00	0.681031099921
2/6/1968 16:00:00	0.68170020574
2/7/1968 16:00:00	0.683043806383
2/8/1968 16:00:00	0.674494716986
2/9/1968 16:00:00	0.667069921966
2/13/1968 16:00:00	0.661443883558
2/14/1968 16:00:00	0.669757268841
2/15/1968 16:00:00	0.671100910545
2/16/1968 16:00:00	0.668847340091
2/19/1968 16:00:00	0.671764726038
2/20/1968 16:00:00	0.678953662053
2/21/1968 16:00:00	0.679173092625
2/23/1968 16:00:00	0.676694711956
2/26/1968 16:00:00	0.671743399946
2/27/1968 16:00:00	0.67466064703
2/28/1968 16:00:00	0.67150792535
2/29/1968 16:00:00	0.666331962415
3/1/1968 16:00:00	0.664753015586
3/4/1968 16:00:00	0.656205090261
3/5/1968 16:00:00	0.654851053733
3/6/1968 16:00:00	0.66653561098
3/7/1968 16:00:00	0.665631116144
3/8/1968 16:00:00	0.665401033926
3/11/1968 16:00:00	0.673938063536
3/12/1968 16:00:00	0.674831898361
3/13/1968 16:00:00	0.673702572036
3/14/1968 16:00:00	0.661108855475
3/15/1968 16:00:00	0.667172952034
3/18/1968 16:00:00	0.670989065428
3/19/1968 16:00:00	0.666937574899
3/20/1968 16:00:00	0.666932281744
3/21/1968 16:00:00	0.662431321076
3/22/1968 16:00:00	0.663325190011
3/25/1968 16:00:00	0.662870365925
3/26/1968 16:00:00	0.667585443362
3/27/1968 16:00:00	0.673424327398
3/28/1968 16:00:00	0.67296943381
3/29/1968 16:00:00	0.677909091962
4/1/1968 16:00:00	0.69543584342
4/2/1968 16:00:00	0.696778939169
4/3/1968 16:00:00	0.703291663769
4/4/1968 16:00:00	0.706432800943
4/5/1968 16:00:00	0.702381444917
4/8/1968 16:00:00	0.715187308016
4/10/1968 16:00:00	0.7210254
4/11/1968 16:00:00	0.72776243381
4/15/1968 16:00:00	0.728430928239
4/16/1968 16:00:00	0.728874657025
4/17/1968 16:00:00	0.730666897978
4/18/1968 16:00:00	0.732908613332
4/19/1968 16:00:00	0.723912810539
4/22/1968 16:00:00	0.72031109967
4/23/1968 16:00:00	0.730418955298
4/24/1968 16:00:00	0.732885345555
4/25/1968 16:00:00	0.730856846359
4/26/1968 16:00:00	0.735570601188
4/29/1968 16:00:00	0.741632715124
4/30/1968 16:00:00	0.738031034167
5/1/1968 16:00:00	0.742295149266
5/2/1968 16:00:00	0.74700866407
5/3/1968 16:00:00	0.747901662823
5/6/1968 16:00:00	0.745873156493
5/7/1968 16:00:00	0.750361802436
5/8/1968 16:00:00	0.750580573689
5/9/1968 16:00:00	0.746979021138
5/10/1968 16:00:00	0.748096707385
5/13/1968 16:00:00	0.746068279763
5/14/1968 16:00:00	0.745837639224
5/15/1968 16:00:00	0.745607002301
5/16/1968 16:00:00	0.742455063678
5/17/1968 16:00:00	0.737280749124
5/20/1968 16:00:00	0.734353639007
5/21/1968 16:00:00	0.738167887873
5/22/1968 16:00:00	0.740409115814
5/23/1968 16:00:00	0.739054998369
5/24/1968 16:00:00	0.740622068393
5/27/1968 16:00:00	0.73971737725
5/28/1968 16:00:00	0.744879641251
5/29/1968 16:00:00	0.747345426659
5/31/1968 16:00:00	0.753406340361
6/3/1968 16:00:00	0.763736385895
6/4/1968 16:00:00	0.767100741026
6/5/1968 16:00:00	0.763499570366
6/6/1968 16:00:00	0.769560164289
6/7/1968 16:00:00	0.774721905947
6/10/1968 16:00:00	0.776063881326
6/11/1968 16:00:00	0.778304577565
6/13/1968 16:00:00	0.775377511541
6/14/1968 16:00:00	0.774921993792
6/17/1968 16:00:00	0.767501397171
6/18/1968 16:00:00	0.76659659231
6/20/1968 16:00:00	0.778723045134
6/21/1968 16:00:00	0.772425968871
6/24/1968 16:00:00	0.770622454053
6/25/1968 16:00:00	0.768594296577
6/27/1968 16:00:00	0.768138857659
6/28/1968 16:00:00	0.765212081252
7/1/1968 16:00:00	0.764307344509
7/2/1968 16:00:00	0.766997248047
7/3/1968 16:00:00	0.776426979285
7/8/1968 16:00:00	0.784733258784
7/9/1968 16:00:00	0.787198277764
7/11/1968 16:00:00	0.788764629458
7/12/1968 16:00:00	0.788533714158
7/15/1968 16:00:00	0.788302802474
7/16/1968 16:00:00	0.784252815569
7/18/1968 16:00:00	0.78267404201
7/19/1968 16:00:00	0.775254442428
7/22/1968 16:00:00	0.76693637586
7/23/1968 16:00:00	0.766256355517
7/25/1968 16:00:00	0.756815279414
7/26/1968 16:00:00	0.760178886832
7/29/1968 16:00:00	0.755006153195
7/30/1968 16:00:00	0.756123347862
8/1/1968 16:00:00	0.752747813247
8/2/1968 16:00:00	0.748024529575
8/5/1968 16:00:00	0.75004028079
8/6/1968 16:00:00	0.753403781283
8/8/1968 16:00:00	0.752050031259
8/9/1968 16:00:00	0.752044062608
8/12/1968 16:00:00	0.760124589301
8/13/1968 16:00:00	0.764611018678
8/15/1968 16:00:00	0.761235630337
8/16/1968 16:00:00	0.766395838267
8/19/1968 16:00:00	0.769085169025
8/20/1968 16:00:00	0.769079065174
8/22/1968 16:00:00	0.767276047669
8/23/1968 16:00:00	0.767494570602
8/26/1968 16:00:00	0.769734585816
8/27/1968 16:00:00	0.769054650211
8/29/1968 16:00:00	0.768823939521
8/30/1968 16:00:00	0.770165469539
9/3/1968 16:00:00	0.773977616952
9/4/1968 16:00:00	0.77981111967
9/5/1968 16:00:00	0.785644530092
9/6/1968 16:00:00	0.789456464346
9/9/1968 16:00:00	0.79012398812
9/10/1968 16:00:00	0.786524202852
9/12/1968 16:00:00	0.785170403424
9/13/1968 16:00:00	0.788083855907
9/16/1968 16:00:00	0.791446440783
9/17/1968 16:00:00	0.79368603472
9/19/1968 16:00:00	0.794578078617
9/20/1968 16:00:00	0.795470108314
9/23/1968 16:00:00	0.800404603185
9/24/1968 16:00:00	0.803542376594
9/26/1968 16:00:00	0.801963948788
9/27/1968 16:00:00	0.801957583995
9/30/1968 16:00:00	0.805095270268
10/1/1968 16:00:00	0.806885467
10/3/1968 16:00:00	0.81002306441
10/4/1968 16:00:00	0.814058891037
10/7/1968 16:00:00	0.814276998222
10/8/1968 16:00:00	0.81494423427
10/10/1968 16:00:00	0.811793864756
10/11/1968 16:00:00	0.811338296711
10/14/1968 16:00:00	0.812679222528
10/15/1968 16:00:00	0.814693804194
10/17/1968 16:00:00	0.818729369372
10/18/1968 16:00:00	0.825459536655
10/21/1968 16:00:00	0.827024861547
10/22/1968 16:00:00	0.824099122403
10/24/1968 16:00:00	0.818703377863
10/25/1968 16:00:00	0.821840557477
10/28/1968 16:00:00	0.81981311553
10/29/1968 16:00:00	0.815315712798
10/31/1968 16:00:00	0.816656500171
11/1/1968 16:00:00	0.814180065099
11/4/1968 16:00:00	0.814847221718
11/6/1968 16:00:00	0.8164125184
11/7/1968 16:00:00	0.818651397897
11/8/1968 16:00:00	0.822461980687
11/12/1968 16:00:00	0.828068761842
11/13/1968 16:00:00	0.832552801375
11/14/1968 16:00:00	0.833444309025
11/15/1968 16:00:00	0.838152761868
11/18/1968 16:00:00	0.839717786619
11/19/1968 16:00:00	0.841731833444
11/21/1968 16:00:00	0.840827066253
11/22/1968 16:00:00	0.843739151864
11/25/1968 16:00:00	0.845528600603
11/26/1968 16:00:00	0.852032864412
11/27/1968 16:00:00	0.856291879434
11/29/1968 16:00:00	0.86144887823
12/2/1968 16:00:00	0.859870464021
12/3/1968 16:00:00	0.859414621133
12/5/1968 16:00:00	0.856938218138
12/6/1968 16:00:00	0.859400979629
12/9/1968 16:00:00	0.857598127681
12/10/1968 16:00:00	0.855795304325
12/12/1968 16:00:00	0.855564011957
12/13/1968 16:00:00	0.857802207366
12/16/1968 16:00:00	0.854427947669
12/17/1968 16:00:00	0.851278236577
12/19/1968 16:00:00	0.854189892076
12/20/1968 16:00:00	0.849468792756
12/23/1968 16:00:00	0.840706955032
12/24/1968 16:00:00	0.839577843562
12/26/1968 16:00:00	0.840918096573
12/27/1968 16:00:00	0.837993127036
12/30/1968 16:00:00	0.830803036687
12/31/1968 16:00:00	0.831469885084
1/2/1969 16:00:00	0.83236120176
1/3/1969 16:00:00	0.833252504242
1/6/1969 16:00:00	0.821348697505
1/7/1969 16:00:00	0.811689816473
1/8/1969 16:00:00	0.808540770112
1/9/1969 16:00:00	0.81235034232
1/10/1969 16:00:00	0.810323681478
1/13/1969 16:00:00	0.806725788037
1/14/1969 16:00:00	0.812555465165
1/15/1969 16:00:00	0.81681381019
1/16/1969 16:00:00	0.821521009875
1/17/1969 16:00:00	0.820616652697
1/20/1969 16:00:00	0.818365564777
1/21/1969 16:00:00	0.81813461409
1/22/1969 16:00:00	0.821270476129
1/23/1969 16:00:00	0.825079644935
1/24/1969 16:00:00	0.825073096683
1/27/1969 16:00:00	0.825515445708
1/28/1969 16:00:00	0.825957787661
1/29/1969 16:00:00	0.827073457695
1/30/1969 16:00:00	0.827740223436
1/31/1969 16:00:00	0.83177360093
2/3/1969 16:00:00	0.831093680393
2/4/1969 16:00:00	0.831535960286
2/5/1969 16:00:00	0.834222594673
2/6/1969 16:00:00	0.837358055195
2/7/1969 16:00:00	0.837575842103
2/11/1969 16:00:00	0.838691348805
2/12/1969 16:00:00	0.838909121571
2/13/1969 16:00:00	0.840024599894
2/14/1969 16:00:00	0.839569082057
2/17/1969 16:00:00	0.830361046887
2/18/1969 16:00:00	0.822050846251
2/19/1969 16:00:00	0.816433819402
2/20/1969 16:00:00	0.809694790406
2/24/1969 16:00:00	0.800487287093
2/25/1969 16:00:00	0.795768225012
2/26/1969 16:00:00	0.799801342005
2/27/1969 16:00:00	0.797550882866
2/28/1969 16:00:00	0.797768962462
3/3/1969 16:00:00	0.80023111439
3/4/1969 16:00:00	0.80807896666
3/5/1969 16:00:00	0.811663018057
3/6/1969 16:00:00	0.803578094493
3/7/1969 16:00:00	0.803571716889
3/10/1969 16:00:00	0.806706921027
3/11/1969 16:00:00	0.809842075447
3/12/1969 16:00:00	0.807816091831
3/13/1969 16:00:00	0.802648633338
3/14/1969 16:00:00	0.799949564313
3/17/1969 16:00:00	0.802187113303
3/18/1969 16:00:00	0.804424626776
3/19/1969 16:00:00	0.810701056833
3/20/1969 16:00:00	0.816079849757
3/21/1969 16:00:00	0.814727076782
3/24/1969 16:00:00	0.81404746797
3/25/1969 16:00:00	0.815611661156
3/26/1969 16:00:00	0.821887753801
3/27/1969 16:00:00	0.828163747154
3/28/1969 16:00:00	0.831747155449
4/1/1969 16:00:00	0.831291810199
4/2/1969 16:00:00	0.826349066944
4/3/1969 16:00:00	0.825893771682
4/7/1969 16:00:00	0.819829316444
4/8/1969 16:00:00	0.822066458785
4/9/1969 16:00:00	0.829688280408
4/10/1969 16:00:00	0.834393283977
4/11/1969 16:00:00	0.835508459716
4/14/1969 16:00:00	0.83505311309
4/15/1969 16:00:00	0.835046485684
4/16/1969 16:00:00	0.828084876854
4/17/1969 16:00:00	0.829648771871
4/18/1969 16:00:00	0.833680499389
4/21/1969 16:00:00	0.828513858258
4/22/1969 16:00:00	0.830526406695
4/23/1969 16:00:00	0.830968505873
4/24/1969 16:00:00	0.835448781867
4/25/1969 16:00:00	0.839255961549
4/28/1969 16:00:00	0.842165720863
4/29/1969 16:00:00	0.848889183951
4/30/1969 16:00:00	0.856734223014
5/1/1969 16:00:00	0.85538141533
5/2/1969 16:00:00	0.859861284944
5/5/1969 16:00:00	0.863219427847
5/6/1969 16:00:00	0.867699164362
5/7/1969 16:00:00	0.866346312249
5/8/1969 16:00:00	0.870377301223
5/9/1969 16:00:00	0.870370393467
5/12/1969 16:00:00	0.869241874433
5/13/1969 16:00:00	0.873272744395
5/14/1969 16:00:00	0.880444012432
5/15/1969 16:00:00	0.878193855322
5/16/1969 16:00:00	0.879308461335
5/19/1969 16:00:00	0.871674827674
5/20/1969 16:00:00	0.864265627244
5/21/1969 16:00:00	0.868072034451
5/22/1969 16:00:00	0.869635301125
5/23/1969 16:00:00	0.8698527055
5/26/1969 16:00:00	0.86827567067
5/27/1969 16:00:00	0.861988304579
5/28/1969 16:00:00	0.859738454543
5/29/1969 16:00:00	0.861974622233
6/2/1969 16:00:00	0.857930429304
6/3/1969 16:00:00	0.855680664962
6/4/1969 16:00:00	0.855673873845
6/5/1969 16:00:00	0.85746141856
6/6/1969 16:00:00	0.852295938807
6/9/1969 16:00:00	0.845111945595
6/10/1969 16:00:00	0.838825213284
6/11/1969 16:00:00	0.827828599938
6/12/1969 16:00:00	0.821542105514
6/13/1969 16:00:00	0.825124084844
6/16/1969 16:00:00	0.822650462325
6/17/1969 16:00:00	0.819728323754
6/18/1969 16:00:00	0.819048990348
6/19/1969 16:00:00	0.814557008084
6/20/1969 16:00:00	0.810065097267
6/23/1969 16:00:00	0.806694610466
6/24/1969 16:00:00	0.816107494655
6/25/1969 16:00:00	0.813858347937
6/26/1969 16:00:00	0.816318805753
6/27/1969 16:00:00	0.817209380665
6/30/1969 16:00:00	0.82079108096
7/1/1969 16:00:00	0.824148464618
7/2/1969 16:00:00	0.831766698668
7/3/1969 16:00:00	0.83759076172
7/7/1969 16:00:00	0.833323277635
7/8/1969 16:00:00	0.821655520138
7/9/1969 16:00:00	0.815818474083
7/10/1969 16:00:00	0.80347829508
7/11/1969 16:00:00	0.807059876046
7/14/1969 16:00:00	0.797186664878
7/15/1969 16:00:00	0.794713656336
7/16/1969 16:00:00	0.803004303172
7/17/1969 16:00:00	0.808379695907
7/18/1969 16:00:00	0.801870364472
7/22/1969 16:00:00	0.789979456429
7/23/1969 16:00:00	0.786833898534
7/24/1969 16:00:00	0.784585322961
7/25/1969 16:00:00	0.77852485096
7/28/1969 16:00:00	0.763271065664
7/29/1969 16:00:00	0.757435087949
7/30/1969 16:00:00	0.761465142747
7/31/1969 16:00:00	0.777827460804
8/1/1969 16:00:00	0.792171520344
8/4/1969 16:00:00	0.788353482392
8/5/1969 16:00:00	0.792158946097
8/6/1969 16:00:00	0.796861217816
8/7/1969 16:00:00	0.797751754767
8/8/1969 16:00:00	0.797745423404
8/11/1969 16:00:00	0.793030645241
8/12/1969 16:00:00	0.787194892264
8/13/1969 16:00:00	0.788085477374
8/14/1969 16:00:00	0.79390858899
8/15/1969 16:00:00	0.799955813093
8/18/1969 16:00:00	0.805106130073
8/19/1969 16:00:00	0.809583762231
8/20/1969 16:00:00	0.810025735612
8/21/1969 16:00:00	0.812709677395
8/22/1969 16:00:00	0.817859730099
8/25/1969 16:00:00	0.80978225497
8/26/1969 16:00:00	0.804619407345
8/27/1969 16:00:00	0.806630735231
8/28/1969 16:00:00	0.81043554032
8/29/1969 16:00:00	0.816033780079
9/2/1969 16:00:00	0.816475673829
9/3/1969 16:00:00	0.81198552734
9/4/1969 16:00:00	0.805926181509
9/5/1969 16:00:00	0.80143619038
9/8/1969 16:00:00	0.793583601338
9/9/1969 16:00:00	0.799854235495
9/10/1969 16:00:00	0.81352252544
9/11/1969 16:00:00	0.807687580166
9/12/1969 16:00:00	0.807232828243
9/15/1969 16:00:00	0.813727324721
9/16/1969 16:00:00	0.814841703103
9/17/1969 16:00:00	0.813490242923
9/18/1969 16:00:00	0.81505293289
9/19/1969 16:00:00	0.817960569861
9/22/1969 16:00:00	0.821988961711
9/23/1969 16:00:00	0.822430754848
9/24/1969 16:00:00	0.821527601014
9/25/1969 16:00:00	0.815693054316
9/26/1969 16:00:00	0.810755212824
9/29/1969 16:00:00	0.804472542163
9/30/1969 16:00:00	0.802448811994
10/1/1969 16:00:00	0.79751119367
10/2/1969 16:00:00	0.80400509598
10/3/1969 16:00:00	0.803998714987
10/6/1969 16:00:00	0.80600961546
10/7/1969 16:00:00	0.803761812508
10/8/1969 16:00:00	0.800617489951
10/9/1969 16:00:00	0.803973191373
10/10/1969 16:00:00	0.808897786438
10/13/1969 16:00:00	0.817856706447
10/14/1969 16:00:00	0.827936143663
10/15/1969 16:00:00	0.828601962679
10/16/1969 16:00:00	0.834646847926
10/17/1969 16:00:00	0.833967844436
10/20/1969 16:00:00	0.835978347547
10/21/1969 16:00:00	0.842919522121
10/22/1969 16:00:00	0.848515860215
10/23/1969 16:00:00	0.845819693759
10/24/1969 16:00:00	0.851864155184
10/27/1969 16:00:00	0.850960931158
10/28/1969 16:00:00	0.848488923288
10/29/1969 16:00:00	0.841534709951
10/30/1969 16:00:00	0.842872693756
10/31/1969 16:00:00	0.844882982287
11/3/1969 16:00:00	0.845548597542
11/4/1969 16:00:00	0.846438307297
11/5/1969 16:00:00	0.850465449615
11/6/1969 16:00:00	0.851131004593
11/7/1969 16:00:00	0.856502644559
11/10/1969 16:00:00	0.857616337034
11/11/1969 16:00:00	0.855592664333
11/12/1969 16:00:00	0.854465401594
11/13/1969 16:00:00	0.850649044506
11/14/1969 16:00:00	0.84795320256
11/17/1969 16:00:00	0.842568334068
11/18/1969 16:00:00	0.84278573434
11/19/1969 16:00:00	0.838745505757
11/20/1969 16:00:00	0.830447750005
11/21/1969 16:00:00	0.825735437954
11/24/1969 16:00:00	0.8165415974
11/25/1969 16:00:00	0.814294333164
11/26/1969 16:00:00	0.81742494279
11/28/1969 16:00:00	0.822572176147
12/1/1969 16:00:00	0.817860113692
12/2/1969 16:00:00	0.813148126194
12/3/1969 16:00:00	0.804627032573
12/4/1969 16:00:00	0.807757594139
12/5/1969 16:00:00	0.80595865611
12/8/1969 16:00:00	0.798558143502
12/9/1969 16:00:00	0.79631118244
12/10/1969 16:00:00	0.796080801964
12/11/1969 16:00:00	0.796746660165
12/12/1969 16:00:00	0.799653077663
12/15/1969 16:00:00	0.797630234236
12/16/1969 16:00:00	0.790678247303
12/17/1969 16:00:00	0.786414990867
12/18/1969 16:00:00	0.79917959121
12/19/1969 16:00:00	0.806342787881
12/22/1969 16:00:00	0.79961499805
12/23/1969 16:00:00	0.796920117302
12/24/1969 16:00:00	0.805651460398
12/26/1969 16:00:00	0.812142255536
12/29/1969 16:00:00	0.806758868133
12/30/1969 16:00:00	0.810337064532
12/31/1969 16:00:00	0.814811346941
1/2/1970 16:00:00	0.823094135019
1/5/1970 16:00:00	0.827344213459
1/6/1970 16:00:00	0.821736887598
1/7/1970 16:00:00	0.82016216571
1/8/1970 16:00:00	0.820603710114
1/9/1970 16:00:00	0.818356947017
1/12/1970 16:00:00	0.812301824262
1/13/1970 16:00:00	0.814311570588
1/14/1970 16:00:00	0.811840891215
1/15/1970 16:00:00	0.812282483845
1/16/1970 16:00:00	0.805779569417
1/19/1970 16:00:00	0.794572457502
1/20/1970 16:00:00	0.796134239108
1/21/1970 16:00:00	0.797471985139
1/22/1970 16:00:00	0.798361691935
1/23/1970 16:00:00	0.792307161095
1/26/1970 16:00:00	0.781772618329
1/27/1970 16:00:00	0.777062337857
1/28/1970 16:00:00	0.769888112232
1/29/1970 16:00:00	0.760250000604
1/30/1970 16:00:00	0.754196014601
2/2/1970 16:00:00	0.760909922128
2/3/1970 16:00:00	0.769863670292
2/4/1970 16:00:00	0.765377701838
2/5/1970 16:00:00	0.762459742681
2/6/1970 16:00:00	0.76626151034
2/9/1970 16:00:00	0.772527081133
2/10/1970 16:00:00	0.764457460571
2/11/1970 16:00:00	0.772066850131
2/12/1970 16:00:00	0.770268864537
2/13/1970 16:00:00	0.768694887945
2/16/1970 16:00:00	0.768016851101
2/17/1970 16:00:00	0.767338824975
2/18/1970 16:00:00	0.776963665946
2/19/1970 16:00:00	0.779869153548
2/20/1970 16:00:00	0.782326651844
2/24/1970 16:00:00	0.782096473062
2/25/1970 16:00:00	0.794184541304
2/26/1970 16:00:00	0.790370810953
2/27/1970 16:00:00	0.795739686784
3/2/1970 16:00:00	0.797749036231
3/3/1970 16:00:00	0.80244588562
3/4/1970 16:00:00	0.800871802461
3/5/1970 16:00:00	0.800641488896
3/6/1970 16:00:00	0.795708110052
3/9/1970 16:00:00	0.787415501614
3/10/1970 16:00:00	0.789872725128
3/11/1970 16:00:00	0.789418555688
3/12/1970 16:00:00	0.786277011091
3/13/1970 16:00:00	0.7820157827
3/16/1970 16:00:00	0.773723612892
3/17/1970 16:00:00	0.777076619607
3/18/1970 16:00:00	0.77953380761
3/19/1970 16:00:00	0.778407922748
3/20/1970 16:00:00	0.775490553021
3/23/1970 16:00:00	0.775036526228
3/24/1970 16:00:00	0.783763811874
3/25/1970 16:00:00	0.799880732799
3/26/1970 16:00:00	0.801217969197
3/30/1970 16:00:00	0.798748391302
3/31/1970 16:00:00	0.798965979248
4/1/1970 16:00:00	0.802766370773
4/2/1970 16:00:00	0.800520762873
4/3/1970 16:00:00	0.796931659266
4/6/1970 16:00:00	0.791551251854
4/7/1970 16:00:00	0.789529704845
4/8/1970 16:00:00	0.789299522201
4/9/1970 16:00:00	0.789741087435
4/10/1970 16:00:00	0.787271776847
4/13/1970 16:00:00	0.781891659874
4/14/1970 16:00:00	0.775392081493
4/15/1970 16:00:00	0.774042481879
4/16/1970 16:00:00	0.766423540194
4/17/1970 16:00:00	0.764850129164
4/20/1970 16:00:00	0.766187472501
4/21/1970 16:00:00	0.762375083339
4/22/1970 16:00:00	0.752517489816
4/23/1970 16:00:00	0.741540569225
4/24/1970 16:00:00	0.739295732989
4/27/1970 16:00:00	0.727647413074
4/28/1970 16:00:00	0.717118737044
4/29/1970 16:00:00	0.730994207566
4/30/1970 16:00:00	0.728525638404
5/1/1970 16:00:00	0.727848197906
5/4/1970 16:00:00	0.709483900193
5/5/1970 16:00:00	0.702537909347
5/6/1970 16:00:00	0.710592041979
5/7/1970 16:00:00	0.713720708783
5/8/1970 16:00:00	0.710356885414
5/11/1970 16:00:00	0.702963356952
5/12/1970 16:00:00	0.696241567461
5/13/1970 16:00:00	0.684594703629
5/14/1970 16:00:00	0.674962856912
5/15/1970 16:00:00	0.687941860164
5/18/1970 16:00:00	0.688607999911
5/19/1970 16:00:00	0.675394513964
5/20/1970 16:00:00	0.658151706698
5/21/1970 16:00:00	0.645834121411
5/22/1970 16:00:00	0.646724433
5/25/1970 16:00:00	0.629034554608
5/26/1970 16:00:00	0.620523045162
5/27/1970 16:00:00	0.651633814199
5/28/1970 16:00:00	0.668193706827
5/29/1970 16:00:00	0.685648741771
6/1/1970 16:00:00	0.697283435462
6/2/1970 16:00:00	0.697501748477
6/3/1970 16:00:00	0.703540034061
6/4/1970 16:00:00	0.693237650675
6/5/1970 16:00:00	0.682711590318
6/8/1970 16:00:00	0.683825371301
6/9/1970 16:00:00	0.683596106023
6/10/1970 16:00:00	0.676875591207
6/11/1970 16:00:00	0.667693003822
6/12/1970 16:00:00	0.662539552111
6/15/1970 16:00:00	0.669025390823
6/16/1970 16:00:00	0.683121318844
6/17/1970 16:00:00	0.681772932661
6/18/1970 16:00:00	0.686467860434
6/19/1970 16:00:00	0.691386537783
6/22/1970 16:00:00	0.687799896621
6/23/1970 16:00:00	0.671007912592
6/24/1970 16:00:00	0.664064213119
6/25/1970 16:00:00	0.664506576212
6/26/1970 16:00:00	0.659801188473
6/29/1970 16:00:00	0.654424436175
6/30/1970 16:00:00	0.65307637413
7/1/1970 16:00:00	0.655085477265
7/2/1970 16:00:00	0.655080278174
7/6/1970 16:00:00	0.644780001298
7/7/1970 16:00:00	0.640074995059
7/8/1970 16:00:00	0.655959888753
7/9/1970 16:00:00	0.665578113366
7/10/1970 16:00:00	0.669153614394
7/13/1970 16:00:00	0.670267289628
7/14/1970 16:00:00	0.669142992935
7/15/1970 16:00:00	0.676522872499
7/16/1970 16:00:00	0.686588138157
7/17/1970 16:00:00	0.698667356405
7/20/1970 16:00:00	0.69978075338
7/21/1970 16:00:00	0.692390241182
7/22/1970 16:00:00	0.69305610049
7/23/1970 16:00:00	0.701778138927
7/24/1970 16:00:00	0.700206100199
7/27/1970 16:00:00	0.698857865922
7/28/1970 16:00:00	0.699971208105
7/29/1970 16:00:00	0.702427188356
7/30/1970 16:00:00	0.702869161921
7/31/1970 16:00:00	0.702863583595
8/3/1970 16:00:00	0.693683409028
8/4/1970 16:00:00	0.695244285496
8/5/1970 16:00:00	0.695238767684
8/6/1970 16:00:00	0.694338188741
8/7/1970 16:00:00	0.69634654976
8/10/1970 16:00:00	0.686719268175
8/11/1970 16:00:00	0.683133658918
8/12/1970 16:00:00	0.67977186484
8/13/1970 16:00:00	0.673948804095
8/14/1970 16:00:00	0.677747283207
8/17/1970 16:00:00	0.67930817398
8/18/1970 16:00:00	0.687134069236
8/19/1970 16:00:00	0.694064843778
8/20/1970 16:00:00	0.702114246473
8/21/1970 16:00:00	0.714862183395
8/24/1970 16:00:00	0.730742336183
8/25/1970 16:00:00	0.731855248117
8/26/1970 16:00:00	0.732744401831
8/27/1970 16:00:00	0.731619892656
8/28/1970 16:00:00	0.738773669196
8/31/1970 16:00:00	0.73585924816
9/1/1970 16:00:00	0.730707539139
9/2/1970 16:00:00	0.730925471514
9/3/1970 16:00:00	0.741211244344
9/4/1970 16:00:00	0.748140933274
9/8/1970 16:00:00	0.749924806493
9/9/1970 16:00:00	0.74790533345
9/10/1970 16:00:00	0.743648664419
9/11/1970 16:00:00	0.745656251609
9/14/1970 16:00:00	0.741623387249
9/15/1970 16:00:00	0.735353412407
9/16/1970 16:00:00	0.739374458357
9/17/1970 16:00:00	0.74384286842
9/18/1970 16:00:00	0.746968934878
9/21/1970 16:00:00	0.740475405741
9/22/1970 16:00:00	0.74024582037
9/23/1970 16:00:00	0.740687359015
9/24/1970 16:00:00	0.738668135261
9/25/1970 16:00:00	0.749176325619
9/28/1970 16:00:00	0.759236947303
9/29/1970 16:00:00	0.758783522116
9/30/1970 16:00:00	0.762804063526
10/1/1970 16:00:00	0.763245401938
10/2/1970 16:00:00	0.770844955123
10/5/1970 16:00:00	0.78291824171
10/6/1970 16:00:00	0.786267391966
10/7/1970 16:00:00	0.786708530065
10/8/1970 16:00:00	0.778425853133
10/9/1970 16:00:00	0.770590679501
10/12/1970 16:00:00	0.762308263225
10/13/1970 16:00:00	0.761407485151
10/14/1970 16:00:00	0.762743523584
10/15/1970 16:00:00	0.766987360664
10/16/1970 16:00:00	0.763849799841
10/19/1970 16:00:00	0.753554691921
10/20/1970 16:00:00	0.75824584654
10/21/1970 16:00:00	0.758463500057
10/22/1970 16:00:00	0.755997115274
10/23/1970 16:00:00	0.759569799866
10/26/1970 16:00:00	0.755537783196
10/27/1970 16:00:00	0.753966137225
10/28/1970 16:00:00	0.756867765287
10/29/1970 16:00:00	0.756190776339
10/30/1970 16:00:00	0.755290139183
11/2/1970 16:00:00	0.757744373283
11/3/1970 16:00:00	0.764448020359
11/4/1970 16:00:00	0.766007528543
11/5/1970 16:00:00	0.763317627121
11/6/1970 16:00:00	0.764653469356
11/9/1970 16:00:00	0.768673069717
11/10/1970 16:00:00	0.770008848223
11/11/1970 16:00:00	0.772239184467
11/12/1970 16:00:00	0.764405551542
11/13/1970 16:00:00	0.757242967087
11/16/1970 16:00:00	0.756118760284
11/17/1970 16:00:00	0.758349135444
11/18/1970 16:00:00	0.752304949104
11/19/1970 16:00:00	0.753417148687
11/20/1970 16:00:00	0.761014666679
11/23/1970 16:00:00	0.765704867844
11/24/1970 16:00:00	0.770842252258
11/25/1970 16:00:00	0.7737432854
11/27/1970 16:00:00	0.781340402298
11/30/1970 16:00:00	0.792962621595
12/1/1970 16:00:00	0.79563978889
12/2/1970 16:00:00	0.804801892316
12/3/1970 16:00:00	0.808820632552
12/4/1970 16:00:00	0.813957391264
12/7/1970 16:00:00	0.818423224644
12/8/1970 16:00:00	0.814391696969
12/9/1970 16:00:00	0.815056066901
12/10/1970 16:00:00	0.818627347741
12/11/1970 16:00:00	0.821751356809
12/14/1970 16:00:00	0.817719930368
12/15/1970 16:00:00	0.816595420387
12/16/1970 16:00:00	0.817036143973
12/17/1970 16:00:00	0.820160066241
12/18/1970 16:00:00	0.82194234671
12/21/1970 16:00:00	0.819476257032
12/22/1970 16:00:00	0.820364133887
12/23/1970 16:00:00	0.821028403219
12/24/1970 16:00:00	0.825717310995
12/28/1970 16:00:00	0.830406144505
12/29/1970 16:00:00	0.839343077345
12/30/1970 16:00:00	0.841348692849
12/31/1970 16:00:00	0.840224092687
1/4/1971 16:00:00	0.831274112984
1/5/1971 16:00:00	0.837080621256
1/6/1971 16:00:00	0.842216299951
1/7/1971 16:00:00	0.842656770619
1/8/1971 16:00:00	0.840861477358
1/11/1971 16:00:00	0.83906621257
1/12/1971 16:00:00	0.845766717284
1/13/1971 16:00:00	0.844195012245
1/14/1971 16:00:00	0.846423998228
1/15/1971 16:00:00	0.848652948824
1/18/1971 16:00:00	0.852223254364
1/19/1971 16:00:00	0.855346376721
1/20/1971 16:00:00	0.855563149778
1/21/1971 16:00:00	0.859580435031
1/22/1971 16:00:00	0.865833236418
1/25/1971 16:00:00	0.869403264231
1/26/1971 16:00:00	0.872302572082
1/27/1971 16:00:00	0.8660361739
1/28/1971 16:00:00	0.868935462255
1/29/1971 16:00:00	0.875187941538
2/1/1971 16:00:00	0.880099037674
2/2/1971 16:00:00	0.880315598364
2/3/1971 16:00:00	0.882096962364
2/4/1971 16:00:00	0.882089961594
2/5/1971 16:00:00	0.88945979026
2/8/1971 16:00:00	0.89660596385
2/9/1971 16:00:00	0.896598847929
2/10/1971 16:00:00	0.895697592102
2/11/1971 16:00:00	0.902843546268
2/12/1971 16:00:00	0.90820113576
2/16/1971 16:00:00	0.90908804658
2/17/1971 16:00:00	0.904610273215
2/18/1971 16:00:00	0.901920780134
2/19/1971 16:00:00	0.895654940039
2/22/1971 16:00:00	0.886706928846
2/23/1971 16:00:00	0.88669989149
2/24/1971 16:00:00	0.894739538357
2/25/1971 16:00:00	0.900096851169
2/26/1971 16:00:00	0.900983769476
3/1/1971 16:00:00	0.905446893034
3/2/1971 16:00:00	0.905439706947
3/3/1971 16:00:00	0.908114642982
3/4/1971 16:00:00	0.914365671018
3/5/1971 16:00:00	0.916146467281
3/8/1971 16:00:00	0.926867430098
3/9/1971 16:00:00	0.928648098951
3/10/1971 16:00:00	0.925958712557
3/11/1971 16:00:00	0.927739360227
3/12/1971 16:00:00	0.929296481804
3/15/1971 16:00:00	0.934653011092
3/16/1971 16:00:00	0.939115478486
3/17/1971 16:00:00	0.938214055195
3/18/1971 16:00:00	0.94178246062
3/19/1971 16:00:00	0.940881030332
3/22/1971 16:00:00	0.937297768132
3/23/1971 16:00:00	0.934608504459
3/24/1971 16:00:00	0.93102534899
3/25/1971 16:00:00	0.930124032537
3/26/1971 16:00:00	0.93458625191
3/29/1971 16:00:00	0.93547274776
3/30/1971 16:00:00	0.9372531356
3/31/1971 16:00:00	0.942609091278
4/1/1971 16:00:00	0.945283286189
4/2/1971 16:00:00	0.950639093366
4/5/1971 16:00:00	0.953313182161
4/6/1971 16:00:00	0.956881099285
4/7/1971 16:00:00	0.96134282353
4/8/1971 16:00:00	0.964016763765
4/12/1971 16:00:00	0.9684783607
4/13/1971 16:00:00	0.968470674364
4/14/1971 16:00:00	0.970250658923
4/15/1971 16:00:00	0.975382471454
4/16/1971 16:00:00	0.978056194162
4/19/1971 16:00:00	0.979836060222
4/20/1971 16:00:00	0.973571633874
4/21/1971 16:00:00	0.973563907115
4/22/1971 16:00:00	0.978025144875
4/23/1971 16:00:00	0.984273883583
4/26/1971 16:00:00	0.987841187014
4/27/1971 16:00:00	0.993195977289
4/28/1971 16:00:00	0.999444447394
4/29/1971 16:00:00	1.00033027291
4/30/1971 16:00:00	0.99853483273
5/3/1971 16:00:00	0.989589473679
5/4/1971 16:00:00	0.994050301094
5/5/1971 16:00:00	0.993148682607
5/6/1971 16:00:00	0.98777846788
5/7/1971 16:00:00	0.984195768498
5/10/1971 16:00:00	0.978825710328
5/11/1971 16:00:00	0.980605343304
5/12/1971 16:00:00	0.981491254359
5/13/1971 16:00:00	0.983270837847
5/14/1971 16:00:00	0.984156713582
5/17/1971 16:00:00	0.970073562756
5/18/1971 16:00:00	0.963810207436
5/19/1971 16:00:00	0.962908900098
5/20/1971 16:00:00	0.966475861769
5/21/1971 16:00:00	0.967361835211
5/24/1971 16:00:00	0.963779610539
5/25/1971 16:00:00	0.955729294369
5/26/1971 16:00:00	0.955721709216
5/27/1971 16:00:00	0.956607739559
5/28/1971 16:00:00	0.96285540589
6/1/1971 16:00:00	0.968209372009
6/2/1971 16:00:00	0.974233449009
6/3/1971 16:00:00	0.97958724022
6/4/1971 16:00:00	0.984047366472
6/7/1971 16:00:00	0.984933129663
6/8/1971 16:00:00	0.977776784689
6/9/1971 16:00:00	0.975981906832
6/10/1971 16:00:00	0.978654816215
6/11/1971 16:00:00	0.979540593799
6/14/1971 16:00:00	0.974171594068
6/15/1971 16:00:00	0.972376801609
6/16/1971 16:00:00	0.972369084333
6/17/1971 16:00:00	0.972361367118
6/18/1971 16:00:00	0.961854917078
6/21/1971 16:00:00	0.946657749086
6/22/1971 16:00:00	0.937715287849
6/23/1971 16:00:00	0.942175283911
6/24/1971 16:00:00	0.945741728696
6/25/1971 16:00:00	0.947521169864
6/28/1971 16:00:00	0.945726716955
6/29/1971 16:00:00	0.95286688595
6/30/1971 16:00:00	0.958220037359
7/1/1971 16:00:00	0.964466549232
7/2/1971 16:00:00	0.96713920937
7/6/1971 16:00:00	0.970705258223
7/7/1971 16:00:00	0.9776215908
7/8/1971 16:00:00	0.981187500039
7/9/1971 16:00:00	0.985646762689
7/12/1971 16:00:00	0.988319148831
7/13/1971 16:00:00	0.984737721666
7/14/1971 16:00:00	0.980262962664
7/15/1971 16:00:00	0.980255182799
7/16/1971 16:00:00	0.977567279462
7/19/1971 16:00:00	0.97219931658
7/20/1971 16:00:00	0.975765041803
7/21/1971 16:00:00	0.974863944427
7/22/1971 16:00:00	0.973069515188
7/23/1971 16:00:00	0.973955131423
7/26/1971 16:00:00	0.971490738826
7/27/1971 16:00:00	0.965229754861
7/28/1971 16:00:00	0.95450228213
7/29/1971 16:00:00	0.940201738522
7/30/1971 16:00:00	0.935727760031
8/2/1971 16:00:00	0.938400222193
8/3/1971 16:00:00	0.927896627394
8/4/1971 16:00:00	0.918063161665
8/5/1971 16:00:00	0.916269325877
8/6/1971 16:00:00	0.92251492768
8/9/1971 16:00:00	0.917148042282
8/10/1971 16:00:00	0.915354256308
8/11/1971 16:00:00	0.925172702077
8/12/1971 16:00:00	0.934767682919
8/13/1971 16:00:00	0.936546728883
8/16/1971 16:00:00	0.958869928516
8/17/1971 16:00:00	0.967794502214
8/18/1971 16:00:00	0.963320764535
8/19/1971 16:00:00	0.959740302203
8/20/1971 16:00:00	0.958839488099
8/23/1971 16:00:00	0.962404638348
8/24/1971 16:00:00	0.965076549093
8/25/1971 16:00:00	0.966855241535
8/26/1971 16:00:00	0.96863390571
8/27/1971 16:00:00	0.971305703355
8/30/1971 16:00:00	0.965939066562
8/31/1971 16:00:00	0.963251957753
9/1/1971 16:00:00	0.965030593763
9/2/1971 16:00:00	0.968595468224
9/3/1971 16:00:00	0.977295762346
9/7/1971 16:00:00	0.981753602386
9/8/1971 16:00:00	0.982638922906
9/9/1971 16:00:00	0.982631124184
9/10/1971 16:00:00	0.980837129434
9/13/1971 16:00:00	0.979043163124
9/14/1971 16:00:00	0.975463057568
9/15/1971 16:00:00	0.975455315797
9/16/1971 16:00:00	0.975447574088
9/17/1971 16:00:00	0.978119020102
9/20/1971 16:00:00	0.977218201767
9/21/1971 16:00:00	0.975424349285
9/22/1971 16:00:00	0.968495537823
9/23/1971 16:00:00	0.966701783046
9/24/1971 16:00:00	0.967587137861
9/27/1971 16:00:00	0.961328318806
9/28/1971 16:00:00	0.963106714889
9/29/1971 16:00:00	0.96488508271
9/30/1971 16:00:00	0.968449419645
10/1/1971 16:00:00	0.973576435395
10/4/1971 16:00:00	0.977140646907
10/5/1971 16:00:00	0.977132891823
10/6/1971 16:00:00	0.983375929802
10/7/1971 16:00:00	0.986047015392
10/8/1971 16:00:00	0.983360320664
10/11/1971 16:00:00	0.983352516217
10/12/1971 16:00:00	0.985130596084
10/13/1971 16:00:00	0.983336907484
10/14/1971 16:00:00	0.976185679604
10/15/1971 16:00:00	0.973499169657
10/18/1971 16:00:00	0.969250103363
10/19/1971 16:00:00	0.959420438412
10/20/1971 16:00:00	0.946912231933
10/21/1971 16:00:00	0.946904716756
10/22/1971 16:00:00	0.948682971968
10/25/1971 16:00:00	0.944211052282
10/26/1971 16:00:00	0.938846332715
10/27/1971 16:00:00	0.926562003689
10/28/1971 16:00:00	0.928117149185
10/29/1971 16:00:00	0.933466880718
11/1/1971 16:00:00	0.921182887258
11/2/1971 16:00:00	0.919389905554
11/3/1971 16:00:00	0.932551825713
11/4/1971 16:00:00	0.937901352181
11/5/1971 16:00:00	0.937001094286
11/8/1971 16:00:00	0.936100850628
11/9/1971 16:00:00	0.938771821401
11/10/1971 16:00:00	0.931622026969
11/11/1971 16:00:00	0.92112439949
11/12/1971 16:00:00	0.922902646332
11/15/1971 16:00:00	0.918431463685
11/16/1971 16:00:00	0.921102468
11/17/1971 16:00:00	0.920202400244
11/18/1971 16:00:00	0.918409596395
11/19/1971 16:00:00	0.913938591287
11/22/1971 16:00:00	0.90411124061
11/23/1971 16:00:00	0.890713130926
11/24/1971 16:00:00	0.891598783529
11/26/1971 16:00:00	0.902304283471
11/29/1971 16:00:00	0.921936691196
11/30/1971 16:00:00	0.923714775722
12/1/1971 16:00:00	0.939552757307
12/2/1971 16:00:00	0.942223360655
12/3/1971 16:00:00	0.952928038379
12/6/1971 16:00:00	0.949349784916
12/7/1971 16:00:00	0.952912912491
12/8/1971 16:00:00	0.956475983554
12/9/1971 16:00:00	0.959146346698
12/10/1971 16:00:00	0.966279889171
12/13/1971 16:00:00	0.969842769527
12/14/1971 16:00:00	0.968942442109
12/15/1971 16:00:00	0.971389465785
12/16/1971 16:00:00	0.976737452917
12/17/1971 16:00:00	0.981192746282
12/20/1971 16:00:00	0.990110979018
12/21/1971 16:00:00	0.99188831095
12/22/1971 16:00:00	0.994558202539
12/23/1971 16:00:00	0.993657728379
12/27/1971 16:00:00	0.991864694704
12/28/1971 16:00:00	0.993641956071
12/29/1971 16:00:00	0.999881987107
12/30/1971 16:00:00	1.00344426171
12/31/1971 16:00:00	1.0132542982
1/3/1972 16:00:00	1.00878356415
1/4/1972 16:00:00	1.011453152
1/5/1972 16:00:00	1.01925471213
1/6/1972 16:00:00	1.02727927816
1/7/1972 16:00:00	1.03084116608
1/10/1972 16:00:00	1.0308329848
1/11/1972 16:00:00	1.03528728404
1/12/1972 16:00:00	1.03795653459
1/13/1972 16:00:00	1.03348588697
1/14/1972 16:00:00	1.03615510928
1/17/1972 16:00:00	1.03793182142
1/18/1972 16:00:00	1.04506326965
1/19/1972 16:00:00	1.04237761443
1/20/1972 16:00:00	1.04147689501
1/21/1972 16:00:00	1.04057618982
1/24/1972 16:00:00	1.03432090441
1/25/1972 16:00:00	1.03252784494
1/26/1972 16:00:00	1.03341206847
1/27/1972 16:00:00	1.04232797791
1/28/1972 16:00:00	1.05124374637
1/31/1972 16:00:00	1.05569738851
2/1/1972 16:00:00	1.06171264257
2/2/1972 16:00:00	1.06973566304
2/3/1972 16:00:00	1.07151192496
2/4/1972 16:00:00	1.07596526526
2/7/1972 16:00:00	1.07506436404
2/8/1972 16:00:00	1.07684054124
2/9/1972 16:00:00	1.08486312385
2/10/1972 16:00:00	1.08931621699
2/11/1972 16:00:00	1.09109223878
2/14/1972 16:00:00	1.08572962026
2/15/1972 16:00:00	1.08839796154
2/16/1972 16:00:00	1.09463550975
2/17/1972 16:00:00	1.09551912745
2/18/1972 16:00:00	1.09551043286
2/22/1972 16:00:00	1.0946094472
2/23/1972 16:00:00	1.09727761195
2/24/1972 16:00:00	1.10061494206
2/25/1972 16:00:00	1.10774436635
2/28/1972 16:00:00	1.10862783761
2/29/1972 16:00:00	1.113080318
3/1/1972 16:00:00	1.1211017228
3/2/1972 16:00:00	1.12376955033
3/3/1972 16:00:00	1.12911403946
3/6/1972 16:00:00	1.13535067151
3/7/1972 16:00:00	1.13444944022
3/8/1972 16:00:00	1.13979371753
3/9/1972 16:00:00	1.14402265211
3/10/1972 16:00:00	1.14156002427
3/13/1972 16:00:00	1.12995246461
3/14/1972 16:00:00	1.13351223725
3/15/1972 16:00:00	1.1370719534
3/16/1972 16:00:00	1.13438641598
3/17/1972 16:00:00	1.13616174074
3/20/1972 16:00:00	1.13169193937
3/21/1972 16:00:00	1.11562426245
3/22/1972 16:00:00	1.12186040616
3/23/1972 16:00:00	1.13077285762
3/24/1972 16:00:00	1.13254814021
3/27/1972 16:00:00	1.13253915173
3/28/1972 16:00:00	1.13342227766
3/29/1972 16:00:00	1.13162906772
3/30/1972 16:00:00	1.13697268757
4/3/1972 16:00:00	1.13696366398
4/4/1972 16:00:00	1.14297622126
4/5/1972 16:00:00	1.15367209804
4/6/1972 16:00:00	1.1616915898
4/7/1972 16:00:00	1.16971095464
4/10/1972 16:00:00	1.16970167122
4/11/1972 16:00:00	1.17593674379
4/12/1972 16:00:00	1.18217171758
4/13/1972 16:00:00	1.02226474585
4/14/1972 16:00:00	1.18817394741
4/17/1972 16:00:00	1.18638047249
4/18/1972 16:00:00	1.18993911834
4/19/1972 16:00:00	1.17766455978
4/20/1972 16:00:00	1.1794392156
4/21/1972 16:00:00	1.18032184908
4/24/1972 16:00:00	1.17050062402
4/25/1972 16:00:00	1.16067955543
4/26/1972 16:00:00	1.16156231645
4/27/1972 16:00:00	1.16244506339
4/28/1972 16:00:00	1.16511171348
5/1/1972 16:00:00	1.1552909995
5/2/1972 16:00:00	1.14725433081
5/3/1972 16:00:00	1.1427855392
5/4/1972 16:00:00	1.14366839966
5/5/1972 16:00:00	1.14811893844
5/8/1972 16:00:00	1.14119747698
5/9/1972 16:00:00	1.11621496979
5/10/1972 16:00:00	1.12512512788
5/11/1972 16:00:00	1.1349270397
5/12/1972 16:00:00	1.14807337524
5/15/1972 16:00:00	1.15609118946
5/16/1972 16:00:00	1.15697388776
5/17/1972 16:00:00	1.1516135061
5/18/1972 16:00:00	1.16052296074
5/19/1972 16:00:00	1.17299968411
5/22/1972 16:00:00	1.17477406543
5/23/1972 16:00:00	1.17565658017
5/24/1972 16:00:00	1.18456556233
5/25/1972 16:00:00	1.18700867771
5/26/1972 16:00:00	1.18789107419
5/30/1972 16:00:00	1.18364554843
5/31/1972 16:00:00	1.17560992731
6/1/1972 16:00:00	1.18095137239
6/2/1972 16:00:00	1.18450915512
6/5/1972 16:00:00	1.17736549998
6/6/1972 16:00:00	1.17111373316
6/7/1972 16:00:00	1.16218676312
6/8/1972 16:00:00	1.16306929984
6/9/1972 16:00:00	1.1586013024
6/12/1972 16:00:00	1.15680861468
6/13/1972 16:00:00	1.16036639026
6/14/1972 16:00:00	1.16570757358
6/15/1972 16:00:00	1.16480659688
6/16/1972 16:00:00	1.16479735239
6/19/1972 16:00:00	1.1603295535
6/20/1972 16:00:00	1.1629954559
6/21/1972 16:00:00	1.16566131596
6/22/1972 16:00:00	1.16030192668
6/23/1972 16:00:00	1.1549426226
6/26/1972 16:00:00	1.14690837737
6/27/1972 16:00:00	1.15135761652
6/28/1972 16:00:00	1.14956515622
6/29/1972 16:00:00	1.14777272432
6/30/1972 16:00:00	1.15400514468
7/3/1972 16:00:00	1.1584541862
7/5/1972 16:00:00	1.16468642318
7/6/1972 16:00:00	1.17002693546
7/7/1972 16:00:00	1.16645117382
7/10/1972 16:00:00	1.16109224531
7/11/1972 16:00:00	1.15751661141
7/12/1972 16:00:00	1.15394103429
7/13/1972 16:00:00	1.14412438028
7/14/1972 16:00:00	1.14768163347
7/17/1972 16:00:00	1.13897965565
7/18/1972 16:00:00	1.13094649331
7/19/1972 16:00:00	1.13361220377
7/20/1972 16:00:00	1.12736232173
7/21/1972 16:00:00	1.13181111392
7/24/1972 16:00:00	1.14227773632
7/25/1972 16:00:00	1.13981695256
7/26/1972 16:00:00	1.14069943314
7/27/1972 16:00:00	1.13890734061
7/28/1972 16:00:00	1.13622376388
7/31/1972 16:00:00	1.13354022972
8/1/1972 16:00:00	1.13888022383
8/2/1972 16:00:00	1.14756322595
8/3/1972 16:00:00	1.15557747743
8/4/1972 16:00:00	1.16091717011
8/7/1972 16:00:00	1.16179942676
8/8/1972 16:00:00	1.15822435329
8/9/1972 16:00:00	1.15999807326
8/10/1972 16:00:00	1.15998886692
8/11/1972 16:00:00	1.16800263842
8/14/1972 16:00:00	1.16799336855
8/15/1972 16:00:00	1.16620124302
8/16/1972 16:00:00	1.16619198746
8/17/1972 16:00:00	1.15994283599
8/18/1972 16:00:00	1.16528206968
8/21/1972 16:00:00	1.16438142186
8/22/1972 16:00:00	1.16437218073
8/23/1972 16:00:00	1.16258016888
8/24/1972 16:00:00	1.15633129384
8/25/1972 16:00:00	1.1554307454
8/28/1972 16:00:00	1.1509647547
8/29/1972 16:00:00	1.14739019197
8/30/1972 16:00:00	1.1509464854
8/31/1972 16:00:00	1.15182869378
9/1/1972 16:00:00	1.15895023872
9/5/1972 16:00:00	1.15537572561
9/6/1972 16:00:00	1.14912730421
9/7/1972 16:00:00	1.14555292589
9/8/1972 16:00:00	1.14465252673
9/11/1972 16:00:00	1.13773586416
9/12/1972 16:00:00	1.12792260849
9/13/1972 16:00:00	1.13058751514
9/14/1972 16:00:00	1.13146982131
9/15/1972 16:00:00	1.1323521134
9/18/1972 16:00:00	1.13145186154
9/19/1972 16:00:00	1.12966036603
9/20/1972 16:00:00	1.13054265125
9/21/1972 16:00:00	1.12875119126
9/22/1972 16:00:00	1.13052470618
9/25/1972 16:00:00	1.12427712679
9/26/1972 16:00:00	1.12694187132
9/27/1972 16:00:00	1.14030115831
9/28/1972 16:00:00	1.14452534824
9/29/1972 16:00:00	1.14897227151
10/2/1972 16:00:00	1.14628956974
10/3/1972 16:00:00	1.14806284665
10/4/1972 16:00:00	1.14627137472
10/5/1972 16:00:00	1.13489982055
10/6/1972 16:00:00	1.13578197934
10/9/1972 16:00:00	1.13933760068
10/10/1972 16:00:00	1.14356152946
10/11/1972 16:00:00	1.14021066067
10/12/1972 16:00:00	1.13396364763
10/13/1972 16:00:00	1.12771673394
10/16/1972 16:00:00	1.11612317888
10/17/1972 16:00:00	1.12056990231
10/18/1972 16:00:00	1.12679877376
10/19/1972 16:00:00	1.12500762645
10/20/1972 16:00:00	1.13480074446
10/23/1972 16:00:00	1.14102935508
10/24/1972 16:00:00	1.14257969122
10/25/1972 16:00:00	1.14257062313
10/26/1972 16:00:00	1.14701688996
10/27/1972 16:00:00	1.14789884658
10/30/1972 16:00:00	1.14788973627
10/31/1972 16:00:00	1.15411794655
11/1/1972 16:00:00	1.16658332944
11/2/1972 16:00:00	1.17102922964
11/3/1972 16:00:00	1.18171223232
11/6/1972 16:00:00	1.18437590677
11/8/1972 16:00:00	1.17991145371
11/9/1972 16:00:00	1.17722907867
11/10/1972 16:00:00	1.17989272498
11/13/1972 16:00:00	1.17721039252
11/14/1972 16:00:00	1.17809203191
11/15/1972 16:00:00	1.17362780569
11/16/1972 16:00:00	1.17272752303
11/17/1972 16:00:00	1.17271821566
11/20/1972 16:00:00	1.17092700036
11/21/1972 16:00:00	1.17180865421
11/22/1972 16:00:00	1.17447217373
11/24/1972 16:00:00	1.17891751656
11/27/1972 16:00:00	1.17534445702
11/28/1972 16:00:00	1.17622604756
11/29/1972 16:00:00	1.17621671243
11/30/1972 16:00:00	1.17888009099
12/1/1972 16:00:00	1.18666608775
12/4/1972 16:00:00	1.18843845068
12/5/1972 16:00:00	1.19021078542
12/6/1972 16:00:00	1.19376484465
12/7/1972 16:00:00	1.19731884747
12/8/1972 16:00:00	1.19730934494
12/11/1972 16:00:00	1.19462727698
12/12/1972 16:00:00	1.19016355541
12/13/1972 16:00:00	1.18480906376
12/14/1972 16:00:00	1.18145903345
12/15/1972 16:00:00	1.18323131038
12/18/1972 16:00:00	1.17431372232
12/19/1972 16:00:00	1.17341358976
12/20/1972 16:00:00	1.16895024929
12/21/1972 16:00:00	1.16181458441
12/22/1972 16:00:00	1.1635869463
12/26/1972 16:00:00	1.16268692722
12/27/1972 16:00:00	1.16891313988
12/29/1972 16:00:00	1.18471503309
1/2/1973 16:00:00	1.19272249924
1/3/1973 16:00:00	1.19983908247
1/4/1973 16:00:00	1.19982955994
1/5/1973 16:00:00	1.2042737478
1/8/1973 16:00:00	1.20515492509
1/9/1973 16:00:00	1.20514536037
1/10/1973 16:00:00	1.20602651661
1/11/1973 16:00:00	1.21225194174
1/12/1973 16:00:00	1.20511666637
1/15/1973 16:00:00	1.19263730644
1/16/1973 16:00:00	1.18728368584
1/17/1973 16:00:00	1.18816494839
1/18/1973 16:00:00	1.18993687525
1/19/1973 16:00:00	1.18636474606
1/22/1973 16:00:00	1.17945268273
1/23/1973 16:00:00	1.1732087222
1/24/1973 16:00:00	1.15627706088
1/26/1973 16:00:00	1.15003338423
1/29/1973 16:00:00	1.13866865144
1/30/1973 16:00:00	1.13598772862
1/31/1973 16:00:00	1.13775995586
2/1/1973 16:00:00	1.12439170931
2/2/1973 16:00:00	1.12082035639
2/5/1973 16:00:00	1.11635845997
2/6/1973 16:00:00	1.11902137931
2/7/1973 16:00:00	1.10743487946
2/8/1973 16:00:00	1.09852030115
2/9/1973 16:00:00	1.11543244672
2/12/1973 16:00:00	1.12432924236
2/13/1973 16:00:00	1.12699199256
2/14/1973 16:00:00	1.11095313441
2/15/1973 16:00:00	1.10203888138
2/16/1973 16:00:00	1.10381120798
2/20/1973 16:00:00	1.10736456522
2/21/1973 16:00:00	1.09756003056
2/22/1973 16:00:00	1.0959929181
2/23/1973 16:00:00	1.0835171055
2/26/1973 16:00:00	1.07460349605
2/27/1973 16:00:00	1.06123755917
2/28/1973 16:00:00	1.06657205702
3/1/1973 16:00:00	1.05854927489
3/2/1973 16:00:00	1.06388370917
3/5/1973 16:00:00	1.06832759337
3/6/1973 16:00:00	1.08078553367
3/7/1973 16:00:00	1.08344831057
3/8/1973 16:00:00	1.08165882283
3/9/1973 16:00:00	1.08075980084
3/12/1973 16:00:00	1.07986079307
3/13/1973 16:00:00	1.08163306924
3/14/1973 16:00:00	1.08162448485
3/15/1973 16:00:00	1.0771638549
3/16/1973 16:00:00	1.07359369786
3/19/1973 16:00:00	1.06201004307
3/20/1973 16:00:00	1.05665928764
3/21/1973 16:00:00	1.04440816693
3/22/1973 16:00:00	1.02481166001
3/23/1973 16:00:00	1.0230227939
3/26/1973 16:00:00	1.02301467467
3/27/1973 16:00:00	1.03547148627
3/28/1973 16:00:00	1.03724395867
3/29/1973 16:00:00	1.04702944636
3/30/1973 16:00:00	1.04078881847
4/2/1973 16:00:00	1.02564504933
4/3/1973 16:00:00	1.01406278981
4/4/1973 16:00:00	1.00003236335
4/5/1973 16:00:00	0.992011703438
4/6/1973 16:00:00	1.00357767116
4/9/1973 16:00:00	1.00980172551
4/10/1973 16:00:00	1.01669339238
4/11/1973 16:00:00	1.02113669551
4/12/1973 16:00:00	1.02379939342
4/13/1973 16:00:00	1.02023022665
4/16/1973 16:00:00	1.01488061008
4/17/1973 16:00:00	1.00619265552
4/18/1973 16:00:00	1.00707490888
4/19/1973 16:00:00	1.01062784408
4/23/1973 16:00:00	1.00082734907
4/24/1973 16:00:00	0.984795485795
4/25/1973 16:00:00	0.968763879003
4/26/1973 16:00:00	0.97142680068
4/27/1973 16:00:00	0.960069087087
4/30/1973 16:00:00	0.954720332097
5/1/1973 16:00:00	0.956493119207
5/2/1973 16:00:00	0.966277453828
5/3/1973 16:00:00	0.972278419518
5/4/1973 16:00:00	0.9820624747
5/7/1973 16:00:00	0.978494064285
5/8/1973 16:00:00	0.980266592412
5/9/1973 16:00:00	0.978478532669
5/10/1973 16:00:00	0.976690501271
5/11/1973 16:00:00	0.96622377196
5/14/1973 16:00:00	0.943073019159
5/15/1973 16:00:00	0.939505088887
5/16/1973 16:00:00	0.939497632498
5/17/1973 16:00:00	0.931479301044
5/18/1973 16:00:00	0.911222358328
5/21/1973 16:00:00	0.892523385721
5/22/1973 16:00:00	0.899636907623
5/23/1973 16:00:00	0.904080110995
5/24/1973 16:00:00	0.92365429184
5/25/1973 16:00:00	0.931434940102
5/29/1973 16:00:00	0.927867356877
5/30/1973 16:00:00	0.913841852926
5/31/1973 16:00:00	0.908494399465
6/1/1973 16:00:00	0.905817110134
6/4/1973 16:00:00	0.892459632088
6/5/1973 16:00:00	0.900462657964
6/6/1973 16:00:00	0.900455511435
6/7/1973 16:00:00	0.908458347274
6/8/1973 16:00:00	0.918241038653
6/11/1973 16:00:00	0.91200386271
6/12/1973 16:00:00	0.927793715155
6/13/1973 16:00:00	0.923558994258
6/14/1973 16:00:00	0.91732192416
6/15/1973 16:00:00	0.905745218638
6/18/1973 16:00:00	0.892388800727
6/19/1973 16:00:00	0.894161601199
6/20/1973 16:00:00	0.895934373504
6/21/1973 16:00:00	0.888807844004
6/22/1973 16:00:00	0.894140311439
6/25/1973 16:00:00	0.880117081815
6/26/1973 16:00:00	0.885227056537
6/27/1973 16:00:00	0.886999828978
6/28/1973 16:00:00	0.895891709076
6/29/1973 16:00:00	0.894104828854
7/2/1973 16:00:00	0.886088831604
7/3/1973 16:00:00	0.880075171372
7/5/1973 16:00:00	0.880068186648
7/6/1973 16:00:00	0.88095105859
7/9/1973 16:00:00	0.885170852297
7/10/1973 16:00:00	0.895841937438
7/11/1973 16:00:00	0.909182360794
7/12/1973 16:00:00	0.913624288005
7/13/1973 16:00:00	0.911837393897
7/16/1973 16:00:00	0.920728301946
7/17/1973 16:00:00	0.925837387655
7/18/1973 16:00:00	0.936507645363
7/19/1973 16:00:00	0.942728767174
7/20/1973 16:00:00	0.953398722865
7/23/1973 16:00:00	0.954280935697
7/24/1973 16:00:00	0.95872222421
7/25/1973 16:00:00	0.966722503951
7/26/1973 16:00:00	0.966714831551
7/27/1973 16:00:00	0.968264224057
7/30/1973 16:00:00	0.96403025404
7/31/1973 16:00:00	0.961353391413
8/1/1973 16:00:00	0.947999809869
8/2/1973 16:00:00	0.947102563105
8/3/1973 16:00:00	0.945315614641
8/6/1973 16:00:00	0.948866947391
8/7/1973 16:00:00	0.94974911848
8/8/1973 16:00:00	0.939065244094
8/9/1973 16:00:00	0.939057791195
8/10/1973 16:00:00	0.931932894178
8/13/1973 16:00:00	0.923251182164
8/14/1973 16:00:00	0.917016190813
8/15/1973 16:00:00	0.914339935393
8/16/1973 16:00:00	0.914332678726
8/17/1973 16:00:00	0.917884002234
8/20/1973 16:00:00	0.908980337482
8/21/1973 16:00:00	0.903635338156
8/22/1973 16:00:00	0.896511176336
8/23/1973 16:00:00	0.907179460935
8/24/1973 16:00:00	0.906282651428
8/27/1973 16:00:00	0.910723471722
8/28/1973 16:00:00	0.911605839335
8/29/1973 16:00:00	0.918715312555
8/30/1973 16:00:00	0.920487184199
8/31/1973 16:00:00	0.928263655369
9/4/1973 16:00:00	0.93359369302
9/5/1973 16:00:00	0.9380340858
9/6/1973 16:00:00	0.941584854782
9/7/1973 16:00:00	0.946914660231
9/10/1973 16:00:00	0.94068036944
9/11/1973 16:00:00	0.936225242401
9/12/1973 16:00:00	0.931770186188
9/13/1973 16:00:00	0.934431345419
9/14/1973 16:00:00	0.938871484487
9/17/1973 16:00:00	0.94064304115
9/18/1973 16:00:00	0.940635575729
9/19/1973 16:00:00	0.954859948865
9/20/1973 16:00:00	0.962857717179
9/21/1973 16:00:00	0.968854038121
9/24/1973 16:00:00	0.970625286675
9/25/1973 16:00:00	0.971507045189
9/26/1973 16:00:00	0.978614973508
9/27/1973 16:00:00	0.984833341523
9/28/1973 16:00:00	0.983936084571
10/1/1973 16:00:00	0.982149408057
10/2/1973 16:00:00	0.989257026636
10/3/1973 16:00:00	0.991917434396
10/4/1973 16:00:00	0.986573086262
10/5/1973 16:00:00	0.996348717168
10/8/1973 16:00:00	1.00167720089
10/9/1973 16:00:00	1.00077985955
10/10/1973 16:00:00	0.992767456748
10/11/1973 16:00:00	1.00521086041
10/12/1973 16:00:00	1.0096497344
10/15/1973 16:00:00	1.00074808788
10/16/1973 16:00:00	1.00074014544
10/17/1973 16:00:00	0.997174806403
10/18/1973 16:00:00	0.998056234397
10/19/1973 16:00:00	1.00249498845
10/22/1973 16:00:00	0.993593752139
10/23/1973 16:00:00	0.989139262079
10/24/1973 16:00:00	0.991799353135
10/25/1973 16:00:00	0.993570095212
10/26/1973 16:00:00	0.998008708259
10/29/1973 16:00:00	0.991775738806
10/30/1973 16:00:00	0.978428583928
10/31/1973 16:00:00	0.974863704933
11/1/1973 16:00:00	0.969520339888
11/2/1973 16:00:00	0.963510111649
11/5/1973 16:00:00	0.947495836215
11/6/1973 16:00:00	0.940374316698
11/7/1973 16:00:00	0.943923824821
11/8/1973 16:00:00	0.949251748293
11/9/1973 16:00:00	0.935905782488
11/12/1973 16:00:00	0.929673803142
11/13/1973 16:00:00	0.926109566613
11/14/1973 16:00:00	0.902315917058
11/15/1973 16:00:00	0.898751954965
11/16/1973 16:00:00	0.896966435755
11/19/1973 16:00:00	0.875841148103
11/20/1973 16:00:00	0.854493905049
11/21/1973 16:00:00	0.860711324533
11/23/1973 16:00:00	0.86070449349
11/26/1973 16:00:00	0.832466910779
11/27/1973 16:00:00	0.823568801514
11/28/1973 16:00:00	0.839344555377
11/29/1973 16:00:00	0.836892769413
11/30/1973 16:00:00	0.82710570726
12/3/1973 16:00:00	0.813762313465
12/4/1973 16:00:00	0.810199395865
12/5/1973 16:00:00	0.793522196249
12/6/1973 16:00:00	0.807519231329
12/7/1973 16:00:00	0.816403758106
12/10/1973 16:00:00	0.82706631775
12/11/1973 16:00:00	0.815501718654
12/12/1973 16:00:00	0.803048231906
12/13/1973 16:00:00	0.788150014738
12/14/1973 16:00:00	0.792589050131
12/17/1973 16:00:00	0.788137504273
12/18/1973 16:00:00	0.801244648184
12/19/1973 16:00:00	0.797682140869
12/20/1973 16:00:00	0.798564840029
12/21/1973 16:00:00	0.791668574564
12/24/1973 16:00:00	0.784550165038
12/26/1973 16:00:00	0.797656816562
12/27/1973 16:00:00	0.807429505158
12/28/1973 16:00:00	0.810979076091
12/31/1973 16:00:00	0.815417578505
1/2/1974 16:00:00	0.81807804914
1/3/1974 16:00:00	0.833184109389
1/4/1974 16:00:00	0.832288530042
1/7/1974 16:00:00	0.835837763424
1/8/1974 16:00:00	0.831386366359
1/9/1974 16:00:00	0.815378747371
1/10/1974 16:00:00	0.808260768911
1/11/1974 16:00:00	0.815365804406
1/14/1974 16:00:00	0.817137181827
1/15/1974 16:00:00	0.82335311736
1/16/1974 16:00:00	0.835791326285
1/17/1974 16:00:00	0.848007113373
1/18/1974 16:00:00	0.842667005087
1/21/1974 16:00:00	0.835771425598
1/22/1974 16:00:00	0.842653629022
1/23/1974 16:00:00	0.847091316976
1/24/1974 16:00:00	0.845306857792
1/25/1974 16:00:00	0.843522426909
1/28/1974 16:00:00	0.839960316367
1/29/1974 16:00:00	0.836620474156
1/30/1974 16:00:00	0.841724663237
1/31/1974 16:00:00	0.839051484477
2/1/1974 16:00:00	0.832156425969
2/4/1974 16:00:00	0.821483998203
2/5/1974 16:00:00	0.817922232621
2/6/1974 16:00:00	0.819693349939
2/7/1974 16:00:00	0.82057564178
2/8/1974 16:00:00	0.815236387492
2/11/1974 16:00:00	0.805453302195
2/12/1974 16:00:00	0.800114253363
2/13/1974 16:00:00	0.796552827422
2/14/1974 16:00:00	0.797435267446
2/15/1974 16:00:00	0.804538977201
2/19/1974 16:00:00	0.802755096302
2/20/1974 16:00:00	0.809858651353
2/21/1974 16:00:00	0.815184626546
2/22/1974 16:00:00	0.821399244192
2/25/1974 16:00:00	0.819615285617
2/26/1974 16:00:00	0.823163631526
2/27/1974 16:00:00	0.832044155231
2/28/1974 16:00:00	0.833814949101
3/1/1974 16:00:00	0.832030948204
3/4/1974 16:00:00	0.829358291011
3/5/1974 16:00:00	0.837349806439
3/6/1974 16:00:00	0.840675675291
3/7/1974 16:00:00	0.835559188111
3/8/1974 16:00:00	0.841550987446
3/11/1974 16:00:00	0.847764854312
3/12/1974 16:00:00	0.846869483614
3/13/1974 16:00:00	0.851305939152
3/14/1974 16:00:00	0.849521926098
3/15/1974 16:00:00	0.853069668907
3/18/1974 16:00:00	0.843288141889
3/19/1974 16:00:00	0.837949806501
3/20/1974 16:00:00	0.838831756113
3/21/1974 16:00:00	0.843268063528
3/22/1974 16:00:00	0.843261370924
3/25/1974 16:00:00	0.842366099479
3/26/1974 16:00:00	0.842359414034
3/27/1974 16:00:00	0.832800657227
3/28/1974 16:00:00	0.821242798251
3/29/1974 16:00:00	0.81590497746
4/1/1974 16:00:00	0.812344328422
4/2/1974 16:00:00	0.813226417563
4/3/1974 16:00:00	0.814108492658
4/4/1974 16:00:00	0.812324987021
4/5/1974 16:00:00	0.801656358051
4/8/1974 16:00:00	0.794541931566
4/9/1974 16:00:00	0.797201128383
4/10/1974 16:00:00	0.794529319768
4/11/1974 16:00:00	0.793856648881
4/15/1974 16:00:00	0.790296429466
4/16/1974 16:00:00	0.798064293031
4/17/1974 16:00:00	0.80161182189
4/18/1974 16:00:00	0.803382377202
4/19/1974 16:00:00	0.798045291433
4/22/1974 16:00:00	0.79803895774
4/23/1974 16:00:00	0.782262858999
4/24/1974 16:00:00	0.76804176613
4/25/1974 16:00:00	0.7600398627
4/26/1974 16:00:00	0.761810662578
4/29/1974 16:00:00	0.76446984327
4/30/1974 16:00:00	0.768017383687
5/1/1974 16:00:00	0.774230052552
5/2/1974 16:00:00	0.777777459458
5/3/1974 16:00:00	0.773329382227
5/6/1974 16:00:00	0.771546497117
5/7/1974 16:00:00	0.766210173406
5/8/1974 16:00:00	0.75732049616
5/9/1974 16:00:00	0.758202838168
5/10/1974 16:00:00	0.745093725356
5/13/1974 16:00:00	0.735316090926
5/14/1974 16:00:00	0.735310255084
5/15/1974 16:00:00	0.73796939152
5/16/1974 16:00:00	0.73796353462
5/17/1974 16:00:00	0.723744717726
5/20/1974 16:00:00	0.71929745965
5/21/1974 16:00:00	0.71840345522
5/22/1974 16:00:00	0.713068021634
5/23/1974 16:00:00	0.712174080805
5/24/1974 16:00:00	0.719274624634
5/28/1974 16:00:00	0.716604113544
5/29/1974 16:00:00	0.705273105544
5/30/1974 16:00:00	0.707932267983
5/31/1974 16:00:00	0.708592834166
6/3/1974 16:00:00	0.716581363353
6/4/1974 16:00:00	0.722793301912
6/5/1974 16:00:00	0.72634046648
6/6/1974 16:00:00	0.735216884282
6/7/1974 16:00:00	0.739652105611
6/10/1974 16:00:00	0.741422643896
6/11/1974 16:00:00	0.736087576165
6/12/1974 16:00:00	0.734305353926
6/13/1974 16:00:00	0.735187709176
6/14/1974 16:00:00	0.731629170232
6/17/1974 16:00:00	0.720077167338
6/18/1974 16:00:00	0.718295128869
6/19/1974 16:00:00	0.712960499801
6/20/1974 16:00:00	0.705183549733
6/21/1974 16:00:00	0.698960969602
6/24/1974 16:00:00	0.697179155534
6/25/1974 16:00:00	0.700726127617
6/26/1974 16:00:00	0.6918393733
6/27/1974 16:00:00	0.678512200098
6/28/1974 16:00:00	0.671401975289
7/1/1974 16:00:00	0.666068059597
7/2/1974 16:00:00	0.652075344091
7/3/1974 16:00:00	0.651182085343
7/5/1974 16:00:00	0.650288840743
7/8/1974 16:00:00	0.627193874518
7/9/1974 16:00:00	0.623636648296
7/10/1974 16:00:00	0.616749272278
7/11/1974 16:00:00	0.614968281626
7/12/1974 16:00:00	0.633390248353
7/15/1974 16:00:00	0.636049323437
7/16/1974 16:00:00	0.632492167512
7/17/1974 16:00:00	0.642255366536
7/18/1974 16:00:00	0.643138282222
7/19/1974 16:00:00	0.648461213426
7/22/1974 16:00:00	0.648456066908
7/23/1974 16:00:00	0.657330839184
7/24/1974 16:00:00	0.659101592119
7/25/1974 16:00:00	0.649328604315
7/26/1974 16:00:00	0.643107655727
7/29/1974 16:00:00	0.631559024567
7/30/1974 16:00:00	0.629778099295
7/31/1974 16:00:00	0.618451746434
8/1/1974 16:00:00	0.614895069263
8/2/1974 16:00:00	0.613114318907
8/5/1974 16:00:00	0.615773237072
8/6/1974 16:00:00	0.622649737996
8/7/1974 16:00:00	0.63329976511
8/8/1974 16:00:00	0.624415667557
8/9/1974 16:00:00	0.624410711877
8/12/1974 16:00:00	0.621964050644
8/13/1974 16:00:00	0.607752940531
8/14/1974 16:00:00	0.594429937244
8/15/1974 16:00:00	0.590873733737
8/16/1974 16:00:00	0.581990400631
8/19/1974 16:00:00	0.575104888288
8/20/1974 16:00:00	0.580205461914
8/21/1974 16:00:00	0.573320073131
8/22/1974 16:00:00	0.561773655452
8/23/1974 16:00:00	0.552890909212
8/26/1974 16:00:00	0.555549986026
8/27/1974 16:00:00	0.5590968353
8/28/1974 16:00:00	0.551102129635
8/29/1974 16:00:00	0.542219751303
8/30/1974 16:00:00	0.551093380863
9/3/1974 16:00:00	0.537772211757
9/4/1974 16:00:00	0.520234305783
9/5/1974 16:00:00	0.531771211027
9/6/1974 16:00:00	0.53620581542
9/9/1974 16:00:00	0.524660706176
9/10/1974 16:00:00	0.521105539114
9/11/1974 16:00:00	0.518438172321
9/12/1974 16:00:00	0.509556691768
9/13/1974 16:00:00	0.500675353386
9/16/1974 16:00:00	0.505109991061
9/17/1974 16:00:00	0.509544558623
9/18/1974 16:00:00	0.513091347779
9/19/1974 16:00:00	0.525515093738
9/20/1974 16:00:00	0.529061700644
9/23/1974 16:00:00	0.527282126907
9/24/1974 16:00:00	0.519288818993
9/25/1974 16:00:00	0.519284697653
9/26/1974 16:00:00	0.511291580998
9/27/1974 16:00:00	0.50418625117
9/30/1974 16:00:00	0.491977036745
10/1/1974 16:00:00	0.490197842903
10/2/1974 16:00:00	0.491969227566
10/3/1974 16:00:00	0.484864278717
10/4/1974 16:00:00	0.487523300768
10/7/1974 16:00:00	0.499724156862
10/8/1974 16:00:00	0.495282143223
10/9/1974 16:00:00	0.508592248521
10/10/1974 16:00:00	0.516576571999
10/11/1974 16:00:00	0.533436655807
10/14/1974 16:00:00	0.544749090005
10/15/1974 16:00:00	0.542082041924
10/16/1974 16:00:00	0.540302604059
10/17/1974 16:00:00	0.54739880191
10/18/1974 16:00:00	0.55449488782
10/21/1974 16:00:00	0.563365955459
10/22/1974 16:00:00	0.56602410402
10/23/1974 16:00:00	0.559806881497
10/24/1974 16:00:00	0.552702232399
10/25/1974 16:00:00	0.55536040179
10/28/1974 16:00:00	0.551805947653
10/29/1974 16:00:00	0.562451622719
10/30/1974 16:00:00	0.573097130371
10/31/1974 16:00:00	0.575755054132
11/1/1974 16:00:00	0.574863000941
11/4/1974 16:00:00	0.57042105528
11/5/1974 16:00:00	0.582619234484
11/6/1974 16:00:00	0.583502073179
11/7/1974 16:00:00	0.587934720333
11/8/1974 16:00:00	0.58704260555
11/11/1974 16:00:00	0.588812829643
11/12/1974 16:00:00	0.577493365903
11/13/1974 16:00:00	0.573939073112
11/14/1974 16:00:00	0.57393451804
11/15/1974 16:00:00	0.568605483517
11/18/1974 16:00:00	0.54819062958
11/19/1974 16:00:00	0.537537492855
11/20/1974 16:00:00	0.536645835033
11/21/1974 16:00:00	0.542853268118
11/22/1974 16:00:00	0.548173225568
11/25/1974 16:00:00	0.544619392345
11/26/1974 16:00:00	0.552601342117
11/27/1974 16:00:00	0.554371669655
11/29/1974 16:00:00	0.555254619491
12/2/1974 16:00:00	0.544602101747
12/3/1974 16:00:00	0.534171588558
12/4/1974 16:00:00	0.533280020881
12/5/1974 16:00:00	0.519965971007
12/6/1974 16:00:00	0.513750646687
12/9/1974 16:00:00	0.511084648852
12/10/1974 16:00:00	0.519066290263
12/11/1974 16:00:00	0.523498634708
12/12/1974 16:00:00	0.524381765779
12/13/1974 16:00:00	0.522603046436
12/16/1974 16:00:00	0.51904981189
12/17/1974 16:00:00	0.52259475099
12/18/1974 16:00:00	0.526139633979
12/19/1974 16:00:00	0.52524820762
12/20/1974 16:00:00	0.518146090232
12/23/1974 16:00:00	0.511044086314
12/24/1974 16:00:00	0.514588947675
12/26/1974 16:00:00	0.519908197577
12/27/1974 16:00:00	0.518129640613
12/30/1974 16:00:00	0.519012736762
12/31/1974 16:00:00	0.527880630208
1/2/1975 16:00:00	0.535861189707
1/3/1975 16:00:00	0.540071076991
1/6/1975 16:00:00	0.544502692783
1/7/1975 16:00:00	0.546272718193
1/8/1975 16:00:00	0.542719717047
1/9/1975 16:00:00	0.550699843673
1/10/1975 16:00:00	0.562228454058
1/13/1975 16:00:00	0.558675409969
1/14/1975 16:00:00	0.556896699229
1/15/1975 16:00:00	0.563989330141
1/16/1975 16:00:00	0.571968973534
1/17/1975 16:00:00	0.568415964312
1/20/1975 16:00:00	0.568411453074
1/21/1975 16:00:00	0.56663273523
1/22/1975 16:00:00	0.565741141886
1/23/1975 16:00:00	0.569285008706
1/24/1975 16:00:00	0.577264230467
1/27/1975 16:00:00	0.591231084471
1/28/1975 16:00:00	0.599210007705
1/29/1975 16:00:00	0.609849989439
1/30/1975 16:00:00	0.60895809483
1/31/1975 16:00:00	0.616049641667
2/3/1975 16:00:00	0.62380635694
2/4/1975 16:00:00	0.618700963078
2/5/1975 16:00:00	0.627344560839
2/6/1975 16:00:00	0.630887660024
2/7/1975 16:00:00	0.62733460287
2/10/1975 16:00:00	0.624668607681
2/11/1975 16:00:00	0.624663649994
2/12/1975 16:00:00	0.631754623052
2/13/1975 16:00:00	0.643280406037
2/14/1975 16:00:00	0.646823210495
2/18/1975 16:00:00	0.639722313269
2/19/1975 16:00:00	0.643265089492
2/20/1975 16:00:00	0.649468678631
2/21/1975 16:00:00	0.651237422865
2/24/1975 16:00:00	0.645023657841
2/25/1975 16:00:00	0.636149186143
2/26/1975 16:00:00	0.637031065449
2/27/1975 16:00:00	0.639686772886
3/3/1975 16:00:00	0.651211578915
3/4/1975 16:00:00	0.654754039191
3/5/1975 16:00:00	0.652088142266
3/6/1975 16:00:00	0.65296986005
3/7/1975 16:00:00	0.656512221981
3/10/1975 16:00:00	0.660941406852
3/11/1975 16:00:00	0.661823033351
3/12/1975 16:00:00	0.65383599546
3/13/1975 16:00:00	0.659151953756
3/14/1975 16:00:00	0.67134092268
3/17/1975 16:00:00	0.673109282616
3/18/1975 16:00:00	0.672217103479
3/19/1975 16:00:00	0.667777618664
3/20/1975 16:00:00	0.668659141708
3/21/1975 16:00:00	0.669540650727
3/24/1975 16:00:00	0.656454906981
3/25/1975 16:00:00	0.655562895391
3/26/1975 16:00:00	0.666864323443
3/27/1975 16:00:00	0.672179756854
3/31/1975 16:00:00	0.667740518684
4/1/1975 16:00:00	0.665074898365
4/2/1975 16:00:00	0.666843153055
4/3/1975 16:00:00	0.660852233943
4/4/1975 16:00:00	0.659073484263
4/7/1975 16:00:00	0.655521272105
4/8/1975 16:00:00	0.657289546112
4/9/1975 16:00:00	0.665043228049
4/10/1975 16:00:00	0.668584847144
4/11/1975 16:00:00	0.673013127435
4/14/1975 16:00:00	0.681874889189
4/15/1975 16:00:00	0.683642884217
4/16/1975 16:00:00	0.68807094022
4/17/1975 16:00:00	0.690725547407
4/18/1975 16:00:00	0.688946700766
4/21/1975 16:00:00	0.697807985841
4/22/1975 16:00:00	0.692482437625
4/23/1975 16:00:00	0.689816957978
4/24/1975 16:00:00	0.688924829052
4/25/1975 16:00:00	0.693352597103
4/28/1975 16:00:00	0.690687173855
4/29/1975 16:00:00	0.686248526782
4/30/1975 16:00:00	0.69244946239
5/1/1975 16:00:00	0.699536918999
5/2/1975 16:00:00	0.708175834749
5/5/1975 16:00:00	0.715263055217
5/6/1975 16:00:00	0.712597584085
5/7/1975 16:00:00	0.717024883971
5/8/1975 16:00:00	0.724111866029
5/9/1975 16:00:00	0.730312158977
5/12/1975 16:00:00	0.725873512112
5/13/1975 16:00:00	0.725867751211
5/14/1975 16:00:00	0.731181326548
5/15/1975 16:00:00	0.730288974474
5/16/1975 16:00:00	0.72673701052
5/19/1975 16:00:00	0.723185103038
5/20/1975 16:00:00	0.721406307751
5/21/1975 16:00:00	0.713421895029
5/22/1975 16:00:00	0.719621828807
5/23/1975 16:00:00	0.728481184708
5/27/1975 16:00:00	0.727588903343
5/28/1975 16:00:00	0.723150665207
5/29/1975 16:00:00	0.721371954626
5/30/1975 16:00:00	0.706517713027
6/2/1975 16:00:00	0.739976401436
6/3/1975 16:00:00	0.741743457991
6/4/1975 16:00:00	0.741737571138
6/5/1975 16:00:00	0.74261813497
6/6/1975 16:00:00	0.74793090284
6/9/1975 16:00:00	0.740833473876
6/10/1975 16:00:00	0.735509017107
6/11/1975 16:00:00	0.737276024608
6/12/1975 16:00:00	0.731065265279
6/13/1975 16:00:00	0.735491504794
6/16/1975 16:00:00	0.740804075549
6/17/1975 16:00:00	0.735479830069
6/18/1975 16:00:00	0.736360380189
6/19/1975 16:00:00	0.746104718644
6/20/1975 16:00:00	0.751195443607
6/23/1975 16:00:00	0.756507679569
6/24/1975 16:00:00	0.76004711282
6/25/1975 16:00:00	0.760927433018
6/26/1975 16:00:00	0.761807739203
6/27/1975 16:00:00	0.762688031376
6/30/1975 16:00:00	0.767113634492
7/1/1975 16:00:00	0.76090327657
7/2/1975 16:00:00	0.754693017579
7/3/1975 16:00:00	0.760004888322
7/7/1975 16:00:00	0.754681038077
7/8/1975 16:00:00	0.752902456558
7/9/1975 16:00:00	0.762645659508
7/10/1975 16:00:00	0.76529845276
7/11/1975 16:00:00	0.768837478917
7/14/1975 16:00:00	0.772376448982
7/15/1975 16:00:00	0.775915362952
7/16/1975 16:00:00	0.77059168099
7/17/1975 16:00:00	0.767926824478
7/18/1975 16:00:00	0.767034489977
7/21/1975 16:00:00	0.765255936798
7/22/1975 16:00:00	0.755501380067
7/23/1975 16:00:00	0.745968533777
7/24/1975 16:00:00	0.74153155587
7/25/1975 16:00:00	0.737094648555
7/28/1975 16:00:00	0.732657811831
7/29/1975 16:00:00	0.729107235977
7/30/1975 16:00:00	0.731759999042
7/31/1975 16:00:00	0.733526543827
8/1/1975 16:00:00	0.721114353582
8/4/1975 16:00:00	0.714019334196
8/5/1975 16:00:00	0.706924427942
8/6/1975 16:00:00	0.706918817431
8/7/1975 16:00:00	0.701817897406
8/8/1975 16:00:00	0.701812327422
8/11/1975 16:00:00	0.700034504131
8/12/1975 16:00:00	0.701801187553
8/13/1975 16:00:00	0.697365054649
8/14/1975 16:00:00	0.691156781273
8/15/1975 16:00:00	0.692923492777
8/18/1975 16:00:00	0.687601444846
8/19/1975 16:00:00	0.675190806986
8/20/1975 16:00:00	0.665438599409
8/21/1975 16:00:00	0.668977598307
8/22/1975 16:00:00	0.673402604182
8/25/1975 16:00:00	0.676941483949
8/26/1975 16:00:00	0.671619817021
8/27/1975 16:00:00	0.675158654605
8/28/1975 16:00:00	0.6884438209
8/29/1975 16:00:00	0.696412609812
9/2/1975 16:00:00	0.686660850275
9/3/1975 16:00:00	0.688427428586
9/4/1975 16:00:00	0.688421964876
9/5/1975 16:00:00	0.685758501345
9/8/1975 16:00:00	0.68309508013
9/9/1975 16:00:00	0.67511578621
9/10/1975 16:00:00	0.66292822072
9/11/1975 16:00:00	0.65937907314
9/12/1975 16:00:00	0.658487875481
9/15/1975 16:00:00	0.656710734484
9/16/1975 16:00:00	0.65050386969
9/17/1975 16:00:00	0.651384650263
9/18/1975 16:00:00	0.659352907068
9/19/1975 16:00:00	0.673301061124
9/22/1975 16:00:00	0.668866105221
9/23/1975 16:00:00	0.66886079676
9/24/1975 16:00:00	0.673285030041
9/25/1975 16:00:00	0.670621982443
9/26/1975 16:00:00	0.670616660046
9/29/1975 16:00:00	0.664410126833
9/30/1975 16:00:00	0.654881641919
10/1/1975 16:00:00	0.650447079265
10/2/1975 16:00:00	0.653985380816
10/3/1975 16:00:00	0.665274892258
10/6/1975 16:00:00	0.669698872567
10/7/1975 16:00:00	0.668807712427
10/8/1975 16:00:00	0.675003270637
10/9/1975 16:00:00	0.67765540666
10/10/1975 16:00:00	0.678535852503
10/13/1975 16:00:00	0.684731186577
10/14/1975 16:00:00	0.689154802568
10/15/1975 16:00:00	0.689149333086
10/16/1975 16:00:00	0.689143863647
10/17/1975 16:00:00	0.683823660084
10/20/1975 16:00:00	0.688247142628
10/21/1975 16:00:00	0.690899005224
10/22/1975 16:00:00	0.695322361675
10/23/1975 16:00:00	0.697088365184
10/24/1975 16:00:00	0.692654062946
10/27/1975 16:00:00	0.68999132504
10/28/1975 16:00:00	0.693528808226
10/29/1975 16:00:00	0.683780242866
10/30/1975 16:00:00	0.682003364632
10/31/1975 16:00:00	0.678455077286
11/3/1975 16:00:00	0.674906846365
11/4/1975 16:00:00	0.67755860353
11/5/1975 16:00:00	0.681096016165
11/6/1975 16:00:00	0.681976301169
11/7/1975 16:00:00	0.680199521642
11/10/1975 16:00:00	0.682851152615
11/11/1975 16:00:00	0.687274080455
11/12/1975 16:00:00	0.698782238071
11/13/1975 16:00:00	0.697891036619
11/14/1975 16:00:00	0.696114200754
11/17/1975 16:00:00	0.696994317514
11/18/1975 16:00:00	0.692560613529
11/19/1975 16:00:00	0.686355725335
11/20/1975 16:00:00	0.684579037486
11/21/1975 16:00:00	0.684573604319
11/24/1975 16:00:00	0.686339383626
11/25/1975 16:00:00	0.688990734102
11/26/1975 16:00:00	0.692527634734
11/28/1975 16:00:00	0.694293308905
12/1/1975 16:00:00	0.69340222044
12/2/1975 16:00:00	0.680998720969
12/3/1975 16:00:00	0.666824292114
12/4/1975 16:00:00	0.662612604921
12/5/1975 16:00:00	0.658179597311
12/8/1975 16:00:00	0.659945459024
12/9/1975 16:00:00	0.656398078677
12/10/1975 16:00:00	0.66347709801
12/11/1975 16:00:00	0.661700789015
12/12/1975 16:00:00	0.65992450821
12/15/1975 16:00:00	0.656377240478
12/16/1975 16:00:00	0.662570534587
12/17/1975 16:00:00	0.667656863894
12/18/1975 16:00:00	0.6703080247
12/19/1975 16:00:00	0.668531745681
12/22/1975 16:00:00	0.665870022341
12/23/1975 16:00:00	0.668521134024
12/24/1975 16:00:00	0.627120645499
12/26/1975 16:00:00	0.679135912506
12/29/1975 16:00:00	0.677359633588
12/30/1975 16:00:00	0.675583382859
12/31/1975 16:00:00	0.683546894541
1/2/1976 16:00:00	0.687968586758
1/5/1976 16:00:00	0.694161041886
1/6/1976 16:00:00	0.707215322681
1/7/1976 16:00:00	0.713407528025
1/8/1976 16:00:00	0.718714239835
1/9/1976 16:00:00	0.724906256331
1/12/1976 16:00:00	0.728442029855
1/13/1976 16:00:00	0.725780124486
1/14/1976 16:00:00	0.736398776029
1/15/1976 16:00:00	0.737278292311
1/16/1976 16:00:00	0.742584563086
1/19/1976 16:00:00	0.746120056446
1/20/1976 16:00:00	0.747884814316
1/21/1976 16:00:00	0.747878878722
1/22/1976 16:00:00	0.745216966098
1/23/1976 16:00:00	0.751186952505
1/26/1976 16:00:00	0.749410367363
1/27/1976 16:00:00	0.746969831935
1/28/1976 16:00:00	0.745193308446
1/29/1976 16:00:00	0.758245429615
1/30/1976 16:00:00	0.7670922481
2/2/1976 16:00:00	0.768856713438
2/3/1976 16:00:00	0.769735881076
2/4/1976 16:00:00	0.778582398641
2/5/1976 16:00:00	0.775035196568
2/6/1976 16:00:00	0.768832304917
2/9/1976 16:00:00	0.773252410931
2/10/1976 16:00:00	0.774131508593
2/11/1976 16:00:00	0.78120718524
2/12/1976 16:00:00	0.782971426396
2/13/1976 16:00:00	0.783850425934
2/17/1976 16:00:00	0.78207379174
2/18/1976 16:00:00	0.785608382957
2/19/1976 16:00:00	0.793347582731
2/20/1976 16:00:00	0.801307956608
2/23/1976 16:00:00	0.803957132917
2/24/1976 16:00:00	0.807491438825
2/25/1976 16:00:00	0.811025688705
2/26/1976 16:00:00	0.804823148505
2/27/1976 16:00:00	0.795080104838
3/1/1976 16:00:00	0.795073794679
3/2/1976 16:00:00	0.796837757421
3/3/1976 16:00:00	0.794176045062
3/4/1976 16:00:00	0.789080288459
3/5/1976 16:00:00	0.788188910619
3/8/1976 16:00:00	0.792386919413
3/9/1976 16:00:00	0.792380630628
3/10/1976 16:00:00	0.7941445304
3/11/1976 16:00:00	0.802989100114
3/12/1976 16:00:00	0.801212566589
3/15/1976 16:00:00	0.789921523723
3/16/1976 16:00:00	0.791464120237
3/17/1976 16:00:00	0.793227957021
3/18/1976 16:00:00	0.78901766402
3/19/1976 16:00:00	0.788126356923
3/22/1976 16:00:00	0.789890177992
3/23/1976 16:00:00	0.795857868352
3/24/1976 16:00:00	0.800276672222
3/25/1976 16:00:00	0.798500286709
3/26/1976 16:00:00	0.800263969437
3/29/1976 16:00:00	0.79848761212
3/30/1976 16:00:00	0.796711282981
3/31/1976 16:00:00	0.797589948804
4/1/1976 16:00:00	0.7958136549
4/2/1976 16:00:00	0.797577288665
4/5/1976 16:00:00	0.80465070161
4/6/1976 16:00:00	0.8064142373
4/7/1976 16:00:00	0.799328206023
4/8/1976 16:00:00	0.79224228767
4/9/1976 16:00:00	0.782722898002
4/12/1976 16:00:00	0.780061888071
4/13/1976 16:00:00	0.780940622671
4/14/1976 16:00:00	0.781819343282
4/15/1976 16:00:00	0.785352784516
4/19/1976 16:00:00	0.788886169742
4/20/1976 16:00:00	0.797507659896
4/21/1976 16:00:00	0.799271111684
4/22/1976 16:00:00	0.801034535463
4/23/1976 16:00:00	0.797488671675
4/26/1976 16:00:00	0.7974823424
4/27/1976 16:00:00	0.79216683808
4/28/1976 16:00:00	0.79481511738
4/29/1976 16:00:00	0.797463354664
4/30/1976 16:00:00	0.793032818352
5/3/1976 16:00:00	0.784399389178
5/4/1976 16:00:00	0.785277991072
5/5/1976 16:00:00	0.785271758707
5/6/1976 16:00:00	0.78703515289
5/7/1976 16:00:00	0.792116542475
5/10/1976 16:00:00	0.797419051429
5/11/1976 16:00:00	0.797412722706
5/12/1976 16:00:00	0.797406394034
5/13/1976 16:00:00	0.793860952429
5/14/1976 16:00:00	0.790536759973
5/17/1976 16:00:00	0.787876193449
5/18/1976 16:00:00	0.787869940463
5/19/1976 16:00:00	0.78609418738
5/20/1976 16:00:00	0.787857434609
5/21/1976 16:00:00	0.786966445743
5/24/1976 16:00:00	0.775458722974
5/25/1976 16:00:00	0.772798402916
5/26/1976 16:00:00	0.775446414082
5/27/1976 16:00:00	0.772786136251
5/28/1976 16:00:00	0.774549404599
6/1/1976 16:00:00	0.772773869821
6/2/1976 16:00:00	0.776306483666
6/3/1976 16:00:00	0.777185002257
6/4/1976 16:00:00	0.772755470421
6/7/1976 16:00:00	0.767441343369
6/8/1976 16:00:00	0.766550593955
6/9/1976 16:00:00	0.764775207061
6/10/1976 16:00:00	0.768307715587
6/11/1976 16:00:00	0.771840168122
6/14/1976 16:00:00	0.778026456363
6/15/1976 16:00:00	0.778020281549
6/16/1976 16:00:00	0.782437189682
6/17/1976 16:00:00	0.789507856649
6/18/1976 16:00:00	0.792818850616
6/21/1976 16:00:00	0.792812558403
6/22/1976 16:00:00	0.787719881625
6/23/1976 16:00:00	0.785059885192
6/24/1976 16:00:00	0.790361101669
6/25/1976 16:00:00	0.792787389711
6/28/1976 16:00:00	0.791011976655
6/29/1976 16:00:00	0.792774805803
6/30/1976 16:00:00	0.794537606951
7/1/1976 16:00:00	0.794531301097
7/2/1976 16:00:00	0.799832190179
7/6/1976 16:00:00	0.797172265782
7/7/1976 16:00:00	0.797165939018
7/8/1976 16:00:00	0.798928635193
7/9/1976 16:00:00	0.805113825567
7/12/1976 16:00:00	0.80864542567
7/13/1976 16:00:00	0.809523498334
7/14/1976 16:00:00	0.813055007435
7/15/1976 16:00:00	0.813933031101
7/16/1976 16:00:00	0.813042101844
7/19/1976 16:00:00	0.810382261796
7/20/1976 16:00:00	0.806838008584
7/21/1976 16:00:00	0.805062708405
7/22/1976 16:00:00	0.806825201651
7/23/1976 16:00:00	0.805934363964
7/26/1976 16:00:00	0.805043540374
7/27/1976 16:00:00	0.803268310623
7/28/1976 16:00:00	0.800608695805
7/29/1976 16:00:00	0.798833529405
7/30/1976 16:00:00	0.803249185191
8/2/1976 16:00:00	0.803242810197
8/3/1976 16:00:00	0.809427131287
8/4/1976 16:00:00	0.80853632908
8/5/1976 16:00:00	0.804992427502
8/6/1976 16:00:00	0.805870402779
8/9/1976 16:00:00	0.803210935697
8/10/1976 16:00:00	0.808510661326
8/11/1976 16:00:00	0.807619901494
8/12/1976 16:00:00	0.808497827867
8/13/1976 16:00:00	0.807607082174
8/16/1976 16:00:00	0.807600672594
8/17/1976 16:00:00	0.809362893062
8/18/1976 16:00:00	0.807587853556
8/19/1976 16:00:00	0.797854133546
8/20/1976 16:00:00	0.79342633208
8/23/1976 16:00:00	0.78833538594
8/24/1976 16:00:00	0.783907730623
8/25/1976 16:00:00	0.788322872532
8/26/1976 16:00:00	0.784779553197
8/27/1976 16:00:00	0.783889066136
8/30/1976 16:00:00	0.785651348046
8/31/1976 16:00:00	0.789182091212
9/1/1976 16:00:00	0.796912907187
9/2/1976 16:00:00	0.797790813169
9/3/1976 16:00:00	0.800437152529
9/7/1976 16:00:00	0.80219923322
9/8/1976 16:00:00	0.803077076241
9/9/1976 16:00:00	0.799533891928
9/10/1976 16:00:00	0.802180133289
9/13/1976 16:00:00	0.800405389523
9/14/1976 16:00:00	0.79597812912
9/15/1976 16:00:00	0.796855986373
9/16/1976 16:00:00	0.800386332239
9/17/1976 16:00:00	0.805684943229
9/20/1976 16:00:00	0.808331009623
9/21/1976 16:00:00	0.812745327191
9/22/1976 16:00:00	0.812738876831
9/23/1976 16:00:00	0.81184829394
9/24/1976 16:00:00	0.811841850699
9/27/1976 16:00:00	0.812719526052
9/28/1976 16:00:00	0.805640183638
9/29/1976 16:00:00	0.802981476307
9/30/1976 16:00:00	0.802975103438
10/1/1976 16:00:00	0.795011917043
10/4/1976 16:00:00	0.795889690735
10/5/1976 16:00:00	0.789915859113
10/6/1976 16:00:00	0.782837036081
10/7/1976 16:00:00	0.788135196004
10/8/1976 16:00:00	0.786360830596
10/11/1976 16:00:00	0.782818397031
10/12/1976 16:00:00	0.78104410198
10/13/1976 16:00:00	0.785458073574
10/14/1976 16:00:00	0.780147677212
10/15/1976 16:00:00	0.783677565687
10/18/1976 16:00:00	0.78720739821
10/19/1976 16:00:00	0.78631714447
10/20/1976 16:00:00	0.788078901934
10/21/1976 16:00:00	0.787188655301
10/22/1976 16:00:00	0.785414437744
10/25/1976 16:00:00	0.786292182279
10/26/1976 16:00:00	0.786285941864
10/27/1976 16:00:00	0.788047629419
10/28/1976 16:00:00	0.789809288991
10/29/1976 16:00:00	0.794001782972
11/1/1976 16:00:00	0.794879424352
11/3/1976 16:00:00	0.786254740042
11/4/1976 16:00:00	0.792215019874
11/5/1976 16:00:00	0.78712618142
11/8/1976 16:00:00	0.780048615519
11/9/1976 16:00:00	0.774738977979
11/10/1976 16:00:00	0.772081127108
11/11/1976 16:00:00	0.774726680512
11/12/1976 16:00:00	0.774720531887
11/15/1976 16:00:00	0.774714383312
11/16/1976 16:00:00	0.77824372541
11/17/1976 16:00:00	0.78265687724
11/18/1976 16:00:00	0.789721535263
11/19/1976 16:00:00	0.791262008187
11/22/1976 16:00:00	0.795674952056
11/23/1976 16:00:00	0.793017123867
11/24/1976 16:00:00	0.797429983738
11/26/1976 16:00:00	0.80361042122
11/29/1976 16:00:00	0.800952592973
11/30/1976 16:00:00	0.800946236206
12/1/1976 16:00:00	0.807126498694
12/2/1976 16:00:00	0.807120092928
12/3/1976 16:00:00	0.811532631056
12/6/1976 16:00:00	0.814177535699
12/7/1976 16:00:00	0.817706173178
12/8/1976 16:00:00	0.821234754716
12/9/1976 16:00:00	0.827414562816
12/10/1976 16:00:00	0.831826765394
12/13/1976 16:00:00	0.831820163595
12/14/1976 16:00:00	0.831813561847
12/15/1976 16:00:00	0.834237225539
12/16/1976 16:00:00	0.834230604609
12/17/1976 16:00:00	0.831793756864
12/20/1976 16:00:00	0.830903443499
12/21/1976 16:00:00	0.832664258639
12/22/1976 16:00:00	0.836855214775
12/23/1976 16:00:00	0.836848573067
12/27/1976 16:00:00	0.841260350488
12/28/1976 16:00:00	0.845672058013
12/29/1976 16:00:00	0.846549016192
12/30/1976 16:00:00	0.853611600398
12/31/1976 16:00:00	0.860674072911
1/3/1977 16:00:00	0.858899944273
1/4/1977 16:00:00	0.854474918017
1/5/1977 16:00:00	0.851817231864
1/6/1977 16:00:00	0.855344982746
1/7/1977 16:00:00	0.857105435993
1/10/1977 16:00:00	0.855331405866
1/11/1977 16:00:00	0.847372156103
1/12/1977 16:00:00	0.843831031945
1/13/1977 16:00:00	0.850893076502
1/14/1977 16:00:00	0.854420666379
1/17/1977 16:00:00	0.853530306497
1/18/1977 16:00:00	0.853523532447
1/19/1977 16:00:00	0.857934582118
1/20/1977 16:00:00	0.853509984328
1/21/1977 16:00:00	0.855270311856
1/24/1977 16:00:00	0.856147067707
1/25/1977 16:00:00	0.853489662772
1/26/1977 16:00:00	0.848181711015
1/27/1977 16:00:00	0.843757366336
1/28/1977 16:00:00	0.841100123148
1/31/1977 16:00:00	0.839326430685
2/1/1977 16:00:00	0.846387781412
2/2/1977 16:00:00	0.848148053154
2/3/1977 16:00:00	0.84637434671
2/4/1977 16:00:00	0.849901551568
2/7/1977 16:00:00	0.849011332772
2/8/1977 16:00:00	0.849004594587
2/9/1977 16:00:00	0.843697099361
2/10/1977 16:00:00	0.846340760732
2/11/1977 16:00:00	0.844567152801
2/14/1977 16:00:00	0.844560449887
2/15/1977 16:00:00	0.847204041325
2/16/1977 16:00:00	0.848964166371
2/17/1977 16:00:00	0.84895742856
2/18/1977 16:00:00	0.847183869931
2/22/1977 16:00:00	0.844526936021
2/23/1977 16:00:00	0.841870044296
2/24/1977 16:00:00	0.833029469353
2/25/1977 16:00:00	0.833906240266
2/28/1977 16:00:00	0.831470340013
3/1/1977 16:00:00	0.835659740102
3/2/1977 16:00:00	0.836536469129
3/3/1977 16:00:00	0.839179892683
3/4/1977 16:00:00	0.844473316058
3/7/1977 16:00:00	0.845349954178
3/8/1977 16:00:00	0.845343245051
3/9/1977 16:00:00	0.841803230878
3/10/1977 16:00:00	0.8417965499
3/11/1977 16:00:00	0.844439805648
3/14/1977 16:00:00	0.845316408981
3/15/1977 16:00:00	0.847076296587
3/16/1977 16:00:00	0.848836156234
3/17/1977 16:00:00	0.847062850956
3/18/1977 16:00:00	0.847056128234
3/21/1977 16:00:00	0.84616613536
3/22/1977 16:00:00	0.844392893377
3/23/1977 16:00:00	0.841736423352
3/24/1977 16:00:00	0.839079995507
3/25/1977 16:00:00	0.837306851941
3/28/1977 16:00:00	0.832884031269
3/29/1977 16:00:00	0.833760649107
3/30/1977 16:00:00	0.82779229003
3/31/1977 16:00:00	0.826902506283
4/1/1977 16:00:00	0.830428771362
4/4/1977 16:00:00	0.82512298084
4/5/1977 16:00:00	0.823350046415
4/6/1977 16:00:00	0.825109883672
4/7/1977 16:00:00	0.825986514077
4/11/1977 16:00:00	0.829512646205
4/12/1977 16:00:00	0.835467425946
4/13/1977 16:00:00	0.835460795252
4/14/1977 16:00:00	0.843402523128
4/15/1977 16:00:00	0.846045261467
4/18/1977 16:00:00	0.845155409806
4/19/1977 16:00:00	0.844265572224
4/20/1977 16:00:00	0.846908240654
4/21/1977 16:00:00	0.842485939177
4/22/1977 16:00:00	0.835414381174
4/25/1977 16:00:00	0.828563711309
4/26/1977 16:00:00	0.826790945774
4/27/1977 16:00:00	0.832745226541
4/28/1977 16:00:00	0.835387859954
4/29/1977 16:00:00	0.838913525282
5/2/1977 16:00:00	0.841556067845
5/3/1977 16:00:00	0.845081628358
5/4/1977 16:00:00	0.848607132973
5/5/1977 16:00:00	0.851249535768
5/6/1977 16:00:00	0.851242779819
5/9/1977 16:00:00	0.850352991995
5/10/1977 16:00:00	0.853878342817
5/11/1977 16:00:00	0.851222512201
5/12/1977 16:00:00	0.852098767371
5/13/1977 16:00:00	0.855624020299
5/16/1977 16:00:00	0.859149217332
5/17/1977 16:00:00	0.860025388633
5/18/1977 16:00:00	0.865316460706
5/19/1977 16:00:00	0.864426617135
5/20/1977 16:00:00	0.860887880744
5/23/1977 16:00:00	0.85293439094
5/24/1977 16:00:00	0.849395802195
5/25/1977 16:00:00	0.844974321862
5/26/1977 16:00:00	0.844967615717
5/27/1977 16:00:00	0.842312108321
5/31/1977 16:00:00	0.83965664309
6/1/1977 16:00:00	0.842298738275
6/2/1977 16:00:00	0.841409140641
6/3/1977 16:00:00	0.844934085626
6/6/1977 16:00:00	0.844044481069
6/7/1977 16:00:00	0.84492067402
6/8/1977 16:00:00	0.848445507168
6/9/1977 16:00:00	0.848438773473
6/10/1977 16:00:00	0.852846393492
6/13/1977 16:00:00	0.854605352393
6/14/1977 16:00:00	0.858129996887
6/15/1977 16:00:00	0.858123186331
6/16/1977 16:00:00	0.862530589751
6/17/1977 16:00:00	0.866055087524
6/20/1977 16:00:00	0.866931042906
6/21/1977 16:00:00	0.867806984337
6/22/1977 16:00:00	0.86780009698
6/23/1977 16:00:00	0.871324440998
6/24/1977 16:00:00	0.875510829772
6/27/1977 16:00:00	0.874841785864
6/28/1977 16:00:00	0.872186482072
6/29/1977 16:00:00	0.872179559957
6/30/1977 16:00:00	0.875483036025
7/1/1977 16:00:00	0.877241619455
7/5/1977 16:00:00	0.879000174945
7/6/1977 16:00:00	0.878110446883
7/7/1977 16:00:00	0.880751712324
7/8/1977 16:00:00	0.885158411594
7/11/1977 16:00:00	0.885151386527
7/12/1977 16:00:00	0.885144361516
7/13/1977 16:00:00	0.886020053451
7/15/1977 16:00:00	0.890426571003
7/18/1977 16:00:00	0.895715721648
7/19/1977 16:00:00	0.899239396618
7/20/1977 16:00:00	0.899232259797
7/21/1977 16:00:00	0.901873168952
7/22/1977 16:00:00	0.90539671118
7/25/1977 16:00:00	0.904506857482
7/26/1977 16:00:00	0.899203712869
7/27/1977 16:00:00	0.889487382868
7/28/1977 16:00:00	0.884184442226
7/29/1977 16:00:00	0.883294785067
8/1/1977 16:00:00	0.885053040412
8/2/1977 16:00:00	0.881515512904
8/3/1977 16:00:00	0.877978041603
8/4/1977 16:00:00	0.881501520537
8/5/1977 16:00:00	0.885907548376
8/8/1977 16:00:00	0.883252723944
8/9/1977 16:00:00	0.88236312322
8/10/1977 16:00:00	0.885003871646
8/11/1977 16:00:00	0.885879424591
8/12/1977 16:00:00	0.884989824014
8/15/1977 16:00:00	0.885865363062
8/16/1977 16:00:00	0.883210665048
8/17/1977 16:00:00	0.884086204193
8/18/1977 16:00:00	0.885844271148
8/19/1977 16:00:00	0.884954705872
8/22/1977 16:00:00	0.87876998814
8/23/1977 16:00:00	0.885823179384
8/24/1977 16:00:00	0.884933635289
8/25/1977 16:00:00	0.878749064814
8/26/1977 16:00:00	0.876977091238
8/29/1977 16:00:00	0.881382594454
8/30/1977 16:00:00	0.878728142249
8/31/1977 16:00:00	0.878721168217
9/1/1977 16:00:00	0.881361609257
9/2/1977 16:00:00	0.884884473085
9/6/1977 16:00:00	0.884877450192
9/7/1977 16:00:00	0.888400230198
9/8/1977 16:00:00	0.889275623137
9/9/1977 16:00:00	0.885738818441
9/12/1977 16:00:00	0.883084499646
9/13/1977 16:00:00	0.882195068357
9/14/1977 16:00:00	0.883070482481
9/15/1977 16:00:00	0.886593108689
9/16/1977 16:00:00	0.883938867134
9/19/1977 16:00:00	0.88040227304
9/20/1977 16:00:00	0.879512898075
9/21/1977 16:00:00	0.875976395274
9/22/1977 16:00:00	0.873542915669
9/23/1977 16:00:00	0.87441834937
9/26/1977 16:00:00	0.875073179232
9/27/1977 16:00:00	0.875066234206
9/28/1977 16:00:00	0.877706325992
9/29/1977 16:00:00	0.88034637588
9/30/1977 16:00:00	0.884751047114
10/3/1977 16:00:00	0.888273323897
10/4/1977 16:00:00	0.884737003391
10/5/1977 16:00:00	0.884729981669
10/6/1977 16:00:00	0.889134478235
10/7/1977 16:00:00	0.891774311649
10/10/1977 16:00:00	0.892649523773
10/11/1977 16:00:00	0.888231025743
10/12/1977 16:00:00	0.87587211698
10/13/1977 16:00:00	0.869027584243
10/14/1977 16:00:00	0.869902948705
10/17/1977 16:00:00	0.869896044714
10/18/1977 16:00:00	0.871653635796
10/19/1977 16:00:00	0.863706553212
10/20/1977 16:00:00	0.865464165309
10/21/1977 16:00:00	0.864575070078
10/24/1977 16:00:00	0.859274891616
10/25/1977 16:00:00	0.849563735415
10/26/1977 16:00:00	0.850439198179
10/27/1977 16:00:00	0.852196845338
10/28/1977 16:00:00	0.855718847276
10/31/1977 16:00:00	0.855712055857
11/1/1977 16:00:00	0.848647845474
11/2/1977 16:00:00	0.846876769538
11/3/1977 16:00:00	0.846870048294
11/4/1977 16:00:00	0.853038421205
11/7/1977 16:00:00	0.858324547158
11/8/1977 16:00:00	0.861846304625
11/9/1977 16:00:00	0.866250141671
11/10/1977 16:00:00	0.877490404457
11/11/1977 16:00:00	0.88542253413
11/14/1977 16:00:00	0.886297621571
11/15/1977 16:00:00	0.890701125515
11/16/1977 16:00:00	0.891576157103
11/17/1977 16:00:00	0.894215362053
11/18/1977 16:00:00	0.896854525117
11/21/1977 16:00:00	0.897729486914
11/22/1977 16:00:00	0.903014798256
11/23/1977 16:00:00	0.910064157368
11/25/1977 16:00:00	0.915349287381
11/28/1977 16:00:00	0.913577919043
11/29/1977 16:00:00	0.905632265073
11/30/1977 16:00:00	0.90474303976
12/1/1977 16:00:00	0.910028043748
12/2/1977 16:00:00	0.913548916457
12/5/1977 16:00:00	0.913541666068
12/6/1977 16:00:00	0.903832307771
12/7/1977 16:00:00	0.902061129019
12/8/1977 16:00:00	0.904699956982
12/9/1977 16:00:00	0.909102720557
12/12/1977 16:00:00	0.911741450799
12/13/1977 16:00:00	0.919451494267
12/14/1977 16:00:00	0.912608946116
12/15/1977 16:00:00	0.91171974238
12/16/1977 16:00:00	0.913476414112
12/19/1977 16:00:00	0.906413589775
12/20/1977 16:00:00	0.899350877926
12/21/1977 16:00:00	0.903753403755
12/22/1977 16:00:00	0.907273934076
12/23/1977 16:00:00	0.911676327336
12/27/1977 16:00:00	0.912551003614
12/28/1977 16:00:00	0.912543761145
12/29/1977 16:00:00	0.916064109983
12/30/1977 16:00:00	0.922009602803
1/3/1978 16:00:00	0.912522033492
1/4/1978 16:00:00	0.909869160811
1/5/1978 16:00:00	0.905452590653
1/6/1978 16:00:00	0.892217463095
1/9/1978 16:00:00	0.878982547117
1/10/1978 16:00:00	0.873904941874
1/11/1978 16:00:00	0.869488798543
1/12/1978 16:00:00	0.873009235764
1/13/1978 16:00:00	0.875427332774
1/16/1978 16:00:00	0.872113557944
1/17/1978 16:00:00	0.877177064071
1/18/1978 16:00:00	0.880697328542
1/19/1978 16:00:00	0.882453938036
1/20/1978 16:00:00	0.882446934434
1/23/1978 16:00:00	0.879794574101
1/24/1978 16:00:00	0.881551148756
1/25/1978 16:00:00	0.885071238685
1/26/1978 16:00:00	0.881537155825
1/27/1978 16:00:00	0.882411917093
1/30/1978 16:00:00	0.885931916241
1/31/1978 16:00:00	0.884161397767
2/1/1978 16:00:00	0.890326536967
2/2/1978 16:00:00	0.893846389574
2/3/1978 16:00:00	0.896484463663
2/6/1978 16:00:00	0.897359064432
2/7/1978 16:00:00	0.901760486206
2/8/1978 16:00:00	0.905280136461
2/9/1978 16:00:00	0.905272951698
2/10/1978 16:00:00	0.908792518204
2/13/1978 16:00:00	0.906140263067
2/14/1978 16:00:00	0.901724702404
2/15/1978 16:00:00	0.899954212293
2/16/1978 16:00:00	0.896420430711
2/17/1978 16:00:00	0.89729496901
2/21/1978 16:00:00	0.894642910351
2/22/1978 16:00:00	0.895517448749
2/23/1978 16:00:00	0.896391973217
2/24/1978 16:00:00	0.900792982787
2/27/1978 16:00:00	0.896377744658
2/28/1978 16:00:00	0.890199355198
3/1/1978 16:00:00	0.890192290124
3/2/1978 16:00:00	0.89194841855
3/3/1978 16:00:00	0.893704519073
3/6/1978 16:00:00	0.891934260667
3/7/1978 16:00:00	0.894571909061
3/8/1978 16:00:00	0.898091084363
3/9/1978 16:00:00	0.901610203858
3/10/1978 16:00:00	0.90689237721
3/13/1978 16:00:00	0.907766727527
3/14/1978 16:00:00	0.909522604802
3/15/1978 16:00:00	0.910396920272
3/16/1978 16:00:00	0.915678856383
3/17/1978 16:00:00	0.919858808891
3/20/1978 16:00:00	0.924259073392
3/21/1978 16:00:00	0.922488725941
3/22/1978 16:00:00	0.922481404602
3/23/1978 16:00:00	0.924237067372
3/27/1978 16:00:00	0.923348247114
3/28/1978 16:00:00	0.926866831114
3/29/1978 16:00:00	0.930385359312
3/30/1978 16:00:00	0.931259439403
3/31/1978 16:00:00	0.931252048455
4/3/1978 16:00:00	0.928600307215
4/4/1978 16:00:00	0.931237266675
4/5/1978 16:00:00	0.937399928783
4/6/1978 16:00:00	0.942681064157
4/7/1978 16:00:00	0.948843538101
4/10/1978 16:00:00	0.951480253406
4/11/1978 16:00:00	0.950591293682
4/12/1978 16:00:00	0.954990755767
4/13/1978 16:00:00	0.964458165515
4/14/1978 16:00:00	0.975908547322
4/17/1978 16:00:00	0.981189084955
4/18/1978 16:00:00	0.976774430078
4/19/1978 16:00:00	0.978529410911
4/20/1978 16:00:00	0.98997931861
4/21/1978 16:00:00	0.993496872069
4/24/1978 16:00:00	0.996133024092
4/25/1978 16:00:00	1.00207415425
4/26/1978 16:00:00	1.00559152812
4/27/1978 16:00:00	1.0047022225
4/28/1978 16:00:00	1.0099821551
5/1/1978 16:00:00	1.01702462562
5/2/1978 16:00:00	1.01789785783
5/3/1978 16:00:00	1.01877107612
5/4/1978 16:00:00	1.02140686021
5/5/1978 16:00:00	1.02844901687
5/8/1978 16:00:00	1.0266783027
5/9/1978 16:00:00	1.02667015446
5/10/1978 16:00:00	1.03106831596
5/11/1978 16:00:00	1.03722891767
5/12/1978 16:00:00	1.0466941019
5/15/1978 16:00:00	1.05021075915
5/16/1978 16:00:00	1.05901476532
5/17/1978 16:00:00	1.06781863225
5/18/1978 16:00:00	1.06692893726
5/19/1978 16:00:00	1.06603925632
5/22/1978 16:00:00	1.06867441443
5/23/1978 16:00:00	1.06073513946
5/24/1978 16:00:00	1.05015241424
5/25/1978 16:00:00	1.0501440797
5/26/1978 16:00:00	1.05101692339
5/30/1978 16:00:00	1.05188975316
5/31/1978 16:00:00	1.05364373321
6/1/1978 16:00:00	1.05451652817
6/2/1978 16:00:00	1.06067621054
6/5/1978 16:00:00	1.07036036844
6/6/1978 16:00:00	1.0765198279
6/7/1978 16:00:00	1.07915467225
6/8/1978 16:00:00	1.08685592862
6/9/1978 16:00:00	1.09037176465
6/12/1978 16:00:00	1.08948200241
6/13/1978 16:00:00	1.08859225423
6/14/1978 16:00:00	1.0912268981
6/15/1978 16:00:00	1.088574975
6/16/1978 16:00:00	1.08438120308
6/19/1978 16:00:00	1.07732400892
6/20/1978 16:00:00	1.06938586063
6/21/1978 16:00:00	1.05704254168
6/22/1978 16:00:00	1.05791520479
6/23/1978 16:00:00	1.05790680864
6/26/1978 16:00:00	1.04732595225
6/27/1978 16:00:00	1.04467454626
6/28/1978 16:00:00	1.04730932804
6/29/1978 16:00:00	1.05170610262
6/30/1978 16:00:00	1.05434078679
7/3/1978 16:00:00	1.05257041226
7/5/1978 16:00:00	1.0446330912
7/6/1978 16:00:00	1.0413210905
7/7/1978 16:00:00	1.04461650971
7/10/1978 16:00:00	1.04637016978
7/11/1978 16:00:00	1.04988573869
7/12/1978 16:00:00	1.05428221323
7/13/1978 16:00:00	1.05515480034
7/14/1978 16:00:00	1.06571779541
7/17/1978 16:00:00	1.0727568615
7/18/1978 16:00:00	1.07010554683
7/19/1978 16:00:00	1.0762635399
7/20/1978 16:00:00	1.08506419428
7/21/1978 16:00:00	1.0832937573
7/24/1978 16:00:00	1.08328515973
7/25/1978 16:00:00	1.0850383596
7/26/1978 16:00:00	1.0909757672
7/27/1978 16:00:00	1.09625241719
7/28/1978 16:00:00	1.10064810575
7/31/1978 16:00:00	1.10680546628
8/1/1978 16:00:00	1.11120100151
8/2/1978 16:00:00	1.1235241793
8/3/1978 16:00:00	1.13034184997
8/4/1978 16:00:00	1.13649878039
8/7/1978 16:00:00	1.14089394106
8/8/1978 16:00:00	1.14352737376
8/9/1978 16:00:00	1.15320734195
8/10/1978 16:00:00	1.15319818951
8/11/1978 16:00:00	1.15671227011
8/14/1978 16:00:00	1.15758389112
8/15/1978 16:00:00	1.15581311538
8/16/1978 16:00:00	1.16373102782
8/17/1978 16:00:00	1.17495174123
8/18/1978 16:00:00	1.18022705674
8/21/1978 16:00:00	1.17229079171
8/22/1978 16:00:00	1.17316224724
8/23/1978 16:00:00	1.18019895593
8/24/1978 16:00:00	1.18547406221
8/25/1978 16:00:00	1.18986834634
8/28/1978 16:00:00	1.18457451354
8/29/1978 16:00:00	1.17928076488
8/30/1978 16:00:00	1.18103284056
8/31/1978 16:00:00	1.18278488837
9/1/1978 16:00:00	1.18629831545
9/5/1978 16:00:00	1.18716959698
9/6/1978 16:00:00	1.19596707112
9/7/1978 16:00:00	1.20124167536
9/8/1978 16:00:00	1.212680926
9/11/1978 16:00:00	1.2168544783
9/12/1978 16:00:00	1.21948680621
9/13/1978 16:00:00	1.22035778259
9/14/1978 16:00:00	1.2117617805
9/15/1978 16:00:00	1.20382639589
9/18/1978 16:00:00	1.18796543342
9/19/1978 16:00:00	1.17474660446
9/20/1978 16:00:00	1.16262876097
9/21/1978 16:00:00	1.15733585827
9/22/1978 16:00:00	1.15908788419
9/25/1978 16:00:00	1.15731748791
9/26/1978 16:00:00	1.16435303552
9/27/1978 16:00:00	1.15641853289
9/28/1978 16:00:00	1.15728993257
9/29/1978 16:00:00	1.16432531266
10/2/1978 16:00:00	1.16783832666
10/3/1978 16:00:00	1.1660679447
10/4/1978 16:00:00	1.16605869019
10/5/1978 16:00:00	1.16957160662
10/6/1978 16:00:00	1.1737448691
10/9/1978 16:00:00	1.17901872637
10/10/1978 16:00:00	1.18165093456
10/11/1978 16:00:00	1.18516361579
10/12/1978 16:00:00	1.1877957334
10/13/1978 16:00:00	1.18778630645
10/16/1978 16:00:00	1.17280848282
10/17/1978 16:00:00	1.14748517791
10/18/1978 16:00:00	1.12898599704
10/19/1978 16:00:00	1.11422912071
10/20/1978 16:00:00	1.08450456619
10/23/1978 16:00:00	1.06776725046
10/24/1978 16:00:00	1.06071516613
10/25/1978 16:00:00	1.06158719197
10/26/1978 16:00:00	1.03362488458
10/27/1978 16:00:00	1.00984506972
10/30/1978 16:00:00	0.984524896614
10/31/1978 16:00:00	0.973071678358
11/1/1978 16:00:00	1.00365815672
11/2/1978 16:00:00	1.00365019118
11/3/1978 16:00:00	1.01156577984
11/6/1978 16:00:00	1.00803619965
11/7/1978 16:00:00	0.987999532517
11/8/1978 16:00:00	0.989752438914
11/9/1978 16:00:00	0.997667885449
11/10/1978 16:00:00	1.0053631168
11/13/1978 16:00:00	0.989728872117
11/14/1978 16:00:00	0.971233753338
11/15/1978 16:00:00	0.975627739007
11/16/1978 16:00:00	0.982662650486
11/17/1978 16:00:00	0.995859724819
11/20/1978 16:00:00	1.00267428558
11/21/1978 16:00:00	1.0035466389
11/22/1978 16:00:00	1.0105811068
11/24/1978 16:00:00	1.01761546336
11/27/1978 16:00:00	1.01584680667
11/28/1978 16:00:00	1.01231761161
11/29/1978 16:00:00	0.999325503629
11/30/1978 16:00:00	1.00437911984
12/1/1978 16:00:00	1.01757508091
12/4/1978 16:00:00	1.02108802596
12/5/1978 16:00:00	1.03076265337
12/6/1978 16:00:00	1.03691616236
12/7/1978 16:00:00	1.03866840173
12/8/1978 16:00:00	1.04042061325
12/11/1978 16:00:00	1.04283296228
12/12/1978 16:00:00	1.03776345811
12/13/1978 16:00:00	1.03423439591
12/14/1978 16:00:00	1.0342261877
12/15/1978 16:00:00	1.02805663206
12/18/1978 16:00:00	1.00076272323
12/19/1978 16:00:00	1.00427549385
12/20/1978 16:00:00	1.00954855142
12/21/1978 16:00:00	1.01394136107
12/22/1978 16:00:00	1.02361504566
12/26/1978 16:00:00	1.03064812583
12/27/1978 16:00:00	1.02711937178
12/28/1978 16:00:00	1.02711122004
12/29/1978 16:00:00	1.03326397543
1/2/1979 16:00:00	1.03149552964
1/3/1979 16:00:00	1.04270881758
1/4/1979 16:00:00	1.05678228179
1/5/1979 16:00:00	1.06909532036
1/8/1979 16:00:00	1.06732664561
1/9/1979 16:00:00	1.07435887826
1/10/1979 16:00:00	1.07083002761
1/11/1979 16:00:00	1.07522189891
1/12/1979 16:00:00	1.08313396871
1/15/1979 16:00:00	1.08994583818
1/16/1979 16:00:00	1.08311677583
1/17/1979 16:00:00	1.08222813354
1/18/1979 16:00:00	1.08815980863
1/19/1979 16:00:00	1.09079126902
1/22/1979 16:00:00	1.09166263717
1/23/1979 16:00:00	1.09869411917
1/24/1979 16:00:00	1.09692537676
1/25/1979 16:00:00	1.10659671845
1/26/1979 16:00:00	1.11186792028
1/29/1979 16:00:00	1.11009911505
1/30/1979 16:00:00	1.10745035441
1/31/1979 16:00:00	1.10128173001
2/1/1979 16:00:00	1.10127298968
2/2/1979 16:00:00	1.10126424942
2/5/1979 16:00:00	1.08805617743
2/6/1979 16:00:00	1.08804754207
2/7/1979 16:00:00	1.07505977111
2/8/1979 16:00:00	1.08033084488
2/9/1979 16:00:00	1.08384198036
2/12/1979 16:00:00	1.0862531596
2/13/1979 16:00:00	1.09328384618
2/14/1979 16:00:00	1.09063544978
2/15/1979 16:00:00	1.09326649249
2/16/1979 16:00:00	1.09941706362
2/20/1979 16:00:00	1.10116810929
2/21/1979 16:00:00	1.10115936987
2/22/1979 16:00:00	1.09763114391
2/23/1979 16:00:00	1.09410297397
2/26/1979 16:00:00	1.09321443297
2/27/1979 16:00:00	1.07318915438
2/28/1979 16:00:00	1.073180637
3/1/1979 16:00:00	1.07933097557
3/2/1979 16:00:00	1.0828417279
3/5/1979 16:00:00	1.09141140477
3/6/1979 16:00:00	1.0887632956
3/7/1979 16:00:00	1.09931235931
3/8/1979 16:00:00	1.11250066173
3/9/1979 16:00:00	1.11425142218
3/12/1979 16:00:00	1.11336279097
3/13/1979 16:00:00	1.11775285951
3/14/1979 16:00:00	1.11686421446
3/15/1979 16:00:00	1.11861488447
3/16/1979 16:00:00	1.12564408685
3/19/1979 16:00:00	1.12981398038
3/20/1979 16:00:00	1.12716577518
3/21/1979 16:00:00	1.13243526427
3/22/1979 16:00:00	1.13858440203
3/23/1979 16:00:00	1.14297399189
3/26/1979 16:00:00	1.1385663292
3/27/1979 16:00:00	1.14471527195
3/28/1979 16:00:00	1.14558589124
3/29/1979 16:00:00	1.14909558875
3/30/1979 16:00:00	1.15348492095
4/2/1979 16:00:00	1.14995703252
4/3/1979 16:00:00	1.15786499388
4/4/1979 16:00:00	1.16225415203
4/5/1979 16:00:00	1.16752290313
4/6/1979 16:00:00	1.1708123456
4/9/1979 16:00:00	1.16992340479
4/10/1979 16:00:00	1.17431232797
4/11/1979 16:00:00	1.16924510849
4/12/1979 16:00:00	1.16835620108
4/16/1979 16:00:00	1.15955072136
4/17/1979 16:00:00	1.15778229124
4/18/1979 16:00:00	1.16305074256
4/19/1979 16:00:00	1.16568031119
4/20/1979 16:00:00	1.16984912539
4/23/1979 16:00:00	1.17159901249
4/24/1979 16:00:00	1.17510802944
4/25/1979 16:00:00	1.17949656258
4/26/1979 16:00:00	1.17772807165
4/27/1979 16:00:00	1.17595960873
4/30/1979 16:00:00	1.17067297007
5/1/1979 16:00:00	1.17066367902
5/2/1979 16:00:00	1.17241346193
5/3/1979 16:00:00	1.17416321702
5/4/1979 16:00:00	1.17063580623
5/7/1979 16:00:00	1.14270188223
5/8/1979 16:00:00	1.13389772459
5/9/1979 16:00:00	1.14004523816
5/10/1979 16:00:00	1.13475922091
5/11/1979 16:00:00	1.13475021488
5/14/1979 16:00:00	1.12858484271
5/15/1979 16:00:00	1.12857588569
5/16/1979 16:00:00	1.1320847963
5/17/1979 16:00:00	1.14087041081
5/18/1979 16:00:00	1.14613807431
5/21/1979 16:00:00	1.14788787009
5/22/1979 16:00:00	1.15403483349
5/23/1979 16:00:00	1.15578453878
5/24/1979 16:00:00	1.15577536588
5/25/1979 16:00:00	1.16104270225
5/29/1979 16:00:00	1.15927466512
5/30/1979 16:00:00	1.14959201768
5/31/1979 16:00:00	1.14958289393
6/1/1979 16:00:00	1.15309133122
6/4/1979 16:00:00	1.15396156299
6/5/1979 16:00:00	1.16362554398
6/6/1979 16:00:00	1.16889252519
6/7/1979 16:00:00	1.17745703206
6/8/1979 16:00:00	1.18096510922
6/11/1979 16:00:00	1.18095573648
6/12/1979 16:00:00	1.188860438
6/13/1979 16:00:00	1.18973033724
6/14/1979 16:00:00	1.18972089494
6/15/1979 16:00:00	1.19234941478
6/18/1979 16:00:00	1.18882269678
6/19/1979 16:00:00	1.19057187514
6/20/1979 16:00:00	1.19320032543
6/21/1979 16:00:00	1.19582873398
6/22/1979 16:00:00	1.20021567245
6/25/1979 16:00:00	1.19756831028
6/26/1979 16:00:00	1.19404171822
6/27/1979 16:00:00	1.2019456257
6/28/1979 16:00:00	1.20809089214
6/29/1979 16:00:00	1.20808130411
7/2/1979 16:00:00	1.19840003178
7/3/1979 16:00:00	1.19839052067
7/5/1979 16:00:00	1.20541484981
7/6/1979 16:00:00	1.21221926194
7/9/1979 16:00:00	1.21660572188
7/10/1979 16:00:00	1.21571685709
7/11/1979 16:00:00	1.21482800633
7/12/1979 16:00:00	1.21305997438
7/13/1979 16:00:00	1.21129197044
7/16/1979 16:00:00	1.21479908202
7/17/1979 16:00:00	1.20621749139
7/18/1979 16:00:00	1.20093291462
7/19/1979 16:00:00	1.20356086419
7/20/1979 16:00:00	1.20706792531
7/23/1979 16:00:00	1.20354176004
7/24/1979 16:00:00	1.2070487655
7/25/1979 16:00:00	1.2156107265
7/26/1979 16:00:00	1.21999670609
7/27/1979 16:00:00	1.2243826161
7/30/1979 16:00:00	1.22876845655
7/31/1979 16:00:00	1.23579154123
8/1/1979 16:00:00	1.24105631934
8/2/1979 16:00:00	1.24632101399
8/3/1979 16:00:00	1.24719020632
8/6/1979 16:00:00	1.24542215439
8/7/1979 16:00:00	1.25332389839
8/8/1979 16:00:00	1.26012668868
8/9/1979 16:00:00	1.26187479955
8/10/1979 16:00:00	1.26889717645
8/13/1979 16:00:00	1.27767752618
8/14/1979 16:00:00	1.27942545609
8/15/1979 16:00:00	1.28644752703
8/16/1979 16:00:00	1.28907438073
8/17/1979 16:00:00	1.29258020694
8/20/1979 16:00:00	1.29344895564
8/21/1979 16:00:00	1.29431769049
8/22/1979 16:00:00	1.30111961649
8/23/1979 16:00:00	1.30374624934
8/24/1979 16:00:00	1.30637284046
8/27/1979 16:00:00	1.3072414449
8/28/1979 16:00:00	1.30723106997
8/29/1979 16:00:00	1.31161548775
8/30/1979 16:00:00	1.31248402968
8/31/1979 16:00:00	1.31511044695
9/4/1979 16:00:00	1.29840019437
9/5/1979 16:00:00	1.27663635783
9/6/1979 16:00:00	1.28453653714
9/7/1979 16:00:00	1.295073341
9/10/1979 16:00:00	1.30187461228
9/11/1979 16:00:00	1.29746976648
9/12/1979 16:00:00	1.30009615618
9/13/1979 16:00:00	1.30535917034
9/14/1979 16:00:00	1.31677427355
9/17/1979 16:00:00	1.31588494809
9/18/1979 16:00:00	1.30444922199
9/19/1979 16:00:00	1.30619659093
9/20/1979 16:00:00	1.31321705539
9/21/1979 16:00:00	1.31672202083
9/24/1979 16:00:00	1.31231737069
9/25/1979 16:00:00	1.30527629151
9/26/1979 16:00:00	1.31053888807
9/27/1979 16:00:00	1.31492258215
9/28/1979 16:00:00	1.31139689792
10/1/1979 16:00:00	1.30787126964
10/2/1979 16:00:00	1.3113760821
10/3/1979 16:00:00	1.31575963007
10/4/1979 16:00:00	1.32365824525
10/5/1979 16:00:00	1.33155673535
10/8/1979 16:00:00	1.32012215321
10/9/1979 16:00:00	1.26936309602
10/10/1979 16:00:00	1.21772610451
10/11/1979 16:00:00	1.22474643016
10/12/1979 16:00:00	1.23000916095
10/15/1979 16:00:00	1.21000818025
10/16/1979 16:00:00	1.20911984921
10/17/1979 16:00:00	1.21504161856
10/18/1979 16:00:00	1.21942554477
10/19/1979 16:00:00	1.1941530425
10/22/1979 16:00:00	1.16448744649
10/23/1979 16:00:00	1.15920604857
10/24/1979 16:00:00	1.16271159114
10/25/1979 16:00:00	1.16006632717
10/26/1979 16:00:00	1.16950284119
10/29/1979 16:00:00	1.17037222421
10/30/1979 16:00:00	1.18442146076
10/31/1979 16:00:00	1.18441206059
11/1/1979 16:00:00	1.19231045615
11/2/1979 16:00:00	1.19669417855
11/5/1979 16:00:00	1.18965564028
11/6/1979 16:00:00	1.18613170627
11/7/1979 16:00:00	1.17206443527
11/8/1979 16:00:00	1.17820539633
11/9/1979 16:00:00	1.18786066843
11/12/1979 16:00:00	1.19839438299
11/13/1979 16:00:00	1.19838487192
11/14/1979 16:00:00	1.20452542992
11/15/1979 16:00:00	1.21396054443
11/16/1979 16:00:00	1.21570804468
11/19/1979 16:00:00	1.22360544039
11/20/1979 16:00:00	1.21920296155
11/21/1979 16:00:00	1.21392200609
11/23/1979 16:00:00	1.22269776717
11/26/1979 16:00:00	1.24025871552
11/27/1979 16:00:00	1.24639855239
11/28/1979 16:00:00	1.25407569986
11/29/1979 16:00:00	1.26021533
11/30/1979 16:00:00	1.26108383323
12/3/1979 16:00:00	1.25755983275
12/4/1979 16:00:00	1.26545627091
12/5/1979 16:00:00	1.27510955213
12/6/1979 16:00:00	1.28476268063
12/7/1979 16:00:00	1.28914483514
12/10/1979 16:00:00	1.29352692014
12/11/1979 16:00:00	1.29175974143
12/12/1979 16:00:00	1.29767902235
12/13/1979 16:00:00	1.30206093526
12/14/1979 16:00:00	1.31083495588
12/17/1979 16:00:00	1.31609512353
12/18/1979 16:00:00	1.30817888417
12/19/1979 16:00:00	1.30729008723
12/20/1979 16:00:00	1.313428565
12/21/1979 16:00:00	1.31253974032
12/24/1979 16:00:00	1.310772536
12/26/1979 16:00:00	1.31076213305
12/27/1979 16:00:00	1.31250848961
12/28/1979 16:00:00	1.3177683094
12/31/1979 16:00:00	1.32039294836
1/2/1980 16:00:00	1.29491006227
1/3/1980 16:00:00	1.27579563471
1/4/1980 16:00:00	1.29335240277
1/7/1980 16:00:00	1.29839258039
1/8/1980 16:00:00	1.31682722356
1/9/1980 16:00:00	1.32472168835
1/10/1980 16:00:00	1.33766635115
1/11/1980 16:00:00	1.34468221591
1/14/1980 16:00:00	1.34906305988
1/15/1980 16:00:00	1.35432213061
1/16/1980 16:00:00	1.36309427522
1/17/1980 16:00:00	1.36132689222
1/18/1980 16:00:00	1.36395091428
1/21/1980 16:00:00	1.37535757922
1/22/1980 16:00:00	1.37095535596
1/23/1980 16:00:00	1.38477698456
1/24/1980 16:00:00	1.39091372783
1/25/1980 16:00:00	1.39529389239
1/28/1980 16:00:00	1.40406515627
1/29/1980 16:00:00	1.40054110554
1/30/1980 16:00:00	1.40931218864
1/31/1980 16:00:00	1.41369206824
2/1/1980 16:00:00	1.41807187833
2/4/1980 16:00:00	1.41542602671
2/5/1980 16:00:00	1.41717117726
2/6/1980 16:00:00	1.42396586426
2/7/1980 16:00:00	1.43097998812
2/8/1980 16:00:00	1.4441411993
2/11/1980 16:00:00	1.43710442342
2/12/1980 16:00:00	1.43797117513
2/13/1980 16:00:00	1.441472364
2/14/1980 16:00:00	1.428288773
2/15/1980 16:00:00	1.42059374431
2/19/1980 16:00:00	1.40741052961
2/20/1980 16:00:00	1.41618058277
2/21/1980 16:00:00	1.40914442019
2/22/1980 16:00:00	1.39859593596
2/25/1980 16:00:00	1.3801447075
2/26/1980 16:00:00	1.38452422544
2/27/1980 16:00:00	1.37770806021
2/28/1980 16:00:00	1.37594096533
2/29/1980 16:00:00	1.38010089366
3/3/1980 16:00:00	1.37065072647
3/4/1980 16:00:00	1.35746895726
3/5/1980 16:00:00	1.33572638765
3/6/1980 16:00:00	1.29795983945
3/7/1980 16:00:00	1.27709613302
3/10/1980 16:00:00	1.25601325262
3/11/1980 16:00:00	1.26302747581
3/12/1980 16:00:00	1.26301745179
3/13/1980 16:00:00	1.26651946802
3/14/1980 16:00:00	1.2612413977
3/17/1980 16:00:00	1.22018507017
3/18/1980 16:00:00	1.21315147498
3/19/1980 16:00:00	1.22279964757
3/20/1980 16:00:00	1.21927804291
3/21/1980 16:00:00	1.2122446222
3/24/1980 16:00:00	1.17558013032
3/25/1980 16:00:00	1.15735325909
3/26/1980 16:00:00	1.1547102336
3/27/1980 16:00:00	1.08380743581
3/28/1980 16:00:00	1.12923183117
3/31/1980 16:00:00	1.14414760458
4/1/1980 16:00:00	1.16257481769
4/2/1980 16:00:00	1.18604973391
4/3/1980 16:00:00	1.18779613094
4/7/1980 16:00:00	1.16518082788
4/8/1980 16:00:00	1.16604947141
4/9/1980 16:00:00	1.18776784695
4/10/1980 16:00:00	1.19917082378
4/11/1980 16:00:00	1.20355065803
4/14/1980 16:00:00	1.19388460914
4/15/1980 16:00:00	1.19124156488
4/16/1980 16:00:00	1.18596501449
4/17/1980 16:00:00	1.17542149388
4/18/1980 16:00:00	1.17629000046
4/21/1980 16:00:00	1.16245486817
4/22/1980 16:00:00	1.18504954104
4/23/1980 16:00:00	1.19557390959
4/24/1980 16:00:00	1.21114550526
4/25/1980 16:00:00	1.20433293763
4/28/1980 16:00:00	1.20937069313
4/29/1980 16:00:00	1.21726117569
4/30/1980 16:00:00	1.22251819385
5/1/1980 16:00:00	1.21987517265
5/2/1980 16:00:00	1.22513208656
5/5/1980 16:00:00	1.2312666761
5/6/1980 16:00:00	1.24178992864
5/7/1980 16:00:00	1.25384906876
5/8/1980 16:00:00	1.25142533743
5/9/1980 16:00:00	1.24965994297
5/12/1980 16:00:00	1.24877230075
5/13/1980 16:00:00	1.25819785093
5/14/1980 16:00:00	1.27223123155
5/15/1980 16:00:00	1.28012046603
5/16/1980 16:00:00	1.28537648584
5/19/1980 16:00:00	1.28536628444
5/20/1980 16:00:00	1.28272303508
5/21/1980 16:00:00	1.28183517904
5/22/1980 16:00:00	1.29235703049
5/23/1980 16:00:00	1.30529228554
5/27/1980 16:00:00	1.31054785562
5/28/1980 16:00:00	1.31580334237
5/29/1980 16:00:00	1.31052705319
5/30/1980 16:00:00	1.31314955435
6/2/1980 16:00:00	1.31138387832
6/3/1980 16:00:00	1.30874061012
6/4/1980 16:00:00	1.32013919424
6/5/1980 16:00:00	1.3289047794
6/6/1980 16:00:00	1.33328222917
6/9/1980 16:00:00	1.33590442471
6/10/1980 16:00:00	1.3453278657
6/11/1980 16:00:00	1.35497055217
6/12/1980 16:00:00	1.35583737004
6/13/1980 16:00:00	1.36723494976
6/16/1980 16:00:00	1.36897921415
6/17/1980 16:00:00	1.3707234508
6/18/1980 16:00:00	1.37246765968
6/19/1980 16:00:00	1.36806908275
6/20/1980 16:00:00	1.3663031653
6/23/1980 16:00:00	1.37067993615
6/24/1980 16:00:00	1.37681166949
6/25/1980 16:00:00	1.38535645547
6/26/1980 16:00:00	1.3879779669
6/27/1980 16:00:00	1.38972194152
6/30/1980 16:00:00	1.37764544919
7/1/1980 16:00:00	1.38092506991
7/2/1980 16:00:00	1.38968885249
7/3/1980 16:00:00	1.40459476749
7/7/1980 16:00:00	1.42805568615
7/8/1980 16:00:00	1.42804435237
7/9/1980 16:00:00	1.43242025172
7/10/1980 16:00:00	1.42977656432
7/11/1980 16:00:00	1.43853954376
7/14/1980 16:00:00	1.4534443648
7/15/1980 16:00:00	1.45869734277
7/16/1980 16:00:00	1.45868576581
7/17/1980 16:00:00	1.47249331725
7/18/1980 16:00:00	1.48388780575
7/21/1980 16:00:00	1.48826298468
7/22/1980 16:00:00	1.48210948353
7/23/1980 16:00:00	1.48209772075
7/24/1980 16:00:00	1.48296332834
7/25/1980 16:00:00	1.48031946887
7/28/1980 16:00:00	1.48381714562
7/29/1980 16:00:00	1.49345621252
7/30/1980 16:00:00	1.50397246928
7/31/1980 16:00:00	1.49957385524
8/1/1980 16:00:00	1.50548392169
8/4/1980 16:00:00	1.50042737402
8/5/1980 16:00:00	1.50546002508
8/6/1980 16:00:00	1.51334384635
8/7/1980 16:00:00	1.52912324973
8/8/1980 16:00:00	1.53525217106
8/11/1980 16:00:00	1.54576742998
8/12/1980 16:00:00	1.54136876179
8/13/1980 16:00:00	1.54486562093
8/14/1980 16:00:00	1.56042483356
8/15/1980 16:00:00	1.57006230063
8/18/1980 16:00:00	1.54658334084
8/19/1980 16:00:00	1.5386758593
8/20/1980 16:00:00	1.55072567328
8/21/1980 16:00:00	1.57001245506
8/22/1980 16:00:00	1.5857900347
8/25/1980 16:00:00	1.58490023151
8/26/1980 16:00:00	1.591686035
8/27/1980 16:00:00	1.58926109252
8/28/1980 16:00:00	1.57959931581
8/29/1980 16:00:00	1.5839727277
9/2/1980 16:00:00	1.59075832271
9/3/1980 16:00:00	1.61004356535
9/4/1980 16:00:00	1.61529380079
9/5/1980 16:00:00	1.61966679094
9/8/1980 16:00:00	1.6091280759
9/9/1980 16:00:00	1.61262389719
9/10/1980 16:00:00	1.62576821497
9/11/1980 16:00:00	1.64220157805
9/12/1980 16:00:00	1.65446832683
9/15/1980 16:00:00	1.65445519613
9/16/1980 16:00:00	1.66935299374
9/17/1980 16:00:00	1.69192523793
9/18/1980 16:00:00	1.68928051098
9/19/1980 16:00:00	1.70417767963
9/22/1980 16:00:00	1.70942666912
9/23/1980 16:00:00	1.70239647148
9/24/1980 16:00:00	1.70326003225
9/25/1980 16:00:00	1.69359880044
9/26/1980 16:00:00	1.66486171303
9/29/1980 16:00:00	1.6212152217
9/30/1980 16:00:00	1.63852396737
10/1/1980 16:00:00	1.65429762528
10/2/1980 16:00:00	1.66480885459
10/3/1980 16:00:00	1.68737898332
10/6/1980 16:00:00	1.71016801012
10/7/1980 16:00:00	1.71190845583
10/8/1980 16:00:00	1.72044564151
10/9/1980 16:00:00	1.72306297325
10/10/1980 16:00:00	1.72568026337
10/13/1980 16:00:00	1.73531336353
10/14/1980 16:00:00	1.73617656574
10/15/1980 16:00:00	1.73967065688
10/16/1980 16:00:00	1.72650244046
10/17/1980 16:00:00	1.72035006272
10/20/1980 16:00:00	1.71945946251
10/21/1980 16:00:00	1.71440341289
10/22/1980 16:00:00	1.72644763103
10/23/1980 16:00:00	1.70823771911
10/24/1980 16:00:00	1.71173183666
10/27/1980 16:00:00	1.69593383906
10/28/1980 16:00:00	1.6906589506
10/29/1980 16:00:00	1.69678381724
10/30/1980 16:00:00	1.67923253347
10/31/1980 16:00:00	1.68184985772
11/3/1980 16:00:00	1.68446714035
11/5/1980 16:00:00	1.7098829996
11/6/1980 16:00:00	1.69233216757
11/7/1980 16:00:00	1.68793445613
11/10/1980 16:00:00	1.68441366356
11/11/1980 16:00:00	1.70106029499
11/12/1980 16:00:00	1.72537897141
11/13/1980 16:00:00	1.7472859865
11/14/1980 16:00:00	1.76020523584
11/17/1980 16:00:00	1.75865684048
11/18/1980 16:00:00	1.77771344815
11/19/1980 16:00:00	1.78822094788
11/20/1980 16:00:00	1.80113946415
11/21/1980 16:00:00	1.79783721856
11/24/1980 16:00:00	1.7811641316
11/25/1980 16:00:00	1.79167127009
11/26/1980 16:00:00	1.80634288056
11/28/1980 16:00:00	1.81509613524
12/1/1980 16:00:00	1.787244849
12/2/1980 16:00:00	1.77670972354
12/3/1980 16:00:00	1.78721647965
12/4/1980 16:00:00	1.79859980054
12/5/1980 16:00:00	1.77053034991
12/8/1980 16:00:00	1.70870773672
12/9/1980 16:00:00	1.70168049577
12/10/1980 16:00:00	1.68851644558
12/11/1980 16:00:00	1.6466408119
12/12/1980 16:00:00	1.66766827546
12/15/1980 16:00:00	1.67291513181
12/16/1980 16:00:00	1.67377852974
12/17/1980 16:00:00	1.69195610843
12/18/1980 16:00:00	1.70947590412
12/19/1980 16:00:00	1.72589960516
12/22/1980 16:00:00	1.7425422085
12/23/1980 16:00:00	1.74340501933
12/24/1980 16:00:00	1.74514444993
12/26/1980 16:00:00	1.75565011905
12/29/1980 16:00:00	1.74248688971
12/30/1980 16:00:00	1.74860934933
12/31/1980 16:00:00	1.7641552238
1/2/1981 16:00:00	1.77553700787
1/5/1981 16:00:00	1.78078246804
1/6/1981 16:00:00	1.77989174983
1/7/1981 16:00:00	1.72136603823
1/8/1981 16:00:00	1.70842295632
1/9/1981 16:00:00	1.72396840586
1/12/1981 16:00:00	1.73009062231
1/13/1981 16:00:00	1.72744724134
1/14/1981 16:00:00	1.73619896207
1/15/1981 16:00:00	1.74319747185
1/16/1981 16:00:00	1.7537019875
1/19/1981 16:00:00	1.75807068072
1/20/1981 16:00:00	1.73263778238
1/21/1981 16:00:00	1.72736498148
1/22/1981 16:00:00	1.71858625901
1/23/1981 16:00:00	1.72207859676
1/26/1981 16:00:00	1.71001322787
1/27/1981 16:00:00	1.71942182046
1/28/1981 16:00:00	1.72116112119
1/29/1981 16:00:00	1.72552979376
1/30/1981 16:00:00	1.7246396395
2/2/1981 16:00:00	1.68365179198
2/3/1981 16:00:00	1.68802065713
2/4/1981 16:00:00	1.69677164569
2/5/1981 16:00:00	1.71165751705
2/6/1981 16:00:00	1.72544762212
2/9/1981 16:00:00	1.71666974969
2/10/1981 16:00:00	1.71512240635
2/11/1981 16:00:00	1.70722115928
2/12/1981 16:00:00	1.69669084712
2/13/1981 16:00:00	1.69054265202
2/17/1981 16:00:00	1.69140561793
2/18/1981 16:00:00	1.69752682585
2/19/1981 16:00:00	1.67998597266
2/20/1981 16:00:00	1.6764671914
2/23/1981 16:00:00	1.68346472643
2/24/1981 16:00:00	1.69046215051
2/25/1981 16:00:00	1.69132507533
2/26/1981 16:00:00	1.70971467107
2/27/1981 16:00:00	1.72613223982
3/2/1981 16:00:00	1.7357580655
3/3/1981 16:00:00	1.72961009479
3/4/1981 16:00:00	1.73310159401
3/5/1981 16:00:00	1.73571673812
3/6/1981 16:00:00	1.74271330408
3/9/1981 16:00:00	1.74445204454
3/10/1981 16:00:00	1.73479913276
3/11/1981 16:00:00	1.72777518996
3/12/1981 16:00:00	1.74966809835
3/13/1981 16:00:00	1.76257901713
3/16/1981 16:00:00	1.77308004119
3/17/1981 16:00:00	1.77131348082
3/18/1981 16:00:00	1.7783093203
3/19/1981 16:00:00	1.78180012779
3/20/1981 16:00:00	1.79843422966
3/23/1981 16:00:00	1.8095917159
3/24/1981 16:00:00	1.81045356359
3/25/1981 16:00:00	1.82445843605
3/26/1981 16:00:00	1.82619634756
3/27/1981 16:00:00	1.82004853288
3/30/1981 16:00:00	1.82178645154
3/31/1981 16:00:00	1.83228609051
4/1/1981 16:00:00	1.8419093953
4/2/1981 16:00:00	1.8478088635
4/3/1981 16:00:00	1.85305112257
4/6/1981 16:00:00	1.84186554026
4/7/1981 16:00:00	1.84601258779
4/8/1981 16:00:00	1.85475926859
4/9/1981 16:00:00	1.86438193701
4/10/1981 16:00:00	1.8748805723
4/13/1981 16:00:00	1.86785679296
4/14/1981 16:00:00	1.85995701976
4/15/1981 16:00:00	1.87395983348
4/16/1981 16:00:00	1.88774340275
4/20/1981 16:00:00	1.89648926718
4/21/1981 16:00:00	1.8885895161
4/22/1981 16:00:00	1.89295488104
4/23/1981 16:00:00	1.89994836808
4/24/1981 16:00:00	1.91395019928
4/27/1981 16:00:00	1.91656315914
4/28/1981 16:00:00	1.89639895842
4/29/1981 16:00:00	1.88433841246
4/30/1981 16:00:00	1.88848459522
5/1/1981 16:00:00	1.88846960724
5/4/1981 16:00:00	1.8588891089
5/5/1981 16:00:00	1.84398221875
5/6/1981 16:00:00	1.84747158818
5/7/1981 16:00:00	1.86234882566
5/8/1981 16:00:00	1.87196990451
5/11/1981 16:00:00	1.85443544158
5/12/1981 16:00:00	1.85704864369
5/13/1981 16:00:00	1.8631656696
5/14/1981 16:00:00	1.87541431434
5/15/1981 16:00:00	1.88656782454
5/18/1981 16:00:00	1.89005663416
5/19/1981 16:00:00	1.88325310913
5/20/1981 16:00:00	1.89615815494
5/21/1981 16:00:00	1.90315050426
5/22/1981 16:00:00	1.91014274267
5/26/1981 16:00:00	1.91888669203
5/27/1981 16:00:00	1.9361705668
5/28/1981 16:00:00	1.9457900686
5/29/1981 16:00:00	1.94752640622
6/1/1981 16:00:00	1.94313153341
6/2/1981 16:00:00	1.91355528718
6/3/1981 16:00:00	1.90740901567
6/4/1981 16:00:00	1.91440077551
6/5/1981 16:00:00	1.92818030321
6/8/1981 16:00:00	1.92400472018
6/9/1981 16:00:00	1.91698271865
6/10/1981 16:00:00	1.92047084242
6/11/1981 16:00:00	1.936877367
6/12/1981 16:00:00	1.94124109821
6/15/1981 16:00:00	1.94297731896
6/16/1981 16:00:00	1.92216148772
6/17/1981 16:00:00	1.92214623247
6/18/1981 16:00:00	1.90549091427
6/19/1981 16:00:00	1.91335786336
6/22/1981 16:00:00	1.90458488939
6/23/1981 16:00:00	1.9098244049
6/24/1981 16:00:00	1.90630618778
6/25/1981 16:00:00	1.91066984828
6/26/1981 16:00:00	1.91503343947
6/29/1981 16:00:00	1.90100633498
6/30/1981 16:00:00	1.88019249123
7/1/1981 16:00:00	1.86966880805
7/2/1981 16:00:00	1.8538909537
7/6/1981 16:00:00	1.82169367412
7/7/1981 16:00:00	1.8120464171
7/8/1981 16:00:00	1.81553484388
7/9/1981 16:00:00	1.8295315563
7/10/1981 16:00:00	1.83389547717
7/13/1981 16:00:00	1.83738364748
7/14/1981 16:00:00	1.82861232185
7/15/1981 16:00:00	1.83647881511
7/16/1981 16:00:00	1.84675324981
7/17/1981 16:00:00	1.85374382111
7/20/1981 16:00:00	1.82330039001
7/21/1981 16:00:00	1.80489748946
7/22/1981 16:00:00	1.79634574801
7/23/1981 16:00:00	1.79808274233
7/24/1981 16:00:00	1.81185946438
7/27/1981 16:00:00	1.82410364803
7/28/1981 16:00:00	1.81971114714
7/29/1981 16:00:00	1.81969670499
7/30/1981 16:00:00	1.82931376241
7/31/1981 16:00:00	1.84308969122
8/3/1981 16:00:00	1.83278703318
8/4/1981 16:00:00	1.83014577707
8/5/1981 16:00:00	1.83801132003
8/6/1981 16:00:00	1.84390673689
8/7/1981 16:00:00	1.84126545493
8/10/1981 16:00:00	1.83621647349
8/11/1981 16:00:00	1.8438628345
8/12/1981 16:00:00	1.84559925749
8/13/1981 16:00:00	1.84996221722
8/14/1981 16:00:00	1.84732099137
8/17/1981 16:00:00	1.82563751752
8/18/1981 16:00:00	1.80286001408
8/19/1981 16:00:00	1.80459669269
8/20/1981 16:00:00	1.81158626306
8/21/1981 16:00:00	1.80106612961
8/24/1981 16:00:00	1.74896121217
8/25/1981 16:00:00	1.72268336638
8/26/1981 16:00:00	1.72266969429
8/27/1981 16:00:00	1.71390150728
8/28/1981 16:00:00	1.72089146104
8/31/1981 16:00:00	1.70533878578
9/1/1981 16:00:00	1.70007266782
9/2/1981 16:00:00	1.70181002241
9/3/1981 16:00:00	1.67203234893
9/4/1981 16:00:00	1.65122810067
9/8/1981 16:00:00	1.60941452289
9/9/1981 16:00:00	1.60940174976
9/10/1981 16:00:00	1.63368100749
9/11/1981 16:00:00	1.65292643811
9/14/1981 16:00:00	1.65116257007
9/15/1981 16:00:00	1.65114946561
9/16/1981 16:00:00	1.63537986535
9/17/1981 16:00:00	1.61720329337
9/18/1981 16:00:00	1.60493560261
9/21/1981 16:00:00	1.60579820487
9/22/1981 16:00:00	1.59615679854
9/23/1981 16:00:00	1.56747720705
9/24/1981 16:00:00	1.5709660421
9/25/1981 16:00:00	1.52478087111
9/28/1981 16:00:00	1.52389346493
9/29/1981 16:00:00	1.55429796899
9/30/1981 16:00:00	1.56741499808
10/1/1981 16:00:00	1.57703068336
10/2/1981 16:00:00	1.60568349533
10/5/1981 16:00:00	1.61879980737
10/6/1981 16:00:00	1.61878695975
10/7/1981 16:00:00	1.64393773759
10/8/1981 16:00:00	1.66318018373
10/9/1981 16:00:00	1.66579271238
10/12/1981 16:00:00	1.6657794918
10/13/1981 16:00:00	1.671017645
10/14/1981 16:00:00	1.64912383241
10/15/1981 16:00:00	1.65348681905
10/16/1981 16:00:00	1.6560993203
10/19/1981 16:00:00	1.65258537218
10/20/1981 16:00:00	1.66482497465
10/21/1981 16:00:00	1.67509521212
10/22/1981 16:00:00	1.67508191771
10/23/1981 16:00:00	1.67091154969
10/26/1981 16:00:00	1.66302179041
10/27/1981 16:00:00	1.67679235354
10/28/1981 16:00:00	1.68728087669
10/29/1981 16:00:00	1.68114146579
10/30/1981 16:00:00	1.69950603635
11/2/1981 16:00:00	1.71765153392
11/3/1981 16:00:00	1.73076477631
11/4/1981 16:00:00	1.73862710277
11/5/1981 16:00:00	1.74123863763
11/6/1981 16:00:00	1.74122481828
11/9/1981 16:00:00	1.74033590175
11/10/1981 16:00:00	1.74032208956
11/11/1981 16:00:00	1.74205844426
11/12/1981 16:00:00	1.74992030645
11/13/1981 16:00:00	1.7429058619
11/16/1981 16:00:00	1.7166401524
11/17/1981 16:00:00	1.72100180583
11/18/1981 16:00:00	1.7201130985
11/19/1981 16:00:00	1.7174743219
11/20/1981 16:00:00	1.72883614201
11/23/1981 16:00:00	1.7235722544
11/24/1981 16:00:00	1.73230878342
11/25/1981 16:00:00	1.74104517401
11/27/1981 16:00:00	1.74978142617
11/30/1981 16:00:00	1.75326753937
12/1/1981 16:00:00	1.75062864508
12/2/1981 16:00:00	1.74448984778
12/3/1981 16:00:00	1.74010110645
12/4/1981 16:00:00	1.74883701885
12/7/1981 16:00:00	1.73832355484
12/8/1981 16:00:00	1.72431042459
12/9/1981 16:00:00	1.72604664234
12/10/1981 16:00:00	1.73128261019
12/11/1981 16:00:00	1.72864405731
12/14/1981 16:00:00	1.70347608426
12/15/1981 16:00:00	1.69908794703
12/16/1981 16:00:00	1.69819954565
12/17/1981 16:00:00	1.70343552552
12/18/1981 16:00:00	1.71457701541
12/21/1981 16:00:00	1.70953275689
12/22/1981 16:00:00	1.7025200786
12/23/1981 16:00:00	1.70075680283
12/24/1981 16:00:00	1.70336792946
12/28/1981 16:00:00	1.69810520287
12/29/1981 16:00:00	1.68759339383
12/30/1981 16:00:00	1.69457883235
12/31/1981 16:00:00	1.70418870141
1/4/1982 16:00:00	1.70155065552
1/5/1982 16:00:00	1.6735424874
1/6/1982 16:00:00	1.66324999767
1/7/1982 16:00:00	1.66236197808
1/8/1982 16:00:00	1.67175301642
1/11/1982 16:00:00	1.64308987345
1/12/1982 16:00:00	1.62995485883
1/13/1982 16:00:00	1.61616395996
1/14/1982 16:00:00	1.61790070183
1/15/1982 16:00:00	1.62991604986
1/18/1982 16:00:00	1.62902834356
1/19/1982 16:00:00	1.62048647056
1/20/1982 16:00:00	1.61609982691
1/21/1982 16:00:00	1.62221024769
1/22/1982 16:00:00	1.6169489171
1/25/1982 16:00:00	1.59681716337
1/26/1982 16:00:00	1.59592976156
1/27/1982 16:00:00	1.59766653888
1/28/1982 16:00:00	1.62039644317
1/29/1982 16:00:00	1.63940848039
2/1/1982 16:00:00	1.62561892736
2/2/1982 16:00:00	1.63151021059
2/3/1982 16:00:00	1.63062257494
2/4/1982 16:00:00	1.62798559287
2/5/1982 16:00:00	1.63759407814
2/8/1982 16:00:00	1.60631175926
2/9/1982 16:00:00	1.58793116597
2/10/1982 16:00:00	1.59229182461
2/11/1982 16:00:00	1.58615667006
2/12/1982 16:00:00	1.58789335824
2/16/1982 16:00:00	1.57235604806
2/17/1982 16:00:00	1.57759131555
2/18/1982 16:00:00	1.57845341249
2/19/1982 16:00:00	1.57144400058
2/22/1982 16:00:00	1.55831247495
2/23/1982 16:00:00	1.54430656194
2/24/1982 16:00:00	1.55391479099
2/25/1982 16:00:00	1.56089911984
2/26/1982 16:00:00	1.56088673175
3/1/1982 16:00:00	1.56699632562
3/2/1982 16:00:00	1.56698388914
3/3/1982 16:00:00	1.54860579814
3/4/1982 16:00:00	1.5339448293
3/5/1982 16:00:00	1.51381821325
3/8/1982 16:00:00	1.48778881474
3/9/1982 16:00:00	1.47640815775
3/10/1982 16:00:00	1.48251807927
3/11/1982 16:00:00	1.4798827744
3/12/1982 16:00:00	1.46325541534
3/15/1982 16:00:00	1.46062030527
3/16/1982 16:00:00	1.46410668115
3/17/1982 16:00:00	1.46322057615
3/18/1982 16:00:00	1.47982404827
3/19/1982 16:00:00	1.49467831564
3/22/1982 16:00:00	1.51193712548
3/23/1982 16:00:00	1.52154415917
3/24/1982 16:00:00	1.52065763275
3/25/1982 16:00:00	1.52939000126
3/26/1982 16:00:00	1.52413124232
3/29/1982 16:00:00	1.52674243561
3/30/1982 16:00:00	1.52585589568
3/31/1982 16:00:00	1.52759261768
4/1/1982 16:00:00	1.54244544785
4/2/1982 16:00:00	1.55358183403
4/5/1982 16:00:00	1.55007192285
4/6/1982 16:00:00	1.55443156238
4/7/1982 16:00:00	1.56491180261
4/8/1982 16:00:00	1.57539187695
4/12/1982 16:00:00	1.57363063858
4/13/1982 16:00:00	1.57274378877
4/14/1982 16:00:00	1.56923389172
4/15/1982 16:00:00	1.57534186497
4/16/1982 16:00:00	1.58560285576
4/19/1982 16:00:00	1.58646460459
4/20/1982 16:00:00	1.58229896489
4/21/1982 16:00:00	1.58556510354
4/22/1982 16:00:00	1.59779288994
4/23/1982 16:00:00	1.60827187234
4/26/1982 16:00:00	1.61612779371
4/27/1982 16:00:00	1.60649776106
4/28/1982 16:00:00	1.60823358007
4/29/1982 16:00:00	1.60122659579
4/30/1982 16:00:00	1.60645951122
5/3/1982 16:00:00	1.60906955258
5/4/1982 16:00:00	1.61692509296
5/5/1982 16:00:00	1.61691226022
5/6/1982 16:00:00	1.62892026758
5/7/1982 16:00:00	1.63590122782
5/10/1982 16:00:00	1.63151709891
5/11/1982 16:00:00	1.6367494833
5/12/1982 16:00:00	1.63586227798
5/13/1982 16:00:00	1.63235246175
5/14/1982 16:00:00	1.6367105133
5/17/1982 16:00:00	1.62555154461
5/18/1982 16:00:00	1.61592258157
5/19/1982 16:00:00	1.59930032803
5/20/1982 16:00:00	1.58879755376
5/21/1982 16:00:00	1.58616244486
5/24/1982 16:00:00	1.58024927952
5/25/1982 16:00:00	1.57499182254
5/26/1982 16:00:00	1.55487397396
5/27/1982 16:00:00	1.55136507943
5/28/1982 16:00:00	1.55222689862
6/1/1982 16:00:00	1.54259920789
6/2/1982 16:00:00	1.54608343583
6/3/1982 16:00:00	1.54017091759
6/4/1982 16:00:00	1.52005430632
6/7/1982 16:00:00	1.51217537135
6/8/1982 16:00:00	1.50691883109
6/9/1982 16:00:00	1.48614740377
6/10/1982 16:00:00	1.49050598802
6/11/1982 16:00:00	1.50950515713
6/14/1982 16:00:00	1.49660076172
6/15/1982 16:00:00	1.48872238848
6/16/1982 16:00:00	1.49045866938
6/17/1982 16:00:00	1.4773362231
6/18/1982 16:00:00	1.4650880201
6/21/1982 16:00:00	1.46070625664
6/22/1982 16:00:00	1.47030888592
6/23/1982 16:00:00	1.48602945633
6/24/1982 16:00:00	1.48776567533
6/25/1982 16:00:00	1.48250987057
6/28/1982 16:00:00	1.48774205995
6/29/1982 16:00:00	1.48248633862
6/30/1982 16:00:00	1.48946640231
7/1/1982 16:00:00	1.4833367787
7/2/1982 16:00:00	1.47895518212
7/6/1982 16:00:00	1.47107782367
7/7/1982 16:00:00	1.46145268874
7/8/1982 16:00:00	1.45029830517
7/9/1982 16:00:00	1.46142949049
7/12/1982 16:00:00	1.46840933208
7/13/1982 16:00:00	1.47276729366
7/14/1982 16:00:00	1.47100777261
7/15/1982 16:00:00	1.47449173501
7/16/1982 16:00:00	1.47972344678
7/19/1982 16:00:00	1.47883780751
7/20/1982 16:00:00	1.48494329017
7/21/1982 16:00:00	1.49104867603
7/22/1982 16:00:00	1.4962800904
7/23/1982 16:00:00	1.49626821516
7/26/1982 16:00:00	1.49013931417
7/27/1982 16:00:00	1.48401051057
7/28/1982 16:00:00	1.46390025384
7/29/1982 16:00:00	1.45711637654
7/30/1982 16:00:00	1.4553571463
8/2/1982 16:00:00	1.46386539901
8/3/1982 16:00:00	1.46035850475
8/4/1982 16:00:00	1.44833199796
8/5/1982 16:00:00	1.43521342636
8/6/1982 16:00:00	1.41947366946
8/9/1982 16:00:00	1.40307882035
8/10/1982 16:00:00	1.4021939007
8/11/1982 16:00:00	1.39781388637
8/12/1982 16:00:00	1.38906509055
8/13/1982 16:00:00	1.388180303
8/16/1982 16:00:00	1.3881692857
8/17/1982 16:00:00	1.41087575168
8/18/1982 16:00:00	1.43423716695
8/19/1982 16:00:00	1.43335204841
8/20/1982 16:00:00	1.45168897678
8/23/1982 16:00:00	1.47679696076
8/24/1982 16:00:00	1.49688068762
8/25/1982 16:00:00	1.52024050375
8/26/1982 16:00:00	1.54884216047
8/27/1982 16:00:00	1.54358770028
8/30/1982 16:00:00	1.55580707703
8/31/1982 16:00:00	1.55579472936
9/1/1982 16:00:00	1.5411483446
9/2/1982 16:00:00	1.54113611326
9/3/1982 16:00:00	1.54112388202
9/7/1982 16:00:00	1.54111165088
9/8/1982 16:00:00	1.58019508105
9/9/1982 16:00:00	1.58870052298
9/10/1982 16:00:00	1.58606701703
9/13/1982 16:00:00	1.58954893103
9/14/1982 16:00:00	1.60438783072
9/15/1982 16:00:00	1.61922649586
9/16/1982 16:00:00	1.62358166885
9/17/1982 16:00:00	1.62182158751
9/20/1982 16:00:00	1.61656717025
9/21/1982 16:00:00	1.63293404013
9/22/1982 16:00:00	1.63903612021
9/23/1982 16:00:00	1.6346552609
9/24/1982 16:00:00	1.63901010378
9/27/1982 16:00:00	1.63899709576
9/28/1982 16:00:00	1.64247828552
9/29/1982 16:00:00	1.63635045248
9/30/1982 16:00:00	1.63022271678
10/1/1982 16:00:00	1.63981859291
10/4/1982 16:00:00	1.63369092664
10/5/1982 16:00:00	1.6406660787
10/6/1982 16:00:00	1.66838693109
10/7/1982 16:00:00	1.69981972632
10/8/1982 16:00:00	1.72841317096
10/11/1982 16:00:00	1.75787965277
10/12/1982 16:00:00	1.75699222077
10/13/1982 16:00:00	1.7831824855
10/14/1982 16:00:00	1.78054793284
10/15/1982 16:00:00	1.77703996205
10/18/1982 16:00:00	1.79515000661
10/19/1982 16:00:00	1.80299677389
10/20/1982 16:00:00	1.83093251732
10/21/1982 16:00:00	1.86214319184
10/22/1982 16:00:00	1.88374569435
10/25/1982 16:00:00	1.88373074398
10/26/1982 16:00:00	1.82388709038
10/27/1982 16:00:00	1.84374256903
10/28/1982 16:00:00	1.84110774301
10/29/1982 16:00:00	1.84720686644
11/1/1982 16:00:00	1.86378649943
11/2/1982 16:00:00	1.89062804995
11/3/1982 16:00:00	1.93580995066
11/4/1982 16:00:00	1.95500858163
11/5/1982 16:00:00	1.97224185706
11/8/1982 16:00:00	1.96960615539
11/9/1982 16:00:00	2.00015751858
11/10/1982 16:00:00	2.00188831609
11/11/1982 16:00:00	2.01126071444
11/12/1982 16:00:00	2.02085129476
11/15/1982 16:00:00	1.99223418456
11/16/1982 16:00:00	1.95488445038
11/17/1982 16:00:00	1.97910304018
11/18/1982 16:00:00	1.99218674641
11/19/1982 16:00:00	1.99304422274
11/22/1982 16:00:00	1.96180863016
11/23/1982 16:00:00	1.95655342002
11/24/1982 16:00:00	1.9711651044
11/26/1982 16:00:00	1.98599487247
11/29/1982 16:00:00	1.98423260528
11/30/1982 16:00:00	2.01805512936
12/1/1982 16:00:00	2.0468559972
12/2/1982 16:00:00	2.05186083677
12/3/1982 16:00:00	2.06057680383
12/6/1982 16:00:00	2.07889803364
12/7/1982 16:00:00	2.09001497976
12/8/1982 16:00:00	2.09087159685
12/9/1982 16:00:00	2.06051138685
12/10/1982 16:00:00	2.03189804326
12/13/1982 16:00:00	2.02664281598
12/14/1982 16:00:00	2.00916320014
12/15/1982 16:00:00	1.96068634279
12/16/1982 16:00:00	1.95979761931
12/17/1982 16:00:00	1.98837790944
12/20/1982 16:00:00	1.97963064152
12/21/1982 16:00:00	1.98485378069
12/22/1982 16:00:00	2.00644811524
12/23/1982 16:00:00	2.01778285488
12/27/1982 16:00:00	2.0256249306
12/28/1982 16:00:00	2.01687771227
12/29/1982 16:00:00	2.01773481254
12/30/1982 16:00:00	2.00898779569
12/31/1982 16:00:00	2.01857587818
1/3/1983 16:00:00	2.00306257321
1/4/1983 16:00:00	2.01155920071
1/5/1983 16:00:00	2.02114703422
1/6/1983 16:00:00	2.05496228822
1/7/1983 16:00:00	2.07240715617
1/10/1983 16:00:00	2.09225264122
1/11/1983 16:00:00	2.09223603604
1/12/1983 16:00:00	2.1096801949
1/13/1983 16:00:00	2.11490163936
1/14/1983 16:00:00	2.13300011098
1/17/1983 16:00:00	2.14607844555
1/18/1983 16:00:00	2.14256937056
1/19/1983 16:00:00	2.12967556122
1/20/1983 16:00:00	2.13642438381
1/21/1983 16:00:00	2.11916587874
1/24/1983 16:00:00	2.14250135132
1/25/1983 16:00:00	2.07744763524
1/26/1983 16:00:00	2.09641822018
1/27/1983 16:00:00	2.13110182106
1/28/1983 16:00:00	2.14417923518
1/31/1983 16:00:00	2.15725644222
2/1/1983 16:00:00	2.15462049693
2/2/1983 16:00:00	2.1563492657
2/3/1983 16:00:00	2.1659343548
2/4/1983 16:00:00	2.18490318891
2/7/1983 16:00:00	2.18837750353
2/8/1983 16:00:00	2.18050397369
2/9/1983 16:00:00	2.18310536783
2/10/1983 16:00:00	2.21276640326
2/11/1983 16:00:00	2.22824257087
2/14/1983 16:00:00	2.2465553512
2/15/1983 16:00:00	2.25002901101
2/16/1983 16:00:00	2.25001115364
2/17/1983 16:00:00	2.24912043785
2/18/1983 16:00:00	2.26895996227
2/22/1983 16:00:00	2.24995758105
2/23/1983 16:00:00	2.25757705479
2/24/1983 16:00:00	2.27763424761
2/25/1983 16:00:00	2.27848899516
2/28/1983 16:00:00	2.2636330215
3/1/1983 16:00:00	2.27321596737
3/2/1983 16:00:00	2.28716277738
3/3/1983 16:00:00	2.30263676012
3/4/1983 16:00:00	2.30872801135
3/7/1983 16:00:00	2.30434577542
3/8/1983 16:00:00	2.28534461768
3/9/1983 16:00:00	2.30169089155
3/10/1983 16:00:00	2.31040024154
3/11/1983 16:00:00	2.31125465986
3/14/1983 16:00:00	2.29487229321
3/15/1983 16:00:00	2.29485407994
3/16/1983 16:00:00	2.29832680285
3/17/1983 16:00:00	2.2921994725
3/18/1983 16:00:00	2.3006903019
3/21/1983 16:00:00	2.31201731469
3/22/1983 16:00:00	2.32247144162
3/23/1983 16:00:00	2.33816159961
3/24/1983 16:00:00	2.34752448803
3/25/1983 16:00:00	2.3518692853
3/28/1983 16:00:00	2.3363605715
3/29/1983 16:00:00	2.33372401356
3/30/1983 16:00:00	2.35094062301
3/31/1983 16:00:00	2.35092196475
4/4/1983 16:00:00	2.33279579708
4/5/1983 16:00:00	2.33364992691
4/6/1983 16:00:00	2.31356075118
4/7/1983 16:00:00	2.31528764994
4/8/1983 16:00:00	2.3274860002
4/11/1983 16:00:00	2.35081001586
4/12/1983 16:00:00	2.3673709393
4/13/1983 16:00:00	2.39505728419
4/14/1983 16:00:00	2.4203435536
4/15/1983 16:00:00	2.44453868742
4/18/1983 16:00:00	2.45499027124
4/19/1983 16:00:00	2.44711761056
4/20/1983 16:00:00	2.47218452571
4/21/1983 16:00:00	2.48961613276
4/22/1983 16:00:00	2.50442980044
4/25/1983 16:00:00	2.48783151927
4/26/1983 16:00:00	2.50089988428
4/27/1983 16:00:00	2.50786030593
4/28/1983 16:00:00	2.52420028076
4/29/1983 16:00:00	2.5442482068
5/2/1983 16:00:00	2.52154267369
5/3/1983 16:00:00	2.51367010641
5/4/1983 16:00:00	2.54506012673
5/5/1983 16:00:00	2.58059399029
5/6/1983 16:00:00	2.61787226455
5/9/1983 16:00:00	2.62657627454
5/10/1983 16:00:00	2.64204180268
5/11/1983 16:00:00	2.62915197697
5/12/1983 16:00:00	2.62215144723
5/13/1983 16:00:00	2.63761664156
5/16/1983 16:00:00	2.60029872259
5/17/1983 16:00:00	2.61249220444
5/18/1983 16:00:00	2.63428222513
5/19/1983 16:00:00	2.62815435486
5/20/1983 16:00:00	2.63511282756
5/23/1983 16:00:00	2.63749104003
5/24/1983 16:00:00	2.66800419717
5/25/1983 16:00:00	2.68346804649
5/26/1983 16:00:00	2.70263930342
5/27/1983 16:00:00	2.70785214564
5/31/1983 16:00:00	2.67904227821
6/1/1983 16:00:00	2.67226016359
6/2/1983 16:00:00	2.69382989259
6/3/1983 16:00:00	2.72412282282
6/6/1983 16:00:00	2.73805876109
6/7/1983 16:00:00	2.7266966039
6/8/1983 16:00:00	2.71206337644
6/9/1983 16:00:00	2.71378650531
6/10/1983 16:00:00	2.73535487925
6/13/1983 16:00:00	2.75975792863
6/14/1983 16:00:00	2.77696406817
6/15/1983 16:00:00	2.79438801004
6/16/1983 16:00:00	2.83340090757
6/17/1983 16:00:00	2.82988927884
6/20/1983 16:00:00	2.81678264303
6/21/1983 16:00:00	2.82897208819
6/22/1983 16:00:00	2.84792139057
6/23/1983 16:00:00	2.84026653315
6/24/1983 16:00:00	2.8539819408
6/27/1983 16:00:00	2.81405413312
6/28/1983 16:00:00	2.74120002249
6/29/1983 16:00:00	2.74379495616
6/30/1983 16:00:00	2.76536069497
7/1/1983 16:00:00	2.76533874766
7/5/1983 16:00:00	2.75157950821
7/6/1983 16:00:00	2.76878366134
7/7/1983 16:00:00	2.77661144366
7/8/1983 16:00:00	2.77222846558
7/11/1983 16:00:00	2.78005609604
7/12/1983 16:00:00	2.74972596957
7/13/1983 16:00:00	2.72964429469
7/14/1983 16:00:00	2.73747207526
7/15/1983 16:00:00	2.71499239439
7/18/1983 16:00:00	2.692295035
7/19/1983 16:00:00	2.70012292424
7/20/1983 16:00:00	2.74872289425
7/21/1983 16:00:00	2.74870107899
7/22/1983 16:00:00	2.7824738754
7/25/1983 16:00:00	2.78332390445
7/26/1983 16:00:00	2.77981339357
7/27/1983 16:00:00	2.73291604689
7/28/1983 16:00:00	2.67664446955
7/29/1983 16:00:00	2.63737943678
8/1/1983 16:00:00	2.62100705791
8/2/1983 16:00:00	2.63057902873
8/3/1983 16:00:00	2.63644457859
8/4/1983 16:00:00	2.60001529879
8/5/1983 16:00:00	2.60435491077
8/8/1983 16:00:00	2.55833399969
8/9/1983 16:00:00	2.55308148275
8/10/1983 16:00:00	2.57311787603
8/11/1983 16:00:00	2.58181767093
8/12/1983 16:00:00	2.59901947163
8/15/1983 16:00:00	2.61818301774
8/16/1983 16:00:00	2.60159421941
8/17/1983 16:00:00	2.6094215182
8/18/1983 16:00:00	2.6006809371
8/19/1983 16:00:00	2.5945564354
8/22/1983 16:00:00	2.59213791722
8/23/1983 16:00:00	2.54786505328
8/24/1983 16:00:00	2.52342997194
8/25/1983 16:00:00	2.51120261244
8/26/1983 16:00:00	2.51815824507
8/29/1983 16:00:00	2.51029081363
8/30/1983 16:00:00	2.51463054823
8/31/1983 16:00:00	2.53640870586
9/1/1983 16:00:00	2.553608951
9/2/1983 16:00:00	2.5841055646
9/6/1983 16:00:00	2.61263991276
9/7/1983 16:00:00	2.60913158879
9/8/1983 16:00:00	2.61782978395
9/9/1983 16:00:00	2.62129654095
9/12/1983 16:00:00	2.60906946674
9/13/1983 16:00:00	2.58398251183
9/14/1983 16:00:00	2.58744945407
9/15/1983 16:00:00	2.57783850717
9/16/1983 16:00:00	2.58740838332
9/19/1983 16:00:00	2.6176843495
9/20/1983 16:00:00	2.63161293296
9/21/1983 16:00:00	2.6307202191
9/22/1983 16:00:00	2.6418150596
9/23/1983 16:00:00	2.63329390411
9/26/1983 16:00:00	2.6347986677
9/27/1983 16:00:00	2.6088416956
9/28/1983 16:00:00	2.60010305669
9/29/1983 16:00:00	2.59572348875
9/30/1983 16:00:00	2.5723827859
10/3/1983 16:00:00	2.55492691961
10/4/1983 16:00:00	2.55665017353
10/5/1983 16:00:00	2.55488636536
10/6/1983 16:00:00	2.56532710918
10/7/1983 16:00:00	2.57925466678
10/10/1983 16:00:00	2.5792341965
10/11/1983 16:00:00	2.56177910571
10/12/1983 16:00:00	2.52885119055
10/13/1983 16:00:00	2.51837051559
10/14/1983 16:00:00	2.51486368807
10/17/1983 16:00:00	2.51222861928
10/18/1983 16:00:00	2.45947105727
10/19/1983 16:00:00	2.42719903753
10/20/1983 16:00:00	2.4393833246
10/21/1983 16:00:00	2.42367380903
10/24/1983 16:00:00	2.40033744553
10/25/1983 16:00:00	2.41600829955
10/26/1983 16:00:00	2.40988754353
10/27/1983 16:00:00	2.40638182727
10/28/1983 16:00:00	2.3941597604
10/31/1983 16:00:00	2.38041252896
11/1/1983 16:00:00	2.36731923623
11/2/1983 16:00:00	2.38625817751
11/3/1983 16:00:00	2.38362440029
11/4/1983 16:00:00	2.3690060828
11/7/1983 16:00:00	2.35068370216
11/8/1983 16:00:00	2.33780906351
11/9/1983 16:00:00	2.34977480423
11/10/1983 16:00:00	2.36805929725
11/11/1983 16:00:00	2.4026854634
11/14/1983 16:00:00	2.42336605159
11/15/1983 16:00:00	2.41833536202
11/16/1983 16:00:00	2.42681378841
11/17/1983 16:00:00	2.43899614157
11/18/1983 16:00:00	2.43897678446
11/21/1983 16:00:00	2.45377343798
11/22/1983 16:00:00	2.4666089301
11/23/1983 16:00:00	2.46833238639
11/25/1983 16:00:00	2.47528487133
11/28/1983 16:00:00	2.46655020158
11/29/1983 16:00:00	2.47611707653
11/30/1983 16:00:00	2.47696891344
12/1/1983 16:00:00	2.48043518183
12/2/1983 16:00:00	2.46146091869
12/5/1983 16:00:00	2.4492408335
12/6/1983 16:00:00	2.44486409063
12/7/1983 16:00:00	2.44571614091
12/8/1983 16:00:00	2.43262502474
12/9/1983 16:00:00	2.43173427809
12/12/1983 16:00:00	2.42648637956
12/13/1983 16:00:00	2.41797071584
12/14/1983 16:00:00	2.39616604298
12/15/1983 16:00:00	2.38743290253
12/16/1983 16:00:00	2.39264238696
12/19/1983 16:00:00	2.3891378038
12/20/1983 16:00:00	2.37975138314
12/21/1983 16:00:00	2.38909988083
12/22/1983 16:00:00	2.39430918608
12/23/1983 16:00:00	2.3969042961
12/27/1983 16:00:00	2.39862800089
12/28/1983 16:00:00	2.39773760715
12/29/1983 16:00:00	2.40207532793
12/30/1983 16:00:00	2.41512641163
1/3/1984 16:00:00	2.40639388088
1/4/1984 16:00:00	2.43578214867
1/5/1984 16:00:00	2.46516995265
1/6/1984 16:00:00	2.49564643741
1/9/1984 16:00:00	2.49039877746
1/10/1984 16:00:00	2.49299291822
1/11/1984 16:00:00	2.49384442759
1/12/1984 16:00:00	2.49295334706
1/13/1984 16:00:00	2.48683459328
1/16/1984 16:00:00	2.48158721086
1/17/1984 16:00:00	2.48679511978
1/18/1984 16:00:00	2.48938916464
1/19/1984 16:00:00	2.4823993793
1/20/1984 16:00:00	2.46495474569
1/23/1984 16:00:00	2.42856092767
1/24/1984 16:00:00	2.41656220486
1/25/1984 16:00:00	2.4043458664
1/26/1984 16:00:00	2.3886448473
1/27/1984 16:00:00	2.36793461047
1/30/1984 16:00:00	2.33328542706
1/31/1984 16:00:00	2.32629732676
2/1/1984 16:00:00	2.30885504739
2/2/1984 16:00:00	2.30709435541
2/3/1984 16:00:00	2.28812794649
2/6/1984 16:00:00	2.24128440044
2/7/1984 16:00:00	2.23429730912
2/8/1984 16:00:00	2.20139343822
2/9/1984 16:00:00	2.18133954061
2/10/1984 16:00:00	2.20135849414
2/13/1984 16:00:00	2.17172242834
2/14/1984 16:00:00	2.18738549879
2/15/1984 16:00:00	2.18998150239
2/16/1984 16:00:00	2.18212409234
2/17/1984 16:00:00	2.17775123678
2/21/1984 16:00:00	2.16662742173
2/22/1984 16:00:00	2.15964147791
2/23/1984 16:00:00	2.14133151909
2/24/1984 16:00:00	2.1785531789
2/27/1984 16:00:00	2.20379700123
2/28/1984 16:00:00	2.18026072855
2/29/1984 16:00:00	2.17588812979
3/1/1984 16:00:00	2.19677611108
3/2/1984 16:00:00	2.21396181997
3/5/1984 16:00:00	2.20022539425
3/6/1984 16:00:00	2.18540039782
3/7/1984 16:00:00	2.15947007535
3/8/1984 16:00:00	2.16380802408
3/9/1984 16:00:00	2.15769377697
3/12/1984 16:00:00	2.16377367792
3/13/1984 16:00:00	2.17224872343
3/14/1984 16:00:00	2.1687475239
3/15/1984 16:00:00	2.17569817515
3/16/1984 16:00:00	2.19571335688
3/19/1984 16:00:00	2.18001848495
3/20/1984 16:00:00	2.18958176785
3/21/1984 16:00:00	2.1878224795
3/22/1984 16:00:00	2.17299899237
3/23/1984 16:00:00	2.16623194987
3/26/1984 16:00:00	2.16011821573
3/27/1984 16:00:00	2.15835921671
3/28/1984 16:00:00	2.17467184994
3/29/1984 16:00:00	2.17988007366
3/30/1984 16:00:00	2.17289551749
4/2/1984 16:00:00	2.16438699722
4/3/1984 16:00:00	2.15653178193
4/4/1984 16:00:00	2.15303112208
4/5/1984 16:00:00	2.12862941671
4/6/1984 16:00:00	2.11315454097
4/9/1984 16:00:00	2.1035582521
4/10/1984 16:00:00	2.10876670706
4/11/1984 16:00:00	2.09481634814
4/12/1984 16:00:00	2.10176647829
4/13/1984 16:00:00	2.1139415236
4/16/1984 16:00:00	2.11305391559
4/17/1984 16:00:00	2.12762344373
4/18/1984 16:00:00	2.12673574091
4/19/1984 16:00:00	2.12671886205
4/23/1984 16:00:00	2.11298683456
4/24/1984 16:00:00	2.11471165711
4/25/1984 16:00:00	2.11295329521
4/26/1984 16:00:00	2.13013447652
4/27/1984 16:00:00	2.13882532533
4/30/1984 16:00:00	2.14316219342
5/1/1984 16:00:00	2.1681795826
5/2/1984 16:00:00	2.19167275584
5/3/1984 16:00:00	2.18817236955
5/4/1984 16:00:00	2.1733524045
5/7/1984 16:00:00	2.17768882636
5/8/1984 16:00:00	2.18637881551
5/9/1984 16:00:00	2.18810290401
5/10/1984 16:00:00	2.19069767847
5/11/1984 16:00:00	2.17065404134
5/14/1984 16:00:00	2.15605259604
5/15/1984 16:00:00	2.15690617713
5/16/1984 16:00:00	2.15427700169
5/17/1984 16:00:00	2.13162225566
5/18/1984 16:00:00	2.11876292884
5/21/1984 16:00:00	2.10568614041
5/22/1984 16:00:00	2.08564429683
5/23/1984 16:00:00	2.0753975957
5/24/1984 16:00:00	2.03903173798
5/25/1984 16:00:00	2.03727428129
5/29/1984 16:00:00	2.01462173154
5/30/1984 16:00:00	2.00851138115
5/31/1984 16:00:00	2.01633098563
6/1/1984 16:00:00	2.04308621694
6/4/1984 16:00:00	2.068317472
6/5/1984 16:00:00	2.06481867443
6/6/1984 16:00:00	2.07437876233
6/7/1984 16:00:00	2.07784462617
6/8/1984 16:00:00	2.08218100981
6/11/1984 16:00:00	2.0621414206
6/12/1984 16:00:00	2.05254888316
6/13/1984 16:00:00	2.05949702573
6/14/1984 16:00:00	2.04054627903
6/15/1984 16:00:00	2.04053008422
6/18/1984 16:00:00	2.05074265596
6/19/1984 16:00:00	2.06030217104
6/20/1984 16:00:00	2.06463841724
6/21/1984 16:00:00	2.07680920855
6/22/1984 16:00:00	2.08789167487
6/25/1984 16:00:00	2.08613410645
6/26/1984 16:00:00	2.0689253326
6/27/1984 16:00:00	2.05411066678
6/28/1984 16:00:00	2.06366962327
6/29/1984 16:00:00	2.07322842826
7/2/1984 16:00:00	2.06015500905
7/3/1984 16:00:00	2.06362048814
7/5/1984 16:00:00	2.05925185778
7/6/1984 16:00:00	2.04966063532
7/9/1984 16:00:00	2.05225567804
7/10/1984 16:00:00	2.04614638224
7/11/1984 16:00:00	2.03329140677
7/12/1984 16:00:00	2.02805277449
7/13/1984 16:00:00	2.03238872341
7/16/1984 16:00:00	2.02366857312
7/17/1984 16:00:00	2.02191172208
7/18/1984 16:00:00	2.01058062894
7/19/1984 16:00:00	1.99924971603
7/20/1984 16:00:00	1.98639582837
7/23/1984 16:00:00	1.96636161484
7/24/1984 16:00:00	1.95437855402
7/25/1984 16:00:00	1.95088162949
7/26/1984 16:00:00	1.96631479628
7/27/1984 16:00:00	1.98544666234
7/30/1984 16:00:00	1.98194957369
7/31/1984 16:00:00	1.98889645084
8/1/1984 16:00:00	2.0208648885
8/2/1984 16:00:00	2.0684984419
8/3/1984 16:00:00	2.13157916926
8/6/1984 16:00:00	2.15854151265
8/7/1984 16:00:00	2.15678379755
8/8/1984 16:00:00	2.14719354523
8/9/1984 16:00:00	2.16697532989
8/10/1984 16:00:00	2.18523382723
8/13/1984 16:00:00	2.17651384043
8/14/1984 16:00:00	2.17127502191
8/15/1984 16:00:00	2.16190259659
8/16/1984 16:00:00	2.16688933918
8/17/1984 16:00:00	2.16774237832
8/20/1984 16:00:00	2.16620227191
8/21/1984 16:00:00	2.19294443299
8/22/1984 16:00:00	2.19814832494
8/23/1984 16:00:00	2.19987129763
8/24/1984 16:00:00	2.20594525411
8/27/1984 16:00:00	2.19287481611
8/28/1984 16:00:00	2.20242948495
8/29/1984 16:00:00	2.20589273152
8/30/1984 16:00:00	2.20413487514
8/31/1984 16:00:00	2.20411738201
9/4/1984 16:00:00	2.17625474246
9/5/1984 16:00:00	2.16927623991
9/6/1984 16:00:00	2.18318137395
9/7/1984 16:00:00	2.17881334688
9/10/1984 16:00:00	2.16835445721
9/11/1984 16:00:00	2.17964888847
9/12/1984 16:00:00	2.1761511124
9/13/1984 16:00:00	2.19266597696
9/14/1984 16:00:00	2.21244347603
9/17/1984 16:00:00	2.21068571955
9/18/1984 16:00:00	2.19870441229
9/19/1984 16:00:00	2.18998611377
9/20/1984 16:00:00	2.19083881085
9/21/1984 16:00:00	2.18734113918
9/24/1984 16:00:00	2.1707925615
9/25/1984 16:00:00	2.16403239016
9/26/1984 16:00:00	2.16575531572
9/27/1984 16:00:00	2.16639065967
9/28/1984 16:00:00	2.16311082956
10/1/1984 16:00:00	2.14569307213
10/2/1984 16:00:00	2.13001563723
10/3/1984 16:00:00	2.11890603373
10/4/1984 16:00:00	2.12236925156
10/5/1984 16:00:00	2.12474491215
10/8/1984 16:00:00	2.1171155942
10/9/1984 16:00:00	2.11274885211
10/10/1984 16:00:00	2.10577223628
10/11/1984 16:00:00	2.11793516078
10/12/1984 16:00:00	2.13075036805
10/15/1984 16:00:00	2.14378286247
10/16/1984 16:00:00	2.1402860344
10/17/1984 16:00:00	2.13852915487
10/18/1984 16:00:00	2.16200055308
10/19/1984 16:00:00	2.17394497069
10/22/1984 16:00:00	2.16870816141
10/23/1984 16:00:00	2.16869094944
10/24/1984 16:00:00	2.17041356187
10/25/1984 16:00:00	2.15495551844
10/26/1984 16:00:00	2.14102004311
10/29/1984 16:00:00	2.13317402889
10/30/1984 16:00:00	2.14185594298
10/31/1984 16:00:00	2.13748955648
11/1/1984 16:00:00	2.14617129838
11/2/1984 16:00:00	2.14615426527
11/5/1984 16:00:00	2.14961665962
11/6/1984 16:00:00	2.16764898539
11/7/1984 16:00:00	2.16176034096
11/8/1984 16:00:00	2.15913367562
11/9/1984 16:00:00	2.15911653964
11/12/1984 16:00:00	2.15735975908
11/13/1984 16:00:00	2.1442954055
11/14/1984 16:00:00	2.13731991927
11/15/1984 16:00:00	2.12860494067
11/16/1984 16:00:00	2.12097734385
11/19/1984 16:00:00	2.10182518096
11/20/1984 16:00:00	2.10441784206
11/21/1984 16:00:00	2.10266159262
11/23/1984 16:00:00	2.12264954459
11/26/1984 16:00:00	2.11915365773
11/27/1984 16:00:00	2.18306369883
11/28/1984 16:00:00	2.16913042903
11/29/1984 16:00:00	2.10692683613
11/30/1984 16:00:00	2.09734305765
12/3/1984 16:00:00	2.08428052948
12/4/1984 16:00:00	2.08339426901
12/5/1984 16:00:00	2.0653312173
12/6/1984 16:00:00	2.06705423517
12/7/1984 16:00:00	2.07051662116
12/10/1984 16:00:00	2.16486165164
12/11/1984 16:00:00	2.06613530179
12/12/1984 16:00:00	2.06350987267
12/13/1984 16:00:00	2.06001481497
12/14/1984 16:00:00	2.06782543486
12/17/1984 16:00:00	2.0634607417
12/18/1984 16:00:00	2.10497012645
12/19/1984 16:00:00	2.12299850611
12/20/1984 16:00:00	2.11537234328
12/21/1984 16:00:00	2.11796444136
12/24/1984 16:00:00	2.12642644686
12/26/1984 16:00:00	2.13336649167
12/27/1984 16:00:00	2.12291426093
12/28/1984 16:00:00	2.12724541908
12/31/1984 16:00:00	2.13766366956
1/2/1985 16:00:00	2.12721165301
1/3/1985 16:00:00	2.13154267361
1/4/1985 16:00:00	2.12891703533
1/7/1985 16:00:00	2.12716100546
1/8/1985 16:00:00	2.12801368317
1/9/1985 16:00:00	2.13930098373
1/10/1985 16:00:00	2.16863118865
1/11/1985 16:00:00	2.18165706784
1/14/1985 16:00:00	2.21011694281
1/15/1985 16:00:00	2.23009849325
1/16/1985 16:00:00	2.25073186695
1/17/1985 16:00:00	2.25940912421
1/18/1985 16:00:00	2.27591179019
1/21/1985 16:00:00	2.30436979659
1/22/1985 16:00:00	2.32174133756
1/23/1985 16:00:00	2.34150368641
1/24/1985 16:00:00	2.35539674767
1/25/1985 16:00:00	2.37015905985
1/28/1985 16:00:00	2.37861752376
1/29/1985 16:00:00	2.3890321322
1/30/1985 16:00:00	2.40987997944
1/31/1985 16:00:00	2.41073029689
2/1/1985 16:00:00	2.40810285435
2/4/1985 16:00:00	2.42873269731
2/5/1985 16:00:00	2.44436303273
2/6/1985 16:00:00	2.46064518268
2/7/1985 16:00:00	2.48323029106
2/8/1985 16:00:00	2.49451281266
2/11/1985 16:00:00	2.48579906072
2/12/1985 16:00:00	2.47882422418
2/13/1985 16:00:00	2.4935840378
2/14/1985 16:00:00	2.49443362217
2/15/1985 16:00:00	2.48832825032
2/19/1985 16:00:00	2.48135361445
2/20/1985 16:00:00	2.48481133711
2/21/1985 16:00:00	2.4821835751
2/22/1985 16:00:00	2.47520915371
2/25/1985 16:00:00	2.45628151057
2/26/1985 16:00:00	2.46473794787
2/27/1985 16:00:00	2.45711184134
2/28/1985 16:00:00	2.45796165297
3/1/1985 16:00:00	2.48380398766
3/4/1985 16:00:00	2.48291497614
3/5/1985 16:00:00	2.48289527046
3/6/1985 16:00:00	2.46896700501
3/7/1985 16:00:00	2.4491713342
3/8/1985 16:00:00	2.44219772751
3/11/1985 16:00:00	2.43174717477
3/12/1985 16:00:00	2.4334663897
3/13/1985 16:00:00	2.40584837747
3/14/1985 16:00:00	2.39974457974
3/15/1985 16:00:00	2.40407171649
3/18/1985 16:00:00	2.39622957032
3/19/1985 16:00:00	2.41185656052
3/20/1985 16:00:00	2.41096820299
3/21/1985 16:00:00	2.41268748613
3/22/1985 16:00:00	2.41179913581
3/25/1985 16:00:00	2.38918092165
3/26/1985 16:00:00	2.38829277174
3/27/1985 16:00:00	2.4004423545
3/28/1985 16:00:00	2.40563834967
3/29/1985 16:00:00	2.41431093231
4/1/1985 16:00:00	2.42363524785
4/2/1985 16:00:00	2.41840109012
4/3/1985 16:00:00	2.40295454
4/4/1985 16:00:00	2.39858976943
4/8/1985 16:00:00	2.39074853609
4/9/1985 16:00:00	2.39159868797
4/10/1985 16:00:00	2.41070032886
4/11/1985 16:00:00	2.42176237854
4/12/1985 16:00:00	2.42608868553
4/15/1985 16:00:00	2.43041492376
4/16/1985 16:00:00	2.44082473509
4/17/1985 16:00:00	2.44949621172
4/18/1985 16:00:00	2.44773861537
4/19/1985 16:00:00	2.44511197572
4/22/1985 16:00:00	2.43640192861
4/23/1985 16:00:00	2.44333504988
4/24/1985 16:00:00	2.44766091007
4/25/1985 16:00:00	2.45546287534
4/26/1985 16:00:00	2.45631242413
4/29/1985 16:00:00	2.43891233575
4/30/1985 16:00:00	2.42585763811
5/1/1985 16:00:00	2.41714822716
5/2/1985 16:00:00	2.41213224233
5/3/1985 16:00:00	2.42319287365
5/6/1985 16:00:00	2.41969766151
5/7/1985 16:00:00	2.42836833962
5/8/1985 16:00:00	2.43008702953
5/9/1985 16:00:00	2.44918518087
5/10/1985 16:00:00	2.48544514019
5/13/1985 16:00:00	2.49063917926
5/14/1985 16:00:00	2.4871435966
5/15/1985 16:00:00	2.49407543349
5/16/1985 16:00:00	2.50513462601
5/17/1985 16:00:00	2.52162447618
5/20/1985 16:00:00	2.54571717149
5/21/1985 16:00:00	2.54070067974
5/22/1985 16:00:00	2.53286030131
5/23/1985 16:00:00	2.52588895314
5/24/1985 16:00:00	2.52500000755
5/28/1985 16:00:00	2.51455326447
5/29/1985 16:00:00	2.51192665262
5/30/1985 16:00:00	2.50582456983
5/31/1985 16:00:00	2.51362452323
6/3/1985 16:00:00	2.51186684515
6/4/1985 16:00:00	2.51532233944
6/5/1985 16:00:00	2.52225318096
6/6/1985 16:00:00	2.52310200675
6/7/1985 16:00:00	2.51526245112
6/10/1985 16:00:00	2.51263599913
6/11/1985 16:00:00	2.51087841166
6/12/1985 16:00:00	2.50390795558
6/13/1985 16:00:00	2.47977862952
6/14/1985 16:00:00	2.48931577274
6/17/1985 16:00:00	2.48408324439
6/18/1985 16:00:00	2.48840747146
6/19/1985 16:00:00	2.49099406676
6/20/1985 16:00:00	2.4840240999
6/21/1985 16:00:00	2.49529836577
6/24/1985 16:00:00	2.50635526271
6/25/1985 16:00:00	2.52631671279
6/26/1985 16:00:00	2.53585288131
6/27/1985 16:00:00	2.55212163577
6/28/1985 16:00:00	2.55991998171
7/1/1985 16:00:00	2.56250584455
7/2/1985 16:00:00	2.56596038588
7/3/1985 16:00:00	2.56941487225
7/5/1985 16:00:00	2.58068765676
7/8/1985 16:00:00	2.57371758283
7/9/1985 16:00:00	2.56848500377
7/10/1985 16:00:00	2.57975752674
7/11/1985 16:00:00	2.59689344987
7/12/1985 16:00:00	2.61337759811
7/15/1985 16:00:00	2.61856884491
7/16/1985 16:00:00	2.6374413691
7/17/1985 16:00:00	2.66000536106
7/18/1985 16:00:00	2.6521664531
7/19/1985 16:00:00	2.65996313873
7/22/1985 16:00:00	2.65125572491
7/23/1985 16:00:00	2.64602294289
7/24/1985 16:00:00	2.62428653078
7/25/1985 16:00:00	2.63034596979
7/26/1985 16:00:00	2.63206229933
7/29/1985 16:00:00	2.60012051579
7/30/1985 16:00:00	2.59749411358
7/31/1985 16:00:00	2.60355357171
8/1/1985 16:00:00	2.62676728991
8/2/1985 16:00:00	2.63108928341
8/5/1985 16:00:00	2.61044007114
8/6/1985 16:00:00	2.59391682089
8/7/1985 16:00:00	2.57674242303
8/8/1985 16:00:00	2.58106467501
8/9/1985 16:00:00	2.58430119131
8/12/1985 16:00:00	2.57754959907
8/13/1985 16:00:00	2.56623838509
8/14/1985 16:00:00	2.5714290953
8/15/1985 16:00:00	2.57140868714
8/16/1985 16:00:00	2.56183478912
8/19/1985 16:00:00	2.55399802753
8/20/1985 16:00:00	2.56092563978
8/21/1985 16:00:00	2.57219553399
8/22/1985 16:00:00	2.56522734755
8/23/1985 16:00:00	2.56347005938
8/26/1985 16:00:00	2.55997588352
8/27/1985 16:00:00	2.55735021382
8/28/1985 16:00:00	2.56601435652
8/29/1985 16:00:00	2.56859930246
8/30/1985 16:00:00	2.57205263739
9/3/1985 16:00:00	2.56247956824
9/4/1985 16:00:00	2.55377506752
9/5/1985 16:00:00	2.55114957113
9/6/1985 16:00:00	2.5589449468
9/9/1985 16:00:00	2.55805624204
9/10/1985 16:00:00	2.54414171957
9/11/1985 16:00:00	2.51741878614
9/12/1985 16:00:00	2.50437318337
9/13/1985 16:00:00	2.48112446459
9/16/1985 16:00:00	2.46547427514
9/17/1985 16:00:00	2.42833257167
9/18/1985 16:00:00	2.42744495212
9/19/1985 16:00:00	2.45000253117
9/20/1985 16:00:00	2.45671267012
9/23/1985 16:00:00	2.47145472242
9/24/1985 16:00:00	2.45428579518
9/25/1985 16:00:00	2.43429512504
9/26/1985 16:00:00	2.42038291349
9/30/1985 16:00:00	2.42123200291
10/1/1985 16:00:00	2.43423715225
10/2/1985 16:00:00	2.40567290856
10/3/1985 16:00:00	2.40663075463
10/4/1985 16:00:00	2.38935463845
10/7/1985 16:00:00	2.34863578823
10/8/1985 16:00:00	2.32604260556
10/9/1985 16:00:00	2.35793220394
10/10/1985 16:00:00	2.3753868971
10/11/1985 16:00:00	2.41042321888
10/14/1985 16:00:00	2.45674573815
10/15/1985 16:00:00	2.46095882116
10/16/1985 16:00:00	2.48123395653
10/17/1985 16:00:00	2.49043888959
10/18/1985 16:00:00	2.48130303745
10/21/1985 16:00:00	2.46739222811
10/22/1985 16:00:00	2.48386827687
10/23/1985 16:00:00	2.49741390477
10/24/1985 16:00:00	2.50650988157
10/25/1985 16:00:00	2.47230593536
10/28/1985 16:00:00	2.47033286523
10/29/1985 16:00:00	2.50460539139
10/30/1985 16:00:00	2.51261577139
10/31/1985 16:00:00	2.50630195658
11/1/1985 16:00:00	2.5235361821
11/4/1985 16:00:00	2.51841589572
11/5/1985 16:00:00	2.52707714057
11/6/1985 16:00:00	2.54745762847
11/7/1985 16:00:00	2.55264616706
11/8/1985 16:00:00	2.58821796763
11/11/1985 16:00:00	2.61293805049
11/12/1985 16:00:00	2.64373431621
11/13/1985 16:00:00	2.62949856852
11/14/1985 16:00:00	2.64401786548
11/15/1985 16:00:00	2.65137552093
11/18/1985 16:00:00	2.64658013134
11/19/1985 16:00:00	2.65990537004
11/20/1985 16:00:00	2.6518547884
11/21/1985 16:00:00	2.68243214665
11/22/1985 16:00:00	2.69022314782
11/25/1985 16:00:00	2.67208181746
11/26/1985 16:00:00	2.68974634385
11/27/1985 16:00:00	2.72921945124
11/29/1985 16:00:00	2.7354908349
12/2/1985 16:00:00	2.71648170179
12/3/1985 16:00:00	2.71743675646
12/4/1985 16:00:00	2.77622099422
12/5/1985 16:00:00	2.78748274023
12/6/1985 16:00:00	2.75480317601
12/9/1985 16:00:00	2.76628178352
12/10/1985 16:00:00	2.77689223395
12/11/1985 16:00:00	2.80301701349
12/12/1985 16:00:00	2.81568855789
12/13/1985 16:00:00	2.8668743701
12/16/1985 16:00:00	2.87737525626
12/17/1985 16:00:00	2.85402710809
12/18/1985 16:00:00	2.84543371264
12/19/1985 16:00:00	2.86244388792
12/20/1985 16:00:00	2.86968965009
12/23/1985 16:00:00	2.83636171435
12/24/1985 16:00:00	2.82125951662
12/26/1985 16:00:00	2.82807173033
12/27/1985 16:00:00	2.85278364426
12/30/1985 16:00:00	2.86274160641
12/31/1985 16:00:00	2.87031245399
1/2/1986 16:00:00	2.84772566358
1/3/1986 16:00:00	2.83240725113
1/6/1986 16:00:00	2.82815390119
1/7/1986 16:00:00	2.88096063791
1/8/1986 16:00:00	2.84557414498
1/9/1986 16:00:00	2.79435030662
1/10/1986 16:00:00	2.81092499437
1/13/1986 16:00:00	2.80070596446
1/14/1986 16:00:00	2.80252761961
1/15/1986 16:00:00	2.85359675144
1/16/1986 16:00:00	2.886658207
1/17/1986 16:00:00	2.88034406362
1/20/1986 16:00:00	2.85504723118
1/21/1986 16:00:00	2.84385214223
1/22/1986 16:00:00	2.8118312808
1/23/1986 16:00:00	2.80432460574
1/24/1986 16:00:00	2.82447718681
1/27/1986 16:00:00	2.83736235414
1/28/1986 16:00:00	2.86326337102
1/29/1986 16:00:00	2.88645201848
1/30/1986 16:00:00	2.86755642707
1/31/1986 16:00:00	2.88347780731
2/3/1986 16:00:00	2.91198063458
2/4/1986 16:00:00	2.91976678139
2/5/1986 16:00:00	2.94393017105
2/6/1986 16:00:00	2.96397197593
2/7/1986 16:00:00	2.98086805519
2/10/1986 16:00:00	2.99613705844
2/11/1986 16:00:00	2.99904151157
2/12/1986 16:00:00	3.00780266698
2/13/1986 16:00:00	3.01862436872
2/14/1986 16:00:00	3.04018315642
2/18/1986 16:00:00	3.05263117404
2/19/1986 16:00:00	3.02885567777
2/20/1986 16:00:00	3.03544740133
2/21/1986 16:00:00	3.06145158892
2/24/1986 16:00:00	3.04092997271
2/25/1986 16:00:00	3.02355381758
2/26/1986 16:00:00	3.01214282421
2/27/1986 16:00:00	3.04790662147
2/28/1986 16:00:00	3.04571368759
3/3/1986 16:00:00	3.03083242859
3/4/1986 16:00:00	3.04826792647
3/5/1986 16:00:00	3.04173699444
3/6/1986 16:00:00	3.05375027551
3/7/1986 16:00:00	3.05177414781
3/10/1986 16:00:00	3.08916220948
3/11/1986 16:00:00	3.15225050515
3/12/1986 16:00:00	3.17987762614
3/13/1986 16:00:00	3.18831065102
3/14/1986 16:00:00	3.18806858896
3/17/1986 16:00:00	3.17427181716
3/18/1986 16:00:00	3.20157258977
3/19/1986 16:00:00	3.19829423315
3/20/1986 16:00:00	3.205317067
3/21/1986 16:00:00	3.20973747272
3/24/1986 16:00:00	3.18986849929
3/25/1986 16:00:00	3.1984094465
3/26/1986 16:00:00	3.19339629741
3/27/1986 16:00:00	3.21765935164
3/31/1986 16:00:00	3.22815153496
4/1/1986 16:00:00	3.21923464811
4/2/1986 16:00:00	3.22940138051
4/3/1986 16:00:00	3.22482198521
4/4/1986 16:00:00	3.18847343783
4/7/1986 16:00:00	3.16719646506
4/8/1986 16:00:00	3.22951558447
4/9/1986 16:00:00	3.23220055211
4/10/1986 16:00:00	3.29094035964
4/11/1986 16:00:00	3.31043011264
4/14/1986 16:00:00	3.33772624107
4/15/1986 16:00:00	3.3592753318
4/16/1986 16:00:00	3.445442449
4/17/1986 16:00:00	3.44888425567
4/18/1986 16:00:00	3.41860850492
4/21/1986 16:00:00	3.437337322
4/22/1986 16:00:00	3.42289082483
4/23/1986 16:00:00	3.41419055988
4/24/1986 16:00:00	3.46609378532
4/25/1986 16:00:00	3.47918457057
4/28/1986 16:00:00	3.46701444352
4/29/1986 16:00:00	3.43121111209
4/30/1986 16:00:00	3.35876534914
5/1/1986 16:00:00	3.34345281231
5/2/1986 16:00:00	3.36088002357
5/5/1986 16:00:00	3.40703547439
5/6/1986 16:00:00	3.40668322472
5/7/1986 16:00:00	3.38779351279
5/8/1986 16:00:00	3.4073880706
5/9/1986 16:00:00	3.42372996764
5/12/1986 16:00:00	3.42012560186
5/13/1986 16:00:00	3.40492205558
5/14/1986 16:00:00	3.40391944974
5/15/1986 16:00:00	3.37700871306
5/16/1986 16:00:00	3.36028810248
5/19/1986 16:00:00	3.36709067956
5/20/1986 16:00:00	3.40391956135
5/21/1986 16:00:00	3.4132149617
5/22/1986 16:00:00	3.46066595312
5/23/1986 16:00:00	3.47223665889
5/27/1986 16:00:00	3.49410522783
5/28/1986 16:00:00	3.49689553572
5/29/1986 16:00:00	3.50369665137
5/30/1986 16:00:00	3.53705408708
6/2/1986 16:00:00	3.51252927399
6/3/1986 16:00:00	3.51423569768
6/4/1986 16:00:00	3.50802947098
6/5/1986 16:00:00	3.5195993965
6/6/1986 16:00:00	3.50927439992
6/9/1986 16:00:00	3.43825261685
6/10/1986 16:00:00	3.42727813569
6/11/1986 16:00:00	3.46908815827
6/12/1986 16:00:00	3.47621409486
6/13/1986 16:00:00	3.51932329921
6/16/1986 16:00:00	3.48558823187
6/17/1986 16:00:00	3.43733012728
6/18/1986 16:00:00	3.43524356538
6/19/1986 16:00:00	3.45255732508
6/20/1986 16:00:00	3.45914128362
6/23/1986 16:00:00	3.45846325021
6/24/1986 16:00:00	3.48542225083
6/25/1986 16:00:00	3.51140513592
6/26/1986 16:00:00	3.50530819879
6/27/1986 16:00:00	3.50300457885
6/30/1986 16:00:00	3.52465177311
7/1/1986 16:00:00	3.54001274016
7/2/1986 16:00:00	3.55374826155
7/3/1986 16:00:00	3.56574923612
7/7/1986 16:00:00	3.416384948
7/8/1986 16:00:00	3.3217501316
7/9/1986 16:00:00	3.36832296889
7/10/1986 16:00:00	3.34402137235
7/11/1986 16:00:00	3.31289325291
7/14/1986 16:00:00	3.23549295888
7/15/1986 16:00:00	3.16979732374
7/16/1986 16:00:00	3.19447947163
7/17/1986 16:00:00	3.21764396623
7/18/1986 16:00:00	3.20233910465
7/21/1986 16:00:00	3.18746803042
7/22/1986 16:00:00	3.19459466444
7/23/1986 16:00:00	3.18958479079
7/24/1986 16:00:00	3.19183494983
7/25/1986 16:00:00	3.21304797087
7/28/1986 16:00:00	3.15331712752
7/29/1986 16:00:00	3.12511903669
7/30/1986 16:00:00	3.13192076662
7/31/1986 16:00:00	3.13590502772
8/1/1986 16:00:00	3.12471957737
8/4/1986 16:00:00	3.08861263148
8/5/1986 16:00:00	3.07417726619
8/6/1986 16:00:00	3.04565610641
8/7/1986 16:00:00	3.04888268202
8/8/1986 16:00:00	3.08353053489
8/11/1986 16:00:00	3.15165825914
8/12/1986 16:00:00	3.18673824395
8/13/1986 16:00:00	3.2251767743
8/14/1986 16:00:00	3.25028751984
8/15/1986 16:00:00	3.24116065486
8/18/1986 16:00:00	3.23019224353
8/19/1986 16:00:00	3.21987371813
8/20/1986 16:00:00	3.24498403809
8/21/1986 16:00:00	3.25048355708
8/22/1986 16:00:00	3.27071803491
8/25/1986 16:00:00	3.24826533212
8/26/1986 16:00:00	3.27521623411
8/27/1986 16:00:00	3.29393312053
8/28/1986 16:00:00	3.29444853998
8/29/1986 16:00:00	3.28694704888
9/2/1986 16:00:00	3.23578584534
9/3/1986 16:00:00	3.24616067872
9/4/1986 16:00:00	3.28026048564
9/5/1986 16:00:00	3.24285891631
9/8/1986 16:00:00	3.17523309844
9/9/1986 16:00:00	3.15809113783
9/10/1986 16:00:00	3.1359666061
9/11/1986 16:00:00	2.99987797759
9/12/1986 16:00:00	2.92564796703
9/15/1986 16:00:00	2.92356646552
9/16/1986 16:00:00	2.92939308788
9/17/1986 16:00:00	2.95493497605
9/18/1986 16:00:00	2.99271742731
9/19/1986 16:00:00	2.99962668702
9/22/1986 16:00:00	3.03567494884
9/23/1986 16:00:00	3.02362703788
9/24/1986 16:00:00	3.01645366641
9/25/1986 16:00:00	2.98133337704
9/26/1986 16:00:00	2.98065981298
9/29/1986 16:00:00	2.93622461925
9/30/1986 16:00:00	2.97866248833
10/1/1986 16:00:00	2.99532005782
10/2/1986 16:00:00	2.99432146232
10/3/1986 16:00:00	3.00155476699
10/6/1986 16:00:00	3.01366265622
10/7/1986 16:00:00	2.99500845669
10/8/1986 16:00:00	3.01686412682
10/9/1986 16:00:00	3.01467377533
10/10/1986 16:00:00	3.02992201285
10/13/1986 16:00:00	3.04733638257
10/14/1986 16:00:00	3.05359410298
10/15/1986 16:00:00	3.078156533
10/16/1986 16:00:00	3.07379945818
10/17/1986 16:00:00	3.05850383365
10/20/1986 16:00:00	3.03476012741
10/21/1986 16:00:00	3.03094523359
10/22/1986 16:00:00	3.03904413318
10/23/1986 16:00:00	3.07909274151
10/24/1986 16:00:00	3.07506109593
10/27/1986 16:00:00	3.07059620767
10/28/1986 16:00:00	3.08649233852
10/29/1986 16:00:00	3.10022238021
10/30/1986 16:00:00	3.13593694827
10/31/1986 16:00:00	3.12941398927
11/3/1986 16:00:00	3.13653694042
11/4/1986 16:00:00	3.16152894112
11/5/1986 16:00:00	3.16616056295
11/6/1986 16:00:00	3.14945798928
11/7/1986 16:00:00	3.13860341546
11/10/1986 16:00:00	3.12525811192
11/11/1986 16:00:00	3.14808352588
11/12/1986 16:00:00	3.15303993586
11/13/1986 16:00:00	3.10612414159
11/14/1986 16:00:00	3.10804898747
11/17/1986 16:00:00	3.10131035529
11/18/1986 16:00:00	3.04638275833
11/19/1986 16:00:00	3.02221004221
11/20/1986 16:00:00	3.06041171087
11/21/1986 16:00:00	3.09482265999
11/24/1986 16:00:00	3.12934145782
11/25/1986 16:00:00	3.15692961284
11/26/1986 16:00:00	3.18072697377
11/28/1986 16:00:00	3.20387461253
12/1/1986 16:00:00	3.18035164942
12/2/1986 16:00:00	3.22385599935
12/3/1986 16:00:00	3.25014266314
12/4/1986 16:00:00	3.24795112942
12/5/1986 16:00:00	3.22767714251
12/8/1986 16:00:00	3.20166472494
12/9/1986 16:00:00	3.18041696903
12/10/1986 16:00:00	3.18234063219
12/11/1986 16:00:00	3.16336707149
12/12/1986 16:00:00	3.13952129835
12/15/1986 16:00:00	3.11989876097
12/16/1986 16:00:00	3.12886087943
12/17/1986 16:00:00	3.09754511554
12/18/1986 16:00:00	3.09340615427
12/19/1986 16:00:00	3.11319535267
12/22/1986 16:00:00	3.11999170694
12/23/1986 16:00:00	3.09224974346
12/24/1986 16:00:00	3.09200878422
12/26/1986 16:00:00	3.09501571859
12/29/1986 16:00:00	3.06424349535
12/30/1986 16:00:00	3.06443558837
12/31/1986 16:00:00	3.06181301751
1/2/1987 16:00:00	3.09329356933
1/5/1987 16:00:00	3.19168014599
1/6/1987 16:00:00	3.22748960228
1/7/1987 16:00:00	3.31223286947
1/8/1987 16:00:00	3.37099200274
1/9/1987 16:00:00	3.39911284869
1/12/1987 16:00:00	3.44920946165
1/13/1987 16:00:00	3.45600239677
1/14/1987 16:00:00	3.52179552411
1/15/1987 16:00:00	3.5539197213
1/16/1987 16:00:00	3.51860011867
1/19/1987 16:00:00	3.60387689197
1/20/1987 16:00:00	3.60525564188
1/21/1987 16:00:00	3.55629649337
1/22/1987 16:00:00	3.63605031311
1/23/1987 16:00:00	3.61047399638
1/26/1987 16:00:00	3.55361390672
1/27/1987 16:00:00	3.60803517852
1/28/1987 16:00:00	3.62900680465
1/29/1987 16:00:00	3.5881687091
1/30/1987 16:00:00	3.60838235098
2/2/1987 16:00:00	3.68694012523
2/3/1987 16:00:00	3.71397216767
2/4/1987 16:00:00	3.75604990732
2/5/1987 16:00:00	3.78059125597
2/6/1987 16:00:00	3.78045323325
2/9/1987 16:00:00	3.75866652202
2/10/1987 16:00:00	3.73049398177
2/11/1987 16:00:00	3.80958784017
2/12/1987 16:00:00	3.81572732072
2/13/1987 16:00:00	3.87631059164
2/17/1987 16:00:00	3.97553345416
2/18/1987 16:00:00	3.92268267554
2/19/1987 16:00:00	3.89364409277
2/20/1987 16:00:00	3.86796155983
2/23/1987 16:00:00	3.84671707291
2/24/1987 16:00:00	3.87342016308
2/25/1987 16:00:00	3.91733173804
2/26/1987 16:00:00	3.94360082871
2/27/1987 16:00:00	3.95579964872
3/2/1987 16:00:00	3.9192948595
3/3/1987 16:00:00	3.90844085943
3/4/1987 16:00:00	3.96706927676
3/5/1987 16:00:00	3.99723328397
3/6/1987 16:00:00	3.98886824711
3/9/1987 16:00:00	3.94965900229
3/10/1987 16:00:00	3.99270085804
3/11/1987 16:00:00	4.01095901986
3/12/1987 16:00:00	3.99923925328
3/13/1987 16:00:00	3.96446798419
3/16/1987 16:00:00	3.95502132644
3/17/1987 16:00:00	4.02360160846
3/18/1987 16:00:00	4.02670813366
3/19/1987 16:00:00	4.06812410793
3/20/1987 16:00:00	4.10845685349
3/23/1987 16:00:00	4.09922573896
3/24/1987 16:00:00	4.11607489062
3/25/1987 16:00:00	4.11636718613
3/26/1987 16:00:00	4.12737226503
3/27/1987 16:00:00	4.09152085629
3/30/1987 16:00:00	3.97862265559
3/31/1987 16:00:00	4.02631218353
4/1/1987 16:00:00	4.02703778444
4/2/1987 16:00:00	4.06130856213
4/3/1987 16:00:00	4.14135108702
4/6/1987 16:00:00	4.13168751494
4/7/1987 16:00:00	4.05634238369
4/8/1987 16:00:00	4.09623846829
4/9/1987 16:00:00	4.0843032552
4/10/1987 16:00:00	4.07464077289
4/13/1987 16:00:00	3.98068738028
4/14/1987 16:00:00	3.88933226726
4/15/1987 16:00:00	3.94848807788
4/16/1987 16:00:00	3.97626426673
4/20/1987 16:00:00	3.94117581573
4/21/1987 16:00:00	3.99546069111
4/22/1987 16:00:00	3.98071408909
4/23/1987 16:00:00	3.97667922151
4/24/1987 16:00:00	3.90318168334
4/27/1987 16:00:00	3.88529838151
4/28/1987 16:00:00	3.92237850311
4/29/1987 16:00:00	3.94301257967
4/30/1987 16:00:00	3.99945842987
5/1/1987 16:00:00	4.02106526624
5/4/1987 16:00:00	4.03444905988
5/5/1987 16:00:00	4.10549872537
5/6/1987 16:00:00	4.09594533957
5/7/1987 16:00:00	4.11149214306
5/8/1987 16:00:00	4.11892455341
5/11/1987 16:00:00	4.09465791012
5/12/1987 16:00:00	4.08889152034
5/13/1987 16:00:00	4.11742001174
5/14/1987 16:00:00	4.12701597397
5/15/1987 16:00:00	4.06575084897
5/18/1987 16:00:00	4.01260046294
5/19/1987 16:00:00	3.92623879171
5/20/1987 16:00:00	3.93129218475
5/21/1987 16:00:00	3.95203185334
5/22/1987 16:00:00	3.92993167549
5/26/1987 16:00:00	4.00627492986
5/27/1987 16:00:00	4.02322720554
5/28/1987 16:00:00	4.06981972534
5/29/1987 16:00:00	4.08406681444
6/1/1987 16:00:00	4.02107604386
6/2/1987 16:00:00	3.99162055445
6/3/1987 16:00:00	4.01884860377
6/4/1987 16:00:00	4.02952607408
6/5/1987 16:00:00	4.01716229422
6/8/1987 16:00:00	4.05715397264
6/9/1987 16:00:00	4.09909201034
6/10/1987 16:00:00	4.1108499387
6/11/1987 16:00:00	4.10313708526
6/12/1987 16:00:00	4.11814003291
6/15/1987 16:00:00	4.10166606016
6/16/1987 16:00:00	4.13494858105
6/17/1987 16:00:00	4.13880989163
6/18/1987 16:00:00	4.161491343
6/19/1987 16:00:00	4.15453600805
6/22/1987 16:00:00	4.17289052585
6/23/1987 16:00:00	4.14992711265
6/24/1987 16:00:00	4.15130032455
6/25/1987 16:00:00	4.13915347729
6/26/1987 16:00:00	4.13295545981
6/29/1987 16:00:00	4.12513522789
6/30/1987 16:00:00	4.09352062044
7/1/1987 16:00:00	4.09857151739
7/2/1987 16:00:00	4.11822312907
7/6/1987 16:00:00	4.0887722336
7/7/1987 16:00:00	4.06126883483
7/8/1987 16:00:00	4.0532330257
7/9/1987 16:00:00	4.06596310901
7/10/1987 16:00:00	4.0823697783
7/13/1987 16:00:00	4.11878415888
7/14/1987 16:00:00	4.2174924633
7/15/1987 16:00:00	4.21497144184
7/16/1987 16:00:00	4.2402446505
7/17/1987 16:00:00	4.23642610142
7/20/1987 16:00:00	4.19302559476
7/21/1987 16:00:00	4.17860908217
7/22/1987 16:00:00	4.18809238833
7/23/1987 16:00:00	4.14199003191
7/24/1987 16:00:00	4.17483243211
7/27/1987 16:00:00	4.17847642633
7/28/1987 16:00:00	4.19055504988
7/29/1987 16:00:00	4.21150108707
7/30/1987 16:00:00	4.25126299605
7/31/1987 16:00:00	4.24657936416
8/3/1987 16:00:00	4.2225390121
8/4/1987 16:00:00	4.23634704012
8/5/1987 16:00:00	4.28746166791
8/6/1987 16:00:00	4.36571791815
8/7/1987 16:00:00	4.40601726044
8/10/1987 16:00:00	4.45572387826
8/11/1987 16:00:00	4.5067272531
8/12/1987 16:00:00	4.47792832253
8/13/1987 16:00:00	4.46513338351
8/14/1987 16:00:00	4.46498971003
8/17/1987 16:00:00	4.47284784298
8/18/1987 16:00:00	4.40944881107
8/19/1987 16:00:00	4.44163599861
8/20/1987 16:00:00	4.51815443399
8/21/1987 16:00:00	4.55369213426
8/24/1987 16:00:00	4.52997655176
8/25/1987 16:00:00	4.55664732059
8/26/1987 16:00:00	4.56623430394
8/27/1987 16:00:00	4.55484499157
8/28/1987 16:00:00	4.51610139943
8/31/1987 16:00:00	4.53185111462
9/1/1987 16:00:00	4.47375474265
9/2/1987 16:00:00	4.44863551149
9/3/1987 16:00:00	4.43313936704
9/4/1987 16:00:00	4.41245371282
9/8/1987 16:00:00	4.32246562158
9/9/1987 16:00:00	4.35919091883
9/10/1987 16:00:00	4.43624193359
9/11/1987 16:00:00	4.46215435112
9/14/1987 16:00:00	4.43606362733
9/15/1987 16:00:00	4.37321520547
9/16/1987 16:00:00	4.35253117636
9/17/1987 16:00:00	4.36882110254
9/18/1987 16:00:00	4.36057031618
9/21/1987 16:00:00	4.26507541387
9/22/1987 16:00:00	4.35520356934
9/23/1987 16:00:00	4.41235776692
9/24/1987 16:00:00	4.42453881067
9/25/1987 16:00:00	4.4347738426
9/28/1987 16:00:00	4.42414427948
9/29/1987 16:00:00	4.41383918293
9/30/1987 16:00:00	4.44310026201
10/1/1987 16:00:00	4.53387061035
10/2/1987 16:00:00	4.58658804401
10/5/1987 16:00:00	4.6225488998
10/6/1987 16:00:00	4.49841424814
10/7/1987 16:00:00	4.47286711126
10/8/1987 16:00:00	4.40224381961
10/9/1987 16:00:00	4.37713033506
10/12/1987 16:00:00	4.31569715992
10/13/1987 16:00:00	4.35036134544
10/14/1987 16:00:00	4.26958039613
10/15/1987 16:00:00	4.17377593232
10/16/1987 16:00:00	3.96231389454
10/19/1987 16:00:00	3.36485995814
10/20/1987 16:00:00	3.11211772881
10/21/1987 16:00:00	3.43247061974
10/22/1987 16:00:00	3.242315068
10/23/1987 16:00:00	3.1436049593
10/26/1987 16:00:00	2.77619208813
10/27/1987 16:00:00	2.80729891053
10/28/1987 16:00:00	2.83635159516
10/29/1987 16:00:00	3.10502680374
10/30/1987 16:00:00	3.24399789354
11/2/1987 16:00:00	3.28990734568
11/3/1987 16:00:00	3.18050200119
11/4/1987 16:00:00	3.19798617212
11/5/1987 16:00:00	3.30787820352
11/6/1987 16:00:00	3.25705449884
11/9/1987 16:00:00	3.1663509319
11/10/1987 16:00:00	3.10061473591
11/11/1987 16:00:00	3.14457712433
11/12/1987 16:00:00	3.23890257172
11/13/1987 16:00:00	3.19791631249
11/16/1987 16:00:00	3.18729986903
11/17/1987 16:00:00	3.10330135618
11/18/1987 16:00:00	3.13051120423
11/19/1987 16:00:00	3.04889207639
11/20/1987 16:00:00	3.04400489276
11/23/1987 16:00:00	3.06570255873
11/24/1987 16:00:00	3.12662932683
11/25/1987 16:00:00	3.13384489722
11/27/1987 16:00:00	3.09837394873
11/30/1987 16:00:00	2.96369861703
12/1/1987 16:00:00	2.96443163384
12/2/1987 16:00:00	2.98159035841
12/3/1987 16:00:00	2.87339465263
12/4/1987 16:00:00	2.81901618064
12/7/1987 16:00:00	2.8775636156
12/8/1987 16:00:00	2.9541561777
12/9/1987 16:00:00	3.02048166657
12/10/1987 16:00:00	3.00435692044
12/11/1987 16:00:00	3.02173070371
12/14/1987 16:00:00	3.15699506828
12/15/1987 16:00:00	3.17447520352
12/16/1987 16:00:00	3.26456884541
12/17/1987 16:00:00	3.23969033249
12/18/1987 16:00:00	3.34415314505
12/21/1987 16:00:00	3.37168048965
12/22/1987 16:00:00	3.36160456681
12/23/1987 16:00:00	3.41571202807
12/24/1987 16:00:00	3.4183861973
12/28/1987 16:00:00	3.30155675661
12/29/1987 16:00:00	3.33535006174
12/30/1987 16:00:00	3.39885617839
12/31/1987 16:00:00	3.37646325294
1/4/1988 16:00:00	3.49658447125
1/5/1988 16:00:00	3.549931469
1/6/1988 16:00:00	3.59085249966
1/7/1988 16:00:00	3.64538624231
1/8/1988 16:00:00	3.41835822743
1/11/1988 16:00:00	3.4330247254
1/12/1988 16:00:00	3.36493134585
1/13/1988 16:00:00	3.36101499922
1/14/1988 16:00:00	3.37157635903
1/15/1988 16:00:00	3.45344309531
1/18/1988 16:00:00	3.43612949859
1/19/1988 16:00:00	3.41417064792
1/20/1988 16:00:00	3.294331067
1/21/1988 16:00:00	3.30478439297
1/22/1988 16:00:00	3.33511591628
1/25/1988 16:00:00	3.39342771308
1/26/1988 16:00:00	3.35396876361
1/27/1988 16:00:00	3.35815556034
1/28/1988 16:00:00	3.40631081216
1/29/1988 16:00:00	3.43815291801
2/1/1988 16:00:00	3.42699858653
2/2/1988 16:00:00	3.43474947683
2/3/1988 16:00:00	3.38297672639
2/4/1988 16:00:00	3.40023427942
2/5/1988 16:00:00	3.41392650822
2/8/1988 16:00:00	3.41087471572
2/9/1988 16:00:00	3.43364066409
2/10/1988 16:00:00	3.50512536875
2/11/1988 16:00:00	3.52054473791
2/12/1988 16:00:00	3.54168901495
2/16/1988 16:00:00	3.57633559945
2/17/1988 16:00:00	3.582032278
2/18/1988 16:00:00	3.58081579363
2/19/1988 16:00:00	3.60941223116
2/22/1988 16:00:00	3.67689466346
2/23/1988 16:00:00	3.70030529062
2/24/1988 16:00:00	3.72598379149
2/25/1988 16:00:00	3.68944503636
2/26/1988 16:00:00	3.68639136742
2/29/1988 16:00:00	3.72945937422
3/1/1988 16:00:00	3.72932165724
3/2/1988 16:00:00	3.78286612599
3/3/1988 16:00:00	3.8127550059
3/4/1988 16:00:00	3.83195052287
3/7/1988 16:00:00	3.85514202348
3/8/1988 16:00:00	3.88016944385
3/9/1988 16:00:00	3.91502519008
3/10/1988 16:00:00	3.85440221606
3/11/1988 16:00:00	3.8425990351
3/14/1988 16:00:00	3.87108199541
3/15/1988 16:00:00	3.85171845185
3/16/1988 16:00:00	3.89715714084
3/17/1988 16:00:00	3.91473064854
3/18/1988 16:00:00	3.91037958488
3/21/1988 16:00:00	3.86423206197
3/22/1988 16:00:00	3.88828546346
3/23/1988 16:00:00	3.87162267655
3/24/1988 16:00:00	3.77482577168
3/25/1988 16:00:00	3.73408099074
3/28/1988 16:00:00	3.73318720002
3/29/1988 16:00:00	3.75097675758
3/30/1988 16:00:00	3.71779289212
3/31/1988 16:00:00	3.74216974889
4/4/1988 16:00:00	3.70207477661
4/5/1988 16:00:00	3.73422713885
4/6/1988 16:00:00	3.81421900676
4/7/1988 16:00:00	3.82995523282
4/8/1988 16:00:00	3.86448127488
4/11/1988 16:00:00	3.88626452038
4/12/1988 16:00:00	3.88968936528
4/13/1988 16:00:00	3.8958134993
4/14/1988 16:00:00	3.74211860672
4/15/1988 16:00:00	3.73917309653
4/18/1988 16:00:00	3.74810630405
4/19/1988 16:00:00	3.76546173764
4/20/1988 16:00:00	3.73476482941
4/21/1988 16:00:00	3.71605455609
4/22/1988 16:00:00	3.74302028645
4/25/1988 16:00:00	3.76631397873
4/26/1988 16:00:00	3.81692635333
4/27/1988 16:00:00	3.82693829664
4/28/1988 16:00:00	3.81654184795
4/29/1988 16:00:00	3.7990193967
5/2/1988 16:00:00	3.81680518164
5/3/1988 16:00:00	3.8653636015
5/4/1988 16:00:00	3.85734294833
5/5/1988 16:00:00	3.83690523953
5/6/1988 16:00:00	3.82607755299
5/9/1988 16:00:00	3.7774600169
5/10/1988 16:00:00	3.76425793752
5/11/1988 16:00:00	3.68821725781
5/12/1988 16:00:00	3.7077303285
5/13/1988 16:00:00	3.75391120785
5/16/1988 16:00:00	3.77849792073
5/17/1988 16:00:00	3.7587102379
5/18/1988 16:00:00	3.67695046249
5/19/1988 16:00:00	3.67821680283
5/20/1988 16:00:00	3.66825480126
5/23/1988 16:00:00	3.61996626567
5/24/1988 16:00:00	3.65362196154
5/25/1988 16:00:00	3.64927425428
5/26/1988 16:00:00	3.6674906104
5/27/1988 16:00:00	3.66163192989
5/31/1988 16:00:00	3.74278761677
6/1/1988 16:00:00	3.81465781998
6/2/1988 16:00:00	3.80976935175
6/3/1988 16:00:00	3.84331362199
6/6/1988 16:00:00	3.88085132257
6/7/1988 16:00:00	3.88125243186
6/8/1988 16:00:00	3.95139140797
6/9/1988 16:00:00	3.94617820116
6/10/1988 16:00:00	3.97874853908
6/13/1988 16:00:00	3.98843248204
6/14/1988 16:00:00	4.01085430436
6/15/1988 16:00:00	4.01794716231
6/16/1988 16:00:00	3.98337198472
6/17/1988 16:00:00	3.97114224683
6/20/1988 16:00:00	3.95502678102
6/21/1988 16:00:00	3.98942980302
6/22/1988 16:00:00	4.03667808745
6/23/1988 16:00:00	4.03858929477
6/24/1988 16:00:00	4.04460203869
6/27/1988 16:00:00	3.99631967057
6/28/1988 16:00:00	4.06267193358
6/29/1988 16:00:00	4.0538965202
6/30/1988 16:00:00	4.08063321506
7/1/1988 16:00:00	4.10067765168
7/5/1988 16:00:00	4.14274091262
7/6/1988 16:00:00	4.11086640286
7/7/1988 16:00:00	4.08827510431
7/8/1988 16:00:00	4.0614748495
7/11/1988 16:00:00	4.05151247841
7/12/1988 16:00:00	4.04176634388
7/13/1988 16:00:00	4.06083828539
7/14/1988 16:00:00	4.07289440217
7/15/1988 16:00:00	4.06919245381
7/18/1988 16:00:00	4.07531227144
7/19/1988 16:00:00	4.01019841531
7/20/1988 16:00:00	3.99883420754
7/21/1988 16:00:00	3.93728347479
7/22/1988 16:00:00	3.92548822717
7/25/1988 16:00:00	3.91962897072
7/26/1988 16:00:00	3.87891016374
7/27/1988 16:00:00	3.82847854859
7/28/1988 16:00:00	3.84679529257
7/29/1988 16:00:00	3.91022333878
8/1/1988 16:00:00	3.91623590065
8/2/1988 16:00:00	3.89667115174
8/3/1988 16:00:00	3.90818775559
8/4/1988 16:00:00	3.91042295019
8/5/1988 16:00:00	3.88276483343
8/8/1988 16:00:00	3.88100729787
8/9/1988 16:00:00	3.82604695012
8/10/1988 16:00:00	3.72694962778
8/11/1988 16:00:00	3.76911482329
8/12/1988 16:00:00	3.74987621728
8/15/1988 16:00:00	3.67085423295
8/16/1988 16:00:00	3.72607616485
8/17/1988 16:00:00	3.7316578721
8/18/1988 16:00:00	3.74554882074
8/19/1988 16:00:00	3.7296563421
8/22/1988 16:00:00	3.66660796703
8/23/1988 16:00:00	3.66032001524
8/24/1988 16:00:00	3.71100748048
8/25/1988 16:00:00	3.68022465112
8/26/1988 16:00:00	3.68990687132
8/29/1988 16:00:00	3.72839962075
8/30/1988 16:00:00	3.71973785884
8/31/1988 16:00:00	3.6901427101
9/1/1988 16:00:00	3.63022790736
9/2/1988 16:00:00	3.70022686769
9/6/1988 16:00:00	3.71034016072
9/7/1988 16:00:00	3.7137635767
9/8/1988 16:00:00	3.73250836169
9/9/1988 16:00:00	3.78675131659
9/12/1988 16:00:00	3.78920301143
9/13/1988 16:00:00	3.79510709195
9/14/1988 16:00:00	3.81902972866
9/15/1988 16:00:00	3.78522842222
9/16/1988 16:00:00	3.81174042515
9/19/1988 16:00:00	3.80016557794
9/20/1988 16:00:00	3.81513220919
9/21/1988 16:00:00	3.8366801231
9/22/1988 16:00:00	3.84679137015
9/23/1988 16:00:00	3.82949882214
9/26/1988 16:00:00	3.79483601645
9/27/1988 16:00:00	3.79329564443
9/28/1988 16:00:00	3.82034487106
9/29/1988 16:00:00	3.8585062259
9/30/1988 16:00:00	3.870127365
10/3/1988 16:00:00	3.8145360615
10/4/1988 16:00:00	3.80371746169
10/5/1988 16:00:00	3.79440954522
10/6/1988 16:00:00	3.80247054637
10/7/1988 16:00:00	3.79736996263
10/10/1988 16:00:00	3.77436136863
10/11/1988 16:00:00	3.78921876351
10/12/1988 16:00:00	3.73880946613
10/13/1988 16:00:00	3.77211415193
10/14/1988 16:00:00	3.7836267389
10/17/1988 16:00:00	3.79255056466
10/18/1988 16:00:00	3.81851830491
10/19/1988 16:00:00	3.81848799921
10/20/1988 16:00:00	3.89127195782
10/21/1988 16:00:00	3.87775705674
10/24/1988 16:00:00	3.84903247969
10/25/1988 16:00:00	3.82721189587
10/26/1988 16:00:00	3.8045291767
10/27/1988 16:00:00	3.75984118226
10/28/1988 16:00:00	3.77286325794
10/31/1988 16:00:00	3.77056820016
11/1/1988 16:00:00	3.7665472811
11/2/1988 16:00:00	3.75400497741
11/3/1988 16:00:00	3.75904482406
11/4/1988 16:00:00	3.74412976738
11/7/1988 16:00:00	3.69620898978
11/8/1988 16:00:00	3.74816913414
11/9/1988 16:00:00	3.74263837133
11/10/1988 16:00:00	3.73786279602
11/11/1988 16:00:00	3.65079095144
11/14/1988 16:00:00	3.6446139696
11/15/1988 16:00:00	3.62624913166
11/16/1988 16:00:00	3.57056626882
11/17/1988 16:00:00	3.58520649153
11/18/1988 16:00:00	3.59208058327
11/21/1988 16:00:00	3.5335953382
11/22/1988 16:00:00	3.54510766811
11/23/1988 16:00:00	3.60633960183
11/25/1988 16:00:00	3.57460260315
11/28/1988 16:00:00	3.58050588843
11/29/1988 16:00:00	3.60582224397
11/30/1988 16:00:00	3.64925674591
12/1/1988 16:00:00	3.69549471871
12/2/1988 16:00:00	3.70161276298
12/5/1988 16:00:00	3.72832908641
12/6/1988 16:00:00	3.75331974758
12/7/1988 16:00:00	3.7279463845
12/8/1988 16:00:00	3.70731858137
12/9/1988 16:00:00	3.70534806325
12/12/1988 16:00:00	3.69054433514
12/13/1988 16:00:00	3.67207427819
12/14/1988 16:00:00	3.68530929589
12/15/1988 16:00:00	3.70145598262
12/16/1988 16:00:00	3.7530814431
12/19/1988 16:00:00	3.78270707151
12/20/1988 16:00:00	3.77588326494
12/21/1988 16:00:00	3.76690304069
12/22/1988 16:00:00	3.76902965333
12/23/1988 16:00:00	3.78733172889
12/27/1988 16:00:00	3.77889066303
12/28/1988 16:00:00	3.77691976145
12/29/1988 16:00:00	3.81031740744
12/30/1988 16:00:00	3.82603073534
1/3/1989 16:00:00	3.76593887749
1/4/1989 16:00:00	3.8292047452
1/5/1989 16:00:00	3.82755699337
1/6/1989 16:00:00	3.82828148824
1/9/1989 16:00:00	3.83105437713
1/10/1989 16:00:00	3.81840852499
1/11/1989 16:00:00	3.82980764906
1/12/1989 16:00:00	3.86007582656
1/13/1989 16:00:00	3.8622017896
1/16/1989 16:00:00	3.86432738961
1/17/1989 16:00:00	3.81879597654
1/18/1989 16:00:00	3.85229809942
1/19/1989 16:00:00	3.89377826155
1/20/1989 16:00:00	3.88835640476
1/23/1989 16:00:00	3.84271831974
1/24/1989 16:00:00	3.8851678854
1/25/1989 16:00:00	3.91500210464
1/26/1989 16:00:00	3.96747720578
1/27/1989 16:00:00	3.95774245049
1/30/1989 16:00:00	3.98444901923
1/31/1989 16:00:00	4.02075036053
2/1/1989 16:00:00	4.06168697609
2/2/1989 16:00:00	4.09389057596
2/3/1989 16:00:00	4.09622993028
2/6/1989 16:00:00	4.08520061989
2/7/1989 16:00:00	4.14101310226
2/8/1989 16:00:00	4.097749451
2/9/1989 16:00:00	4.06839337399
2/10/1989 16:00:00	4.00400072399
2/13/1989 16:00:00	3.99750055589
2/14/1989 16:00:00	4.00232016612
2/15/1989 16:00:00	4.04077407152
2/16/1989 16:00:00	4.04958191452
2/17/1989 16:00:00	4.0643185958
2/21/1989 16:00:00	4.0569559405
2/22/1989 16:00:00	4.00496392541
2/23/1989 16:00:00	4.02023980235
2/24/1989 16:00:00	3.97967552903
2/27/1989 16:00:00	3.96293543189
2/28/1989 16:00:00	3.96236479842
3/1/1989 16:00:00	3.95823737985
3/2/1989 16:00:00	3.99830576755
3/3/1989 16:00:00	4.00592733709
3/6/1989 16:00:00	4.04232977641
3/7/1989 16:00:00	4.02494291743
3/8/1989 16:00:00	4.01531768104
3/9/1989 16:00:00	3.99577569288
3/10/1989 16:00:00	3.98809065303
3/13/1989 16:00:00	4.00713789158
3/14/1989 16:00:00	3.99578812019
3/15/1989 16:00:00	3.99597219299
3/16/1989 16:00:00	4.03409669326
3/17/1989 16:00:00	3.92358429529
3/20/1989 16:00:00	3.87752913964
3/21/1989 16:00:00	3.92416868973
3/22/1989 16:00:00	3.89288049854
3/23/1989 16:00:00	3.90254994255
3/27/1989 16:00:00	3.90478261683
3/28/1989 16:00:00	3.92350534164
3/29/1989 16:00:00	3.95203576423
3/30/1989 16:00:00	3.9740992659
3/31/1989 16:00:00	4.00650868755
4/3/1989 16:00:00	4.00561481717
4/4/1989 16:00:00	3.99922426305
4/5/1989 16:00:00	4.01115544193
4/6/1989 16:00:00	4.01349466199
4/7/1989 16:00:00	4.06088319636
4/10/1989 16:00:00	4.07971122675
4/11/1989 16:00:00	4.11492052243
4/12/1989 16:00:00	4.149805632
4/13/1989 16:00:00	4.13468491177
4/14/1989 16:00:00	4.19500308603
4/17/1989 16:00:00	4.19410745887
4/18/1989 16:00:00	4.24235426853
4/19/1989 16:00:00	4.26904692404
4/20/1989 16:00:00	4.25996039988
4/21/1989 16:00:00	4.2860059271
4/24/1989 16:00:00	4.2742256305
4/25/1989 16:00:00	4.25102261117
4/26/1989 16:00:00	4.25120427988
4/27/1989 16:00:00	4.30117218815
4/28/1989 16:00:00	4.32053489796
5/1/1989 16:00:00	4.32653514928
5/2/1989 16:00:00	4.32639294718
5/3/1989 16:00:00	4.34446227626
5/4/1989 16:00:00	4.35541895061
5/5/1989 16:00:00	4.38437096817
5/8/1989 16:00:00	4.37571550452
5/9/1989 16:00:00	4.36803026263
5/10/1989 16:00:00	4.37510740963
5/11/1989 16:00:00	4.38584801701
5/12/1989 16:00:00	4.46425698017
5/15/1989 16:00:00	4.50171922866
5/16/1989 16:00:00	4.48789141619
5/17/1989 16:00:00	4.54119180389
5/18/1989 16:00:00	4.54826724013
5/19/1989 16:00:00	4.58163315255
5/22/1989 16:00:00	4.57642479884
5/23/1989 16:00:00	4.53878505421
5/24/1989 16:00:00	4.56805585914
5/25/1989 16:00:00	4.58644387169
5/26/1989 16:00:00	4.62077781385
5/30/1989 16:00:00	4.60253253264
5/31/1989 16:00:00	4.62307481012
6/1/1989 16:00:00	4.64555602789
6/2/1989 16:00:00	4.69292492517
6/5/1989 16:00:00	4.59829225207
6/6/1989 16:00:00	4.61969600433
6/7/1989 16:00:00	4.73784789343
6/8/1989 16:00:00	4.7272519349
6/9/1989 16:00:00	4.71439377489
6/12/1989 16:00:00	4.71015484903
6/13/1989 16:00:00	4.66583839403
6/14/1989 16:00:00	4.66838686695
6/15/1989 16:00:00	4.59132090379
6/16/1989 16:00:00	4.58535933805
6/19/1989 16:00:00	4.57390347482
6/20/1989 16:00:00	4.54704211718
6/21/1989 16:00:00	4.54420528886
6/22/1989 16:00:00	4.57239404822
6/23/1989 16:00:00	4.61631051174
6/26/1989 16:00:00	4.60237734845
6/27/1989 16:00:00	4.60923511369
6/28/1989 16:00:00	4.54747224299
6/29/1989 16:00:00	4.45479321905
6/30/1989 16:00:00	4.40768279412
7/3/1989 16:00:00	4.42660675377
7/5/1989 16:00:00	4.44596172089
7/6/1989 16:00:00	4.47404141297
7/7/1989 16:00:00	4.51515501415
7/10/1989 16:00:00	4.50973322318
7/11/1989 16:00:00	4.522839074
7/12/1989 16:00:00	4.54283846074
7/13/1989 16:00:00	4.55594384099
7/14/1989 16:00:00	4.58574514648
7/17/1989 16:00:00	4.60445103333
7/18/1989 16:00:00	4.5537887713
7/19/1989 16:00:00	4.60168511385
7/20/1989 16:00:00	4.54746931619
7/21/1989 16:00:00	4.54247859096
7/24/1989 16:00:00	4.48320171817
7/25/1989 16:00:00	4.48101181135
7/26/1989 16:00:00	4.52147488542
7/27/1989 16:00:00	4.58304799885
7/28/1989 16:00:00	4.59141277176
7/31/1989 16:00:00	4.61571773659
8/1/1989 16:00:00	4.58466220498
8/2/1989 16:00:00	4.58473329987
8/3/1989 16:00:00	4.6217470306
8/4/1989 16:00:00	4.63420392655
8/7/1989 16:00:00	4.71214332841
8/8/1989 16:00:00	4.73299999195
8/9/1989 16:00:00	4.69246731605
8/10/1989 16:00:00	4.6831677464
8/11/1989 16:00:00	4.65911366273
8/14/1989 16:00:00	4.62687515348
8/15/1989 16:00:00	4.64967012734
8/16/1989 16:00:00	4.6280940107
8/17/1989 16:00:00	4.65562722823
8/18/1989 16:00:00	4.66786759407
8/21/1989 16:00:00	4.61322985823
8/22/1989 16:00:00	4.63903941479
8/23/1989 16:00:00	4.68434108012
8/24/1989 16:00:00	4.74687231872
8/25/1989 16:00:00	4.75598836996
8/28/1989 16:00:00	4.76973483538
8/29/1989 16:00:00	4.74471319226
8/30/1989 16:00:00	4.76836659799
8/31/1989 16:00:00	4.78135908018
9/1/1989 16:00:00	4.81384213822
9/5/1989 16:00:00	4.81520389058
9/6/1989 16:00:00	4.77403025564
9/7/1989 16:00:00	4.76387011241
9/8/1989 16:00:00	4.79516792702
9/11/1989 16:00:00	4.80169861673
9/12/1989 16:00:00	4.83105713307
9/13/1989 16:00:00	4.83726440761
9/14/1989 16:00:00	4.78973953257
9/15/1989 16:00:00	4.78001055102
9/18/1989 16:00:00	4.77545002352
9/19/1989 16:00:00	4.77939609875
9/20/1989 16:00:00	4.78732605511
9/21/1989 16:00:00	4.79482542306
9/22/1989 16:00:00	4.82138282984
9/25/1989 16:00:00	4.82134456489
9/26/1989 16:00:00	4.82087551956
9/27/1989 16:00:00	4.81943747892
9/28/1989 16:00:00	4.87205024401
9/29/1989 16:00:00	4.87502631312
10/2/1989 16:00:00	4.91202570376
10/3/1989 16:00:00	4.92544520901
10/4/1989 16:00:00	4.97202581249
10/5/1989 16:00:00	4.9900745263
10/6/1989 16:00:00	5.04742041832
10/9/1989 16:00:00	5.09862877693
10/10/1989 16:00:00	5.08351546271
10/11/1989 16:00:00	5.06194255358
10/12/1989 16:00:00	5.05027470368
10/13/1989 16:00:00	4.83749617483
10/16/1989 16:00:00	4.84348705616
10/17/1989 16:00:00	4.8283760427
10/18/1989 16:00:00	4.8774299728
10/19/1989 16:00:00	4.98515668181
10/20/1989 16:00:00	4.97478215434
10/23/1989 16:00:00	4.92543605653
10/24/1989 16:00:00	4.8697394626
10/25/1989 16:00:00	4.8684090156
10/26/1989 16:00:00	4.78095555522
10/27/1989 16:00:00	4.71169712473
10/30/1989 16:00:00	4.71671937077
10/31/1989 16:00:00	4.79289888095
11/1/1989 16:00:00	4.80782401441
11/2/1989 16:00:00	4.72468073938
11/3/1989 16:00:00	4.71613893978
11/6/1989 16:00:00	4.63278254784
11/7/1989 16:00:00	4.68581542744
11/8/1989 16:00:00	4.74433750349
11/9/1989 16:00:00	4.75032793342
11/10/1989 16:00:00	4.79076446742
11/13/1989 16:00:00	4.79557051707
11/14/1989 16:00:00	4.76571534019
11/15/1989 16:00:00	4.7866677219
11/16/1989 16:00:00	4.77274400932
11/17/1989 16:00:00	4.79272728448
11/20/1989 16:00:00	4.80958829586
11/21/1989 16:00:00	4.79544957372
11/22/1989 16:00:00	4.81403285742
11/24/1989 16:00:00	4.84004277637
11/27/1989 16:00:00	4.8143870771
11/28/1989 16:00:00	4.81305730532
11/29/1989 16:00:00	4.81108144981
11/30/1989 16:00:00	4.83149377427
12/1/1989 16:00:00	4.85018329495
12/4/1989 16:00:00	4.88038913285
12/5/1989 16:00:00	4.89294296279
12/6/1989 16:00:00	4.82509769818
12/7/1989 16:00:00	4.83819010597
12/8/1989 16:00:00	4.82222268281
12/11/1989 16:00:00	4.74124910804
12/12/1989 16:00:00	4.68825933202
12/13/1989 16:00:00	4.69048248841
12/14/1989 16:00:00	4.65697393307
12/15/1989 16:00:00	4.6092598663
12/18/1989 16:00:00	4.53840777139
12/19/1989 16:00:00	4.54558222314
12/20/1989 16:00:00	4.58967076549
12/21/1989 16:00:00	4.65409862303
12/22/1989 16:00:00	4.68408752671
12/26/1989 16:00:00	4.683835233
12/27/1989 16:00:00	4.76903091144
12/28/1989 16:00:00	4.76910078371
12/29/1989 16:00:00	4.81759775393
1/2/1990 16:00:00	4.90128392209
1/3/1990 16:00:00	4.86627044332
1/4/1990 16:00:00	4.83642274692
1/5/1990 16:00:00	4.80248653118
1/8/1990 16:00:00	4.81105720578
1/9/1990 16:00:00	4.76022677852
1/10/1990 16:00:00	4.66064993764
1/11/1990 16:00:00	4.5949717676
1/12/1990 16:00:00	4.49356836493
1/15/1990 16:00:00	4.46813756385
1/16/1990 16:00:00	4.56064327949
1/17/1990 16:00:00	4.53241449844
1/18/1990 16:00:00	4.53162554406
1/19/1990 16:00:00	4.60346882176
1/22/1990 16:00:00	4.4775367216
1/23/1990 16:00:00	4.46501930764
1/24/1990 16:00:00	4.44916648143
1/25/1990 16:00:00	4.42825667775
1/26/1990 16:00:00	4.37377621967
1/29/1990 16:00:00	4.34813298294
1/30/1990 16:00:00	4.25341257516
1/31/1990 16:00:00	4.34558943022
2/1/1990 16:00:00	4.36933357713
2/2/1990 16:00:00	4.42460299205
2/5/1990 16:00:00	4.44339688919
2/6/1990 16:00:00	4.41291247696
2/7/1990 16:00:00	4.45010441884
2/8/1990 16:00:00	4.45953723177
2/9/1990 16:00:00	4.48639957642
2/12/1990 16:00:00	4.45161257713
2/13/1990 16:00:00	4.45846278761
2/14/1990 16:00:00	4.47693261908
2/15/1990 16:00:00	4.51713472238
2/16/1990 16:00:00	4.48320912957
2/20/1990 16:00:00	4.4123822153
2/21/1990 16:00:00	4.40556929107
2/22/1990 16:00:00	4.39348495849
2/23/1990 16:00:00	4.34191761921
2/26/1990 16:00:00	4.40277483141
2/27/1990 16:00:00	4.42769888657
2/28/1990 16:00:00	4.47349290041
3/1/1990 16:00:00	4.49906145414
3/2/1990 16:00:00	4.55141666995
3/5/1990 16:00:00	4.526637702
3/6/1990 16:00:00	4.53886574632
3/7/1990 16:00:00	4.52150974432
3/8/1990 16:00:00	4.58505107448
3/9/1990 16:00:00	4.60029044436
3/12/1990 16:00:00	4.59390678509
3/13/1990 16:00:00	4.55051840122
3/14/1990 16:00:00	4.56683346804
3/15/1990 16:00:00	4.59282930211
3/16/1990 16:00:00	4.6891762413
3/19/1990 16:00:00	4.73023038167
3/20/1990 16:00:00	4.66683498665
3/21/1990 16:00:00	4.6436709076
3/22/1990 16:00:00	4.5724243714
3/23/1990 16:00:00	4.61433916739
3/26/1990 16:00:00	4.65614530213
3/27/1990 16:00:00	4.67837428291
3/28/1990 16:00:00	4.60863577672
3/29/1990 16:00:00	4.58450523736
3/30/1990 16:00:00	4.58522186479
4/2/1990 16:00:00	4.57496703914
4/3/1990 16:00:00	4.66399059217
4/4/1990 16:00:00	4.63534273694
4/5/1990 16:00:00	4.6047593626
4/6/1990 16:00:00	4.57062721601
4/9/1990 16:00:00	4.56284683699
4/10/1990 16:00:00	4.58668806136
4/11/1990 16:00:00	4.6146157267
4/12/1990 16:00:00	4.64727569206
4/16/1990 16:00:00	4.6661683159
4/17/1990 16:00:00	4.65698924872
4/18/1990 16:00:00	4.5847851798
4/19/1990 16:00:00	4.53581295996
4/20/1990 16:00:00	4.48737946822
4/23/1990 16:00:00	4.4230296891
4/24/1990 16:00:00	4.40428096593
4/25/1990 16:00:00	4.4218839423
4/26/1990 16:00:00	4.42625829587
4/27/1990 16:00:00	4.3807312192
4/30/1990 16:00:00	4.42683327708
5/1/1990 16:00:00	4.4531462239
5/2/1990 16:00:00	4.48451362294
5/3/1990 16:00:00	4.51867640201
5/4/1990 16:00:00	4.57488483394
5/7/1990 16:00:00	4.62485484011
5/8/1990 16:00:00	4.62782923504
5/9/1990 16:00:00	4.63338441119
5/10/1990 16:00:00	4.66302824605
5/11/1990 16:00:00	4.75074163684
5/14/1990 16:00:00	4.81458056118
5/15/1990 16:00:00	4.82809193145
5/16/1990 16:00:00	4.84171039878
5/17/1990 16:00:00	4.87425470787
5/18/1990 16:00:00	4.91443325119
5/21/1990 16:00:00	4.99407559488
5/22/1990 16:00:00	5.00758500684
5/23/1990 16:00:00	5.07668725716
5/24/1990 16:00:00	5.09761536857
5/25/1990 16:00:00	4.99359446896
5/29/1990 16:00:00	5.07183511744
5/30/1990 16:00:00	5.08287013628
5/31/1990 16:00:00	5.07842118313
6/1/1990 16:00:00	5.11569218068
6/4/1990 16:00:00	5.16350010587
6/5/1990 16:00:00	5.11475093131
6/6/1990 16:00:00	5.11922611086
6/7/1990 16:00:00	5.10477758379
6/8/1990 16:00:00	5.04764340932
6/11/1990 16:00:00	5.09534234552
6/12/1990 16:00:00	5.16325421977
6/13/1990 16:00:00	5.20503777392
6/14/1990 16:00:00	5.17188116605
6/15/1990 16:00:00	5.17764611906
6/18/1990 16:00:00	5.08997958563
6/19/1990 16:00:00	5.09133660953
6/20/1990 16:00:00	5.10290792354
6/21/1990 16:00:00	5.12071468583
6/22/1990 16:00:00	5.0689605415
6/25/1990 16:00:00	5.00817595316
6/26/1990 16:00:00	5.00867395664
6/27/1990 16:00:00	5.0518530901
6/28/1990 16:00:00	5.10481490932
6/29/1990 16:00:00	5.12724391149
7/2/1990 16:00:00	5.126342976
7/3/1990 16:00:00	5.12124946909
7/5/1990 16:00:00	5.10218043164
7/6/1990 16:00:00	5.12718842475
7/9/1990 16:00:00	5.15155135185
7/10/1990 16:00:00	5.13129982076
7/11/1990 16:00:00	5.17673235873
7/12/1990 16:00:00	5.23366724071
7/13/1990 16:00:00	5.26189841646
7/16/1990 16:00:00	5.29281631094
7/17/1990 16:00:00	5.19269284293
7/18/1990 16:00:00	5.12159558203
7/19/1990 16:00:00	5.08242580414
7/20/1990 16:00:00	4.99724856694
7/23/1990 16:00:00	4.88842356256
7/24/1990 16:00:00	4.86914314412
7/25/1990 16:00:00	4.91812161117
7/26/1990 16:00:00	4.88443725532
7/27/1990 16:00:00	4.85075343567
7/30/1990 16:00:00	4.81384554865
7/31/1990 16:00:00	4.80230580272
8/1/1990 16:00:00	4.79646349535
8/2/1990 16:00:00	4.70731729474
8/3/1990 16:00:00	4.57044794772
8/6/1990 16:00:00	4.33071614625
8/7/1990 16:00:00	4.35647833607
8/8/1990 16:00:00	4.41932260669
8/9/1990 16:00:00	4.49549382908
8/10/1990 16:00:00	4.43322516147
8/13/1990 16:00:00	4.45877087651
8/14/1990 16:00:00	4.47754478724
8/15/1990 16:00:00	4.48116356079
8/16/1990 16:00:00	4.34624072722
8/17/1990 16:00:00	4.23131102719
8/20/1990 16:00:00	4.15077634531
8/21/1990 16:00:00	4.04659780024
8/22/1990 16:00:00	3.97692079442
8/23/1990 16:00:00	3.83244195603
8/24/1990 16:00:00	3.97578281267
8/27/1990 16:00:00	4.16941948081
8/28/1990 16:00:00	4.18937623143
8/29/1990 16:00:00	4.14635407748
8/30/1990 16:00:00	4.09946379671
8/31/1990 16:00:00	4.16154921903
9/4/1990 16:00:00	4.1858041195
9/5/1990 16:00:00	4.16578185023
9/6/1990 16:00:00	4.09815132928
9/7/1990 16:00:00	4.12240647961
9/10/1990 16:00:00	4.14064283254
9/11/1990 16:00:00	4.10439417333
9/12/1990 16:00:00	4.13423673561
9/13/1990 16:00:00	4.07757066107
9/14/1990 16:00:00	4.07323985072
9/17/1990 16:00:00	4.07503419382
9/18/1990 16:00:00	4.07124064642
9/19/1990 16:00:00	4.05713106235
9/20/1990 16:00:00	3.95404529836
9/21/1990 16:00:00	3.93725040701
9/24/1990 16:00:00	3.81697395593
9/25/1990 16:00:00	3.88367458984
9/26/1990 16:00:00	3.85667220822
9/27/1990 16:00:00	3.74349135806
9/28/1990 16:00:00	3.80503272556
10/1/1990 16:00:00	3.97005114304
10/2/1990 16:00:00	3.97399532834
10/3/1990 16:00:00	3.87908404142
10/4/1990 16:00:00	3.85734796899
10/5/1990 16:00:00	3.8330338748
10/8/1990 16:00:00	3.85879118585
10/9/1990 16:00:00	3.73111191656
10/10/1990 16:00:00	3.64168596627
10/11/1990 16:00:00	3.54989794322
10/12/1990 16:00:00	3.58253301973
10/15/1990 16:00:00	3.63912822427
10/16/1990 16:00:00	3.55615256545
10/17/1990 16:00:00	3.59437406716
10/18/1990 16:00:00	3.70415156184
10/19/1990 16:00:00	3.75225572391
10/22/1990 16:00:00	3.83699674199
10/23/1990 16:00:00	3.83342059344
10/24/1990 16:00:00	3.83489447175
10/25/1990 16:00:00	3.8105829275
10/26/1990 16:00:00	3.74329721353
10/29/1990 16:00:00	3.69051622098
10/30/1990 16:00:00	3.71713071995
10/31/1990 16:00:00	3.70764691886
11/1/1990 16:00:00	3.71470816172
11/2/1990 16:00:00	3.800195525
11/5/1990 16:00:00	3.87740906543
11/6/1990 16:00:00	3.87308077979
11/7/1990 16:00:00	3.80472446196
11/8/1990 16:00:00	3.81812295765
11/9/1990 16:00:00	3.91553055169
11/12/1990 16:00:00	4.05365153932
11/13/1990 16:00:00	4.07950932124
11/14/1990 16:00:00	4.13480136315
11/15/1990 16:00:00	4.07246197982
11/16/1990 16:00:00	3.9738140677
11/19/1990 16:00:00	4.01847045986
11/20/1990 16:00:00	3.93840880777
11/21/1990 16:00:00	3.95169776003
11/23/1990 16:00:00	3.95907847536
11/26/1990 16:00:00	3.97709356725
11/27/1990 16:00:00	4.06417925883
11/28/1990 16:00:00	4.0753186199
11/29/1990 16:00:00	4.1056853286
11/30/1990 16:00:00	4.13723331219
12/3/1990 16:00:00	4.17898511658
12/4/1990 16:00:00	4.20215365531
12/5/1990 16:00:00	4.2755916278
12/6/1990 16:00:00	4.28543987474
12/7/1990 16:00:00	4.28239832407
12/10/1990 16:00:00	4.2844051859
12/11/1990 16:00:00	4.22239489583
12/12/1990 16:00:00	4.25393995504
12/13/1990 16:00:00	4.25401370767
12/14/1990 16:00:00	4.2132721024
12/17/1990 16:00:00	4.19003861421
12/18/1990 16:00:00	4.2799049573
12/19/1990 16:00:00	4.30511108186
12/20/1990 16:00:00	4.32870612682
12/21/1990 16:00:00	4.35530809879
12/24/1990 16:00:00	4.3223006655
12/26/1990 16:00:00	4.30830418563
12/27/1990 16:00:00	4.27798268927
12/28/1990 16:00:00	4.28353345273
12/31/1990 16:00:00	4.30734222441
1/2/1991 16:00:00	4.29087601306
1/3/1991 16:00:00	4.21845574841
1/4/1991 16:00:00	4.22765827275
1/7/1991 16:00:00	4.1315051601
1/8/1991 16:00:00	4.12588759443
1/9/1991 16:00:00	4.11715590884
1/10/1991 16:00:00	4.21152247154
1/11/1991 16:00:00	4.21395920289
1/14/1991 16:00:00	4.16184051936
1/15/1991 16:00:00	4.19542100197
1/16/1991 16:00:00	4.35905057364
1/17/1991 16:00:00	4.49443408394
1/18/1991 16:00:00	4.54240120072
1/21/1991 16:00:00	4.60400603447
1/22/1991 16:00:00	4.55263848767
1/23/1991 16:00:00	4.63539703147
1/24/1991 16:00:00	4.72030211163
1/25/1991 16:00:00	4.74668115293
1/28/1991 16:00:00	4.77295261553
1/29/1991 16:00:00	4.82080739009
1/30/1991 16:00:00	4.92396307133
1/31/1991 16:00:00	4.9915743212
2/1/1991 16:00:00	5.03502360475
2/4/1991 16:00:00	5.08695527172
2/5/1991 16:00:00	5.18774359308
2/6/1991 16:00:00	5.30560303267
2/7/1991 16:00:00	5.22760547135
2/8/1991 16:00:00	5.25011302886
2/11/1991 16:00:00	5.3537955654
2/12/1991 16:00:00	5.33002342093
2/13/1991 16:00:00	5.37582983871
2/14/1991 16:00:00	5.27389024456
2/15/1991 16:00:00	5.33279575446
2/19/1991 16:00:00	5.38600935647
2/20/1991 16:00:00	5.32036327261
2/21/1991 16:00:00	5.30088723101
2/22/1991 16:00:00	5.33906829942
2/25/1991 16:00:00	5.36919619396
2/26/1991 16:00:00	5.32116063179
2/27/1991 16:00:00	5.36213224832
2/28/1991 16:00:00	5.37067909172
3/1/1991 16:00:00	5.41948704356
3/4/1991 16:00:00	5.44070209252
3/5/1991 16:00:00	5.62961664807
3/6/1991 16:00:00	5.65040015979
3/7/1991 16:00:00	5.68073861268
3/8/1991 16:00:00	5.64408340771
3/11/1991 16:00:00	5.47913516043
3/12/1991 16:00:00	5.3822546575
3/13/1991 16:00:00	5.51962957926
3/14/1991 16:00:00	5.49220965704
3/15/1991 16:00:00	5.46715233668
3/18/1991 16:00:00	5.48847245354
3/19/1991 16:00:00	5.45031836081
3/20/1991 16:00:00	5.49836909529
3/21/1991 16:00:00	5.43133773837
3/22/1991 16:00:00	5.41626549933
3/25/1991 16:00:00	5.4914750364
3/26/1991 16:00:00	5.68240703285
3/27/1991 16:00:00	5.72283202466
3/28/1991 16:00:00	5.68736187811
4/1/1991 16:00:00	5.68066126645
4/2/1991 16:00:00	5.87931437158
4/3/1991 16:00:00	5.90717728401
4/4/1991 16:00:00	5.95296678714
4/5/1991 16:00:00	5.91330964237
4/8/1991 16:00:00	5.91787838048
4/9/1991 16:00:00	5.85943727381
4/10/1991 16:00:00	5.81924524416
4/11/1991 16:00:00	5.97774104248
4/12/1991 16:00:00	5.99390132518
4/15/1991 16:00:00	5.97421123999
4/16/1991 16:00:00	6.05445234122
4/17/1991 16:00:00	6.08349286029
4/18/1991 16:00:00	5.96312048543
4/19/1991 16:00:00	5.88203513065
4/22/1991 16:00:00	5.82445734151
4/23/1991 16:00:00	5.84201332599
4/24/1991 16:00:00	5.89327232371
4/25/1991 16:00:00	5.83805680152
4/26/1991 16:00:00	5.82373525691
4/29/1991 16:00:00	5.71303164832
4/30/1991 16:00:00	5.65953651966
5/1/1991 16:00:00	5.67161977006
5/2/1991 16:00:00	5.72083841427
5/3/1991 16:00:00	5.73356426594
5/6/1991 16:00:00	5.73824112755
5/7/1991 16:00:00	5.71490623234
5/8/1991 16:00:00	5.734608817
5/9/1991 16:00:00	5.82203144257
5/10/1991 16:00:00	5.7676800709
5/13/1991 16:00:00	5.77364428201
5/14/1991 16:00:00	5.71135252544
5/15/1991 16:00:00	5.54002433608
5/16/1991 16:00:00	5.59546479462
5/17/1991 16:00:00	5.59048351227
5/20/1991 16:00:00	5.55083900879
5/21/1991 16:00:00	5.60735096438
5/22/1991 16:00:00	5.70249540486
5/23/1991 16:00:00	5.7343223366
5/24/1991 16:00:00	5.78428550826
5/28/1991 16:00:00	5.86729986455
5/29/1991 16:00:00	5.88839350689
5/30/1991 16:00:00	5.95015827295
5/31/1991 16:00:00	5.98788459238
6/3/1991 16:00:00	6.0293658941
6/4/1991 16:00:00	6.03350324682
6/5/1991 16:00:00	5.95265207617
6/6/1991 16:00:00	5.88489401612
6/7/1991 16:00:00	5.80672863698
6/10/1991 16:00:00	5.75957529107
6/11/1991 16:00:00	5.77841529745
6/12/1991 16:00:00	5.69327762784
6/13/1991 16:00:00	5.68250215277
6/14/1991 16:00:00	5.74705244236
6/17/1991 16:00:00	5.74207139441
6/18/1991 16:00:00	5.6971743523
6/19/1991 16:00:00	5.58532258876
6/20/1991 16:00:00	5.59150176465
6/21/1991 16:00:00	5.58544873827
6/24/1991 16:00:00	5.38379339422
6/25/1991 16:00:00	5.38611119173
6/26/1991 16:00:00	5.41729138471
6/27/1991 16:00:00	5.47744068783
6/28/1991 16:00:00	5.45465104599
7/1/1991 16:00:00	5.56029075061
7/2/1991 16:00:00	5.49522780956
7/3/1991 16:00:00	5.4165400742
7/5/1991 16:00:00	5.4068410435
7/8/1991 16:00:00	5.55603716746
7/9/1991 16:00:00	5.59354401357
7/10/1991 16:00:00	5.65025515811
7/11/1991 16:00:00	5.66126050605
7/12/1991 16:00:00	5.73846153
7/15/1991 16:00:00	5.76974303093
7/16/1991 16:00:00	5.67475100258
7/17/1991 16:00:00	5.65121089301
7/18/1991 16:00:00	5.71242390691
7/19/1991 16:00:00	5.72718348564
7/22/1991 16:00:00	5.67167405859
7/23/1991 16:00:00	5.56392025413
7/24/1991 16:00:00	5.53244341608
7/25/1991 16:00:00	5.60416863848
7/26/1991 16:00:00	5.66891944015
7/29/1991 16:00:00	5.67756381911
7/30/1991 16:00:00	5.77814337192
7/31/1991 16:00:00	5.83902952956
8/1/1991 16:00:00	5.88371625094
8/2/1991 16:00:00	5.91005897969
8/5/1991 16:00:00	5.83899787797
8/6/1991 16:00:00	5.89430330008
8/7/1991 16:00:00	5.93287431944
8/8/1991 16:00:00	5.98045501871
8/9/1991 16:00:00	5.96742778415
8/12/1991 16:00:00	6.01232575462
8/13/1991 16:00:00	6.05990469436
8/14/1991 16:00:00	6.10823382442
8/15/1991 16:00:00	6.04564937864
8/16/1991 16:00:00	5.99625992648
8/19/1991 16:00:00	5.83424363954
8/20/1991 16:00:00	5.88225156177
8/21/1991 16:00:00	6.13673753307
8/22/1991 16:00:00	6.104295724
8/23/1991 16:00:00	6.1518709152
8/26/1991 16:00:00	6.15021359049
8/27/1991 16:00:00	6.15177326684
8/28/1991 16:00:00	6.21822443481
8/29/1991 16:00:00	6.19060995688
8/30/1991 16:00:00	6.16514117164
9/3/1991 16:00:00	6.0991299781
9/4/1991 16:00:00	6.04513293576
9/5/1991 16:00:00	6.02191782112
9/6/1991 16:00:00	6.00535334582
9/9/1991 16:00:00	6.03479994592
9/10/1991 16:00:00	5.92846658439
9/11/1991 16:00:00	5.99856089354
9/12/1991 16:00:00	6.12495998173
9/13/1991 16:00:00	5.99503362828
9/16/1991 16:00:00	5.97525285636
9/17/1991 16:00:00	5.96480215873
9/18/1991 16:00:00	6.0279228088
9/19/1991 16:00:00	6.08096140061
9/20/1991 16:00:00	6.14794077022
9/23/1991 16:00:00	6.10992740582
9/24/1991 16:00:00	6.16307143575
9/25/1991 16:00:00	6.19830479557
9/26/1991 16:00:00	6.17519921876
9/27/1991 16:00:00	6.13279029126
9/30/1991 16:00:00	6.16695092069
10/1/1991 16:00:00	6.18481058343
10/2/1991 16:00:00	6.11377038109
10/3/1991 16:00:00	6.01399199451
10/4/1991 16:00:00	6.01619644951
10/7/1991 16:00:00	5.98140406451
10/8/1991 16:00:00	6.00559157778
10/9/1991 16:00:00	5.930159361
10/10/1991 16:00:00	5.98597989151
10/11/1991 16:00:00	6.03708198514
10/14/1991 16:00:00	6.15852650885
10/15/1991 16:00:00	6.2902627608
10/16/1991 16:00:00	6.38339479438
10/17/1991 16:00:00	6.27204133329
10/18/1991 16:00:00	6.28582363015
10/21/1991 16:00:00	6.2375218786
10/22/1991 16:00:00	6.23586438452
10/23/1991 16:00:00	6.20493414032
10/24/1991 16:00:00	6.12564634914
10/25/1991 16:00:00	6.06748308344
10/28/1991 16:00:00	6.14109644503
10/29/1991 16:00:00	6.22060568202
10/30/1991 16:00:00	6.31994983105
10/31/1991 16:00:00	6.27240148571
11/1/1991 16:00:00	6.21874235293
11/4/1991 16:00:00	6.15286108373
11/5/1991 16:00:00	6.19816482688
11/6/1991 16:00:00	6.20626416649
11/7/1991 16:00:00	6.28008640284
11/8/1991 16:00:00	6.33739602983
11/11/1991 16:00:00	6.38655706643
11/12/1991 16:00:00	6.47484959094
11/13/1991 16:00:00	6.49334565654
11/14/1991 16:00:00	6.45502034426
11/15/1991 16:00:00	6.10063881772
11/18/1991 16:00:00	6.18785894216
11/19/1991 16:00:00	6.09775510199
11/20/1991 16:00:00	6.11518094653
11/21/1991 16:00:00	6.18814019596
11/22/1991 16:00:00	6.13899124035
11/25/1991 16:00:00	6.06808012449
11/26/1991 16:00:00	6.09193829422
11/27/1991 16:00:00	6.11536750773
11/29/1991 16:00:00	6.10599240674
12/2/1991 16:00:00	6.30190824308
12/3/1991 16:00:00	6.30218014451
12/4/1991 16:00:00	6.32710725289
12/5/1991 16:00:00	6.31044130211
12/6/1991 16:00:00	6.34909029764
12/9/1991 16:00:00	6.34110674787
12/10/1991 16:00:00	6.35295574018
12/11/1991 16:00:00	6.32106784516
12/12/1991 16:00:00	6.38822907963
12/13/1991 16:00:00	6.46010516303
12/16/1991 16:00:00	6.49628524663
12/17/1991 16:00:00	6.40758605612
12/18/1991 16:00:00	6.42307744528
12/19/1991 16:00:00	6.31412106221
12/20/1991 16:00:00	6.34172609616
12/23/1991 16:00:00	6.50192334833
12/24/1991 16:00:00	6.58311985581
12/26/1991 16:00:00	6.7244476329
12/27/1991 16:00:00	6.79074268979
12/30/1991 16:00:00	7.00420229976
12/31/1991 16:00:00	7.09246750391
1/2/1992 16:00:00	7.14621709821
1/3/1992 16:00:00	7.17745831177
1/6/1992 16:00:00	7.22177429397
1/7/1992 16:00:00	7.28066673996
1/8/1992 16:00:00	7.38018009824
1/9/1992 16:00:00	7.50938021973
1/10/1992 16:00:00	7.44051131855
1/13/1992 16:00:00	7.46521101458
1/14/1992 16:00:00	7.55785961747
1/15/1992 16:00:00	7.62221270712
1/16/1992 16:00:00	7.54327122
1/17/1992 16:00:00	7.49637609766
1/20/1992 16:00:00	7.32655307793
1/21/1992 16:00:00	7.03134102614
1/22/1992 16:00:00	7.42310604256
1/23/1992 16:00:00	7.41779584496
1/24/1992 16:00:00	7.40444730105
1/27/1992 16:00:00	7.29775541122
1/28/1992 16:00:00	7.30552059336
1/29/1992 16:00:00	7.22926647664
1/30/1992 16:00:00	7.25267868382
1/31/1992 16:00:00	7.25112064084
2/3/1992 16:00:00	7.31675542724
2/4/1992 16:00:00	7.43532840674
2/5/1992 16:00:00	7.51982093589
2/6/1992 16:00:00	7.48139747775
2/7/1992 16:00:00	7.43279347006
2/10/1992 16:00:00	7.3990857709
2/11/1992 16:00:00	7.38123875279
2/12/1992 16:00:00	7.6291469163
2/13/1992 16:00:00	7.49695979929
2/14/1992 16:00:00	7.43014132553
2/18/1992 16:00:00	7.25541700138
2/19/1992 16:00:00	7.24496495934
2/20/1992 16:00:00	7.4008178786
2/21/1992 16:00:00	7.33764582433
2/24/1992 16:00:00	7.2641871678
2/25/1992 16:00:00	7.25052094283
2/26/1992 16:00:00	7.4536230979
2/27/1992 16:00:00	7.44456364216
2/28/1992 16:00:00	7.41214506805
3/2/1992 16:00:00	7.42826585767
3/3/1992 16:00:00	7.40827683455
3/4/1992 16:00:00	7.32046430688
3/5/1992 16:00:00	7.2327604321
3/6/1992 16:00:00	7.13584358756
3/9/1992 16:00:00	7.14253712851
3/10/1992 16:00:00	7.29258921897
3/11/1992 16:00:00	7.17949548446
3/12/1992 16:00:00	7.17483081201
3/13/1992 16:00:00	7.20991656253
3/16/1992 16:00:00	7.24853692453
3/17/1992 16:00:00	7.34801260522
3/18/1992 16:00:00	7.34163280656
3/19/1992 16:00:00	7.33996720776
3/20/1992 16:00:00	7.30380378031
3/23/1992 16:00:00	7.26453421011
3/24/1992 16:00:00	7.21947953113
3/25/1992 16:00:00	7.23484964285
3/26/1992 16:00:00	7.14137190215
3/27/1992 16:00:00	6.94686875952
3/30/1992 16:00:00	6.90674635462
3/31/1992 16:00:00	6.92168950998
4/1/1992 16:00:00	6.94016856538
4/2/1992 16:00:00	6.80620164858
4/3/1992 16:00:00	6.77872273517
4/6/1992 16:00:00	6.9536080779
4/7/1992 16:00:00	6.70512553825
4/8/1992 16:00:00	6.65997267956
4/9/1992 16:00:00	6.845996211
4/10/1992 16:00:00	6.70560858081
4/13/1992 16:00:00	6.79478940916
4/14/1992 16:00:00	6.86757875189
4/15/1992 16:00:00	6.98578714009
4/16/1992 16:00:00	6.83929685965
4/20/1992 16:00:00	6.59586602085
4/21/1992 16:00:00	6.54761002334
4/22/1992 16:00:00	6.63143192057
4/23/1992 16:00:00	6.58810339163
4/24/1992 16:00:00	6.50867794083
4/27/1992 16:00:00	6.41939863289
4/28/1992 16:00:00	6.31169729447
4/29/1992 16:00:00	6.49052784968
4/30/1992 16:00:00	6.59512554365
5/1/1992 16:00:00	6.58682598969
5/4/1992 16:00:00	6.65618179999
5/5/1992 16:00:00	6.74299561546
5/6/1992 16:00:00	6.75011893278
5/7/1992 16:00:00	6.69908135361
5/8/1992 16:00:00	6.6677527803
5/11/1992 16:00:00	6.6813020477
5/12/1992 16:00:00	6.64140572498
5/13/1992 16:00:00	6.61371958134
5/14/1992 16:00:00	6.52359226711
5/15/1992 16:00:00	6.49076672263
5/18/1992 16:00:00	6.5241313093
5/19/1992 16:00:00	6.56338585807
5/20/1992 16:00:00	6.63059308428
5/21/1992 16:00:00	6.59605440606
5/22/1992 16:00:00	6.6054268795
5/26/1992 16:00:00	6.55214600241
5/27/1992 16:00:00	6.59878920962
5/28/1992 16:00:00	6.68237966158
5/29/1992 16:00:00	6.75333151211
6/1/1992 16:00:00	6.83220719975
6/2/1992 16:00:00	6.79477641216
6/3/1992 16:00:00	6.79697168929
6/4/1992 16:00:00	6.76682466812
6/5/1992 16:00:00	6.70915539345
6/8/1992 16:00:00	6.64452650297
6/9/1992 16:00:00	6.52935166991
6/10/1992 16:00:00	6.48100239884
6/11/1992 16:00:00	6.48041565003
6/12/1992 16:00:00	6.51323958323
6/15/1992 16:00:00	6.50794073695
6/16/1992 16:00:00	6.40808480301
6/17/1992 16:00:00	6.28370819189
6/18/1992 16:00:00	6.25228269174
6/19/1992 16:00:00	6.35781721807
6/22/1992 16:00:00	6.32307208927
6/23/1992 16:00:00	6.37013815203
6/24/1992 16:00:00	6.32393573671
6/25/1992 16:00:00	6.23747184117
6/26/1992 16:00:00	6.21118779742
6/29/1992 16:00:00	6.44167854264
6/30/1992 16:00:00	6.45094311267
7/1/1992 16:00:00	6.55368528543
7/2/1992 16:00:00	6.44323808276
7/6/1992 16:00:00	6.47584469003
7/7/1992 16:00:00	6.34441375214
7/8/1992 16:00:00	6.37209501486
7/9/1992 16:00:00	6.47119362695
7/10/1992 16:00:00	6.48495426987
7/13/1992 16:00:00	6.53083657436
7/14/1992 16:00:00	6.62211503725
7/15/1992 16:00:00	6.62516790216
7/16/1992 16:00:00	6.66558677047
7/17/1992 16:00:00	6.54262072609
7/20/1992 16:00:00	6.43346799653
7/21/1992 16:00:00	6.53309503123
7/22/1992 16:00:00	6.44889039494
7/23/1992 16:00:00	6.47721076857
7/24/1992 16:00:00	6.49707294309
7/27/1992 16:00:00	6.46308282579
7/28/1992 16:00:00	6.56827307568
7/29/1992 16:00:00	6.63995165848
7/30/1992 16:00:00	6.65767058787
7/31/1992 16:00:00	6.6567610952
8/3/1992 16:00:00	6.69642702863
8/4/1992 16:00:00	6.6605099862
8/5/1992 16:00:00	6.56432009413
8/6/1992 16:00:00	6.52091066153
8/7/1992 16:00:00	6.49420241366
8/10/1992 16:00:00	6.51374189376
8/11/1992 16:00:00	6.47686396854
8/12/1992 16:00:00	6.44351887749
8/13/1992 16:00:00	6.45031917248
8/14/1992 16:00:00	6.47071496368
8/17/1992 16:00:00	6.43116231319
8/18/1992 16:00:00	6.43228865062
8/19/1992 16:00:00	6.38674228294
8/20/1992 16:00:00	6.41045570399
8/21/1992 16:00:00	6.33044170094
8/24/1992 16:00:00	6.22388131074
8/25/1992 16:00:00	6.25316197046
8/26/1992 16:00:00	6.34131611006
8/27/1992 16:00:00	6.41095068226
8/28/1992 16:00:00	6.40394247303
8/31/1992 16:00:00	6.40656767324
9/1/1992 16:00:00	6.46453240952
9/2/1992 16:00:00	6.56285026022
9/3/1992 16:00:00	6.59715776077
9/4/1992 16:00:00	6.55910652001
9/8/1992 16:00:00	6.54567486629
9/9/1992 16:00:00	6.6359612653
9/10/1992 16:00:00	6.73919772156
9/11/1992 16:00:00	6.74717180484
9/14/1992 16:00:00	6.9491973758
9/15/1992 16:00:00	6.84756840981
9/16/1992 16:00:00	6.81668887708
9/17/1992 16:00:00	6.83354518259
9/18/1992 16:00:00	6.84794039236
9/21/1992 16:00:00	6.83386524857
9/22/1992 16:00:00	6.72721057147
9/23/1992 16:00:00	6.76012182004
9/24/1992 16:00:00	6.79688534825
9/25/1992 16:00:00	6.64035978827
9/28/1992 16:00:00	6.58989812594
9/29/1992 16:00:00	6.64935116519
9/30/1992 16:00:00	6.70355923237
10/1/1992 16:00:00	6.61467760505
10/2/1992 16:00:00	6.51520237413
10/5/1992 16:00:00	6.50006039121
10/6/1992 16:00:00	6.59151058562
10/7/1992 16:00:00	6.5362367846
10/8/1992 16:00:00	6.59975367949
10/9/1992 16:00:00	6.54148389265
10/12/1992 16:00:00	6.59440521925
10/13/1992 16:00:00	6.63769404836
10/14/1992 16:00:00	6.62597647827
10/15/1992 16:00:00	6.68050134746
10/16/1992 16:00:00	6.77140938561
10/19/1992 16:00:00	6.90833109317
10/20/1992 16:00:00	6.92101064061
10/21/1992 16:00:00	6.97852740854
10/22/1992 16:00:00	6.97900694102
10/23/1992 16:00:00	6.96493342542
10/26/1992 16:00:00	7.00190313359
10/27/1992 16:00:00	6.93239940378
10/28/1992 16:00:00	6.99119782019
10/29/1992 16:00:00	7.08562828925
10/30/1992 16:00:00	7.04416133921
11/2/1992 16:00:00	7.06925104426
11/3/1992 16:00:00	6.97578164624
11/4/1992 16:00:00	7.01414029012
11/5/1992 16:00:00	7.20090823081
11/6/1992 16:00:00	7.23626816499
11/9/1992 16:00:00	7.28842653687
11/10/1992 16:00:00	7.36979515759
11/11/1992 16:00:00	7.44388606797
11/12/1992 16:00:00	7.42125013363
11/13/1992 16:00:00	7.45735597324
11/16/1992 16:00:00	7.37469675452
11/17/1992 16:00:00	7.23768551198
11/18/1992 16:00:00	7.36773193219
11/19/1992 16:00:00	7.41999304997
11/20/1992 16:00:00	7.46380056526
11/23/1992 16:00:00	7.34894017055
11/24/1992 16:00:00	7.48871806326
11/25/1992 16:00:00	7.48191824916
11/27/1992 16:00:00	7.47447663783
11/30/1992 16:00:00	7.50961601079
12/1/1992 16:00:00	7.54614636022
12/2/1992 16:00:00	7.52254943346
12/3/1992 16:00:00	7.59138815163
12/4/1992 16:00:00	7.66857021309
12/7/1992 16:00:00	7.7420068972
12/8/1992 16:00:00	7.71498629104
12/9/1992 16:00:00	7.65587094802
12/10/1992 16:00:00	7.58605846101
12/11/1992 16:00:00	7.50768881752
12/14/1992 16:00:00	7.47574965797
12/15/1992 16:00:00	7.42305719217
12/16/1992 16:00:00	7.46589633376
12/17/1992 16:00:00	7.63475287792
12/18/1992 16:00:00	7.65715693259
12/21/1992 16:00:00	7.68790498816
12/22/1992 16:00:00	7.6087906348
12/23/1992 16:00:00	7.62702224823
12/24/1992 16:00:00	7.64974688139
12/28/1992 16:00:00	7.6818846994
12/29/1992 16:00:00	7.69776225726
12/30/1992 16:00:00	7.70037540945
12/31/1992 16:00:00	7.70566274401
1/4/1993 16:00:00	7.62398485661
1/5/1993 16:00:00	7.70660983697
1/6/1993 16:00:00	7.85063278977
1/7/1993 16:00:00	7.78735410471
1/8/1993 16:00:00	7.81991641471
1/11/1993 16:00:00	7.9324869909
1/12/1993 16:00:00	7.87038559312
1/13/1993 16:00:00	8.04028622181
1/14/1993 16:00:00	8.15766578403
1/15/1993 16:00:00	8.11257042162
1/18/1993 16:00:00	8.10223832481
1/19/1993 16:00:00	8.04366720266
1/20/1993 16:00:00	8.03740027159
1/21/1993 16:00:00	8.11455921285
1/22/1993 16:00:00	8.08198033651
1/25/1993 16:00:00	8.15111604425
1/26/1993 16:00:00	8.11511476754
1/27/1993 16:00:00	7.97034164285
1/28/1993 16:00:00	7.92867421493
1/29/1993 16:00:00	7.92636506154
2/1/1993 16:00:00	8.03143533681
2/2/1993 16:00:00	8.07340299753
2/3/1993 16:00:00	8.0539810917
2/4/1993 16:00:00	8.00493451265
2/5/1993 16:00:00	7.8926828614
2/8/1993 16:00:00	7.82257011754
2/9/1993 16:00:00	7.76315309765
2/10/1993 16:00:00	7.85613329634
2/11/1993 16:00:00	7.83521731575
2/12/1993 16:00:00	7.72532392671
2/16/1993 16:00:00	7.41940686805
2/17/1993 16:00:00	7.39838716074
2/18/1993 16:00:00	7.44901833745
2/19/1993 16:00:00	7.44115280113
2/22/1993 16:00:00	7.2792946333
2/23/1993 16:00:00	7.29827155068
2/24/1993 16:00:00	7.48824180705
2/25/1993 16:00:00	7.52111906022
2/26/1993 16:00:00	7.50983123548
3/1/1993 16:00:00	7.46603493297
3/2/1993 16:00:00	7.61814275488
3/3/1993 16:00:00	7.69828227663
3/4/1993 16:00:00	7.6034791664
3/5/1993 16:00:00	7.60416742093
3/8/1993 16:00:00	7.68697841193
3/9/1993 16:00:00	7.68606178203
3/10/1993 16:00:00	7.72577873683
3/11/1993 16:00:00	7.73587508093
3/12/1993 16:00:00	7.75538157897
3/15/1993 16:00:00	7.79092674779
3/16/1993 16:00:00	7.775788027
3/17/1993 16:00:00	7.60560917835
3/18/1993 16:00:00	7.60223419928
3/19/1993 16:00:00	7.51781136171
3/22/1993 16:00:00	7.47198930559
3/23/1993 16:00:00	7.4445581484
3/24/1993 16:00:00	7.45241108175
3/25/1993 16:00:00	7.57787557531
3/26/1993 16:00:00	7.54082126625
3/29/1993 16:00:00	7.51424595668
3/30/1993 16:00:00	7.64922276416
3/31/1993 16:00:00	7.68551387318
4/1/1993 16:00:00	7.57671934675
4/2/1993 16:00:00	7.2953668321
4/5/1993 16:00:00	7.37068299916
4/6/1993 16:00:00	7.28188691257
4/7/1993 16:00:00	7.38082978839
4/8/1993 16:00:00	7.30326057645
4/12/1993 16:00:00	7.46239229925
4/13/1993 16:00:00	7.39530058898
4/14/1993 16:00:00	7.40849846743
4/15/1993 16:00:00	7.3529544809
4/16/1993 16:00:00	7.28351360286
4/19/1993 16:00:00	7.215142632
4/20/1993 16:00:00	7.2494021924
4/21/1993 16:00:00	7.27361216864
4/22/1993 16:00:00	7.23688659529
4/23/1993 16:00:00	7.13377478346
4/26/1993 16:00:00	6.99731129258
4/27/1993 16:00:00	7.15375896694
4/28/1993 16:00:00	7.26188510276
4/29/1993 16:00:00	7.24728931698
4/30/1993 16:00:00	7.26786312639
5/3/1993 16:00:00	7.37523743266
5/4/1993 16:00:00	7.55284131849
5/5/1993 16:00:00	7.59692946129
5/6/1993 16:00:00	7.51926320513
5/7/1993 16:00:00	7.55159280391
5/10/1993 16:00:00	7.5860592366
5/11/1993 16:00:00	7.54666264019
5/12/1993 16:00:00	7.50288374427
5/13/1993 16:00:00	7.43334513226
5/14/1993 16:00:00	7.47796608479
5/17/1993 16:00:00	7.53926166755
5/18/1993 16:00:00	7.61038917204
5/19/1993 16:00:00	7.79577830349
5/20/1993 16:00:00	7.91927738537
5/21/1993 16:00:00	7.83830253841
5/24/1993 16:00:00	7.84721830165
5/25/1993 16:00:00	7.8285582895
5/26/1993 16:00:00	8.00218147263
5/27/1993 16:00:00	7.96759514368
5/28/1993 16:00:00	7.8687727729
6/1/1993 16:00:00	7.96319317446
6/2/1993 16:00:00	7.96644322505
6/3/1993 16:00:00	7.95302011886
6/4/1993 16:00:00	7.87953173257
6/7/1993 16:00:00	7.78819618492
6/8/1993 16:00:00	7.71086223546
6/9/1993 16:00:00	7.70032743583
6/10/1993 16:00:00	7.6853035929
6/11/1993 16:00:00	7.76058923648
6/14/1993 16:00:00	7.84752183892
6/15/1993 16:00:00	7.84382626596
6/16/1993 16:00:00	7.80187060864
6/17/1993 16:00:00	7.7803276054
6/18/1993 16:00:00	7.65095313675
6/21/1993 16:00:00	7.64886188103
6/22/1993 16:00:00	7.61321460734
6/23/1993 16:00:00	7.58611648801
6/24/1993 16:00:00	7.64782530302
6/25/1993 16:00:00	7.74180606063
6/28/1993 16:00:00	7.87479117489
6/29/1993 16:00:00	7.82151007757
6/30/1993 16:00:00	7.82497466082
7/1/1993 16:00:00	7.77372586383
7/2/1993 16:00:00	7.78402939196
7/6/1993 16:00:00	7.71087549045
7/7/1993 16:00:00	7.64819412593
7/8/1993 16:00:00	7.70872275153
7/9/1993 16:00:00	7.74627507719
7/12/1993 16:00:00	7.75497594838
7/13/1993 16:00:00	7.73589435073
7/14/1993 16:00:00	7.77344556624
7/15/1993 16:00:00	7.70339435371
7/16/1993 16:00:00	7.50255559215
7/19/1993 16:00:00	7.45954105421
7/20/1993 16:00:00	7.60266358665
7/21/1993 16:00:00	7.53582136404
7/22/1993 16:00:00	7.44419089151
7/23/1993 16:00:00	7.54788206397
7/26/1993 16:00:00	7.61620543802
7/27/1993 16:00:00	7.52233311746
7/28/1993 16:00:00	7.62473909895
7/29/1993 16:00:00	7.63579032694
7/30/1993 16:00:00	7.54031714567
8/2/1993 16:00:00	7.59122220496
8/3/1993 16:00:00	7.61210349456
8/4/1993 16:00:00	7.69505928742
8/5/1993 16:00:00	7.74403884108
8/6/1993 16:00:00	7.75968267294
8/9/1993 16:00:00	7.74145880856
8/10/1993 16:00:00	7.66340426168
8/11/1993 16:00:00	7.68663411239
8/12/1993 16:00:00	7.67952212219
8/13/1993 16:00:00	7.70189660025
8/16/1993 16:00:00	7.91860565163
8/17/1993 16:00:00	7.99460922844
8/18/1993 16:00:00	8.0299078392
8/19/1993 16:00:00	7.91125945989
8/20/1993 16:00:00	7.92412297427
8/23/1993 16:00:00	7.9159407826
8/24/1993 16:00:00	7.92677489743
8/25/1993 16:00:00	7.86165232074
8/26/1993 16:00:00	7.79140385042
8/27/1993 16:00:00	7.83044082624
8/30/1993 16:00:00	7.89030863668
8/31/1993 16:00:00	7.96171293966
9/1/1993 16:00:00	7.99391129577
9/2/1993 16:00:00	8.00250063235
9/3/1993 16:00:00	7.98406306656
9/7/1993 16:00:00	7.83391341279
9/8/1993 16:00:00	7.79464767048
9/9/1993 16:00:00	7.86839907944
9/10/1993 16:00:00	7.91822228306
9/13/1993 16:00:00	7.85310597087
9/14/1993 16:00:00	7.78051390019
9/15/1993 16:00:00	7.84721337813
9/16/1993 16:00:00	7.81339652227
9/17/1993 16:00:00	7.82284131595
9/20/1993 16:00:00	7.84991011346
9/21/1993 16:00:00	7.81118098628
9/22/1993 16:00:00	7.98960496939
9/23/1993 16:00:00	8.05501792008
9/24/1993 16:00:00	8.07578247342
9/27/1993 16:00:00	8.17110071605
9/28/1993 16:00:00	8.24612322172
9/29/1993 16:00:00	8.26464318326
9/30/1993 16:00:00	8.17539194296
10/1/1993 16:00:00	8.17735643381
10/4/1993 16:00:00	8.20901354808
10/5/1993 16:00:00	8.14443707025
10/6/1993 16:00:00	8.1261091449
10/7/1993 16:00:00	8.07424410843
10/8/1993 16:00:00	8.14509776393
10/11/1993 16:00:00	8.13093507979
10/12/1993 16:00:00	8.17166895086
10/13/1993 16:00:00	8.25138416936
10/14/1993 16:00:00	8.37275047183
10/15/1993 16:00:00	8.38261693715
10/18/1993 16:00:00	8.3270150421
10/19/1993 16:00:00	8.17486916627
10/20/1993 16:00:00	8.20043513064
10/21/1993 16:00:00	8.27352567778
10/22/1993 16:00:00	8.29129461892
10/25/1993 16:00:00	8.2744620343
10/26/1993 16:00:00	8.21448540393
10/27/1993 16:00:00	8.33509569493
10/28/1993 16:00:00	8.31356429835
10/29/1993 16:00:00	8.35066134064
11/1/1993 16:00:00	8.43698850397
11/2/1993 16:00:00	8.44311550057
11/3/1993 16:00:00	8.28521497439
11/4/1993 16:00:00	8.06164305522
11/5/1993 16:00:00	8.19335406335
11/8/1993 16:00:00	8.21923790722
11/9/1993 16:00:00	8.24191792215
11/10/1993 16:00:00	8.39284474223
11/11/1993 16:00:00	8.42855092048
11/12/1993 16:00:00	8.4394822787
11/15/1993 16:00:00	8.35281558999
11/16/1993 16:00:00	8.40090751056
11/17/1993 16:00:00	8.23896281668
11/18/1993 16:00:00	8.15229914623
11/19/1993 16:00:00	8.12714183731
11/22/1993 16:00:00	7.97342462333
11/23/1993 16:00:00	8.14100050113
11/24/1993 16:00:00	8.22240574125
11/26/1993 16:00:00	8.24967480227
11/29/1993 16:00:00	8.18276873938
11/30/1993 16:00:00	8.25904681207
12/1/1993 16:00:00	8.39105847754
12/2/1993 16:00:00	8.45975269579
12/3/1993 16:00:00	8.57948182079
12/6/1993 16:00:00	8.52026353179
12/7/1993 16:00:00	8.47706086589
12/8/1993 16:00:00	8.43054975579
12/9/1993 16:00:00	8.2690509276
12/10/1993 16:00:00	8.26279267161
12/13/1993 16:00:00	8.28023678652
12/14/1993 16:00:00	8.17447383661
12/15/1993 16:00:00	8.21957047384
12/16/1993 16:00:00	8.24587536719
12/17/1993 16:00:00	8.3067713024
12/20/1993 16:00:00	8.32133161238
12/21/1993 16:00:00	8.29542973892
12/22/1993 16:00:00	8.29312171732
12/23/1993 16:00:00	8.33394465935
12/27/1993 16:00:00	8.36633266759
12/28/1993 16:00:00	8.42818519906
12/29/1993 16:00:00	8.44178341009
12/30/1993 16:00:00	8.4917846807
12/31/1993 16:00:00	8.50356687571
1/3/1994 16:00:00	8.4447848923
1/4/1994 16:00:00	8.50151042401
1/5/1994 16:00:00	8.56293216887
1/6/1994 16:00:00	8.62990355542
1/7/1994 16:00:00	8.64200474903
1/10/1994 16:00:00	8.7301112739
1/11/1994 16:00:00	8.70741134351
1/12/1994 16:00:00	8.72057884964
1/13/1994 16:00:00	8.71047540682
1/14/1994 16:00:00	8.79046579267
1/17/1994 16:00:00	8.76990113442
1/18/1994 16:00:00	8.77324742889
1/19/1994 16:00:00	8.67561409677
1/20/1994 16:00:00	8.78549002125
1/21/1994 16:00:00	8.78670114454
1/24/1994 16:00:00	8.73624999485
1/25/1994 16:00:00	8.67747360765
1/26/1994 16:00:00	8.69256152868
1/27/1994 16:00:00	8.75098497252
1/28/1994 16:00:00	8.80620549522
1/31/1994 16:00:00	8.83751622424
2/1/1994 16:00:00	8.75696747497
2/2/1994 16:00:00	8.79019924733
2/3/1994 16:00:00	8.75319922663
2/4/1994 16:00:00	8.48480268805
2/7/1994 16:00:00	8.53041649609
2/8/1994 16:00:00	8.56962594593
2/9/1994 16:00:00	8.62185626567
2/10/1994 16:00:00	8.56628815091
2/11/1994 16:00:00	8.57731975272
2/14/1994 16:00:00	8.64726536429
2/15/1994 16:00:00	8.71486217992
2/16/1994 16:00:00	8.72461167347
2/17/1994 16:00:00	8.69572701476
2/18/1994 16:00:00	8.70739747315
2/22/1994 16:00:00	8.7615443394
2/23/1994 16:00:00	8.72796357644
2/24/1994 16:00:00	8.59726631052
2/25/1994 16:00:00	8.67531825381
2/28/1994 16:00:00	8.79733780043
3/1/1994 16:00:00	8.74433473992
3/2/1994 16:00:00	8.71203601882
3/3/1994 16:00:00	8.71175388246
3/4/1994 16:00:00	8.79321620316
3/7/1994 16:00:00	8.86379260825
3/8/1994 16:00:00	8.7926499967
3/9/1994 16:00:00	8.81627056177
3/10/1994 16:00:00	8.74555607945
3/11/1994 16:00:00	8.73823026517
3/14/1994 16:00:00	8.81285941321
3/15/1994 16:00:00	8.81065511358
3/16/1994 16:00:00	8.86351380774
3/17/1994 16:00:00	8.93045741186
3/18/1994 16:00:00	8.91053820859
3/21/1994 16:00:00	8.8137901374
3/22/1994 16:00:00	8.76420860243
3/23/1994 16:00:00	8.76051074732
3/24/1994 16:00:00	8.62001724118
3/25/1994 16:00:00	8.53330416888
3/28/1994 16:00:00	8.40647310448
3/29/1994 16:00:00	8.17336720069
3/30/1994 16:00:00	8.11461627577
3/31/1994 16:00:00	8.17238367094
4/4/1994 16:00:00	8.01141533602
4/5/1994 16:00:00	8.30776224801
4/6/1994 16:00:00	8.29595973367
4/7/1994 16:00:00	8.34305409352
4/8/1994 16:00:00	8.21345773763
4/11/1994 16:00:00	8.19098665252
4/12/1994 16:00:00	8.01188687354
4/13/1994 16:00:00	7.83663145773
4/14/1994 16:00:00	7.80242723865
4/15/1994 16:00:00	7.81602227568
4/18/1994 16:00:00	7.69155733246
4/19/1994 16:00:00	7.62534782461
4/20/1994 16:00:00	7.5830384802
4/21/1994 16:00:00	7.83135031143
4/22/1994 16:00:00	7.8752436998
4/25/1994 16:00:00	7.99701878376
4/26/1994 16:00:00	8.01125096304
4/28/1994 16:00:00	7.94696296444
4/29/1994 16:00:00	7.96396922652
5/2/1994 16:00:00	8.10408910453
5/3/1994 16:00:00	8.04534898044
5/4/1994 16:00:00	8.05509972976
5/5/1994 16:00:00	8.06997148275
5/6/1994 16:00:00	7.99181705563
5/9/1994 16:00:00	7.85157610345
5/10/1994 16:00:00	7.8946118803
5/11/1994 16:00:00	7.79128482347
5/12/1994 16:00:00	7.82237323506
5/13/1994 16:00:00	7.78348075777
5/16/1994 16:00:00	7.6910375247
5/17/1994 16:00:00	7.69119004261
5/18/1994 16:00:00	7.86372733506
5/19/1994 16:00:00	7.93022883329
5/20/1994 16:00:00	7.90157780791
5/23/1994 16:00:00	7.89127505845
5/24/1994 16:00:00	8.04289765421
5/25/1994 16:00:00	8.06928770643
5/26/1994 16:00:00	8.01716919584
5/27/1994 16:00:00	8.03865271877
5/31/1994 16:00:00	8.08210931574
6/1/1994 16:00:00	8.09015191863
6/2/1994 16:00:00	8.12059388847
6/3/1994 16:00:00	8.16575515052
6/6/1994 16:00:00	8.16611676384
6/7/1994 16:00:00	8.10610741603
6/8/1994 16:00:00	7.91426480246
6/9/1994 16:00:00	7.89926915533
6/10/1994 16:00:00	7.99178826505
6/13/1994 16:00:00	7.93284854947
6/14/1994 16:00:00	8.05011017476
6/15/1994 16:00:00	8.05857878512
6/16/1994 16:00:00	8.05894122192
6/17/1994 16:00:00	7.93387652349
6/20/1994 16:00:00	7.84614253885
6/21/1994 16:00:00	7.69996416316
6/22/1994 16:00:00	7.74789717622
6/23/1994 16:00:00	7.54007565139
6/24/1994 16:00:00	7.50311466954
6/27/1994 16:00:00	7.70355895926
6/28/1994 16:00:00	7.72248122104
6/29/1994 16:00:00	7.73692474166
6/30/1994 16:00:00	7.68503165554
7/1/1994 16:00:00	7.67921192276
7/5/1994 16:00:00	7.6126034562
7/6/1994 16:00:00	7.5423698013
7/7/1994 16:00:00	7.6619661113
7/8/1994 16:00:00	7.66361132433
7/11/1994 16:00:00	7.65245981787
7/12/1994 16:00:00	7.70614671975
7/13/1994 16:00:00	7.87308691858
7/14/1994 16:00:00	7.83847222559
7/15/1994 16:00:00	7.83243819703
7/18/1994 16:00:00	7.85242426275
7/19/1994 16:00:00	7.77856835892
7/20/1994 16:00:00	7.66781681113
7/21/1994 16:00:00	7.72491305767
7/22/1994 16:00:00	7.78563430559
7/25/1994 16:00:00	7.80796560375
7/26/1994 16:00:00	7.76311781238
7/27/1994 16:00:00	7.71613728741
7/28/1994 16:00:00	7.72311415439
7/29/1994 16:00:00	7.89408971896
8/1/1994 16:00:00	7.96696215407
8/2/1994 16:00:00	7.94983839447
8/3/1994 16:00:00	7.90072617953
8/4/1994 16:00:00	7.83817883309
8/5/1994 16:00:00	7.82958656466
8/8/1994 16:00:00	7.8666309029
8/9/1994 16:00:00	7.90431373137
8/10/1994 16:00:00	7.97398341875
8/11/1994 16:00:00	7.98586197077
8/12/1994 16:00:00	8.03847046287
8/15/1994 16:00:00	8.04096549727
8/16/1994 16:00:00	8.11447076385
8/17/1994 16:00:00	8.25024096059
8/18/1994 16:00:00	8.22309428439
8/19/1994 16:00:00	8.19082988651
8/22/1994 16:00:00	8.16283098611
8/23/1994 16:00:00	8.2465672158
8/24/1994 16:00:00	8.28275161246
8/25/1994 16:00:00	8.34772112284
8/26/1994 16:00:00	8.51333460181
8/29/1994 16:00:00	8.49578219732
8/30/1994 16:00:00	8.56607913493
8/31/1994 16:00:00	8.4841330367
9/1/1994 16:00:00	8.34994841124
9/2/1994 16:00:00	8.34561811165
9/6/1994 16:00:00	8.39416585918
9/7/1994 16:00:00	8.46574005812
9/8/1994 16:00:00	8.54456304102
9/9/1994 16:00:00	8.41848549811
9/12/1994 16:00:00	8.35083066071
9/13/1994 16:00:00	8.45779600971
9/14/1994 16:00:00	8.48118202704
9/15/1994 16:00:00	8.67961086295
9/16/1994 16:00:00	8.62346873076
9/19/1994 16:00:00	8.6108213231
9/20/1994 16:00:00	8.46087167529
9/21/1994 16:00:00	8.39385917944
9/22/1994 16:00:00	8.39038129881
9/23/1994 16:00:00	8.31889411801
9/26/1994 16:00:00	8.29111227152
9/27/1994 16:00:00	8.3002136524
9/28/1994 16:00:00	8.35643084445
9/29/1994 16:00:00	8.34037523073
9/30/1994 16:00:00	8.39637781575
10/3/1994 16:00:00	8.37222092067
10/4/1994 16:00:00	8.15875558234
10/5/1994 16:00:00	8.24993345453
10/6/1994 16:00:00	8.16161093232
10/7/1994 16:00:00	8.25769006607
10/10/1994 16:00:00	8.37466008115
10/11/1994 16:00:00	8.53319738417
10/12/1994 16:00:00	8.5237498917
10/13/1994 16:00:00	8.5238949742
10/14/1994 16:00:00	8.5012311451
10/17/1994 16:00:00	8.45959585761
10/18/1994 16:00:00	8.48404297638
10/19/1994 16:00:00	8.60612051573
10/20/1994 16:00:00	8.59027754298
10/21/1994 16:00:00	8.53755794422
10/24/1994 16:00:00	8.50061360314
10/25/1994 16:00:00	8.49393822549
10/26/1994 16:00:00	8.60791006465
10/27/1994 16:00:00	8.64599699412
10/28/1994 16:00:00	8.77851087228
10/31/1994 16:00:00	8.80423258471
11/1/1994 16:00:00	8.74043054612
11/2/1994 16:00:00	8.71584905296
11/3/1994 16:00:00	8.70000711018
11/4/1994 16:00:00	8.55691619183
11/7/1994 16:00:00	8.52977910781
11/8/1994 16:00:00	8.68424025534
11/9/1994 16:00:00	8.70292789519
11/10/1994 16:00:00	8.6559677897
11/11/1994 16:00:00	8.62733865305
11/14/1994 16:00:00	8.78477835745
11/15/1994 16:00:00	8.77639606662
11/16/1994 16:00:00	8.79636097908
11/17/1994 16:00:00	8.75920650359
11/18/1994 16:00:00	8.79004040889
11/21/1994 16:00:00	8.72283543795
11/22/1994 16:00:00	8.48086766591
11/23/1994 16:00:00	8.46460332893
11/25/1994 16:00:00	8.54978531784
11/28/1994 16:00:00	8.60619446255
11/29/1994 16:00:00	8.71865326415
11/30/1994 16:00:00	8.62736963492
12/1/1994 16:00:00	8.47470989586
12/2/1994 16:00:00	8.56798687601
12/5/1994 16:00:00	8.58219706898
12/6/1994 16:00:00	8.52395004127
12/7/1994 16:00:00	8.43373688027
12/8/1994 16:00:00	8.2322829175
12/9/1994 16:00:00	8.28187163445
12/12/1994 16:00:00	8.28713351224
12/13/1994 16:00:00	8.25829876201
12/14/1994 16:00:00	8.34603068256
12/15/1994 16:00:00	8.3896501738
12/16/1994 16:00:00	8.353570054
12/19/1994 16:00:00	8.31962159602
12/20/1994 16:00:00	8.3236037576
12/21/1994 16:00:00	8.47675121863
12/22/1994 16:00:00	8.51930210008
12/23/1994 16:00:00	8.54800164561
12/27/1994 16:00:00	8.60930308478
12/28/1994 16:00:00	8.5289016675
12/29/1994 16:00:00	8.65774955697
12/30/1994 16:00:00	8.61421185995
1/3/1995 16:00:00	8.48054214955
1/4/1995 16:00:00	8.51563274011
1/5/1995 16:00:00	8.48083345759
1/6/1995 16:00:00	8.55683428263
1/9/1995 16:00:00	8.59810275799
1/10/1995 16:00:00	8.68411587292
1/11/1995 16:00:00	8.67403261031
1/12/1995 16:00:00	8.67865130927
1/13/1995 16:00:00	8.74591172851
1/16/1995 16:00:00	8.813383707
1/17/1995 16:00:00	8.88234687091
1/18/1995 16:00:00	8.93277199358
1/19/1995 16:00:00	8.90223296224
1/20/1995 16:00:00	8.73810747149
1/23/1995 16:00:00	8.77553636418
1/24/1995 16:00:00	8.81189899671
1/25/1995 16:00:00	8.75366518113
1/26/1995 16:00:00	8.66049211144
1/27/1995 16:00:00	8.6757630204
1/30/1995 16:00:00	8.55830420683
1/31/1995 16:00:00	8.63535913384
2/1/1995 16:00:00	8.67214764577
2/2/1995 16:00:00	8.7592135225
2/3/1995 16:00:00	8.86545230579
2/6/1995 16:00:00	8.9674276995
2/7/1995 16:00:00	8.95968745698
2/8/1995 16:00:00	9.06805198463
2/9/1995 16:00:00	9.08438348433
2/10/1995 16:00:00	9.17676780734
2/13/1995 16:00:00	9.13408862888
2/14/1995 16:00:00	9.15617144191
2/15/1995 16:00:00	9.21319021555
2/16/1995 16:00:00	9.17839364387
2/17/1995 16:00:00	9.06754820394
2/21/1995 16:00:00	9.04958236337
2/22/1995 16:00:00	9.14302667113
2/23/1995 16:00:00	9.18172388408
2/24/1995 16:00:00	9.12605357246
2/27/1995 16:00:00	9.04780379856
2/28/1995 16:00:00	9.21281846367
3/1/1995 16:00:00	9.15523153725
3/2/1995 16:00:00	9.19520513187
3/3/1995 16:00:00	9.30163703368
3/6/1995 16:00:00	9.3134916121
3/7/1995 16:00:00	9.20435852286
3/8/1995 16:00:00	9.3084450774
3/9/1995 16:00:00	9.30858376185
3/10/1995 16:00:00	9.40947295525
3/13/1995 16:00:00	9.38937625735
3/14/1995 16:00:00	9.50538523703
3/15/1995 16:00:00	9.44780118895
3/16/1995 16:00:00	9.4713682939
3/17/1995 16:00:00	9.45553185742
3/20/1995 16:00:00	9.51232510276
3/21/1995 16:00:00	9.52332547969
3/22/1995 16:00:00	9.52324989774
3/23/1995 16:00:00	9.559169028
3/24/1995 16:00:00	9.69987558264
3/27/1995 16:00:00	9.73579274499
3/28/1995 16:00:00	9.808555305
3/29/1995 16:00:00	9.62382399899
3/30/1995 16:00:00	9.55027069701
3/31/1995 16:00:00	9.52314653148
4/3/1995 16:00:00	9.55160943167
4/4/1995 16:00:00	9.41033266525
4/5/1995 16:00:00	9.46989022704
4/6/1995 16:00:00	9.36886785821
4/7/1995 16:00:00	9.45589714383
4/10/1995 16:00:00	9.56975830961
4/11/1995 16:00:00	9.65422916663
4/12/1995 16:00:00	9.73188438173
4/13/1995 16:00:00	9.77333411705
4/17/1995 16:00:00	9.73343329383
4/18/1995 16:00:00	9.65605238495
4/19/1995 16:00:00	9.52032304129
4/20/1995 16:00:00	9.56177377996
4/21/1995 16:00:00	9.61131550502
4/24/1995 16:00:00	9.71920537088
4/25/1995 16:00:00	9.77641156723
4/26/1995 16:00:00	9.86002211724
4/27/1995 16:00:00	9.90913425482
4/28/1995 16:00:00	9.9989179889
5/1/1995 16:00:00	9.92409568163
5/2/1995 16:00:00	9.90975026371
5/3/1995 16:00:00	10.1130279969
5/4/1995 16:00:00	10.0952742301
5/5/1995 16:00:00	10.0142782126
5/8/1995 16:00:00	10.1521800961
5/9/1995 16:00:00	10.1354908398
5/10/1995 16:00:00	10.0689761937
5/11/1995 16:00:00	10.2113456861
5/12/1995 16:00:00	10.2883441544
5/15/1995 16:00:00	10.355333883
5/16/1995 16:00:00	10.4553261232
5/17/1995 16:00:00	10.5329595746
5/18/1995 16:00:00	10.3908577835
5/19/1995 16:00:00	10.4301654044
5/22/1995 16:00:00	10.5412253299
5/23/1995 16:00:00	10.7121126588
5/24/1995 16:00:00	10.6562443634
5/25/1995 16:00:00	10.6808576572
5/26/1995 16:00:00	10.5615429964
5/30/1995 16:00:00	10.2638127451
5/31/1995 16:00:00	10.3919016209
6/1/1995 16:00:00	10.4527097131
6/2/1995 16:00:00	10.4886074974
6/5/1995 16:00:00	10.6622522087
6/6/1995 16:00:00	10.541027352
6/7/1995 16:00:00	10.58416205
6/8/1995 16:00:00	10.6630625629
6/9/1995 16:00:00	10.6533980467
6/12/1995 16:00:00	10.6805638235
6/13/1995 16:00:00	10.7577588487
6/14/1995 16:00:00	10.7740657676
6/15/1995 16:00:00	10.899584248
6/16/1995 16:00:00	11.0182888673
6/19/1995 16:00:00	11.2941008425
6/20/1995 16:00:00	11.4860311024
6/21/1995 16:00:00	11.4001492996
6/22/1995 16:00:00	11.6244338573
6/23/1995 16:00:00	11.5945381144
6/26/1995 16:00:00	11.420526249
6/27/1995 16:00:00	11.2362995857
6/28/1995 16:00:00	11.2960277261
6/29/1995 16:00:00	11.4142945882
6/30/1995 16:00:00	11.4529464668
7/3/1995 16:00:00	11.4728639306
7/5/1995 16:00:00	11.5668607947
7/6/1995 16:00:00	11.7898508911
7/7/1995 16:00:00	12.0811670179
7/10/1995 16:00:00	12.2087880333
7/11/1995 16:00:00	12.0047710627
7/12/1995 16:00:00	12.3395024713
7/13/1995 16:00:00	12.4147552589
7/14/1995 16:00:00	12.5551403667
7/17/1995 16:00:00	12.7053149687
7/18/1995 16:00:00	12.3125042581
7/19/1995 16:00:00	11.645335006
7/20/1995 16:00:00	11.713567231
7/21/1995 16:00:00	11.659198736
7/24/1995 16:00:00	11.9753928746
7/25/1995 16:00:00	12.1896307815
7/26/1995 16:00:00	12.277437572
7/27/1995 16:00:00	12.4350536721
7/28/1995 16:00:00	12.220627071
7/31/1995 16:00:00	12.1077271714
8/1/1995 16:00:00	11.901820514
8/2/1995 16:00:00	11.7389084841
8/3/1995 16:00:00	11.7707399733
8/4/1995 16:00:00	11.9306946415
8/7/1995 16:00:00	11.9959382082
8/8/1995 16:00:00	12.0396851071
8/9/1995 16:00:00	12.2477310641
8/10/1995 16:00:00	12.1254738607
8/11/1995 16:00:00	12.2507294805
8/14/1995 16:00:00	12.4440842528
8/15/1995 16:00:00	12.4295140479
8/16/1995 16:00:00	12.6928816245
8/17/1995 16:00:00	12.6895894525
8/18/1995 16:00:00	12.6733147772
8/21/1995 16:00:00	12.3193095747
8/22/1995 16:00:00	12.5396817768
8/23/1995 16:00:00	12.5836335633
8/24/1995 16:00:00	12.4098834214
8/25/1995 16:00:00	12.3446669271
8/28/1995 16:00:00	12.045581836
8/29/1995 16:00:00	12.0618723036
8/30/1995 16:00:00	12.1896689731
8/31/1995 16:00:00	12.2734144238
9/1/1995 16:00:00	12.1975618206
9/5/1995 16:00:00	12.6688028092
9/6/1995 16:00:00	12.6423162242
9/7/1995 16:00:00	12.7490371953
9/8/1995 16:00:00	12.8580968455
9/11/1995 16:00:00	12.974601806
9/12/1995 16:00:00	12.8944912406
9/13/1995 16:00:00	12.9307754175
9/14/1995 16:00:00	12.8544963959
9/15/1995 16:00:00	12.532883329
9/18/1995 16:00:00	12.5778928598
9/19/1995 16:00:00	12.7882298996
9/20/1995 16:00:00	12.8343003125
9/21/1995 16:00:00	12.6567445681
9/22/1995 16:00:00	12.6096223269
9/25/1995 16:00:00	12.5093069483
9/26/1995 16:00:00	12.3568658877
9/27/1995 16:00:00	12.2599578215
9/28/1995 16:00:00	12.6687959797
9/29/1995 16:00:00	12.4482726535
10/2/1995 16:00:00	12.2096673186
10/3/1995 16:00:00	12.1944639775
10/4/1995 16:00:00	11.8928888056
10/5/1995 16:00:00	12.1855478997
10/6/1995 16:00:00	12.0720523613
10/9/1995 16:00:00	11.6360250677
10/10/1995 16:00:00	11.7174169585
10/11/1995 16:00:00	12.0060258135
10/12/1995 16:00:00	12.1925099136
10/13/1995 16:00:00	12.126462206
10/16/1995 16:00:00	12.0936037092
10/17/1995 16:00:00	12.5396297169
10/18/1995 16:00:00	12.7212110802
10/19/1995 16:00:00	12.7911023978
10/20/1995 16:00:00	12.5914522649
10/23/1995 16:00:00	12.6209230277
10/24/1995 16:00:00	12.6412445798
10/25/1995 16:00:00	12.4305391626
10/26/1995 16:00:00	12.3908714648
10/27/1995 16:00:00	12.6260535189
10/30/1995 16:00:00	12.9146242464
10/31/1995 16:00:00	12.7375344584
11/1/1995 16:00:00	12.7827425486
11/2/1995 16:00:00	13.0757741376
11/3/1995 16:00:00	13.2250012267
11/6/1995 16:00:00	13.0974760341
11/7/1995 16:00:00	12.6827847862
11/8/1995 16:00:00	12.7356502854
11/9/1995 16:00:00	13.1233288798
11/10/1995 16:00:00	13.0521780127
11/13/1995 16:00:00	12.9395506116
11/14/1995 16:00:00	12.5854988289
11/15/1995 16:00:00	12.6236861001
11/16/1995 16:00:00	12.5857248867
11/17/1995 16:00:00	12.5241530911
11/20/1995 16:00:00	12.1594807946
11/21/1995 16:00:00	12.2136227999
11/22/1995 16:00:00	12.1033477467
11/24/1995 16:00:00	12.3006357493
11/27/1995 16:00:00	12.2067384583
11/28/1995 16:00:00	12.7190227385
11/29/1995 16:00:00	12.7525276021
11/30/1995 16:00:00	12.6277884764
12/1/1995 16:00:00	12.4851874636
12/4/1995 16:00:00	12.7186189358
12/5/1995 16:00:00	12.5745292008
12/6/1995 16:00:00	12.5478438744
12/7/1995 16:00:00	12.4871302847
12/8/1995 16:00:00	12.7475652099
12/11/1995 16:00:00	12.6779175293
12/12/1995 16:00:00	12.4423827739
12/13/1995 16:00:00	12.4954529674
12/14/1995 16:00:00	12.0434213576
12/15/1995 16:00:00	11.9793124916
12/18/1995 16:00:00	11.6551062703
12/19/1995 16:00:00	12.2285824846
12/20/1995 16:00:00	12.0187957885
12/21/1995 16:00:00	12.3506710605
12/22/1995 16:00:00	12.4445701364
12/26/1995 16:00:00	12.4425581365
12/27/1995 16:00:00	12.3420829198
12/28/1995 16:00:00	12.1631394255
12/29/1995 16:00:00	12.2538466176
1/2/1996 16:00:00	12.4602383084
1/3/1996 16:00:00	12.1698664265
1/4/1996 16:00:00	11.9824233942
1/5/1996 16:00:00	12.0176289861
1/8/1996 16:00:00	11.9752167243
1/9/1996 16:00:00	11.3641859489
1/10/1996 16:00:00	11.3825957881
1/11/1996 16:00:00	11.8058794725
1/12/1996 16:00:00	11.7528381454
1/15/1996 16:00:00	11.3642507691
1/16/1996 16:00:00	11.6110335359
1/17/1996 16:00:00	11.5994594636
1/18/1996 16:00:00	11.7866989065
1/19/1996 16:00:00	12.0060432625
1/22/1996 16:00:00	12.1464972965
1/23/1996 16:00:00	12.0634746182
1/24/1996 16:00:00	12.3778571852
1/25/1996 16:00:00	12.1676835603
1/26/1996 16:00:00	12.2694339418
1/29/1996 16:00:00	12.2519012896
1/30/1996 16:00:00	12.4167987191
1/31/1996 16:00:00	12.583182044
2/1/1996 16:00:00	12.7969762315
2/2/1996 16:00:00	12.7870938312
2/5/1996 16:00:00	13.0857162287
2/6/1996 16:00:00	13.164918054
2/7/1996 16:00:00	13.0770048257
2/8/1996 16:00:00	13.2625091746
2/9/1996 16:00:00	13.2456083234
2/12/1996 16:00:00	13.2939768453
2/13/1996 16:00:00	13.1503629705
2/14/1996 16:00:00	13.1300623288
2/15/1996 16:00:00	13.1860839562
2/16/1996 16:00:00	13.1606798633
2/20/1996 16:00:00	13.1135920368
2/21/1996 16:00:00	13.3356515926
2/22/1996 16:00:00	13.6784600847
2/23/1996 16:00:00	13.660920023
2/26/1996 16:00:00	13.5615304219
2/27/1996 16:00:00	13.4164363672
2/28/1996 16:00:00	13.4235584548
2/29/1996 16:00:00	13.240415302
3/1/1996 16:00:00	12.8561694507
3/4/1996 16:00:00	12.7867651535
3/5/1996 16:00:00	13.0923556834
3/6/1996 16:00:00	12.9213382031
3/7/1996 16:00:00	12.9575856505
3/8/1996 16:00:00	12.5782474918
3/11/1996 16:00:00	12.8708618986
3/12/1996 16:00:00	12.7334385033
3/13/1996 16:00:00	13.0677114759
3/14/1996 16:00:00	12.9785410815
3/15/1996 16:00:00	13.2154517212
3/18/1996 16:00:00	13.4608605017
3/19/1996 16:00:00	13.3784913071
3/20/1996 16:00:00	13.0780337676
3/21/1996 16:00:00	12.9982195653
3/22/1996 16:00:00	13.0272369377
3/25/1996 16:00:00	12.7070216899
3/26/1996 16:00:00	12.7974698952
3/27/1996 16:00:00	12.9244753866
3/28/1996 16:00:00	12.9247983318
3/29/1996 16:00:00	12.9589161451
4/1/1996 16:00:00	13.0289542943
4/2/1996 16:00:00	13.0887894649
4/3/1996 16:00:00	13.1473484636
4/4/1996 16:00:00	13.1351289429
4/8/1996 16:00:00	12.9779554478
4/9/1996 16:00:00	12.9874170451
4/10/1996 16:00:00	12.9458685773
4/11/1996 16:00:00	12.8386474222
4/12/1996 16:00:00	12.859373617
4/15/1996 16:00:00	12.987430225
4/16/1996 16:00:00	13.3031499843
4/17/1996 16:00:00	13.1918912352
4/18/1996 16:00:00	13.4623356054
4/19/1996 16:00:00	13.453090239
4/22/1996 16:00:00	13.6927117959
4/23/1996 16:00:00	13.9093779179
4/24/1996 16:00:00	14.1115892596
4/25/1996 16:00:00	14.1682199348
4/26/1996 16:00:00	14.167470606
4/29/1996 16:00:00	14.1747957547
4/30/1996 16:00:00	14.1689449179
5/1/1996 16:00:00	14.3097293459
5/2/1996 16:00:00	13.9562076827
5/3/1996 16:00:00	14.0483270867
5/6/1996 16:00:00	14.0877419392
5/7/1996 16:00:00	14.0427914166
5/8/1996 16:00:00	14.1002694348
5/9/1996 16:00:00	14.079118556
5/10/1996 16:00:00	14.2915089907
5/13/1996 16:00:00	14.6309722668
5/14/1996 16:00:00	14.777692293
5/15/1996 16:00:00	14.6655885728
5/16/1996 16:00:00	14.7736329573
5/17/1996 16:00:00	14.6791683975
5/20/1996 16:00:00	14.7313254257
5/21/1996 16:00:00	14.6162504539
5/22/1996 16:00:00	14.628246466
5/23/1996 16:00:00	14.7059013587
5/24/1996 16:00:00	14.6382131525
5/28/1996 16:00:00	14.5565039665
5/29/1996 16:00:00	14.3868282242
5/30/1996 16:00:00	14.534386804
5/31/1996 16:00:00	14.7116918745
6/3/1996 16:00:00	14.6448570414
6/4/1996 16:00:00	14.7157081186
6/5/1996 16:00:00	14.8592223767
6/6/1996 16:00:00	14.5969148379
6/7/1996 16:00:00	14.691348484
6/10/1996 16:00:00	14.6355652385
6/11/1996 16:00:00	14.6800665975
6/12/1996 16:00:00	14.8121027851
6/13/1996 16:00:00	14.6989558032
6/14/1996 16:00:00	14.4712921202
6/17/1996 16:00:00	14.4140254609
6/18/1996 16:00:00	14.1511001684
6/19/1996 16:00:00	14.1860424271
6/20/1996 16:00:00	14.116457947
6/21/1996 16:00:00	14.2880085189
6/24/1996 16:00:00	14.3864716819
6/25/1996 16:00:00	14.1923906119
6/26/1996 16:00:00	14.0148842265
6/27/1996 16:00:00	14.2582371707
6/28/1996 16:00:00	14.3887768199
7/1/1996 16:00:00	14.5962200322
7/2/1996 16:00:00	14.4495190181
7/3/1996 16:00:00	14.3149308655
7/5/1996 16:00:00	13.9715165265
7/8/1996 16:00:00	13.9357164831
7/9/1996 16:00:00	14.036725008
7/10/1996 16:00:00	13.9662983248
7/11/1996 16:00:00	13.505849143
7/12/1996 16:00:00	13.490446349
7/15/1996 16:00:00	12.8919302426
7/16/1996 16:00:00	13.0481732526
7/17/1996 16:00:00	13.4102531628
7/18/1996 16:00:00	13.6744007878
7/19/1996 16:00:00	13.4472139683
7/22/1996 16:00:00	13.2555057686
7/23/1996 16:00:00	12.7096993025
7/24/1996 16:00:00	12.8521287358
7/25/1996 16:00:00	13.1778708864
7/26/1996 16:00:00	13.4539027908
7/29/1996 16:00:00	13.1802104984
7/30/1996 16:00:00	13.3884793779
7/31/1996 16:00:00	13.5092331269
8/1/1996 16:00:00	13.8290092691
8/2/1996 16:00:00	14.1851020017
8/5/1996 16:00:00	14.0401306295
8/6/1996 16:00:00	14.2666506928
8/7/1996 16:00:00	14.493379795
8/8/1996 16:00:00	14.3902524161
8/9/1996 16:00:00	14.406917023
8/12/1996 16:00:00	14.4297416286
8/13/1996 16:00:00	14.2110742848
8/14/1996 16:00:00	14.3823611065
8/15/1996 16:00:00	14.3805487803
8/16/1996 16:00:00	14.2782762922
8/19/1996 16:00:00	14.2350480235
8/20/1996 16:00:00	14.0781954365
8/21/1996 16:00:00	14.1747174608
8/22/1996 16:00:00	14.4763985139
8/23/1996 16:00:00	14.3900577483
8/26/1996 16:00:00	14.2911875176
8/27/1996 16:00:00	14.421260524
8/28/1996 16:00:00	14.4343131578
8/29/1996 16:00:00	14.2521953149
8/30/1996 16:00:00	14.0921677599
9/3/1996 16:00:00	14.2135303448
9/4/1996 16:00:00	14.2115069592
9/5/1996 16:00:00	13.8529209141
9/6/1996 16:00:00	14.1055232123
9/9/1996 16:00:00	14.2702045591
9/10/1996 16:00:00	14.2630843382
9/11/1996 16:00:00	14.3366590465
9/12/1996 16:00:00	14.5601580151
9/13/1996 16:00:00	15.0316832798
9/16/1996 16:00:00	15.0604438009
9/17/1996 16:00:00	15.342328649
9/18/1996 16:00:00	15.4511428304
9/19/1996 16:00:00	15.6448948481
9/20/1996 16:00:00	15.7861933683
9/23/1996 16:00:00	15.5735099666
9/24/1996 16:00:00	15.6413366595
9/25/1996 16:00:00	15.83401958
9/26/1996 16:00:00	15.8109607751
9/27/1996 16:00:00	15.8133832535
9/30/1996 16:00:00	15.66122493
10/1/1996 16:00:00	15.5959135001
10/2/1996 16:00:00	15.8728849998
10/3/1996 16:00:00	15.7820941041
10/4/1996 16:00:00	16.1182994668
10/7/1996 16:00:00	16.2391991867
10/8/1996 16:00:00	15.9931951933
10/9/1996 16:00:00	16.0085675997
10/10/1996 16:00:00	15.9547233314
10/11/1996 16:00:00	16.2560941852
10/14/1996 16:00:00	16.3907880609
10/15/1996 16:00:00	16.4562650115
10/16/1996 16:00:00	16.2981705197
10/17/1996 16:00:00	16.0466593066
10/18/1996 16:00:00	16.0684008718
10/21/1996 16:00:00	15.8442845637
10/22/1996 16:00:00	15.6394914931
10/23/1996 16:00:00	15.916642181
10/24/1996 16:00:00	15.88912745
10/25/1996 16:00:00	15.785821365
10/28/1996 16:00:00	15.7451466955
10/29/1996 16:00:00	15.5235911727
10/30/1996 16:00:00	15.6328017091
10/31/1996 16:00:00	15.9645000792
11/1/1996 16:00:00	16.0391022334
11/4/1996 16:00:00	16.0542595593
11/5/1996 16:00:00	16.3445492913
11/6/1996 16:00:00	16.7051042502
11/7/1996 16:00:00	16.8858419083
11/8/1996 16:00:00	16.9544891212
11/11/1996 16:00:00	17.083000251
11/12/1996 16:00:00	16.8572068776
11/13/1996 16:00:00	16.9549353907
11/14/1996 16:00:00	17.1893717883
11/15/1996 16:00:00	16.9703747519
11/18/1996 16:00:00	16.8396884069
11/19/1996 16:00:00	17.1046892962
11/20/1996 16:00:00	17.1599569884
11/21/1996 16:00:00	16.9916994571
11/22/1996 16:00:00	17.3715311798
11/25/1996 16:00:00	17.4323146664
11/26/1996 16:00:00	17.522815257
11/27/1996 16:00:00	17.6682907217
11/29/1996 16:00:00	17.7029622465
12/2/1996 16:00:00	17.9282451475
12/3/1996 16:00:00	17.7854624425
12/4/1996 16:00:00	17.7161256733
12/5/1996 16:00:00	17.7403939772
12/6/1996 16:00:00	17.5579256138
12/9/1996 16:00:00	18.1824518381
12/10/1996 16:00:00	18.0192972899
12/11/1996 16:00:00	18.1766444729
12/12/1996 16:00:00	17.9003630775
12/13/1996 16:00:00	17.5835472941
12/16/1996 16:00:00	17.0810210467
12/17/1996 16:00:00	17.3145656927
12/18/1996 16:00:00	17.7548323597
12/19/1996 16:00:00	17.9072929872
12/20/1996 16:00:00	17.7017030698
12/23/1996 16:00:00	17.5050300632
12/24/1996 16:00:00	17.7300747398
12/26/1996 16:00:00	17.8908068804
12/27/1996 16:00:00	17.7310666452
12/30/1996 16:00:00	17.5405538802
12/31/1996 16:00:00	17.4315408439
1/2/1997 16:00:00	17.3091590883
1/3/1997 16:00:00	18.0002422328
1/6/1997 16:00:00	18.1079097656
1/7/1997 16:00:00	18.3475775484
1/8/1997 16:00:00	18.1042273465
1/9/1997 16:00:00	18.1860000487
1/10/1997 16:00:00	18.3689997342
1/13/1997 16:00:00	18.34338776
1/14/1997 16:00:00	18.7040066447
1/15/1997 16:00:00	18.3411860565
1/16/1997 16:00:00	18.539246157
1/17/1997 16:00:00	18.7472763475
1/20/1997 16:00:00	19.0938754974
1/21/1997 16:00:00	19.3897503454
1/22/1997 16:00:00	19.6397862507
1/23/1997 16:00:00	19.3684346858
1/24/1997 16:00:00	19.0633482218
1/27/1997 16:00:00	18.8817667847
1/28/1997 16:00:00	18.9021994747
1/29/1997 16:00:00	18.9374871076
1/30/1997 16:00:00	19.3458107112
1/31/1997 16:00:00	19.5544539523
2/3/1997 16:00:00	19.4791836388
2/4/1997 16:00:00	19.4427442177
2/5/1997 16:00:00	18.829156296
2/6/1997 16:00:00	18.7893282167
2/7/1997 16:00:00	19.093026904
2/10/1997 16:00:00	18.503431881
2/11/1997 16:00:00	18.4958592212
2/12/1997 16:00:00	19.1065754073
2/13/1997 16:00:00	19.2557961954
2/14/1997 16:00:00	19.0937531822
2/18/1997 16:00:00	19.0431054151
2/19/1997 16:00:00	19.0455002439
2/20/1997 16:00:00	18.676808748
2/21/1997 16:00:00	18.3371902031
2/24/1997 16:00:00	18.6760874931
2/25/1997 16:00:00	18.71370407
2/26/1997 16:00:00	18.6859745006
2/27/1997 16:00:00	18.0035130935
2/28/1997 16:00:00	18.0432564795
3/3/1997 16:00:00	18.1623464125
3/4/1997 16:00:00	18.2886470769
3/5/1997 16:00:00	18.5012944567
3/6/1997 16:00:00	18.0649595104
3/7/1997 16:00:00	17.8424812025
3/10/1997 16:00:00	18.1353191721
3/11/1997 16:00:00	18.0006724019
3/12/1997 16:00:00	17.8057787547
3/13/1997 16:00:00	17.830670428
3/14/1997 16:00:00	17.7982826717
3/17/1997 16:00:00	17.6551579663
3/18/1997 16:00:00	17.5559487229
3/19/1997 16:00:00	17.2212665093
3/20/1997 16:00:00	17.431781536
3/21/1997 16:00:00	17.2407215506
3/24/1997 16:00:00	17.020814775
3/25/1997 16:00:00	17.1229273459
3/26/1997 16:00:00	17.6995731677
3/27/1997 16:00:00	17.3676634986
3/31/1997 16:00:00	16.9076350696
4/1/1997 16:00:00	16.9017730928
4/2/1997 16:00:00	16.6286363498
4/3/1997 16:00:00	17.068656703
4/4/1997 16:00:00	17.4446108123
4/7/1997 16:00:00	17.6546810444
4/8/1997 16:00:00	17.8252945741
4/9/1997 16:00:00	17.5784632723
4/10/1997 16:00:00	17.2537907043
4/11/1997 16:00:00	16.7560395769
4/14/1997 16:00:00	17.112675481
4/15/1997 16:00:00	16.9260970409
4/16/1997 16:00:00	16.940385792
4/17/1997 16:00:00	17.1425988551
4/18/1997 16:00:00	17.3165999415
4/21/1997 16:00:00	17.0210053196
4/22/1997 16:00:00	17.3513220126
4/23/1997 16:00:00	17.7730464477
4/24/1997 16:00:00	17.768239891
4/25/1997 16:00:00	17.3613012475
4/28/1997 16:00:00	17.5906482988
4/29/1997 16:00:00	18.1603981581
4/30/1997 16:00:00	18.5521954937
5/1/1997 16:00:00	18.7085693858
5/2/1997 16:00:00	19.2889014016
5/5/1997 16:00:00	19.7850272941
5/6/1997 16:00:00	19.4033328517
5/7/1997 16:00:00	19.2842001768
5/8/1997 16:00:00	19.496551463
5/9/1997 16:00:00	19.4915193464
5/12/1997 16:00:00	19.6092790858
5/13/1997 16:00:00	19.3107341419
5/14/1997 16:00:00	19.2967956173
5/15/1997 16:00:00	19.7612915136
5/16/1997 16:00:00	19.4103705605
5/19/1997 16:00:00	19.373741437
5/20/1997 16:00:00	19.9788244412
5/21/1997 16:00:00	20.1572252643
5/22/1997 16:00:00	20.0631202369
5/23/1997 16:00:00	20.3382174692
5/27/1997 16:00:00	20.8794436734
5/28/1997 16:00:00	20.8366540959
5/29/1997 16:00:00	20.580748848
5/30/1997 16:00:00	20.3326936034
6/2/1997 16:00:00	20.3291399556
6/3/1997 16:00:00	19.7165745414
6/4/1997 16:00:00	19.5499597205
6/5/1997 16:00:00	19.7332251352
6/6/1997 16:00:00	20.0379909692
6/9/1997 16:00:00	20.2449998072
6/10/1997 16:00:00	19.9568846304
6/11/1997 16:00:00	20.1225425423
6/12/1997 16:00:00	20.1435867833
6/13/1997 16:00:00	20.4487617993
6/16/1997 16:00:00	20.6943486203
6/17/1997 16:00:00	20.9778865571
6/18/1997 16:00:00	20.5998775055
6/19/1997 16:00:00	20.8202268359
6/20/1997 16:00:00	20.8086111804
6/23/1997 16:00:00	20.5465923251
6/24/1997 16:00:00	20.9145060971
6/25/1997 16:00:00	20.7616823143
6/26/1997 16:00:00	20.5096358092
6/27/1997 16:00:00	20.4176675977
6/30/1997 16:00:00	20.2964420856
7/1/1997 16:00:00	20.2144425298
7/2/1997 16:00:00	20.6911056146
7/3/1997 16:00:00	20.9154650495
7/7/1997 16:00:00	21.0111278581
7/8/1997 16:00:00	21.3241016178
7/9/1997 16:00:00	21.4148838783
7/10/1997 16:00:00	21.4134419253
7/11/1997 16:00:00	21.5315716234
7/14/1997 16:00:00	22.0881240043
7/15/1997 16:00:00	22.4513214195
7/16/1997 16:00:00	23.392640027
7/17/1997 16:00:00	23.2105573145
7/18/1997 16:00:00	22.7045471276
7/21/1997 16:00:00	22.4385232644
7/22/1997 16:00:00	23.1271140744
7/23/1997 16:00:00	23.1506761758
7/24/1997 16:00:00	23.0682398793
7/25/1997 16:00:00	23.0089109883
7/28/1997 16:00:00	22.792289974
7/29/1997 16:00:00	23.0621787801
7/30/1997 16:00:00	23.3388456797
7/31/1997 16:00:00	23.4669108808
8/1/1997 16:00:00	23.5072111047
8/4/1997 16:00:00	23.8279612352
8/5/1997 16:00:00	24.0891419869
8/6/1997 16:00:00	24.203627845
8/7/1997 16:00:00	24.0718006522
8/8/1997 16:00:00	23.6351591002
8/11/1997 16:00:00	23.3416047742
8/12/1997 16:00:00	23.1209712337
8/13/1997 16:00:00	23.2971434002
8/14/1997 16:00:00	23.3904360757
8/15/1997 16:00:00	22.8213398708
8/18/1997 16:00:00	23.094166223
8/19/1997 16:00:00	23.7644143596
8/20/1997 16:00:00	24.2705934007
8/21/1997 16:00:00	23.7118938092
8/22/1997 16:00:00	23.5461696585
8/25/1997 16:00:00	23.4790046323
8/26/1997 16:00:00	23.1706389685
8/27/1997 16:00:00	23.1424787479
8/28/1997 16:00:00	22.6904187691
8/29/1997 16:00:00	22.763998448
9/2/1997 16:00:00	23.3721000906
9/3/1997 16:00:00	23.3229543432
9/4/1997 16:00:00	23.4367941894
9/5/1997 16:00:00	23.5495740818
9/8/1997 16:00:00	23.6907486671
9/9/1997 16:00:00	23.879397301
9/10/1997 16:00:00	23.3752247716
9/11/1997 16:00:00	23.4197595382
9/12/1997 16:00:00	23.4409764196
9/15/1997 16:00:00	22.8944359661
9/16/1997 16:00:00	23.6620711818
9/17/1997 16:00:00	23.4946726927
9/18/1997 16:00:00	23.5084740201
9/19/1997 16:00:00	23.7072840172
9/22/1997 16:00:00	23.8124204443
9/23/1997 16:00:00	24.0536089425
9/24/1997 16:00:00	23.64738129
9/25/1997 16:00:00	23.4479912246
9/26/1997 16:00:00	23.4550095215
9/29/1997 16:00:00	23.7080615623
9/30/1997 16:00:00	23.2499322229
10/1/1997 16:00:00	23.3535841792
10/2/1997 16:00:00	23.5818341794
10/3/1997 16:00:00	23.8274583778
10/6/1997 16:00:00	23.858845514
10/7/1997 16:00:00	24.1724838123
10/8/1997 16:00:00	24.2697662702
10/9/1997 16:00:00	24.3303888806
10/10/1997 16:00:00	24.1089750622
10/13/1997 16:00:00	24.1662069082
10/14/1997 16:00:00	23.9742516394
10/15/1997 16:00:00	23.7121588976
10/16/1997 16:00:00	23.2947572682
10/17/1997 16:00:00	22.780527167
10/20/1997 16:00:00	23.0585557173
10/21/1997 16:00:00	23.5308807932
10/22/1997 16:00:00	23.2798204329
10/23/1997 16:00:00	22.7698459902
10/24/1997 16:00:00	22.4028971579
10/27/1997 16:00:00	20.7244203558
10/28/1997 16:00:00	22.1807048613
10/29/1997 16:00:00	21.8180086094
10/30/1997 16:00:00	21.202127644
10/31/1997 16:00:00	21.6028226566
11/3/1997 16:00:00	22.2615704701
11/4/1997 16:00:00	22.1957147072
11/5/1997 16:00:00	22.1807088257
11/6/1997 16:00:00	21.910403241
11/7/1997 16:00:00	21.7862864834
11/10/1997 16:00:00	21.4306082718
11/11/1997 16:00:00	21.4181511685
11/12/1997 16:00:00	20.7646058341
11/13/1997 16:00:00	21.2968397711
11/14/1997 16:00:00	21.7754651369
11/17/1997 16:00:00	22.2381938996
11/18/1997 16:00:00	21.9543486994
11/19/1997 16:00:00	22.0137032895
11/20/1997 16:00:00	22.508620714
11/21/1997 16:00:00	22.3834513326
11/24/1997 16:00:00	21.8246354997
11/25/1997 16:00:00	21.9905501776
11/26/1997 16:00:00	22.1212930234
11/28/1997 16:00:00	22.2539422302
12/1/1997 16:00:00	22.862167781
12/2/1997 16:00:00	22.2866342142
12/3/1997 16:00:00	22.4887617986
12/4/1997 16:00:00	22.3008983622
12/5/1997 16:00:00	22.6716406161
12/8/1997 16:00:00	22.9394274591
12/9/1997 16:00:00	22.2560956702
12/10/1997 16:00:00	21.8860662153
12/11/1997 16:00:00	21.2222428046
12/12/1997 16:00:00	20.7266172658
12/15/1997 16:00:00	20.8512165176
12/16/1997 16:00:00	21.1249351777
12/17/1997 16:00:00	20.8349990831
12/18/1997 16:00:00	20.4777098302
12/19/1997 16:00:00	20.5438457359
12/22/1997 16:00:00	20.6658985203
12/23/1997 16:00:00	20.1129046998
12/24/1997 16:00:00	19.8886490366
12/26/1997 16:00:00	20.2078994592
12/29/1997 16:00:00	20.7258202062
12/30/1997 16:00:00	21.1477842477
12/31/1997 16:00:00	20.9860098405
1/2/1998 16:00:00	21.3543785496
1/5/1998 16:00:00	21.548853938
1/6/1998 16:00:00	21.3129505201
1/7/1998 16:00:00	20.9929679565
1/8/1998 16:00:00	21.0639643564
1/9/1998 16:00:00	20.2513560036
1/12/1998 16:00:00	20.5684595426
1/13/1998 16:00:00	21.0740521653
1/14/1998 16:00:00	21.1018411981
1/15/1998 16:00:00	21.0849429997
1/16/1998 16:00:00	21.302702492
1/20/1998 16:00:00	21.7474915085
1/21/1998 16:00:00	21.7396950601
1/22/1998 16:00:00	21.6147834822
1/23/1998 16:00:00	21.6959342857
1/26/1998 16:00:00	21.5248590635
1/27/1998 16:00:00	21.9346852267
1/28/1998 16:00:00	22.5156172589
1/29/1998 16:00:00	22.6382674626
1/30/1998 16:00:00	22.6831950157
2/2/1998 16:00:00	23.3153564128
2/3/1998 16:00:00	23.5326566952
2/4/1998 16:00:00	23.8115754514
2/5/1998 16:00:00	23.608517613
2/6/1998 16:00:00	24.0204186106
2/9/1998 16:00:00	23.7745862816
2/10/1998 16:00:00	24.1358713578
2/11/1998 16:00:00	24.1149280141
2/12/1998 16:00:00	24.2415779566
2/13/1998 16:00:00	24.0696509431
2/17/1998 16:00:00	23.8987890463
2/18/1998 16:00:00	24.1550288357
2/19/1998 16:00:00	24.4938471146
2/20/1998 16:00:00	24.5567529446
2/23/1998 16:00:00	25.1028623066
2/24/1998 16:00:00	24.8246433762
2/25/1998 16:00:00	25.4171122637
2/26/1998 16:00:00	25.5562348267
2/27/1998 16:00:00	25.2841601305
3/2/1998 16:00:00	24.9337455038
3/3/1998 16:00:00	24.8939532049
3/4/1998 16:00:00	24.9816256336
3/5/1998 16:00:00	23.8583999104
3/6/1998 16:00:00	24.6263685601
3/9/1998 16:00:00	23.8906280533
3/10/1998 16:00:00	24.3189734829
3/11/1998 16:00:00	24.4301481628
3/12/1998 16:00:00	24.6289749511
3/13/1998 16:00:00	24.7562364859
3/16/1998 16:00:00	24.9863917297
3/17/1998 16:00:00	24.7262023974
3/18/1998 16:00:00	24.9190918441
3/19/1998 16:00:00	25.1126140053
3/20/1998 16:00:00	24.7582183596
3/23/1998 16:00:00	24.9644409058
3/24/1998 16:00:00	25.3586589245
3/25/1998 16:00:00	25.7185714724
3/26/1998 16:00:00	25.7844197933
3/27/1998 16:00:00	25.6508424405
3/30/1998 16:00:00	25.5447871154
3/31/1998 16:00:00	25.8413907255
4/1/1998 16:00:00	26.0052532481
4/2/1998 16:00:00	26.042517901
4/3/1998 16:00:00	26.1159812868
4/6/1998 16:00:00	25.5168876867
4/7/1998 16:00:00	25.0247099085
4/8/1998 16:00:00	25.2135531163
4/9/1998 16:00:00	25.3369792586
4/13/1998 16:00:00	25.4652718636
4/14/1998 16:00:00	25.6799322548
4/15/1998 16:00:00	26.0658417037
4/16/1998 16:00:00	25.9845610359
4/17/1998 16:00:00	26.0630997715
4/20/1998 16:00:00	26.5256250873
4/21/1998 16:00:00	26.8765882214
4/22/1998 16:00:00	27.3251310471
4/23/1998 16:00:00	26.6407790143
4/24/1998 16:00:00	26.4619165429
4/27/1998 16:00:00	25.8247873386
4/28/1998 16:00:00	25.8764404722
4/29/1998 16:00:00	26.2373423353
4/30/1998 16:00:00	26.418319341
5/1/1998 16:00:00	26.490288126
5/4/1998 16:00:00	26.5808796519
5/5/1998 16:00:00	26.3996996174
5/6/1998 16:00:00	26.2932364335
5/7/1998 16:00:00	25.8788138509
5/8/1998 16:00:00	26.5421509659
5/11/1998 16:00:00	26.1954614645
5/12/1998 16:00:00	26.5921031744
5/13/1998 16:00:00	26.7330620035
5/14/1998 16:00:00	26.7978277718
5/15/1998 16:00:00	26.4450085922
5/18/1998 16:00:00	26.2968580688
5/19/1998 16:00:00	26.5736915956
5/20/1998 16:00:00	26.1959101785
5/21/1998 16:00:00	25.8983451206
5/22/1998 16:00:00	25.6956015528
5/26/1998 16:00:00	25.3988926099
5/27/1998 16:00:00	25.5963585895
5/28/1998 16:00:00	25.7098031255
5/29/1998 16:00:00	25.2279223087
6/1/1998 16:00:00	24.6664782483
6/2/1998 16:00:00	25.1234017015
6/3/1998 16:00:00	24.632859632
6/4/1998 16:00:00	25.2931485055
6/5/1998 16:00:00	25.5365277833
6/8/1998 16:00:00	25.5430984902
6/9/1998 16:00:00	25.8912233811
6/10/1998 16:00:00	25.3795351931
6/11/1998 16:00:00	25.0788349472
6/12/1998 16:00:00	25.1184198384
6/15/1998 16:00:00	24.8342330042
6/16/1998 16:00:00	25.6239878492
6/17/1998 16:00:00	25.9026864591
6/18/1998 16:00:00	25.9712539477
6/19/1998 16:00:00	26.2330183335
6/22/1998 16:00:00	26.7453220594
6/23/1998 16:00:00	27.5589396731
6/24/1998 16:00:00	28.1675026709
6/25/1998 16:00:00	27.7491549918
6/26/1998 16:00:00	27.9507988982
6/29/1998 16:00:00	28.3477465553
6/30/1998 16:00:00	28.2973733897
7/1/1998 16:00:00	28.6949474337
7/2/1998 16:00:00	28.1951493853
7/6/1998 16:00:00	28.4075731194
7/7/1998 16:00:00	28.4864819037
7/8/1998 16:00:00	29.1531808471
7/9/1998 16:00:00	29.266782907
7/10/1998 16:00:00	29.4334910675
7/13/1998 16:00:00	30.0567912857
7/14/1998 16:00:00	30.0047163959
7/15/1998 16:00:00	30.6698945948
7/16/1998 16:00:00	30.7339716623
7/17/1998 16:00:00	30.9738661327
7/20/1998 16:00:00	31.0142435351
7/21/1998 16:00:00	30.2946499157
7/22/1998 16:00:00	30.2666924324
7/23/1998 16:00:00	29.7421852424
7/24/1998 16:00:00	29.8011865937
7/27/1998 16:00:00	30.1769032759
7/28/1998 16:00:00	29.4765980845
7/29/1998 16:00:00	29.1970999283
7/30/1998 16:00:00	30.0847913921
7/31/1998 16:00:00	29.1369776896
8/3/1998 16:00:00	28.9501512234
8/4/1998 16:00:00	27.8667564019
8/5/1998 16:00:00	28.1343634925
8/6/1998 16:00:00	28.8950938185
8/7/1998 16:00:00	28.8567843091
8/10/1998 16:00:00	28.8313821772
8/11/1998 16:00:00	28.1383353809
8/12/1998 16:00:00	28.6570344132
8/13/1998 16:00:00	28.3126243049
8/14/1998 16:00:00	28.1357622095
8/17/1998 16:00:00	28.9341051125
8/18/1998 16:00:00	29.6414726777
8/19/1998 16:00:00	29.5781996826
8/20/1998 16:00:00	29.576694481
8/21/1998 16:00:00	29.0808368344
8/24/1998 16:00:00	28.9991665858
8/25/1998 16:00:00	29.3676329842
8/26/1998 16:00:00	29.0649149378
8/27/1998 16:00:00	27.7422149323
8/28/1998 16:00:00	26.758612544
8/31/1998 16:00:00	24.1206963536
9/1/1998 16:00:00	25.7009990908
9/2/1998 16:00:00	25.8357426518
9/3/1998 16:00:00	25.5715626429
9/4/1998 16:00:00	25.4962726957
9/8/1998 16:00:00	27.2106124402
9/9/1998 16:00:00	26.6879584829
9/10/1998 16:00:00	26.1293543006
9/11/1998 16:00:00	27.2888572574
9/14/1998 16:00:00	27.6699915662
9/15/1998 16:00:00	28.0073364519
9/16/1998 16:00:00	28.160667321
9/17/1998 16:00:00	27.3216217636
9/18/1998 16:00:00	27.5098513766
9/21/1998 16:00:00	28.0806840286
9/22/1998 16:00:00	28.2600233728
9/23/1998 16:00:00	29.4962126094
9/24/1998 16:00:00	28.6882760694
9/25/1998 16:00:00	29.3993018622
9/28/1998 16:00:00	29.2544086744
9/29/1998 16:00:00	29.2888612309
9/30/1998 16:00:00	28.4551510232
10/1/1998 16:00:00	26.937717734
10/2/1998 16:00:00	26.9946039183
10/5/1998 16:00:00	25.5402312199
10/6/1998 16:00:00	25.0570023042
10/7/1998 16:00:00	24.3430582481
10/8/1998 16:00:00	23.8731725066
10/9/1998 16:00:00	25.331960015
10/12/1998 16:00:00	26.2946054255
10/13/1998 16:00:00	25.522518759
10/14/1998 16:00:00	26.130720664
10/15/1998 16:00:00	27.4837099242
10/16/1998 16:00:00	27.3618974379
10/19/1998 16:00:00	27.705525453
10/20/1998 16:00:00	27.135617215
10/21/1998 16:00:00	28.1677676078
10/22/1998 16:00:00	28.6568643444
10/23/1998 16:00:00	28.3481172996
10/26/1998 16:00:00	28.9469557134
10/27/1998 16:00:00	28.617062979
10/28/1998 16:00:00	29.1797292166
10/29/1998 16:00:00	29.5250144243
10/30/1998 16:00:00	29.6140121346
11/2/1998 16:00:00	30.0000968786
11/3/1998 16:00:00	29.639126471
11/4/1998 16:00:00	30.3212303518
11/5/1998 16:00:00	30.4909924103
11/6/1998 16:00:00	30.8354016968
11/9/1998 16:00:00	31.0315872229
11/10/1998 16:00:00	31.2396089477
11/11/1998 16:00:00	31.3076552234
11/12/1998 16:00:00	31.0078024789
11/13/1998 16:00:00	30.979645508
11/16/1998 16:00:00	31.1988676208
11/17/1998 16:00:00	31.6838574117
11/18/1998 16:00:00	32.0290819995
11/19/1998 16:00:00	32.5058090003
11/20/1998 16:00:00	32.6486873596
11/23/1998 16:00:00	33.5964602841
11/24/1998 16:00:00	33.422189956
11/25/1998 16:00:00	33.7950846766
11/27/1998 16:00:00	34.4263282895
11/30/1998 16:00:00	32.9378800477
12/1/1998 16:00:00	34.5141546371
12/2/1998 16:00:00	34.2297374402
12/3/1998 16:00:00	33.2715528348
12/4/1998 16:00:00	34.4600564115
12/7/1998 16:00:00	35.4508735277
12/8/1998 16:00:00	35.2660329991
12/9/1998 16:00:00	35.629794954
12/10/1998 16:00:00	34.9399088041
12/11/1998 16:00:00	35.4100040717
12/14/1998 16:00:00	34.121862674
12/15/1998 16:00:00	35.172039832
12/16/1998 16:00:00	35.0132119059
12/17/1998 16:00:00	35.7179414746
12/18/1998 16:00:00	36.6767572251
12/21/1998 16:00:00	37.782054724
12/22/1998 16:00:00	37.3699615021
12/23/1998 16:00:00	38.4507141377
12/24/1998 16:00:00	38.177296737
12/28/1998 16:00:00	38.5564319596
12/29/1998 16:00:00	38.5417532139
12/30/1998 16:00:00	38.2805983179
12/31/1998 16:00:00	38.8095952058
1/4/1999 16:00:00	39.1978038928
1/5/1999 16:00:00	40.2250030089
1/6/1999 16:00:00	41.5130242617
1/7/1999 16:00:00	41.5634253486
1/8/1999 16:00:00	41.7176107386
1/11/1999 16:00:00	42.2778381177
1/12/1999 16:00:00	40.9860288278
1/13/1999 16:00:00	41.1892514443
1/14/1999 16:00:00	40.2887142287
1/15/1999 16:00:00	41.8842005816
1/19/1999 16:00:00	42.9848595693
1/20/1999 16:00:00	42.9845184197
1/21/1999 16:00:00	41.4634422314
1/22/1999 16:00:00	41.5148949281
1/25/1999 16:00:00	42.2109873425
1/26/1999 16:00:00	43.5853038729
1/27/1999 16:00:00	42.9120093502
1/28/1999 16:00:00	44.4805348307
1/29/1999 16:00:00	44.957829965
2/1/1999 16:00:00	45.0365172712
2/2/1999 16:00:00	43.9320844828
2/3/1999 16:00:00	44.8035341769
2/4/1999 16:00:00	42.8529035423
2/5/1999 16:00:00	42.0260065213
2/8/1999 16:00:00	42.9906493297
2/9/1999 16:00:00	40.9005948315
2/10/1999 16:00:00	41.0873051306
2/11/1999 16:00:00	43.2108945485
2/12/1999 16:00:00	41.3913930662
2/16/1999 16:00:00	41.3042076136
2/17/1999 16:00:00	39.9699658934
2/18/1999 16:00:00	40.2807230401
2/19/1999 16:00:00	40.8192858054
2/22/1999 16:00:00	42.180528647
2/23/1999 16:00:00	42.8608649998
2/24/1999 16:00:00	42.0344697202
2/25/1999 16:00:00	41.7224393881
2/26/1999 16:00:00	40.6843252604
3/1/1999 16:00:00	40.9464556919
3/2/1999 16:00:00	39.9098450004
3/3/1999 16:00:00	40.1451427855
3/4/1999 16:00:00	40.8467998582
3/5/1999 16:00:00	41.6249398956
3/8/1999 16:00:00	42.9807857763
3/9/1999 16:00:00	42.8646465677
3/10/1999 16:00:00	42.9822692871
3/11/1999 16:00:00	43.1927032471
3/12/1999 16:00:00	42.1405143738
3/15/1999 16:00:00	43.3505249023
3/16/1999 16:00:00	43.718788147
3/17/1999 16:00:00	43.4031486511
3/18/1999 16:00:00	44.2448921204
3/19/1999 16:00:00	43.11378479
3/22/1999 16:00:00	42.5876922607
3/23/1999 16:00:00	41.0883255005
3/24/1999 16:00:00	42.4824676514
3/25/1999 16:00:00	44.0344772339
3/26/1999 16:00:00	43.5609779358
3/29/1999 16:00:00	45.1392860413
3/30/1999 16:00:00	44.8236083984
3/31/1999 16:00:00	44.1660003662
4/1/1999 16:00:00	45.0866661072
4/5/1999 16:00:00	46.7175598145
4/6/1999 16:00:00	46.8096351624
4/7/1999 16:00:00	46.3229980469
4/8/1999 16:00:00	46.6912574768
4/9/1999 16:00:00	46.9806137085
4/12/1999 16:00:00	46.6649551392
4/13/1999 16:00:00	46.0336494446
4/14/1999 16:00:00	44.4553375244
4/15/1999 16:00:00	45.0603713989
4/16/1999 16:00:00	43.7451057434
4/19/1999 16:00:00	41.6933174133
4/20/1999 16:00:00	42.6402893066
4/21/1999 16:00:00	44.7446899414
4/22/1999 16:00:00	45.9547157288
4/23/1999 16:00:00	46.5597381592
4/26/1999 16:00:00	47.6316680908
4/27/1999 16:00:00	46.9017105103
4/28/1999 16:00:00	45.2971000671
4/29/1999 16:00:00	44.9288291931
4/30/1999 16:00:00	45.2181777954
5/3/1999 16:00:00	44.9814529419
5/4/1999 16:00:00	44.2712249756
5/5/1999 16:00:00	45.6127815247
5/6/1999 16:00:00	43.9555625916
5/7/1999 16:00:00	44.5868797302
5/10/1999 16:00:00	45.0340499878
5/11/1999 16:00:00	45.7442855835
5/12/1999 16:00:00	46.6912574768
5/13/1999 16:00:00	45.8232040405
5/14/1999 16:00:00	44.9551506042
5/17/1999 16:00:00	45.7640228271
5/18/1999 16:00:00	45.5601577759
5/19/1999 16:00:00	46.1914825439
5/20/1999 16:00:00	44.9222717285
5/21/1999 16:00:00	44.5079574585
5/24/1999 16:00:00	43.3768501282
5/25/1999 16:00:00	41.9563827515
5/26/1999 16:00:00	43.1269416809
5/27/1999 16:00:00	43.0874824524
5/28/1999 16:00:00	43.7977142334
6/1/1999 16:00:00	42.824432373
6/2/1999 16:00:00	43.5478286743
6/3/1999 16:00:00	42.9296646118
6/4/1999 16:00:00	44.2448921204
6/7/1999 16:00:00	45.1655845642
6/8/1999 16:00:00	44.0344772339
6/9/1999 16:00:00	44.7709884644
6/10/1999 16:00:00	44.2580490112
6/11/1999 16:00:00	43.5872535706
6/14/1999 16:00:00	42.7652549744
6/15/1999 16:00:00	43.4031486511
6/16/1999 16:00:00	45.6324920654
6/17/1999 16:00:00	46.1388587952
6/18/1999 16:00:00	46.3492927551
6/21/1999 16:00:00	47.7368888855
6/22/1999 16:00:00	46.2966918945
6/23/1999 16:00:00	47.0266494751
6/24/1999 16:00:00	46.0928230286
6/25/1999 16:00:00	46.0336494446
6/28/1999 16:00:00	47.125289917
6/29/1999 16:00:00	47.7697715759
6/30/1999 16:00:00	48.5062980652
7/1/1999 16:00:00	48.8351097107
7/2/1999 16:00:00	49.4532661438
7/6/1999 16:00:00	49.1376304626
7/7/1999 16:00:00	49.2165412903
7/8/1999 16:00:00	49.8741645813
7/9/1999 16:00:00	50.3739624023
7/12/1999 16:00:00	50.1109046936
7/13/1999 16:00:00	49.8741645813
7/14/1999 16:00:00	50.722492218
7/15/1999 16:00:00	51.1893997192
7/16/1999 16:00:00	51.6628875732
7/19/1999 16:00:00	51.1367950439
7/20/1999 16:00:00	49.1639404297
7/21/1999 16:00:00	49.4006729126
7/22/1999 16:00:00	48.1445999146
7/23/1999 16:00:00	48.2169570923
7/26/1999 16:00:00	47.0332336426
7/27/1999 16:00:00	47.9802093506
7/28/1999 16:00:00	48.9205856323
7/29/1999 16:00:00	47.8749847412
7/30/1999 16:00:00	47.6382522583
8/2/1999 16:00:00	47.5067176819
8/3/1999 16:00:00	47.1976318359
8/4/1999 16:00:00	46.3427200317
8/5/1999 16:00:00	47.0792503357
8/6/1999 16:00:00	46.5728988647
8/9/1999 16:00:00	45.9744567871
8/10/1999 16:00:00	45.5601577759
8/11/1999 16:00:00	47.0595283508
8/12/1999 16:00:00	46.5071258545
8/13/1999 16:00:00	48.5325927734
8/16/1999 16:00:00	48.9205856323
8/17/1999 16:00:00	49.1639404297
8/18/1999 16:00:00	48.6115188599
8/19/1999 16:00:00	48.0328140259
8/20/1999 16:00:00	48.7956581116
8/23/1999 16:00:00	50.3476448059
8/24/1999 16:00:00	50.6896247864
8/25/1999 16:00:00	51.7681236267
8/26/1999 16:00:00	50.9066200256
8/27/1999 16:00:00	50.4002571106
8/30/1999 16:00:00	49.6900253296
8/31/1999 16:00:00	50.2424316406
9/1/1999 16:00:00	50.6041145325
9/2/1999 16:00:00	50.4265785217
9/3/1999 16:00:00	52.7414054871
9/7/1999 16:00:00	52.5046691895
9/8/1999 16:00:00	51.7944335938
9/9/1999 16:00:00	52.530960083
9/10/1999 16:00:00	53.1359786987
9/13/1999 16:00:00	52.4980659485
9/14/1999 16:00:00	52.7874336243
9/15/1999 16:00:00	51.7681236267
9/16/1999 16:00:00	51.741809845
9/17/1999 16:00:00	53.2938156128
9/20/1999 16:00:00	53.4187545776
9/21/1999 16:00:00	52.1363754272
9/22/1999 16:00:00	52.6887741089
9/23/1999 16:00:00	50.5054969788
9/24/1999 16:00:00	50.5712509155
9/27/1999 16:00:00	50.9263763428
9/28/1999 16:00:00	51.1630897522
9/29/1999 16:00:00	50.1372146606
9/30/1999 16:00:00	50.6633224487
10/1/1999 16:00:00	50.6830368042
10/4/1999 16:00:00	51.8207321167
10/5/1999 16:00:00	52.188999176
10/6/1999 16:00:00	53.23462677
10/7/1999 16:00:00	53.1096611023
10/8/1999 16:00:00	53.6686515808
10/11/1999 16:00:00	54.4249076843
10/12/1999 16:00:00	53.1885910034
10/13/1999 16:00:00	51.6102981567
10/14/1999 16:00:00	51.9325218201
10/15/1999 16:00:00	50.4002571106
10/18/1999 16:00:00	49.7623672485
10/19/1999 16:00:00	50.031993866
10/20/1999 16:00:00	51.5576705933
10/21/1999 16:00:00	52.3994369507
10/22/1999 16:00:00	52.1627044678
10/25/1999 16:00:00	52.188999176
10/26/1999 16:00:00	51.7681236267
10/27/1999 16:00:00	51.6891784668
10/28/1999 16:00:00	53.4779281616
10/29/1999 16:00:00	55.34557724
11/1/1999 16:00:00	55.0562553406
11/2/1999 16:00:00	55.0891189575
11/3/1999 16:00:00	56.1873283386
11/4/1999 16:00:00	56.8186759949
11/5/1999 16:00:00	57.3973770142
11/8/1999 16:00:00	58.5548057556
11/9/1999 16:00:00	58.1602058411
11/10/1999 16:00:00	58.9230651855
11/11/1999 16:00:00	59.9752807617
11/12/1999 16:00:00	60.7643814087
11/15/1999 16:00:00	60.646030426
11/16/1999 16:00:00	62.1848564148
11/17/1999 16:00:00	61.343132019
11/18/1999 16:00:00	63.2239227295
11/19/1999 16:00:00	63.7894706726
11/22/1999 16:00:00	62.8161697388
11/23/1999 16:00:00	63.1055145264
11/24/1999 16:00:00	65.1836166382
11/26/1999 16:00:00	65.3940582275
11/29/1999 16:00:00	64.3155975342
11/30/1999 16:00:00	61.8691940308
12/1/1999 16:00:00	63.2107543945
12/2/1999 16:00:00	65.2165145874
12/3/1999 16:00:00	66.6041030884
12/6/1999 16:00:00	67.2090988159
12/7/1999 16:00:00	67.2090988159
12/8/1999 16:00:00	66.3936386108
12/9/1999 16:00:00	66.7093582153
12/10/1999 16:00:00	67.2617111206
12/13/1999 16:00:00	68.1758422852
12/14/1999 16:00:00	66.9460449219
12/15/1999 16:00:00	68.2349777222
12/16/1999 16:00:00	69.9185333252
12/17/1999 16:00:00	70.5235290527
12/20/1999 16:00:00	71.4442138672
12/21/1999 16:00:00	75.2847442627
12/22/1999 16:00:00	75.047996521
12/23/1999 16:00:00	75.9423751831
12/27/1999 16:00:00	75.4951324463
12/28/1999 16:00:00	75.021697998
12/29/1999 16:00:00	77.8626480103
12/30/1999 16:00:00	77.0208511353
12/31/1999 16:00:00	76.9156494141
1/3/2000 16:00:00	79.7565536499
1/4/2000 16:00:00	74.28515625
1/5/2000 16:00:00	72.3911819458
1/6/2000 16:00:00	67.4195404053
1/7/2000 16:00:00	75.7582092285
1/10/2000 16:00:00	77.8626480103
1/11/2000 16:00:00	74.0746917725
1/12/2000 16:00:00	72.4438171387
1/13/2000 16:00:00	76.8104248047
1/14/2000 16:00:00	78.5991592407
1/18/2000 16:00:00	79.0200424194
1/19/2000 16:00:00	80.8087387085
1/20/2000 16:00:00	80.0196075439
1/21/2000 16:00:00	81.0191955566
1/24/2000 16:00:00	77.1260375977
1/25/2000 16:00:00	78.2834854126
1/26/2000 16:00:00	75.1269073486
1/27/2000 16:00:00	76.2317123413
1/28/2000 16:00:00	72.3911819458
1/31/2000 16:00:00	75.4951324463
2/1/2000 16:00:00	77.5206298828
2/2/2000 16:00:00	78.1782836914
2/3/2000 16:00:00	81.2296905518
2/4/2000 16:00:00	81.7820510864
2/7/2000 16:00:00	82.9131469727
2/8/2000 16:00:00	86.3854064941
2/9/2000 16:00:00	83.3340377808
2/10/2000 16:00:00	86.0697402954
2/11/2000 16:00:00	84.07056427
2/14/2000 16:00:00	83.9653396606
2/15/2000 16:00:00	84.570350647
2/16/2000 16:00:00	84.1758041382
2/17/2000 16:00:00	85.9645385742
2/18/2000 16:00:00	82.8605880737
2/22/2000 16:00:00	83.1235961914
2/23/2000 16:00:00	87.7532653809
2/24/2000 16:00:00	89.6472167969
2/25/2000 16:00:00	87.5954284668
2/28/2000 16:00:00	87.5428314209
2/29/2000 16:00:00	89.8576583862
3/1/2000 16:00:00	90.5942001343
3/2/2000 16:00:00	88.4963684082
3/3/2000 16:00:00	93.4877090454
3/6/2000 16:00:00	94.2242889404
3/7/2000 16:00:00	92.8038253784
3/8/2000 16:00:00	93.6455841064
3/9/2000 16:00:00	96.8021697998
3/10/2000 16:00:00	96.3812789917
3/13/2000 16:00:00	93.8560256958
3/14/2000 16:00:00	90.3837432861
3/15/2000 16:00:00	86.5958709717
3/16/2000 16:00:00	91.5411911011
3/17/2000 16:00:00	93.2773284912
3/20/2000 16:00:00	90.6468200684
3/21/2000 16:00:00	94.0664672852
3/22/2000 16:00:00	95.9604187012
3/23/2000 16:00:00	97.6439437866
3/24/2000 16:00:00	98.9591522217
3/27/2000 16:00:00	99.1169815063
3/28/2000 16:00:00	96.5917282104
3/29/2000 16:00:00	92.5933837891
3/30/2000 16:00:00	90.2785720825
3/31/2000 16:00:00	92.172492981
4/3/2000 16:00:00	86.6484451294
4/4/2000 16:00:00	85.8066940308
4/5/2000 16:00:00	84.2810287476
4/6/2000 16:00:00	86.280166626
4/7/2000 16:00:00	89.7524490356
4/10/2000 16:00:00	84.2810287476
4/11/2000 16:00:00	82.281829834
4/12/2000 16:00:00	77.4417114258
4/13/2000 16:00:00	74.0746917725
4/14/2000 16:00:00	67.6562805176
4/17/2000 16:00:00	75.4425582886
4/18/2000 16:00:00	77.4417114258
4/19/2000 16:00:00	75.0742645264
4/20/2000 16:00:00	73.4434051514
4/24/2000 16:00:00	71.3390045166
4/25/2000 16:00:00	76.1527862549
4/26/2000 16:00:00	73.5485916138
4/27/2000 16:00:00	76.8104248047
4/28/2000 16:00:00	79.7565536499
5/1/2000 16:00:00	80.4930953979
5/2/2000 16:00:00	75.8634414673
5/3/2000 16:00:00	75.021697998
5/4/2000 16:00:00	75.1795501709
5/5/2000 16:00:00	76.96824646
5/8/2000 16:00:00	73.9694824219
5/9/2000 16:00:00	72.3911819458
5/10/2000 16:00:00	67.1302185059
5/11/2000 16:00:00	71.2337799072
5/12/2000 16:00:00	71.2337799072
5/15/2000 16:00:00	74.3377304077
5/16/2000 16:00:00	76.4421234131
5/17/2000 16:00:00	74.8638839722
5/18/2000 16:00:00	72.1807632446
5/19/2000 16:00:00	68.7610931396
5/22/2000 16:00:00	68.7084960938
5/23/2000 16:00:00	62.9740257263
5/24/2000 16:00:00	66.9197616577
5/25/2000 16:00:00	65.4466781616
5/26/2000 16:00:00	65.4466781616
5/30/2000 16:00:00	72.0229034424
5/31/2000 16:00:00	69.9710998535
6/1/2000 16:00:00	73.5485916138
6/2/2000 16:00:00	78.8096160889
6/5/2000 16:00:00	79.0069046021
6/6/2000 16:00:00	76.8104248047
6/7/2000 16:00:00	78.8622207642
6/8/2000 16:00:00	78.493927002
6/9/2000 16:00:00	78.9148635864
6/12/2000 16:00:00	76.389503479
6/13/2000 16:00:00	79.3357086182
6/14/2000 16:00:00	77.5469512939
6/15/2000 16:00:00	78.9148635864
6/16/2000 16:00:00	79.3357086182
6/19/2000 16:00:00	82.4923171997
6/20/2000 16:00:00	82.176651001
6/21/2000 16:00:00	83.2288208008
6/22/2000 16:00:00	80.1774368286
6/23/2000 16:00:00	77.0208511353
6/26/2000 16:00:00	79.1252288818
6/27/2000 16:00:00	78.1782836914
6/28/2000 16:00:00	79.1252288818
6/29/2000 16:00:00	77.1392440796
6/30/2000 16:00:00	78.651763916
7/3/2000 16:00:00	80.1774368286
7/5/2000 16:00:00	77.0734863281
7/6/2000 16:00:00	79.1252288818
7/7/2000 16:00:00	80.7561340332
7/10/2000 16:00:00	79.5329589844
7/11/2000 16:00:00	79.9670028687
7/12/2000 16:00:00	81.8609619141
7/13/2000 16:00:00	82.9131469727
7/14/2000 16:00:00	84.7018966675
7/17/2000 16:00:00	85.6488647461
7/18/2000 16:00:00	83.7549057007
7/19/2000 16:00:00	81.8609619141
7/20/2000 16:00:00	84.4914321899
7/21/2000 16:00:00	81.6505432129
7/24/2000 16:00:00	79.9670028687
7/25/2000 16:00:00	80.5982971191
7/26/2000 16:00:00	80.4930953979
7/27/2000 16:00:00	77.3365097046
7/28/2000 16:00:00	73.1277236938
7/31/2000 16:00:00	75.2847442627
8/1/2000 16:00:00	74.28515625
8/2/2000 16:00:00	72.969909668
8/3/2000 16:00:00	76.1264877319
8/4/2000 16:00:00	75.8634414673
8/7/2000 16:00:00	77.6521530151
8/8/2000 16:00:00	79.2304611206
8/9/2000 16:00:00	77.1260375977
8/10/2000 16:00:00	75.6003875732
8/11/2000 16:00:00	76.65259552
8/14/2000 16:00:00	78.2834854126
8/15/2000 16:00:00	78.2834854126
8/16/2000 16:00:00	79.0726470947
8/17/2000 16:00:00	80.5982971191
8/18/2000 16:00:00	80.1774368286
8/21/2000 16:00:00	80.387878418
8/22/2000 16:00:00	80.387878418
8/23/2000 16:00:00	81.703163147
8/24/2000 16:00:00	82.9657592773
8/25/2000 16:00:00	82.5186080933
8/28/2000 16:00:00	82.9131469727
8/29/2000 16:00:00	83.3340377808
8/30/2000 16:00:00	83.2288208008
8/31/2000 16:00:00	85.5436859131
9/1/2000 16:00:00	86.3854064941
9/5/2000 16:00:00	83.7549057007
9/6/2000 16:00:00	80.8087387085
9/7/2000 16:00:00	82.5974884033
9/8/2000 16:00:00	80.072265625
9/11/2000 16:00:00	78.1256484985
9/12/2000 16:00:00	76.9156494141
9/13/2000 16:00:00	78.7043838501
9/14/2000 16:00:00	78.2834854126
9/15/2000 16:00:00	76.8630218506
9/18/2000 16:00:00	75.6530456543
9/19/2000 16:00:00	78.4413299561
9/20/2000 16:00:00	79.6513442993
9/21/2000 16:00:00	73.8642349243
9/22/2000 16:00:00	78.2309036255
9/25/2000 16:00:00	76.1527862549
9/26/2000 16:00:00	75.2847442627
9/27/2000 16:00:00	75.3899536133
9/28/2000 16:00:00	77.0734863281
9/29/2000 16:00:00	74.7060012817
10/2/2000 16:00:00	73.0224990845
10/3/2000 16:00:00	70.7076416016
10/4/2000 16:00:00	72.0755233765
10/5/2000 16:00:00	72.2859573364
10/6/2000 16:00:00	69.8659210205
10/9/2000 16:00:00	69.5502548218
10/10/2000 16:00:00	65.920173645
10/11/2000 16:00:00	64.8679580688
10/12/2000 16:00:00	63.2370834351
10/13/2000 16:00:00	68.3928451538
10/16/2000 16:00:00	69.0241394043
10/17/2000 16:00:00	65.8675994873
10/18/2000 16:00:00	65.657119751
10/19/2000 16:00:00	71.6020126343
10/20/2000 16:00:00	72.6542282104
10/23/2000 16:00:00	72.5489807129
10/24/2000 16:00:00	69.4450531006
10/25/2000 16:00:00	65.5518798828
10/26/2000 16:00:00	67.2354507446
10/27/2000 16:00:00	67.1038970947
10/30/2000 16:00:00	64.6180801392
10/31/2000 16:00:00	68.7742538452
11/1/2000 16:00:00	68.1823730469
11/2/2000 16:00:00	69.0241394043
11/3/2000 16:00:00	69.9185333252
11/6/2000 16:00:00	69.3924179077
11/7/2000 16:00:00	69.1293716431
11/8/2000 16:00:00	63.7237319946
11/9/2000 16:00:00	63.7105560303
11/10/2000 16:00:00	60.396156311
11/13/2000 16:00:00	60.4882087708
11/14/2000 16:00:00	63.8420677185
11/15/2000 16:00:00	65.1310043335
11/16/2000 16:00:00	61.343132019
11/17/2000 16:00:00	61.3036804199
11/20/2000 16:00:00	58.8046722412
11/21/2000 16:00:00	58.7126426697
11/22/2000 16:00:00	56.082118988
11/24/2000 16:00:00	59.2913246155
11/27/2000 16:00:00	58.5548057556
11/28/2000 16:00:00	55.0956878662
11/29/2000 16:00:00	52.97813797
11/30/2000 16:00:00	53.0175933838
12/1/2000 16:00:00	53.8725166321
12/4/2000 16:00:00	54.7142448425
12/5/2000 16:00:00	59.5017662048
12/6/2000 16:00:00	57.2395706177
12/7/2000 16:00:00	55.9769058228
12/8/2000 16:00:00	57.2395706177
12/11/2000 16:00:00	62.605758667
12/12/2000 16:00:00	60.3172187805
12/13/2000 16:00:00	57.8577003479
12/14/2000 16:00:00	55.0299263
12/15/2000 16:00:00	53.7672920227
12/18/2000 16:00:00	53.8725166321
12/19/2000 16:00:00	49.7689285278
12/20/2000 16:00:00	46.9148483276
12/21/2000 16:00:00	47.1910629272
12/22/2000 16:00:00	50.9263763428
12/26/2000 16:00:00	51.2420043945
12/27/2000 16:00:00	51.8207321167
12/28/2000 16:00:00	51.7155036926
12/29/2000 16:00:00	49.1376304626
1/2/2001 16:00:00	44.9814529419
1/3/2001 16:00:00	52.557258606
1/4/2001 16:00:00	51.6102981567
1/5/2001 16:00:00	47.6645393372
1/8/2001 16:00:00	48.1906394958
1/9/2001 16:00:00	48.1906394958
1/10/2001 16:00:00	50.6633224487
1/11/2001 16:00:00	52.1363754272
1/12/2001 16:00:00	52.807182312
1/16/2001 16:00:00	52.1758346558
1/17/2001 16:00:00	53.7672920227
1/18/2001 16:00:00	56.0295181274
1/19/2001 16:00:00	55.8190498352
1/22/2001 16:00:00	55.8716926575
1/23/2001 16:00:00	57.0422401428
1/24/2001 16:00:00	56.5030174255
1/25/2001 16:00:00	54.2933807373
1/26/2001 16:00:00	55.1746063232
1/29/2001 16:00:00	56.3977622986
1/30/2001 16:00:00	56.1873283386
1/31/2001 16:00:00	54.1250724792
2/1/2001 16:00:00	54.8405418396
2/2/2001 16:00:00	51.8101997375
2/5/2001 16:00:00	51.7681236267
2/6/2001 16:00:00	51.8522949219
2/7/2001 16:00:00	51.0105285645
2/8/2001 16:00:00	49.4869499207
2/9/2001 16:00:00	47.4751358032
2/12/2001 16:00:00	48.047542572
2/13/2001 16:00:00	46.5071258545
2/14/2001 16:00:00	48.3589935303
2/15/2001 16:00:00	49.1586761475
2/16/2001 16:00:00	46.4061126709
2/20/2001 16:00:00	44.6047515869
2/21/2001 16:00:00	43.3505249023
2/22/2001 16:00:00	42.9296646118
2/23/2001 16:00:00	43.0811653137
2/26/2001 16:00:00	43.8976783752
2/27/2001 16:00:00	41.2461585999
2/28/2001 16:00:00	39.9414138794
3/1/2001 16:00:00	41.077796936
3/2/2001 16:00:00	39.3101272583
3/5/2001 16:00:00	40.0255813599
3/6/2001 16:00:00	41.5828437805
3/7/2001 16:00:00	41.5996894836
3/8/2001 16:00:00	40.8252716064
3/9/2001 16:00:00	37.9632949829
3/12/2001 16:00:00	35.6063652039
3/13/2001 16:00:00	37.4161453247
3/14/2001 16:00:00	36.8269081116
3/15/2001 16:00:00	35.4801063538
3/16/2001 16:00:00	34.6804199219
3/19/2001 16:00:00	36.4144439697
3/20/2001 16:00:00	33.9649276733
3/21/2001 16:00:00	33.9649276733
3/22/2001 16:00:00	36.0272254944
3/23/2001 16:00:00	36.0272254944
3/26/2001 16:00:00	35.1939048767
3/27/2001 16:00:00	36.4060325623
3/28/2001 16:00:00	33.4177856445
3/29/2001 16:00:00	32.7864646912
3/30/2001 16:00:00	32.9548149109
4/2/2001 16:00:00	31.4817485809
4/3/2001 16:00:00	29.1753349304
4/4/2001 16:00:00	28.6618556976
4/5/2001 16:00:00	31.4059886932
4/6/2001 16:00:00	30.2611942291
4/9/2001 16:00:00	31.1871433258
4/10/2001 16:00:00	33.5019454956
4/11/2001 16:00:00	34.5120697021
4/12/2001 16:00:00	36.0272254944
4/16/2001 16:00:00	33.8807563782
4/17/2001 16:00:00	34.7225265503
4/18/2001 16:00:00	38.3420753479
4/19/2001 16:00:00	40.6569061279
4/20/2001 16:00:00	40.7410812378
4/23/2001 16:00:00	38.0053672791
4/24/2001 16:00:00	37.2898864746
4/25/2001 16:00:00	37.9632949829
4/26/2001 16:00:00	36.9952583313
4/27/2001 16:00:00	38.0053672791
4/30/2001 16:00:00	38.8471450806
5/1/2001 16:00:00	40.4464683533
5/2/2001 16:00:00	41.2293167114
5/3/2001 16:00:00	39.3942718506
5/4/2001 16:00:00	40.5727310181
5/7/2001 16:00:00	39.73097229
5/8/2001 16:00:00	40.5727310181
5/9/2001 16:00:00	39.1838264465
5/10/2001 16:00:00	38.5272598267
5/11/2001 16:00:00	38.3420753479
5/14/2001 16:00:00	37.7275924683
5/15/2001 16:00:00	38.0053672791
5/16/2001 16:00:00	39.6888847351
5/17/2001 16:00:00	40.3202095032
5/18/2001 16:00:00	40.4380569458
5/21/2001 16:00:00	42.9717445374
5/22/2001 16:00:00	42.8454818726
5/23/2001 16:00:00	40.9515342712
5/24/2001 16:00:00	42.0037193298
5/25/2001 16:00:00	41.2377090454
5/29/2001 16:00:00	38.8218841553
5/30/2001 16:00:00	37.3993148804
5/31/2001 16:00:00	37.6518478394
6/1/2001 16:00:00	38.762966156
6/4/2001 16:00:00	38.5777626038
6/5/2001 16:00:00	40.2781105042
6/6/2001 16:00:00	39.9666595459
6/7/2001 16:00:00	40.9936141968
6/8/2001 16:00:00	39.8572273254
6/11/2001 16:00:00	38.762966156
6/12/2001 16:00:00	38.5525283813
6/13/2001 16:00:00	37.5003166199
6/14/2001 16:00:00	35.5642814636
6/15/2001 16:00:00	35.8588981628
6/18/2001 16:00:00	35.3790855408
6/19/2001 16:00:00	35.2023124695
6/20/2001 16:00:00	36.001991272
6/21/2001 16:00:00	36.4902153015
6/22/2001 16:00:00	36.4060325623
6/25/2001 16:00:00	36.4986228943
6/26/2001 16:00:00	36.6248970032
6/27/2001 16:00:00	36.860584259
6/28/2001 16:00:00	37.3319664001
6/29/2001 16:00:00	38.4683303833
7/2/2001 16:00:00	38.2578811646
7/3/2001 16:00:00	38.4178314209
7/5/2001 16:00:00	36.574382782
7/6/2001 16:00:00	35.0592193604
7/9/2001 16:00:00	35.3622550964
7/10/2001 16:00:00	34.0911865234
7/11/2001 16:00:00	34.5120697021
7/12/2001 16:00:00	36.7006378174
7/13/2001 16:00:00	36.321849823
7/16/2001 16:00:00	35.6484260559
7/17/2001 16:00:00	36.4481086731
7/18/2001 16:00:00	35.0592193604
7/19/2001 16:00:00	35.8925704956
7/20/2001 16:00:00	35.0592193604
7/23/2001 16:00:00	34.183795929
7/24/2001 16:00:00	33.7965774536
7/25/2001 16:00:00	34.0911865234
7/26/2001 16:00:00	34.5962524414
7/27/2001 16:00:00	35.3117485046
7/30/2001 16:00:00	35.1013069153
7/31/2001 16:00:00	35.1518058777
8/1/2001 16:00:00	36.2797737122
8/2/2001 16:00:00	36.9616012573
8/3/2001 16:00:00	36.3471069336
8/6/2001 16:00:00	35.7747001648
8/7/2001 16:00:00	35.5895309448
8/8/2001 16:00:00	34.0911865234
8/9/2001 16:00:00	34.2342987061
8/10/2001 16:00:00	33.9060096741
8/13/2001 16:00:00	34.5962524414
8/14/2001 16:00:00	34.1753768921
8/15/2001 16:00:00	32.912727356
8/16/2001 16:00:00	33.2999458313
8/17/2001 16:00:00	31.7847747803
8/20/2001 16:00:00	32.222492218
8/21/2001 16:00:00	30.8841056824
8/22/2001 16:00:00	31.7258720398
8/23/2001 16:00:00	31.414396286
8/24/2001 16:00:00	33.0810852051
8/27/2001 16:00:00	33.1231651306
8/28/2001 16:00:00	32.0878181458
8/29/2001 16:00:00	31.6164264679
8/30/2001 16:00:00	30.446395874
8/31/2001 16:00:00	30.8336086273
9/4/2001 16:00:00	29.8571548462
9/5/2001 16:00:00	29.7393016815
9/6/2001 16:00:00	28.5355949402
9/7/2001 16:00:00	28.3672504425
9/10/2001 16:00:00	28.703950882
9/17/2001 16:00:00	26.2628536224
9/18/2001 16:00:00	25.6736049652
9/19/2001 16:00:00	25.22747612
9/20/2001 16:00:00	24.3857269287
9/21/2001 16:00:00	23.7291507721
9/24/2001 16:00:00	24.9244613647
9/25/2001 16:00:00	25.0002098083
9/26/2001 16:00:00	24.1332015991
9/27/2001 16:00:00	23.9732666016
9/28/2001 16:00:00	24.3941459656
10/1/2001 16:00:00	24.1837043762
10/2/2001 16:00:00	24.2594604492
10/3/2001 16:00:00	26.094499588
10/4/2001 16:00:00	26.3470153809
10/5/2001 16:00:00	26.7342338562
10/8/2001 16:00:00	26.8184108734
10/9/2001 16:00:00	26.1702613831
10/10/2001 16:00:00	27.3571224213
10/11/2001 16:00:00	29.2090072632
10/12/2001 16:00:00	29.082736969
10/15/2001 16:00:00	28.9564914703
10/16/2001 16:00:00	29.427854538
10/17/2001 16:00:00	27.3150463104
10/18/2001 16:00:00	28.0557956696
10/19/2001 16:00:00	28.240983963
10/22/2001 16:00:00	28.9985675812
10/23/2001 16:00:00	29.1500797272
10/24/2001 16:00:00	29.7814064026
10/25/2001 16:00:00	30.9766998291
10/26/2001 16:00:00	30.3116989136
10/29/2001 16:00:00	28.6534366608
10/30/2001 16:00:00	28.0978775024
10/31/2001 16:00:00	28.5355949402
11/1/2001 16:00:00	29.7477207184
11/2/2001 16:00:00	29.9665870667
11/5/2001 16:00:00	30.9430389404
11/6/2001 16:00:00	32.1467514038
11/7/2001 16:00:00	32.104675293
11/8/2001 16:00:00	31.7763690948
11/9/2001 16:00:00	31.7595214844
11/12/2001 16:00:00	31.9867897034
11/13/2001 16:00:00	33.1315917969
11/14/2001 16:00:00	33.3672828674
11/15/2001 16:00:00	33.2325935364
11/16/2001 16:00:00	33.1400146484
11/19/2001 16:00:00	34.0827827454
11/20/2001 16:00:00	32.5087089539
11/21/2001 16:00:00	32.34034729
11/23/2001 16:00:00	33.064250946
11/26/2001 16:00:00	33.8807563782
11/27/2001 16:00:00	33.8386535645
11/28/2001 16:00:00	32.6181182861
11/29/2001 16:00:00	33.6282348633
11/30/2001 16:00:00	33.3757019043
12/3/2001 16:00:00	32.8033103943
12/4/2001 16:00:00	34.368976593
12/5/2001 16:00:00	36.0693206787
12/6/2001 16:00:00	36.1198425293
12/7/2001 16:00:00	35.1265487671
12/10/2001 16:00:00	34.5120697021
12/11/2001 16:00:00	34.7056846619
12/12/2001 16:00:00	34.9834709167
12/13/2001 16:00:00	33.468296051
12/14/2001 16:00:00	33.7629356384
12/17/2001 16:00:00	34.3437385559
12/18/2001 16:00:00	34.7309417725
12/19/2001 16:00:00	34.0996208191
12/20/2001 16:00:00	32.6517906189
12/21/2001 16:00:00	33.2325935364
12/24/2001 16:00:00	33.0979194641
12/26/2001 16:00:00	33.4093933105
12/27/2001 16:00:00	33.6787452698
12/28/2001 16:00:00	33.9481010437
12/31/2001 16:00:00	32.7528076172
1/2/2002 16:00:00	33.7629356384
1/3/2002 16:00:00	34.9329605103
1/4/2002 16:00:00	35.0760574341
1/7/2002 16:00:00	34.6888389587
1/8/2002 16:00:00	34.9245376587
1/9/2002 16:00:00	34.6046676636
1/10/2002 16:00:00	34.8319320679
1/11/2002 16:00:00	34.3858108521
1/14/2002 16:00:00	33.6366462708
1/15/2002 16:00:00	33.9565200806
1/16/2002 16:00:00	32.6433563232
1/17/2002 16:00:00	33.3757019043
1/18/2002 16:00:00	32.4834365845
1/22/2002 16:00:00	31.4817485809
1/23/2002 16:00:00	32.3487548828
1/24/2002 16:00:00	32.7780609131
1/25/2002 16:00:00	32.6854667664
1/28/2002 16:00:00	32.8706436157
1/29/2002 16:00:00	31.9699497223
1/30/2002 16:00:00	32.214099884
1/31/2002 16:00:00	32.4160842896
2/1/2002 16:00:00	32.104675293
2/4/2002 16:00:00	31.0777168274
2/5/2002 16:00:00	30.5642337799
2/6/2002 16:00:00	30.3538074493
2/7/2002 16:00:00	29.6214694977
2/8/2002 16:00:00	30.446395874
2/11/2002 16:00:00	30.8336086273
2/12/2002 16:00:00	30.5810756683
2/13/2002 16:00:00	31.10297966
2/14/2002 16:00:00	31.0440368652
2/15/2002 16:00:00	30.1180934906
2/19/2002 16:00:00	29.1921653748
2/20/2002 16:00:00	29.5877799988
2/21/2002 16:00:00	28.1820678711
2/22/2002 16:00:00	28.3251609802
2/25/2002 16:00:00	29.4699459076
2/26/2002 16:00:00	29.3605175018
2/27/2002 16:00:00	28.9564914703
2/28/2002 16:00:00	28.4345779419
3/1/2002 16:00:00	30.0844287872
3/4/2002 16:00:00	31.271314621
3/5/2002 16:00:00	31.4985694885
3/6/2002 16:00:00	31.6500968933
3/7/2002 16:00:00	31.7174396515
3/8/2002 16:00:00	32.5507774353
3/11/2002 16:00:00	32.4329185486
3/12/2002 16:00:00	31.9867897034
3/13/2002 16:00:00	31.2124042511
3/14/2002 16:00:00	31.0271968842
3/15/2002 16:00:00	31.3386421204
3/18/2002 16:00:00	31.515411377
3/19/2002 16:00:00	31.4649200439
3/20/2002 16:00:00	30.3538074493
3/21/2002 16:00:00	31.1618671417
3/22/2002 16:00:00	30.8756732941
3/25/2002 16:00:00	29.9329204559
3/26/2002 16:00:00	30.2106971741
3/27/2002 16:00:00	29.9749984741
3/28/2002 16:00:00	30.3538074493
4/1/2002 16:00:00	30.9345970154
4/2/2002 16:00:00	29.5372753143
4/3/2002 16:00:00	29.4867897034
4/4/2002 16:00:00	29.2595043182
4/5/2002 16:00:00	28.9312171936
4/8/2002 16:00:00	29.293182373
4/9/2002 16:00:00	28.2746524811
4/10/2002 16:00:00	28.4850902557
4/11/2002 16:00:00	27.7779998779
4/12/2002 16:00:00	28.2157249451
4/15/2002 16:00:00	28.4430103302
4/16/2002 16:00:00	29.6298828125
4/17/2002 16:00:00	29.4783554077
4/18/2002 16:00:00	28.9143886566
4/19/2002 16:00:00	29.0069904327
4/22/2002 16:00:00	28.2746524811
4/23/2002 16:00:00	27.7864284515
4/24/2002 16:00:00	27.3571224213
4/25/2002 16:00:00	27.2897949219
4/26/2002 16:00:00	26.128162384
4/29/2002 16:00:00	26.1955108643
4/30/2002 16:00:00	26.708984375
5/1/2002 16:00:00	26.5658760071
5/2/2002 16:00:00	25.6820335388
5/3/2002 16:00:00	25.0338897705
5/6/2002 16:00:00	24.3857269287
5/7/2002 16:00:00	24.158449173
5/8/2002 16:00:00	26.7426452637
5/9/2002 16:00:00	26.0524158478
5/10/2002 16:00:00	24.8823699951
5/13/2002 16:00:00	25.8924751282
5/14/2002 16:00:00	27.4160575867
5/15/2002 16:00:00	27.6180820465
5/16/2002 16:00:00	27.6601753235
5/17/2002 16:00:00	27.7190799713
5/20/2002 16:00:00	27.1130237579
5/21/2002 16:00:00	26.3722801208
5/22/2002 16:00:00	26.4312000275
5/23/2002 16:00:00	26.9615154266
5/24/2002 16:00:00	26.2965202332
5/28/2002 16:00:00	26.1786689758
5/29/2002 16:00:00	25.4884319305
5/30/2002 16:00:00	25.7072925568
5/31/2002 16:00:00	25.2864074707
6/3/2002 16:00:00	24.3941459656
6/4/2002 16:00:00	24.7140140533
6/5/2002 16:00:00	24.9665393829
6/6/2002 16:00:00	24.309967041
6/7/2002 16:00:00	23.8217563629
6/10/2002 16:00:00	23.7796573639
6/11/2002 16:00:00	23.1146717072
6/12/2002 16:00:00	23.451374054
6/13/2002 16:00:00	23.2998580933
6/14/2002 16:00:00	23.2493515015
6/17/2002 16:00:00	24.0406093597
6/18/2002 16:00:00	24.4278106689
6/19/2002 16:00:00	23.0136547089
6/20/2002 16:00:00	22.2729187012
6/21/2002 16:00:00	21.7341995239
6/24/2002 16:00:00	22.1634883881
6/25/2002 16:00:00	21.4311542511
6/26/2002 16:00:00	21.5910892487
6/27/2002 16:00:00	22.0624771118
6/28/2002 16:00:00	21.9698867798
7/1/2002 16:00:00	20.9176883698
7/2/2002 16:00:00	20.1601047516
7/3/2002 16:00:00	20.8335094452
7/5/2002 16:00:00	22.1719036102
7/8/2002 16:00:00	21.3638076782
7/9/2002 16:00:00	20.7577381134
7/10/2002 16:00:00	20.118013382
7/11/2002 16:00:00	20.8756008148
7/12/2002 16:00:00	20.8756008148
7/15/2002 16:00:00	21.5237541199
7/16/2002 16:00:00	21.2038860321
7/17/2002 16:00:00	21.5910892487
7/18/2002 16:00:00	20.8166751862
7/19/2002 16:00:00	20.1937847137
7/22/2002 16:00:00	19.6971359253
7/23/2002 16:00:00	18.855381012
7/24/2002 16:00:00	19.8823280334
7/25/2002 16:00:00	18.7291145325
7/26/2002 16:00:00	19.082654953
7/29/2002 16:00:00	20.0590934753
7/30/2002 16:00:00	20.4631385803
7/31/2002 16:00:00	20.0759296417
8/1/2002 16:00:00	19.1331558228
8/2/2002 16:00:00	18.7291145325
8/5/2002 16:00:00	18.0472946167
8/6/2002 16:00:00	18.9395523071
8/7/2002 16:00:00	19.1920833588
8/8/2002 16:00:00	19.8402309418
8/9/2002 16:00:00	19.6382198334
8/12/2002 16:00:00	19.6971359253
8/13/2002 16:00:00	19.023733139
8/14/2002 16:00:00	20.2358627319
8/15/2002 16:00:00	20.6483154297
8/16/2002 16:00:00	20.7914218903
8/19/2002 16:00:00	21.2964744568
8/20/2002 16:00:00	21.2038860321
8/21/2002 16:00:00	21.6752624512
8/22/2002 16:00:00	22.0203876495
8/23/2002 16:00:00	21.1702079773
8/26/2002 16:00:00	21.2543888092
8/27/2002 16:00:00	20.5136413574
8/28/2002 16:00:00	19.7644691467
8/29/2002 16:00:00	20.0254249573
8/30/2002 16:00:00	19.7728939056
9/3/2002 16:00:00	19.0574035645
9/4/2002 16:00:00	19.1331558228
9/5/2002 16:00:00	18.661775589
9/6/2002 16:00:00	19.2341651917
9/9/2002 16:00:00	19.4277801514
9/10/2002 16:00:00	19.9075775146
9/11/2002 16:00:00	19.7392234802
9/12/2002 16:00:00	19.2005062103
9/13/2002 16:00:00	19.3520088196
9/16/2002 16:00:00	19.0742340088
9/17/2002 16:00:00	18.6701908112
9/18/2002 16:00:00	18.4597473145
9/19/2002 16:00:00	18.1651363373
9/20/2002 16:00:00	18.2409038544
9/23/2002 16:00:00	17.6937541962
9/24/2002 16:00:00	17.702173233
9/25/2002 16:00:00	18.4092521667
9/26/2002 16:00:00	18.1819782257
9/27/2002 16:00:00	17.9378662109
9/30/2002 16:00:00	17.4412269592
10/1/2002 16:00:00	18.5018424988
10/2/2002 16:00:00	17.8873500824
10/3/2002 16:00:00	17.4580516815
10/4/2002 16:00:00	17.129776001
10/7/2002 16:00:00	16.9698429108
10/8/2002 16:00:00	17.0035114288
10/9/2002 16:00:00	16.8856639862
10/10/2002 16:00:00	17.7442569733
10/11/2002 16:00:00	18.7038650513
10/14/2002 16:00:00	18.9227199554
10/15/2002 16:00:00	19.8318157196
10/16/2002 16:00:00	19.175239563
10/17/2002 16:00:00	19.8234024048
10/18/2002 16:00:00	20.0422687531
10/21/2002 16:00:00	20.4463024139
10/22/2002 16:00:00	20.3200340271
10/23/2002 16:00:00	20.707244873
10/24/2002 16:00:00	20.1853561401
10/25/2002 16:00:00	20.7914218903
10/28/2002 16:00:00	20.6146583557
10/29/2002 16:00:00	20.1348514557
10/30/2002 16:00:00	20.6735687256
10/31/2002 16:00:00	20.6651611328
11/1/2002 16:00:00	21.2543888092
11/4/2002 16:00:00	21.801530838
11/5/2002 16:00:00	21.9698867798
11/6/2002 16:00:00	22.2813339233
11/7/2002 16:00:00	21.498500824
11/8/2002 16:00:00	21.1028747559
11/11/2002 16:00:00	20.4631385803
11/12/2002 16:00:00	20.9850330353
11/13/2002 16:00:00	21.2375602722
11/14/2002 16:00:00	21.9698867798
11/15/2002 16:00:00	22.2560863495
11/18/2002 16:00:00	21.9277935028
11/19/2002 16:00:00	21.5910892487
11/20/2002 16:00:00	22.5086078644
11/21/2002 16:00:00	23.3419570923
11/22/2002 16:00:00	23.3335342407
11/25/2002 16:00:00	23.5608043671
11/26/2002 16:00:00	22.7695503235
11/27/2002 16:00:00	23.4934692383
11/29/2002 16:00:00	23.3335342407
12/2/2002 16:00:00	23.5692253113
12/3/2002 16:00:00	22.8705615997
12/4/2002 16:00:00	22.3655185699
12/5/2002 16:00:00	22.0540599823
12/6/2002 16:00:00	22.2813339233
12/9/2002 16:00:00	21.229139328
12/10/2002 16:00:00	21.5489997864
12/11/2002 16:00:00	21.65001297
12/12/2002 16:00:00	21.7678699493
12/13/2002 16:00:00	21.077627182
12/16/2002 16:00:00	21.7594394684
12/17/2002 16:00:00	21.8267860413
12/18/2002 16:00:00	21.3638076782
12/19/2002 16:00:00	21.0944499969
12/20/2002 16:00:00	21.3133125305
12/23/2002 16:00:00	21.6079292297
12/24/2002 16:00:00	21.3385696411
12/26/2002 16:00:00	21.2796459198
12/27/2002 16:00:00	20.8924312592
12/30/2002 16:00:00	20.732503891
12/31/2002 16:00:00	20.5136413574
1/2/2003 16:00:00	21.380651474
1/3/2003 16:00:00	21.6163425446
1/6/2003 16:00:00	22.1550636292
1/7/2003 16:00:00	22.432844162
1/8/2003 16:00:00	21.801530838
1/9/2003 16:00:00	22.474937439
1/10/2003 16:00:00	22.8116493225
1/13/2003 16:00:00	22.6769561768
1/14/2003 16:00:00	22.7948226929
1/15/2003 16:00:00	22.5086078644
1/16/2003 16:00:00	22.2560863495
1/17/2003 16:00:00	21.304895401
1/21/2003 16:00:00	21.0692043304
1/22/2003 16:00:00	20.9850330353
1/23/2003 16:00:00	21.4732532501
1/24/2003 16:00:00	20.8924312592
1/27/2003 16:00:00	20.6483154297
1/28/2003 16:00:00	20.8587627411
1/29/2003 16:00:00	21.1702079773
1/30/2003 16:00:00	20.6230792999
1/31/2003 16:00:00	20.5725593567
2/3/2003 16:00:00	20.6146583557
2/4/2003 16:00:00	20.3621273041
2/5/2003 16:00:00	20.2695388794
2/6/2003 16:00:00	20.3789672852
2/7/2003 16:00:00	20.0422687531
2/10/2003 16:00:00	20.2190284729
2/11/2003 16:00:00	20.328453064
2/12/2003 16:00:00	20.0506725311
2/13/2003 16:00:00	20.1516819
2/14/2003 16:00:00	20.6146583557
2/18/2003 16:00:00	21.2543888092
2/19/2003 16:00:00	21.1112880707
2/20/2003 16:00:00	21.0271148682
2/21/2003 16:00:00	21.1870498657
2/24/2003 16:00:00	20.8250846863
2/25/2003 16:00:00	20.8503417969
2/26/2003 16:00:00	20.3873825073
2/27/2003 16:00:00	20.8503417969
2/28/2003 16:00:00	21.1786327362
3/3/2003 16:00:00	20.7493362427
3/4/2003 16:00:00	20.6230792999
3/5/2003 16:00:00	20.6651611328
3/6/2003 16:00:00	20.6146583557
3/7/2003 16:00:00	20.6567382812
3/10/2003 16:00:00	20.2106113434
3/11/2003 16:00:00	20.0338344574
3/12/2003 16:00:00	20.3957939148
3/13/2003 16:00:00	21.5658454895
3/14/2003 16:00:00	21.65001297
3/17/2003 16:00:00	22.3907566071
3/18/2003 16:00:00	22.6685371399
3/19/2003 16:00:00	22.474937439
3/20/2003 16:00:00	22.5591182709
3/21/2003 16:00:00	22.8705615997
3/24/2003 16:00:00	21.9193668365
3/25/2003 16:00:00	22.2308254242
3/26/2003 16:00:00	22.3570995331
3/27/2003 16:00:00	22.1971569061
3/28/2003 16:00:00	21.9530506134
3/31/2003 16:00:00	21.2543888092
4/1/2003 16:00:00	21.4227409363
4/2/2003 16:00:00	22.0119762421
4/3/2003 16:00:00	22.2897548676
4/4/2003 16:00:00	21.9277935028
4/7/2003 16:00:00	21.9614620209
4/8/2003 16:00:00	21.9362125397
4/9/2003 16:00:00	21.4311542511
4/10/2003 16:00:00	21.6921005249
4/11/2003 16:00:00	21.4732532501
4/14/2003 16:00:00	21.9109573364
4/15/2003 16:00:00	22.1213970184
4/16/2003 16:00:00	22.0708942413
4/17/2003 16:00:00	22.575958252
4/21/2003 16:00:00	22.6601238251
4/22/2003 16:00:00	23.0894165039
4/23/2003 16:00:00	23.2577705383
4/24/2003 16:00:00	23.1315078735
4/25/2003 16:00:00	22.6853847504
4/28/2003 16:00:00	23.1315078735
4/29/2003 16:00:00	23.3419570923
4/30/2003 16:00:00	23.1062507629
5/1/2003 16:00:00	23.3082771301
5/2/2003 16:00:00	23.8049087524
5/5/2003 16:00:00	23.7796573639
5/6/2003 16:00:00	24.082698822
5/7/2003 16:00:00	23.8133354187
5/8/2003 16:00:00	23.3756198883
5/9/2003 16:00:00	23.9143409729
5/12/2003 16:00:00	24.2762985229
5/13/2003 16:00:00	24.1247844696
5/14/2003 16:00:00	24.0742740631
5/15/2003 16:00:00	24.3436431885
5/16/2003 16:00:00	24.158449173
5/19/2003 16:00:00	23.3082771301
5/20/2003 16:00:00	23.3756198883
5/21/2003 16:00:00	23.3082771301
5/22/2003 16:00:00	23.6449756622
5/23/2003 16:00:00	23.6534004211
5/27/2003 16:00:00	24.4951629639
5/28/2003 16:00:00	24.5709114075
5/29/2003 16:00:00	24.6719322205
5/30/2003 16:00:00	25.075969696
6/2/2003 16:00:00	24.8992023468
6/3/2003 16:00:00	25.1348934174
6/4/2003 16:00:00	25.6062736511
6/5/2003 16:00:00	25.7914657593
6/6/2003 16:00:00	25.3621578217
6/9/2003 16:00:00	25.0254611969
6/10/2003 16:00:00	25.404258728
6/11/2003 16:00:00	25.6904525757
6/12/2003 16:00:00	25.7998771667
6/13/2003 16:00:00	25.2190551758
6/16/2003 16:00:00	25.9934921265
6/17/2003 16:00:00	25.8924751282
6/18/2003 16:00:00	26.0271587372
6/19/2003 16:00:00	25.6062736511
6/20/2003 16:00:00	25.5726051331
6/23/2003 16:00:00	25.1769809723
6/24/2003 16:00:00	24.9833755493
6/25/2003 16:00:00	24.848695755
6/26/2003 16:00:00	25.4379253387
6/27/2003 16:00:00	25.1096382141
6/30/2003 16:00:00	25.2106513977
7/1/2003 16:00:00	25.5473556519
7/2/2003 16:00:00	26.0692424774
7/3/2003 16:00:00	25.7409553528
7/7/2003 16:00:00	26.8436584473
7/8/2003 16:00:00	27.1719493866
7/9/2003 16:00:00	27.1046085358
7/10/2003 16:00:00	26.5995559692
7/11/2003 16:00:00	26.8015727997
7/14/2003 16:00:00	27.1214485168
7/15/2003 16:00:00	27.1551151276
7/16/2003 16:00:00	27.0709342957
7/17/2003 16:00:00	26.2460155487
7/18/2003 16:00:00	26.3301963806
7/21/2003 16:00:00	25.9934921265
7/22/2003 16:00:00	26.3806934357
7/23/2003 16:00:00	26.5995559692
7/24/2003 16:00:00	26.2460155487
7/25/2003 16:00:00	26.7679004669
7/28/2003 16:00:00	26.8436584473
7/29/2003 16:00:00	26.6416320801
7/30/2003 16:00:00	26.4480342865
7/31/2003 16:00:00	26.7679004669
8/1/2003 16:00:00	26.4817085266
8/4/2003 16:00:00	26.4732818604
8/5/2003 16:00:00	25.4295043945
8/6/2003 16:00:00	25.4126663208
8/7/2003 16:00:00	25.5136928558
8/8/2003 16:00:00	25.3116722107
8/11/2003 16:00:00	25.5894393921
8/12/2003 16:00:00	25.9766559601
8/13/2003 16:00:00	25.9850692749
8/14/2003 16:00:00	26.0103225708
8/15/2003 16:00:00	26.2375946045
8/18/2003 16:00:00	26.9110012054
8/19/2003 16:00:00	27.2477092743
8/20/2003 16:00:00	27.1803722382
8/21/2003 16:00:00	27.4749851227
8/22/2003 16:00:00	27.3066253662
8/25/2003 16:00:00	27.3655490875
8/26/2003 16:00:00	27.3908081055
8/27/2003 16:00:00	27.609670639
8/28/2003 16:00:00	27.8537731171
8/29/2003 16:00:00	28.1062984467
9/2/2003 16:00:00	28.510351181
9/3/2003 16:00:00	28.4935054779
9/4/2003 16:00:00	28.7544460297
9/5/2003 16:00:00	28.5692653656
9/8/2003 16:00:00	29.0406532288
9/9/2003 16:00:00	28.6955242157
9/10/2003 16:00:00	28.0052890778
9/11/2003 16:00:00	28.3167228699
9/12/2003 16:00:00	28.46824646
9/15/2003 16:00:00	28.1904792786
9/16/2003 16:00:00	28.9564914703
9/17/2003 16:00:00	28.8386287689
9/18/2003 16:00:00	29.2763404846
9/19/2003 16:00:00	29.1079959869
9/22/2003 16:00:00	28.5524234772
9/23/2003 16:00:00	29.0574836731
9/24/2003 16:00:00	27.9631996155
9/25/2003 16:00:00	27.6012401581
9/26/2003 16:00:00	27.4244766235
9/29/2003 16:00:00	27.8958683014
9/30/2003 16:00:00	27.2897949219
10/1/2003 16:00:00	27.9042873383
10/2/2003 16:00:00	27.9968624115
10/3/2003 16:00:00	28.7797145844
10/6/2003 16:00:00	28.9901676178
10/7/2003 16:00:00	29.1669216156
10/8/2003 16:00:00	28.9817314148
10/9/2003 16:00:00	29.2005691528
10/10/2003 16:00:00	29.4699459076
10/13/2003 16:00:00	29.66355896
10/14/2003 16:00:00	29.7393016815
10/15/2003 16:00:00	29.6130390167
10/16/2003 16:00:00	29.848733902
10/17/2003 16:00:00	29.133228302
10/20/2003 16:00:00	29.4952030182
10/21/2003 16:00:00	29.671957016
10/22/2003 16:00:00	29.0995635986
10/23/2003 16:00:00	28.7628707886
10/24/2003 16:00:00	28.7881298065
10/27/2003 16:00:00	28.7965373993
10/28/2003 16:00:00	29.7645626068
10/29/2003 16:00:00	29.730884552
10/30/2003 16:00:00	29.7898254395
10/31/2003 16:00:00	29.6130390167
11/3/2003 16:00:00	30.1012802124
11/4/2003 16:00:00	29.8992519379
11/5/2003 16:00:00	30.1686210632
11/6/2003 16:00:00	30.2527770996
11/7/2003 16:00:00	29.9918346405
11/10/2003 16:00:00	29.6214694977
11/11/2003 16:00:00	29.512046814
11/12/2003 16:00:00	30.1433467865
11/13/2003 16:00:00	30.1096839905
11/14/2003 16:00:00	29.4952030182
11/17/2003 16:00:00	29.1921653748
11/18/2003 16:00:00	28.5187644958
11/19/2003 16:00:00	28.7965373993
11/20/2003 16:00:00	28.5187644958
11/21/2003 16:00:00	28.8133773804
11/24/2003 16:00:00	29.6130390167
11/25/2003 16:00:00	29.6130390167
11/26/2003 16:00:00	29.7477207184
11/28/2003 16:00:00	29.7814064026
12/1/2003 16:00:00	30.2191181183
12/2/2003 16:00:00	30.0507621765
12/3/2003 16:00:00	29.671957016
12/4/2003 16:00:00	29.9918346405
12/5/2003 16:00:00	29.4952030182
12/8/2003 16:00:00	29.66355896
12/9/2003 16:00:00	28.9817314148
12/10/2003 16:00:00	29.0911617279
12/11/2003 16:00:00	29.7140369415
12/12/2003 16:00:00	29.66355896
12/15/2003 16:00:00	29.2763404846
12/16/2003 16:00:00	29.3352622986
12/17/2003 16:00:00	29.3857746124
12/18/2003 16:00:00	29.9329204559
12/19/2003 16:00:00	29.848733902
12/22/2003 16:00:00	29.9413433075
12/23/2003 16:00:00	30.1686210632
12/24/2003 16:00:00	30.2309188843
12/26/2003 16:00:00	30.1888065338
12/29/2003 16:00:00	30.6856403351
12/30/2003 16:00:00	30.7867050171
12/31/2003 16:00:00	30.7024898529
1/2/2004 16:00:00	30.6182918549
1/5/2004 16:00:00	31.233007431
1/6/2004 16:00:00	31.4435405731
1/7/2004 16:00:00	31.7298488617
1/8/2004 16:00:00	31.9824638367
1/9/2004 16:00:00	31.7719421387
1/12/2004 16:00:00	32.2771911621
1/13/2004 16:00:00	31.9571971893
1/14/2004 16:00:00	32.0666656494
1/15/2004 16:00:00	32.1508827209
1/16/2004 16:00:00	32.4793167114
1/20/2004 16:00:00	32.4540176392
1/21/2004 16:00:00	32.3192939758
1/22/2004 16:00:00	32.1256141663
1/23/2004 16:00:00	32.007724762
1/26/2004 16:00:00	32.496131897
1/27/2004 16:00:00	31.7803630829
1/28/2004 16:00:00	31.2414264679
1/29/2004 16:00:00	31.3593196869
1/30/2004 16:00:00	31.2161598206
2/2/2004 16:00:00	31.1319637299
2/3/2004 16:00:00	31.0982837677
2/4/2004 16:00:00	30.5930080414
2/5/2004 16:00:00	30.7109165192
2/6/2004 16:00:00	31.2667007446
2/9/2004 16:00:00	31.2582702637
2/10/2004 16:00:00	31.3087940216
2/11/2004 16:00:00	31.6456336975
2/12/2004 16:00:00	31.3677272797
2/13/2004 16:00:00	31.1066989899
2/17/2004 16:00:00	31.5277328491
2/18/2004 16:00:00	31.6203536987
2/19/2004 16:00:00	31.1403617859
2/20/2004 16:00:00	31.0393104553
2/23/2004 16:00:00	30.6940670013
2/24/2004 16:00:00	30.6182918549
2/25/2004 16:00:00	30.8035488129
2/26/2004 16:00:00	30.8793354034
2/27/2004 16:00:00	30.795129776
3/1/2004 16:00:00	31.1993179321
3/2/2004 16:00:00	30.837228775
3/3/2004 16:00:00	30.6687927246
3/4/2004 16:00:00	30.9550991058
3/5/2004 16:00:00	30.8456535339
3/8/2004 16:00:00	30.1214561462
3/9/2004 16:00:00	30.0288200378
3/10/2004 16:00:00	29.6330394745
3/11/2004 16:00:00	29.3635635376
3/12/2004 16:00:00	29.9025173187
3/15/2004 16:00:00	29.3804168701
3/16/2004 16:00:00	29.4309406281
3/17/2004 16:00:00	29.8940811157
3/18/2004 16:00:00	29.7593517303
3/19/2004 16:00:00	29.2625293732
3/22/2004 16:00:00	28.8919944763
3/23/2004 16:00:00	28.6562290192
3/24/2004 16:00:00	28.9846305847
3/25/2004 16:00:00	29.7593517303
3/26/2004 16:00:00	29.6583156586
3/29/2004 16:00:00	30.1382923126
3/30/2004 16:00:00	30.2393417358
3/31/2004 16:00:00	30.1803855896
4/1/2004 16:00:00	30.4498691559
4/2/2004 16:00:00	31.2414264679
4/5/2004 16:00:00	31.5361633301
4/6/2004 16:00:00	31.1403617859
4/7/2004 16:00:00	31.1066989899
4/8/2004 16:00:00	31.1066989899
4/12/2004 16:00:00	31.300365448
4/13/2004 16:00:00	30.8456535339
4/14/2004 16:00:00	30.9972190857
4/15/2004 16:00:00	30.4414424896
4/16/2004 16:00:00	30.3909301758
4/19/2004 16:00:00	30.7614402771
4/20/2004 16:00:00	30.0456619263
4/21/2004 16:00:00	30.3067073822
4/22/2004 16:00:00	31.0898418427
4/23/2004 16:00:00	31.3340702057
4/26/2004 16:00:00	31.1066989899
4/27/2004 16:00:00	31.0477371216
4/28/2004 16:00:00	30.483549118
4/29/2004 16:00:00	30.0119686127
4/30/2004 16:00:00	29.2793560028
5/3/2004 16:00:00	29.5572490692
5/4/2004 16:00:00	29.6835689545
5/5/2004 16:00:00	29.9193496704
5/6/2004 16:00:00	29.6919784546
5/7/2004 16:00:00	29.4477806091
5/10/2004 16:00:00	29.1951541901
5/11/2004 16:00:00	29.6330394745
5/12/2004 16:00:00	29.6919784546
5/13/2004 16:00:00	29.4814567566
5/14/2004 16:00:00	29.2625293732
5/17/2004 16:00:00	28.9846305847
5/18/2004 16:00:00	29.2456893921
5/19/2004 16:00:00	29.2119903564
5/20/2004 16:00:00	29.3467235565
5/21/2004 16:00:00	29.4898872375
5/24/2004 16:00:00	29.6919784546
5/25/2004 16:00:00	30.281457901
5/26/2004 16:00:00	30.4751243591
5/27/2004 16:00:00	30.6687927246
5/28/2004 16:00:00	30.778263092
6/1/2004 16:00:00	30.7361793518
6/2/2004 16:00:00	30.6687927246
6/3/2004 16:00:00	30.2982749939
6/4/2004 16:00:00	30.4751243591
6/7/2004 16:00:00	31.1993179321
6/8/2004 16:00:00	31.2414264679
6/9/2004 16:00:00	30.8035488129
6/10/2004 16:00:00	31.0224895477
6/14/2004 16:00:00	30.5845909119
6/15/2004 16:00:00	30.9803752899
6/16/2004 16:00:00	30.9298496246
6/17/2004 16:00:00	30.6435432434
6/18/2004 16:00:00	30.6856403351
6/21/2004 16:00:00	30.4414424896
6/22/2004 16:00:00	30.8877429962
6/23/2004 16:00:00	31.2582702637
6/24/2004 16:00:00	31.1993179321
6/25/2004 16:00:00	31.4351043701
6/28/2004 16:00:00	31.1740570068
6/29/2004 16:00:00	31.4687862396
6/30/2004 16:00:00	31.7803630829
7/1/2004 16:00:00	31.1909122467
7/2/2004 16:00:00	31.0056419373
7/6/2004 16:00:00	30.3403911591
7/7/2004 16:00:00	30.3993244171
7/8/2004 16:00:00	30.0625019073
7/9/2004 16:00:00	30.1045970917
7/12/2004 16:00:00	29.9783000946
7/13/2004 16:00:00	29.9362049103
7/14/2004 16:00:00	29.6330394745
7/15/2004 16:00:00	29.5319805145
7/16/2004 16:00:00	29.1951541901
7/19/2004 16:00:00	29.1362056732
7/20/2004 16:00:00	29.8351402283
7/21/2004 16:00:00	28.9677810669
7/22/2004 16:00:00	29.3635635376
7/23/2004 16:00:00	28.8077964783
7/26/2004 16:00:00	28.6814918518
7/27/2004 16:00:00	29.0772628784
7/28/2004 16:00:00	28.9509315491
7/29/2004 16:00:00	29.2877883911
7/30/2004 16:00:00	29.3804168701
8/2/2004 16:00:00	29.4393596649
8/3/2004 16:00:00	28.824634552
8/4/2004 16:00:00	28.8330516815
8/5/2004 16:00:00	28.2941150665
8/6/2004 16:00:00	27.5530796051
8/9/2004 16:00:00	27.6204490662
8/10/2004 16:00:00	27.965713501
8/11/2004 16:00:00	27.7215023041
8/12/2004 16:00:00	27.3425674438
8/13/2004 16:00:00	27.3846721649
8/16/2004 16:00:00	27.6962432861
8/17/2004 16:00:00	28.0078010559
8/18/2004 16:00:00	28.5046539307
8/19/2004 16:00:00	28.3530693054
8/20/2004 16:00:00	28.6393852234
8/23/2004 16:00:00	28.7067451477
8/24/2004 16:00:00	28.6983299255
8/25/2004 16:00:00	29.0941028595
8/26/2004 16:00:00	28.9677810669
8/27/2004 16:00:00	29.1025218964
8/30/2004 16:00:00	28.614118576
8/31/2004 16:00:00	28.6477966309
9/1/2004 16:00:00	28.8583202362
9/2/2004 16:00:00	29.2877883911
9/3/2004 16:00:00	28.7488498688
9/7/2004 16:00:00	28.9930534363
9/8/2004 16:00:00	28.8835849762
9/9/2004 16:00:00	29.1277999878
9/10/2004 16:00:00	29.5740947723
9/13/2004 16:00:00	29.9614562988
9/14/2004 16:00:00	30.0035552979
9/15/2004 16:00:00	29.6835689545
9/16/2004 16:00:00	29.7425136566
9/17/2004 16:00:00	29.8351402283
9/20/2004 16:00:00	29.8351402283
9/21/2004 16:00:00	29.953042984
9/22/2004 16:00:00	29.4309406281
9/23/2004 16:00:00	29.405670166
9/24/2004 16:00:00	29.3046302795
9/27/2004 16:00:00	29.0520000458
9/28/2004 16:00:00	29.1109466553
9/29/2004 16:00:00	29.5404071808
9/30/2004 16:00:00	29.5909252167
10/1/2004 16:00:00	30.3993244171
10/4/2004 16:00:00	30.5761795044
10/5/2004 16:00:00	30.6182918549
10/6/2004 16:00:00	30.8624839783
10/7/2004 16:00:00	30.5172386169
10/8/2004 16:00:00	29.9614562988
10/11/2004 16:00:00	30.1045970917
10/12/2004 16:00:00	30.0540866852
10/13/2004 16:00:00	29.9867248535
10/14/2004 16:00:00	29.851984024
10/15/2004 16:00:00	30.0035552979
10/18/2004 16:00:00	30.4330177307
10/19/2004 16:00:00	30.2140865326
10/20/2004 16:00:00	30.3572330475
10/21/2004 16:00:00	30.8203659058
10/22/2004 16:00:00	30.1467094421
10/25/2004 16:00:00	30.0035552979
10/26/2004 16:00:00	30.1635551453
10/27/2004 16:00:00	30.9298496246
10/28/2004 16:00:00	31.1235237122
10/29/2004 16:00:00	31.0730056763
11/1/2004 16:00:00	31.1909122467
11/2/2004 16:00:00	31.2919540405
11/3/2004 16:00:00	31.5024986267
11/4/2004 16:00:00	31.6793174744
11/5/2004 16:00:00	31.9656143188
11/8/2004 16:00:00	31.9992961884
11/9/2004 16:00:00	31.9319343567
11/10/2004 16:00:00	31.822473526
11/11/2004 16:00:00	32.2435112
11/12/2004 16:00:00	32.5550842285
11/15/2004 16:00:00	32.6982345581
11/16/2004 16:00:00	32.496131897
11/17/2004 16:00:00	32.9340324402
11/18/2004 16:00:00	33.0855941772
11/19/2004 16:00:00	32.5719223022
11/22/2004 16:00:00	32.8834953308
11/23/2004 16:00:00	32.8329620361
11/24/2004 16:00:00	33.1192741394
11/26/2004 16:00:00	33.0182266235
11/29/2004 16:00:00	33.0098190308
11/30/2004 16:00:00	32.942440033
12/1/2004 16:00:00	33.6161117554
12/2/2004 16:00:00	33.7424201965
12/3/2004 16:00:00	33.7929458618
12/6/2004 16:00:00	33.9108581543
12/7/2004 16:00:00	33.3298110962
12/8/2004 16:00:00	33.5234870911
12/9/2004 16:00:00	33.7255821228
12/10/2004 16:00:00	33.6245117188
12/13/2004 16:00:00	33.9192581177
12/14/2004 16:00:00	34.0876731873
12/15/2004 16:00:00	33.9613685608
12/16/2004 16:00:00	33.6413764954
12/17/2004 16:00:00	33.5555000305
12/20/2004 16:00:00	33.325958252
12/21/2004 16:00:00	33.7340316772
12/22/2004 16:00:00	33.7765464783
12/23/2004 16:00:00	33.8020439148
12/27/2004 16:00:00	33.6575126648
12/28/2004 16:00:00	33.9805908203
12/29/2004 16:00:00	34.0231018066
12/30/2004 16:00:00	33.9975891113
12/31/2004 16:00:00	33.9380607605
1/3/2005 16:00:00	33.5810241699
1/4/2005 16:00:00	32.9689025879
1/5/2005 16:00:00	32.7648773193
1/6/2005 16:00:00	32.6033325195
1/7/2005 16:00:00	32.7733840942
1/10/2005 16:00:00	32.7563591003
1/11/2005 16:00:00	32.5268058777
1/12/2005 16:00:00	32.7988700867
1/13/2005 16:00:00	32.3653106689
1/14/2005 16:00:00	32.6713600159
1/18/2005 16:00:00	32.9178848267
1/19/2005 16:00:00	32.373790741
1/20/2005 16:00:00	31.7531833649
1/21/2005 16:00:00	31.4981117249
1/24/2005 16:00:00	31.056055069
1/25/2005 16:00:00	31.2090873718
1/26/2005 16:00:00	31.5831623077
1/27/2005 16:00:00	31.5406455994
1/28/2005 16:00:00	31.3876209259
1/31/2005 16:00:00	31.7956981659
2/1/2005 16:00:00	31.8977165222
2/2/2005 16:00:00	31.9487323761
2/3/2005 16:00:00	31.5831623077
2/4/2005 16:00:00	32.0932579041
2/7/2005 16:00:00	32.025226593
2/8/2005 16:00:00	32.0847473145
2/9/2005 16:00:00	31.549161911
2/10/2005 16:00:00	31.5831623077
2/11/2005 16:00:00	32.050743103
2/14/2005 16:00:00	32.1952667236
2/15/2005 16:00:00	32.4078025818
2/16/2005 16:00:00	32.288772583
2/17/2005 16:00:00	31.8552017212
2/18/2005 16:00:00	31.7531833649
2/22/2005 16:00:00	31.36211586
2/23/2005 16:00:00	31.4046401978
2/24/2005 16:00:00	31.8041915894
2/25/2005 16:00:00	31.9827308655
2/28/2005 16:00:00	31.642660141
3/1/2005 16:00:00	31.9912281036
3/2/2005 16:00:00	31.9742221832
3/3/2005 16:00:00	31.7106781006
3/4/2005 16:00:00	31.8977165222
3/7/2005 16:00:00	32.3568000793
3/8/2005 16:00:00	32.0337409973
3/9/2005 16:00:00	31.9402275085
3/10/2005 16:00:00	31.8977165222
3/11/2005 16:00:00	31.6001567841
3/14/2005 16:00:00	31.7446861267
3/15/2005 16:00:00	31.4896469116
3/16/2005 16:00:00	31.1325874329
3/17/2005 16:00:00	31.2090873718
3/18/2005 16:00:00	31.0390338898
3/21/2005 16:00:00	31.0985717773
3/22/2005 16:00:00	30.7159976959
3/23/2005 16:00:00	30.8265094757
3/24/2005 16:00:00	30.8350296021
3/28/2005 16:00:00	30.894525528
3/29/2005 16:00:00	30.6479988098
3/30/2005 16:00:00	31.2260971069
3/31/2005 16:00:00	31.0900726318
4/1/2005 16:00:00	30.7755126953
4/4/2005 16:00:00	30.996547699
4/5/2005 16:00:00	31.0815734863
4/6/2005 16:00:00	31.0305423737
4/7/2005 16:00:00	31.4046401978
4/8/2005 16:00:00	31.149559021
4/11/2005 16:00:00	31.0135555267
4/12/2005 16:00:00	31.1665840149
4/13/2005 16:00:00	30.6564865112
4/14/2005 16:00:00	30.2229156494
4/15/2005 16:00:00	29.5342693329
4/18/2005 16:00:00	29.5427799225
4/19/2005 16:00:00	29.7468452454
4/20/2005 16:00:00	29.5002803802
4/21/2005 16:00:00	30.2824287415
4/22/2005 16:00:00	29.8318405151
4/25/2005 16:00:00	30.0783843994
4/26/2005 16:00:00	29.7978363037
4/27/2005 16:00:00	29.8403320312
4/28/2005 16:00:00	29.5427799225
4/29/2005 16:00:00	29.738325119
5/2/2005 16:00:00	29.8573532104
5/3/2005 16:00:00	30.0103664398
5/4/2005 16:00:00	30.3759365082
5/5/2005 16:00:00	30.4014358521
5/6/2005 16:00:00	30.48645401
5/9/2005 16:00:00	30.630979538
5/10/2005 16:00:00	30.409948349
5/11/2005 16:00:00	30.5629673004
5/12/2005 16:00:00	30.4779548645
5/13/2005 16:00:00	30.8095226288
5/16/2005 16:00:00	31.0135555267
5/17/2005 16:00:00	31.2005748749
5/18/2005 16:00:00	31.6256694794
5/19/2005 16:00:00	31.8892097473
5/20/2005 16:00:00	32.0167198181
5/23/2005 16:00:00	32.1782684326
5/24/2005 16:00:00	32.2802848816
5/25/2005 16:00:00	32.1442604065
5/26/2005 16:00:00	32.4673080444
5/27/2005 16:00:00	32.4843215942
5/31/2005 16:00:00	32.373790741
6/1/2005 16:00:00	32.6373443604
6/2/2005 16:00:00	32.8668937683
6/3/2005 16:00:00	32.3907966614
6/6/2005 16:00:00	32.3993034363
6/7/2005 16:00:00	32.1272544861
6/8/2005 16:00:00	32.0592498779
6/9/2005 16:00:00	32.2632827759
6/10/2005 16:00:00	31.9232082367
6/13/2005 16:00:00	32.0762252808
6/14/2005 16:00:00	31.9487323761
6/15/2005 16:00:00	32.050743103
6/16/2005 16:00:00	32.2207756042
6/17/2005 16:00:00	32.2250366211
6/20/2005 16:00:00	32.2250366211
6/21/2005 16:00:00	32.2080116272
6/22/2005 16:00:00	32.1739730835
6/23/2005 16:00:00	31.8165531158
6/24/2005 16:00:00	31.459186554
6/27/2005 16:00:00	31.3145236969
6/28/2005 16:00:00	31.6123466492
6/29/2005 16:00:00	31.5442771912
6/30/2005 16:00:00	31.2974834442
7/1/2005 16:00:00	31.2549686432
7/5/2005 16:00:00	31.5783214569
7/6/2005 16:00:00	31.4251346588
7/7/2005 16:00:00	31.5357608795
7/8/2005 16:00:00	32.1399536133
7/11/2005 16:00:00	32.4377593994
7/12/2005 16:00:00	32.5909347534
7/13/2005 16:00:00	32.6675033569
7/14/2005 16:00:00	32.9908676147
7/15/2005 16:00:00	33.0929870605
7/18/2005 16:00:00	32.9568405151
7/19/2005 16:00:00	33.339756012
7/20/2005 16:00:00	33.5780143738
7/21/2005 16:00:00	33.5865058899
7/22/2005 16:00:00	33.5439834595
7/25/2005 16:00:00	33.4163513184
7/26/2005 16:00:00	33.5439834595
7/27/2005 16:00:00	33.7992515564
7/28/2005 16:00:00	33.9609375
7/29/2005 16:00:00	33.6801147461
8/1/2005 16:00:00	33.7396965027
8/2/2005 16:00:00	34.1056022644
8/3/2005 16:00:00	34.0885696411
8/4/2005 16:00:00	33.7567024231
8/5/2005 16:00:00	33.595035553
8/8/2005 16:00:00	33.3482475281
8/9/2005 16:00:00	33.5695075989
8/10/2005 16:00:00	33.2802047729
8/11/2005 16:00:00	33.5524864197
8/12/2005 16:00:00	33.365272522
8/15/2005 16:00:00	33.5695075989
8/16/2005 16:00:00	33.0249061584
8/17/2005 16:00:00	33.220615387
8/18/2005 16:00:00	33.0504455566
8/19/2005 16:00:00	33.0334129333
8/22/2005 16:00:00	33.0504455566
8/23/2005 16:00:00	32.9568405151
8/24/2005 16:00:00	32.7611045837
8/25/2005 16:00:00	32.8376922607
8/26/2005 16:00:00	32.72706604
8/29/2005 16:00:00	32.9823570251
8/30/2005 16:00:00	32.8632278442
8/31/2005 16:00:00	33.1695594788
9/1/2005 16:00:00	33.1184997559
9/2/2005 16:00:00	32.9908676147
9/6/2005 16:00:00	33.4758987427
9/7/2005 16:00:00	33.5354728699
9/8/2005 16:00:00	33.5269508362
9/9/2005 16:00:00	33.7141647339
9/12/2005 16:00:00	33.807762146
9/13/2005 16:00:00	33.7226676941
9/14/2005 16:00:00	33.339756012
9/15/2005 16:00:00	33.3227386475
9/16/2005 16:00:00	33.5269508362
9/19/2005 16:00:00	33.2631492615
9/20/2005 16:00:00	33.1270256042
9/21/2005 16:00:00	32.7611045837
9/22/2005 16:00:00	32.8802337646
9/23/2005 16:00:00	32.9738693237
9/26/2005 16:00:00	32.9823570251
9/27/2005 16:00:00	32.9057807922
9/28/2005 16:00:00	32.9142875671
9/29/2005 16:00:00	33.3567810059
9/30/2005 16:00:00	33.5780143738
10/3/2005 16:00:00	33.6631202698
10/4/2005 16:00:00	33.4418754578
10/5/2005 16:00:00	32.9823570251
10/6/2005 16:00:00	32.5483779907
10/7/2005 16:00:00	32.6249580383
10/10/2005 16:00:00	32.4462776184
10/11/2005 16:00:00	32.284576416
10/12/2005 16:00:00	31.901676178
10/13/2005 16:00:00	32.1484336853
10/14/2005 16:00:00	32.3866996765
10/17/2005 16:00:00	32.4888153076
10/18/2005 16:00:00	32.2590522766
10/19/2005 16:00:00	32.9057807922
10/20/2005 16:00:00	32.5994377136
10/21/2005 16:00:00	32.8036651611
10/24/2005 16:00:00	33.3227386475
10/25/2005 16:00:00	33.1951065063
10/26/2005 16:00:00	33.0249061584
10/27/2005 16:00:00	32.3611755371
10/28/2005 16:00:00	32.6079521179
10/31/2005 16:00:00	33.0759658813
11/1/2005 16:00:00	33.0504455566
11/2/2005 16:00:00	33.484413147
11/3/2005 16:00:00	33.9864730835
11/4/2005 16:00:00	34.1056022644
11/7/2005 16:00:00	34.1481552124
11/8/2005 16:00:00	34.1566734314
11/9/2005 16:00:00	34.173664093
11/10/2005 16:00:00	34.5480690002
11/11/2005 16:00:00	34.6416816711
11/14/2005 16:00:00	34.6416816711
11/15/2005 16:00:00	34.4800071716
11/16/2005 16:00:00	34.6927375793
11/17/2005 16:00:00	35.1522483826
11/18/2005 16:00:00	35.2713813782
11/21/2005 16:00:00	35.3564796448
11/22/2005 16:00:00	35.4841079712
11/23/2005 16:00:00	35.5691871643
11/25/2005 16:00:00	35.6457901001
11/28/2005 16:00:00	35.3479423523
11/29/2005 16:00:00	35.1777687073
11/30/2005 16:00:00	35.0926971436
12/1/2005 16:00:00	35.7478981018
12/2/2005 16:00:00	35.8330001831
12/5/2005 16:00:00	35.5691871643
12/6/2005 16:00:00	35.6883468628
12/7/2005 16:00:00	35.6202583313
12/8/2005 16:00:00	35.3649902344
12/9/2005 16:00:00	35.501121521
12/12/2005 16:00:00	35.6287765503
12/13/2005 16:00:00	35.7734375
12/14/2005 16:00:00	35.6543045044
12/15/2005 16:00:00	35.7138557434
12/16/2005 16:00:00	35.4673500061
12/19/2005 16:00:00	34.9043922424
12/20/2005 16:00:00	34.9299926758
12/21/2005 16:00:00	35.0835113525
12/22/2005 16:00:00	35.3138084412
12/23/2005 16:00:00	35.3138084412
12/27/2005 16:00:00	35.0067405701
12/28/2005 16:00:00	34.9640884399
12/29/2005 16:00:00	34.7337837219
12/30/2005 16:00:00	34.4693527222
1/3/2006 16:00:00	35.2370529175
1/4/2006 16:00:00	35.6038284302
1/5/2006 16:00:00	35.7573623657
1/6/2006 16:00:00	36.4056396484
1/9/2006 16:00:00	36.5506744385
1/10/2006 16:00:00	36.5762367249
1/11/2006 16:00:00	36.8577346802
1/12/2006 16:00:00	36.6785964966
1/13/2006 16:00:00	36.6615333557
1/17/2006 16:00:00	36.422706604
1/18/2006 16:00:00	36.0047531128
1/19/2006 16:00:00	36.2691650391
1/20/2006 16:00:00	35.1858558655
1/23/2006 16:00:00	35.194393158
1/24/2006 16:00:00	35.3479270935
1/25/2006 16:00:00	35.194393158
1/26/2006 16:00:00	35.4417648315
1/27/2006 16:00:00	35.9194335938
1/30/2006 16:00:00	35.9876899719
1/31/2006 16:00:00	35.8256149292
2/1/2006 16:00:00	35.9535675049
2/2/2006 16:00:00	35.3394241333
2/3/2006 16:00:00	34.9043922424
2/6/2006 16:00:00	34.8105392456
2/7/2006 16:00:00	34.6570091248
2/8/2006 16:00:00	35.0579109192
2/9/2006 16:00:00	34.7252502441
2/10/2006 16:00:00	34.9384918213
2/13/2006 16:00:00	34.5375938416
2/14/2006 16:00:00	34.8873291016
2/15/2006 16:00:00	35.1090927124
2/16/2006 16:00:00	35.433216095
2/17/2006 16:00:00	35.1517524719
2/21/2006 16:00:00	34.7593765259
2/22/2006 16:00:00	35.194393158
2/23/2006 16:00:00	35.1005744934
2/24/2006 16:00:00	35.194393158
2/27/2006 16:00:00	35.5867652893
2/28/2006 16:00:00	35.0579109192
3/1/2006 16:00:00	35.5355834961
3/2/2006 16:00:00	35.5611686707
3/3/2006 16:00:00	35.356464386
3/6/2006 16:00:00	35.049369812
3/7/2006 16:00:00	34.8446769714
3/8/2006 16:00:00	34.8617362976
3/9/2006 16:00:00	34.5631828308
3/10/2006 16:00:00	34.5972976685
3/13/2006 16:00:00	34.6996688843
3/14/2006 16:00:00	35.2882270813
3/15/2006 16:00:00	35.5867652893
3/16/2006 16:00:00	35.2882270813
3/17/2006 16:00:00	35.3812675476
3/20/2006 16:00:00	35.4666213989
3/21/2006 16:00:00	35.091053009
3/22/2006 16:00:00	35.1764030457
3/23/2006 16:00:00	35.0739746094
3/24/2006 16:00:00	35.2532310486
3/27/2006 16:00:00	35.2617721558
3/28/2006 16:00:00	35.1166496277
3/29/2006 16:00:00	35.7824363708
3/30/2006 16:00:00	35.8934211731
3/31/2006 16:00:00	35.7909927368
4/3/2006 16:00:00	35.8336715698
4/4/2006 16:00:00	36.030002594
4/5/2006 16:00:00	36.3714332581
4/6/2006 16:00:00	36.4738731384
4/7/2006 16:00:00	36.1239013672
4/10/2006 16:00:00	36.0726661682
4/11/2006 16:00:00	35.7824363708
4/12/2006 16:00:00	35.7909927368
4/13/2006 16:00:00	35.9361076355
4/17/2006 16:00:00	35.5605163574
4/18/2006 16:00:00	36.243396759
4/19/2006 16:00:00	36.4055671692
4/20/2006 16:00:00	36.2775344849
4/21/2006 16:00:00	35.8507537842
4/24/2006 16:00:00	35.8166007996
4/25/2006 16:00:00	35.7397842407
4/26/2006 16:00:00	35.7312469482
4/27/2006 16:00:00	36.0726661682
4/28/2006 16:00:00	35.7226753235
5/1/2006 16:00:00	35.3727340698
5/2/2006 16:00:00	35.4666213989
5/3/2006 16:00:00	35.4154090881
5/4/2006 16:00:00	35.7056541443
5/5/2006 16:00:00	35.9873275757
5/8/2006 16:00:00	36.0214614868
5/9/2006 16:00:00	35.88489151
5/10/2006 16:00:00	35.5690460205
5/11/2006 16:00:00	34.7752380371
5/12/2006 16:00:00	34.3057479858
5/15/2006 16:00:00	34.2801361084
5/16/2006 16:00:00	34.0240707397
5/17/2006 16:00:00	33.5631332397
5/18/2006 16:00:00	33.332649231
5/19/2006 16:00:00	33.5887184143
5/22/2006 16:00:00	33.2643699646
5/23/2006 16:00:00	32.9399986267
5/24/2006 16:00:00	33.1619224548
5/25/2006 16:00:00	33.5972671509
5/26/2006 16:00:00	33.7082366943
5/30/2006 16:00:00	32.9826698303
5/31/2006 16:00:00	33.1363258362
6/1/2006 16:00:00	33.92162323
6/2/2006 16:00:00	33.8362731934
6/5/2006 16:00:00	33.1021881104
6/6/2006 16:00:00	33.0765838623
6/7/2006 16:00:00	32.8290328979
6/8/2006 16:00:00	32.7778129578
6/9/2006 16:00:00	32.5644302368
6/12/2006 16:00:00	31.9242343903
6/13/2006 16:00:00	31.7961883545
6/14/2006 16:00:00	32.120552063
6/15/2006 16:00:00	32.9912185669
6/16/2006 16:00:00	32.7486419678
6/19/2006 16:00:00	32.4838562012
6/20/2006 16:00:00	32.5265617371
6/21/2006 16:00:00	33.0390472412
6/22/2006 16:00:00	32.6204986572
6/23/2006 16:00:00	32.5863418579
6/26/2006 16:00:00	32.6717529297
6/27/2006 16:00:00	32.05676651
6/28/2006 16:00:00	32.2959327698
6/29/2006 16:00:00	33.2782096863
6/30/2006 16:00:00	33.1159324646
7/3/2006 16:00:00	33.3123817444
7/5/2006 16:00:00	32.5863418579
7/6/2006 16:00:00	32.5521812439
7/7/2006 16:00:00	32.1934356689
7/10/2006 16:00:00	31.91157341
7/11/2006 16:00:00	32.1507301331
7/12/2006 16:00:00	31.5442657471
7/13/2006 16:00:00	31.0146942139
7/14/2006 16:00:00	30.698638916
7/17/2006 16:00:00	30.7755203247
7/18/2006 16:00:00	30.8780269623
7/19/2006 16:00:00	31.2794895172
7/20/2006 16:00:00	30.8182144165
7/21/2006 16:00:00	30.4936408997
7/24/2006 16:00:00	31.1000957489
7/25/2006 16:00:00	31.2794895172
7/26/2006 16:00:00	31.2538661957
7/27/2006 16:00:00	31.0488643646
7/28/2006 16:00:00	31.6980266571
7/31/2006 16:00:00	31.6894569397
8/1/2006 16:00:00	31.1598949432
8/2/2006 16:00:00	31.5101127625
8/3/2006 16:00:00	31.7065563202
8/4/2006 16:00:00	31.5613460541
8/7/2006 16:00:00	31.3563575745
8/8/2006 16:00:00	31.1598949432
8/9/2006 16:00:00	31.2025947571
8/10/2006 16:00:00	31.4246749878
8/11/2006 16:00:00	31.2025947571
8/14/2006 16:00:00	31.4075946808
8/15/2006 16:00:00	32.2019767761
8/16/2006 16:00:00	32.9621696472
8/17/2006 16:00:00	33.0817565918
8/18/2006 16:00:00	33.1330032349
8/21/2006 16:00:00	32.8169708252
8/22/2006 16:00:00	32.8255004883
8/23/2006 16:00:00	32.5778083801
8/24/2006 16:00:00	32.6717529297
8/25/2006 16:00:00	32.7315483093
8/28/2006 16:00:00	32.979259491
8/29/2006 16:00:00	33.0817565918
8/30/2006 16:00:00	33.2355155945
8/31/2006 16:00:00	33.2013397217
9/1/2006 16:00:00	33.3807029724
9/5/2006 16:00:00	33.7053031921
9/6/2006 16:00:00	33.0305023193
9/7/2006 16:00:00	32.8767700195
9/8/2006 16:00:00	33.0732116699
9/11/2006 16:00:00	33.2782096863
9/12/2006 16:00:00	33.8932228088
9/13/2006 16:00:00	34.1238327026
9/14/2006 16:00:00	34.1580085754
9/15/2006 16:00:00	34.2802238464
9/18/2006 16:00:00	34.2887611389
9/19/2006 16:00:00	34.058013916
9/20/2006 16:00:00	34.5537071228
9/21/2006 16:00:00	34.340057373
9/22/2006 16:00:00	34.0751113892
9/25/2006 16:00:00	34.6733818054
9/26/2006 16:00:00	34.844291687
9/27/2006 16:00:00	34.8015708923
9/28/2006 16:00:00	34.8955917358
9/29/2006 16:00:00	34.7417373657
10/2/2006 16:00:00	34.3058700562
10/3/2006 16:00:00	34.4511680603
10/4/2006 16:00:00	35.2972640991
10/5/2006 16:00:00	35.4681892395
10/6/2006 16:00:00	35.3912620544
10/9/2006 16:00:00	35.510925293
10/10/2006 16:00:00	35.5707550049
10/11/2006 16:00:00	35.5023803711
10/12/2006 16:00:00	36.0664482117
10/13/2006 16:00:00	36.2630119324
10/16/2006 16:00:00	36.2972106934
10/17/2006 16:00:00	35.895526886
10/18/2006 16:00:00	35.7245788574
10/19/2006 16:00:00	35.8100700378
10/20/2006 16:00:00	35.895526886
10/23/2006 16:00:00	36.2630119324
10/24/2006 16:00:00	36.0151634216
10/25/2006 16:00:00	36.2630119324
10/26/2006 16:00:00	36.5963439941
10/27/2006 16:00:00	36.0749931335
10/30/2006 16:00:00	36.3057479858
10/31/2006 16:00:00	36.3912277222
11/1/2006 16:00:00	35.895526886
11/2/2006 16:00:00	35.929725647
11/3/2006 16:00:00	35.8356895447
11/6/2006 16:00:00	36.3570289612
11/7/2006 16:00:00	36.6048812866
11/8/2006 16:00:00	36.7758102417
11/9/2006 16:00:00	36.6048812866
11/10/2006 16:00:00	36.7758102417
11/13/2006 16:00:00	37.1518707275
11/14/2006 16:00:00	37.5450134277
11/15/2006 16:00:00	37.698841095
11/16/2006 16:00:00	37.8612289429
11/17/2006 16:00:00	37.8612289429
11/20/2006 16:00:00	37.9381523132
11/21/2006 16:00:00	37.9894065857
11/22/2006 16:00:00	38.2287254333
11/24/2006 16:00:00	38.1603660583
11/27/2006 16:00:00	37.2971343994
11/28/2006 16:00:00	37.4082527161
11/29/2006 16:00:00	37.6646728516
11/30/2006 16:00:00	37.6390151978
12/1/2006 16:00:00	37.3142623901
12/4/2006 16:00:00	37.827041626
12/5/2006 16:00:00	37.9637832642
12/6/2006 16:00:00	37.827041626
12/7/2006 16:00:00	37.3484306335
12/8/2006 16:00:00	37.519367218
12/11/2006 16:00:00	37.6561126709
12/12/2006 16:00:00	37.4338989258
12/13/2006 16:00:00	37.5022697449
12/14/2006 16:00:00	37.9210510254
12/15/2006 16:00:00	38.0186042786
12/18/2006 16:00:00	37.6421165466
12/19/2006 16:00:00	37.5223121643
12/20/2006 16:00:00	37.3853874207
12/21/2006 16:00:00	37.1201133728
12/22/2006 16:00:00	36.7350502014
12/26/2006 16:00:00	36.8890953064
12/27/2006 16:00:00	37.0773429871
12/28/2006 16:00:00	36.8976554871
12/29/2006 16:00:00	36.9318580627
1/3/2007 16:00:00	37.0003204346
1/4/2007 16:00:00	37.7019958496
1/5/2007 16:00:00	37.5223121643
1/8/2007 16:00:00	37.5479698181
1/9/2007 16:00:00	37.7362098694
1/10/2007 16:00:00	38.1812019348
1/11/2007 16:00:00	38.5747909546
1/12/2007 16:00:00	38.77161026
1/16/2007 16:00:00	38.7459373474
1/17/2007 16:00:00	38.4293365479
1/18/2007 16:00:00	37.7191009521
1/19/2007 16:00:00	37.7961273193
1/22/2007 16:00:00	37.3853874207
1/23/2007 16:00:00	37.2912635803
1/24/2007 16:00:00	37.9073829651
1/25/2007 16:00:00	37.4196090698
1/26/2007 16:00:00	37.282699585
1/29/2007 16:00:00	37.3169212341
1/30/2007 16:00:00	37.3340568542
1/31/2007 16:00:00	37.7105522156
2/1/2007 16:00:00	37.6506500244
2/2/2007 16:00:00	37.7875862122
2/5/2007 16:00:00	37.7533531189
2/6/2007 16:00:00	37.7019958496
2/7/2007 16:00:00	38.0442657471
2/8/2007 16:00:00	38.0357284546
2/9/2007 16:00:00	37.5479698181
2/12/2007 16:00:00	37.4025039673
2/13/2007 16:00:00	37.530872345
2/14/2007 16:00:00	38.1640777588
2/15/2007 16:00:00	38.3865470886
2/16/2007 16:00:00	38.2581863403
2/20/2007 16:00:00	38.5491371155
2/21/2007 16:00:00	38.668926239
2/22/2007 16:00:00	38.8657302856
2/23/2007 16:00:00	38.7288284302
2/26/2007 16:00:00	38.5405578613
2/27/2007 16:00:00	36.9575386047
2/28/2007 16:00:00	37.0773429871
3/1/2007 16:00:00	36.9061889648
3/2/2007 16:00:00	36.3500061035
3/5/2007 16:00:00	36.0676231384
3/6/2007 16:00:00	36.6666107178
3/7/2007 16:00:00	36.5211334229
3/8/2007 16:00:00	36.7693023682
3/9/2007 16:00:00	36.7350502014
3/12/2007 16:00:00	36.9746551514
3/13/2007 16:00:00	36.2558784485
3/14/2007 16:00:00	36.7863883972
3/15/2007 16:00:00	36.7008323669
3/16/2007 16:00:00	36.6725730896
3/19/2007 16:00:00	37.0493087769
3/20/2007 16:00:00	37.3147583008
3/21/2007 16:00:00	38.0339889526
3/22/2007 16:00:00	37.8969802856
3/23/2007 16:00:00	37.7771263123
3/26/2007 16:00:00	37.9312591553
3/27/2007 16:00:00	37.6658248901
3/28/2007 16:00:00	37.263381958
3/29/2007 16:00:00	37.306186676
3/30/2007 16:00:00	37.271938324
4/2/2007 16:00:00	37.3233261108
4/3/2007 16:00:00	37.8113899231
4/4/2007 16:00:00	37.9654960632
4/5/2007 16:00:00	38.1538619995
4/9/2007 16:00:00	38.0596885681
4/10/2007 16:00:00	38.2565994263
4/11/2007 16:00:00	37.8541755676
4/12/2007 16:00:00	38.1538619995
4/13/2007 16:00:00	38.2309379578
4/16/2007 16:00:00	38.5819969177
4/17/2007 16:00:00	38.6676025391
4/18/2007 16:00:00	38.5391578674
4/19/2007 16:00:00	38.6590385437
4/20/2007 16:00:00	38.8731002808
4/23/2007 16:00:00	38.933052063
4/24/2007 16:00:00	39.1299743652
4/25/2007 16:00:00	39.6522598267
4/26/2007 16:00:00	39.8577804565
4/27/2007 16:00:00	39.8749046326
4/30/2007 16:00:00	39.3525810242
5/1/2007 16:00:00	39.3183403015
5/2/2007 16:00:00	39.7464599609
5/3/2007 16:00:00	39.8920211792
5/4/2007 16:00:00	39.9262695312
5/7/2007 16:00:00	39.9262695312
5/8/2007 16:00:00	40.0118865967
5/9/2007 16:00:00	40.0975227356
5/10/2007 16:00:00	39.5495071411
5/11/2007 16:00:00	40.0547027588
5/14/2007 16:00:00	39.7807044983
5/15/2007 16:00:00	39.4724617004
5/16/2007 16:00:00	39.8577804565
5/17/2007 16:00:00	39.6694259644
5/18/2007 16:00:00	39.9947738647
5/21/2007 16:00:00	40.2516441345
5/22/2007 16:00:00	40.2858924866
5/23/2007 16:00:00	40.0975227356
5/24/2007 16:00:00	39.5238685608
5/25/2007 16:00:00	39.7721481323
5/29/2007 16:00:00	40.0804023743
5/30/2007 16:00:00	40.4057540894
5/31/2007 16:00:00	40.594127655
6/1/2007 16:00:00	40.6198196411
6/4/2007 16:00:00	40.739692688
6/5/2007 16:00:00	40.739692688
6/6/2007 16:00:00	40.3030166626
6/7/2007 16:00:00	39.6779594421
6/8/2007 16:00:00	40.166015625
6/11/2007 16:00:00	40.0889587402
6/12/2007 16:00:00	39.8492088318
6/13/2007 16:00:00	40.2858924866
6/14/2007 16:00:00	40.5513305664
6/15/2007 16:00:00	40.9257774353
6/18/2007 16:00:00	40.9343757629
6/19/2007 16:00:00	40.9257774353
6/20/2007 16:00:00	40.5401992798
6/21/2007 16:00:00	40.9086456299
6/22/2007 16:00:00	40.5230522156
6/25/2007 16:00:00	40.3516578674
6/26/2007 16:00:00	40.120300293
6/27/2007 16:00:00	40.7372665405
6/28/2007 16:00:00	40.7201309204
6/29/2007 16:00:00	40.7886886597
7/2/2007 16:00:00	41.1571617126
7/3/2007 16:00:00	41.3970909119
7/5/2007 16:00:00	41.6970176697
7/6/2007 16:00:00	41.8683738708
7/9/2007 16:00:00	41.8941116333
7/10/2007 16:00:00	41.5427589417
7/11/2007 16:00:00	41.825553894
7/12/2007 16:00:00	42.4682159424
7/13/2007 16:00:00	42.7595672607
7/16/2007 16:00:00	42.7167282104
7/17/2007 16:00:00	43.0423355103
7/18/2007 16:00:00	42.9909286499
7/19/2007 16:00:00	43.1194763184
7/20/2007 16:00:00	42.8880996704
7/23/2007 16:00:00	42.9052200317
7/24/2007 16:00:00	42.2711448669
7/25/2007 16:00:00	42.3311004639
7/26/2007 16:00:00	41.9712142944
7/27/2007 16:00:00	41.1228675842
7/30/2007 16:00:00	41.6027679443
7/31/2007 16:00:00	40.7286949158
8/1/2007 16:00:00	41.0457458496
8/2/2007 16:00:00	41.4227905273
8/3/2007 16:00:00	40.6344451904
8/6/2007 16:00:00	41.1057319641
8/7/2007 16:00:00	41.3970909119
8/8/2007 16:00:00	41.8512382507
8/9/2007 16:00:00	40.8829460144
8/10/2007 16:00:00	40.5144767761
8/13/2007 16:00:00	40.7886886597
8/14/2007 16:00:00	40.094581604
8/15/2007 16:00:00	39.3319473267
8/16/2007 16:00:00	38.9463348389
8/17/2007 16:00:00	39.6832542419
8/20/2007 16:00:00	39.8717842102
8/21/2007 16:00:00	40.291683197
8/22/2007 16:00:00	40.8401069641
8/23/2007 16:00:00	40.7286949158
8/24/2007 16:00:00	41.3028411865
8/27/2007 16:00:00	41.0286140442
8/28/2007 16:00:00	40.0517234802
8/29/2007 16:00:00	41.1999969482
8/30/2007 16:00:00	41.414226532
8/31/2007 16:00:00	41.8769569397
9/4/2007 16:00:00	42.5710487366
9/5/2007 16:00:00	42.1426124573
9/6/2007 16:00:00	42.1083374023
9/7/2007 16:00:00	41.3285484314
9/10/2007 16:00:00	41.3028411865
9/11/2007 16:00:00	41.9283485413
9/12/2007 16:00:00	41.9369239807
9/13/2007 16:00:00	42.1426124573
9/14/2007 16:00:00	42.1768722534
9/17/2007 16:00:00	41.825553894
9/18/2007 16:00:00	42.8795318604
9/19/2007 16:00:00	42.9909286499
9/20/2007 16:00:00	42.8709754944
9/21/2007 16:00:00	43.1761894226
9/24/2007 16:00:00	43.3733634949
9/25/2007 16:00:00	43.7848930359
9/26/2007 16:00:00	43.9992485046
9/27/2007 16:00:00	44.2221565247
9/28/2007 16:00:00	44.0763702393
10/1/2007 16:00:00	44.5822296143
10/2/2007 16:00:00	44.5907974243
10/3/2007 16:00:00	44.2821578979
10/4/2007 16:00:00	44.3850593567
10/5/2007 16:00:00	45.2852706909
10/8/2007 16:00:00	45.5681915283
10/9/2007 16:00:00	45.7653923035
10/10/2007 16:00:00	45.8768424988
10/11/2007 16:00:00	45.1481056213
10/12/2007 16:00:00	45.8939819336
10/15/2007 16:00:00	45.5424423218
10/16/2007 16:00:00	45.3281288147
10/17/2007 16:00:00	45.9111404419
10/18/2007 16:00:00	46.1083183289
10/19/2007 16:00:00	44.9594841003
10/22/2007 16:00:00	45.4996032715
10/23/2007 16:00:00	46.451259613
10/24/2007 16:00:00	46.09973526
10/25/2007 16:00:00	45.4824714661
10/26/2007 16:00:00	46.2369308472
10/29/2007 16:00:00	46.4255256653
10/30/2007 16:00:00	46.5198402405
10/31/2007 16:00:00	47.1800193787
11/1/2007 16:00:00	46.2969398499
11/2/2007 16:00:00	46.6570129395
11/5/2007 16:00:00	46.3569564819
11/6/2007 16:00:00	46.8799285889
11/7/2007 16:00:00	45.7396659851
11/8/2007 16:00:00	44.3507423401
11/9/2007 16:00:00	42.8675346375
11/12/2007 16:00:00	41.7786979675
11/13/2007 16:00:00	43.5019760132
11/14/2007 16:00:00	42.9446868896
11/15/2007 16:00:00	42.7132148743
11/16/2007 16:00:00	43.107585907
11/19/2007 16:00:00	42.610332489
11/20/2007 16:00:00	42.7818031311
11/21/2007 16:00:00	42.2759666443
11/23/2007 16:00:00	42.7303619385
11/26/2007 16:00:00	41.9930229187
11/27/2007 16:00:00	42.8332328796
11/28/2007 16:00:00	44.1364212036
11/29/2007 16:00:00	44.3250350952
11/30/2007 16:00:00	43.9906692505
12/3/2007 16:00:00	43.622013092
12/4/2007 16:00:00	43.4419555664
12/5/2007 16:00:00	44.2221565247
12/6/2007 16:00:00	44.8566017151
12/7/2007 16:00:00	44.8651771545
12/10/2007 16:00:00	45.0452079773
12/11/2007 16:00:00	43.9992485046
12/12/2007 16:00:00	44.3936004639
12/13/2007 16:00:00	44.1535606384
12/14/2007 16:00:00	43.6991615295
12/17/2007 16:00:00	42.6360588074
12/18/2007 16:00:00	42.7732162476
12/19/2007 16:00:00	42.7646408081
12/20/2007 16:00:00	43.6391487122
12/21/2007 16:00:00	44.4999580383
12/24/2007 16:00:00	44.8346824646
12/26/2007 16:00:00	45.0578422546
12/27/2007 16:00:00	44.5171394348
12/28/2007 16:00:00	44.4742202759
12/31/2007 16:00:00	43.9592781067
1/2/2008 16:00:00	43.2640991211
1/3/2008 16:00:00	43.4443244934
1/4/2008 16:00:00	41.5390205383
1/7/2008 16:00:00	41.3416366577
1/8/2008 16:00:00	40.2688331604
1/9/2008 16:00:00	41.1270484924
1/10/2008 16:00:00	41.1871337891
1/11/2008 16:00:00	40.380405426
1/14/2008 16:00:00	41.0841522217
1/15/2008 16:00:00	39.9512672424
1/16/2008 16:00:00	39.5221405029
1/17/2008 16:00:00	38.9728813171
1/18/2008 16:00:00	38.9213867188
1/22/2008 16:00:00	37.9172363281
1/23/2008 16:00:00	37.7713317871
1/24/2008 16:00:00	38.5437431335
1/25/2008 16:00:00	37.7541694641
1/28/2008 16:00:00	38.0459709167
1/29/2008 16:00:00	38.114654541
1/30/2008 16:00:00	38.0803031921
1/31/2008 16:00:00	38.7325706482
2/1/2008 16:00:00	39.1273727417
2/4/2008 16:00:00	38.5780792236
2/5/2008 16:00:00	37.4795188904
2/6/2008 16:00:00	36.741443634
2/7/2008 16:00:00	36.9989280701
2/8/2008 16:00:00	37.4194450378
2/11/2008 16:00:00	37.8228416443
2/12/2008 16:00:00	37.6082839966
2/13/2008 16:00:00	38.4321746826
2/14/2008 16:00:00	37.7370071411
2/15/2008 16:00:00	37.6082839966
2/19/2008 16:00:00	37.539604187
2/20/2008 16:00:00	37.7112579346
2/21/2008 16:00:00	37.3507919312
2/22/2008 16:00:00	37.488117218
2/25/2008 16:00:00	37.6769256592
2/26/2008 16:00:00	37.8228416443
2/27/2008 16:00:00	38.0116500854
2/28/2008 16:00:00	37.8657569885
2/29/2008 16:00:00	36.8615913391
3/3/2008 16:00:00	36.6212882996
3/4/2008 16:00:00	36.8272514343
3/5/2008 16:00:00	37.0074882507
3/6/2008 16:00:00	36.1921806335
3/7/2008 16:00:00	36.1063232422
3/10/2008 16:00:00	35.4111557007
3/11/2008 16:00:00	36.7586174011
3/12/2008 16:00:00	36.6556091309
3/13/2008 16:00:00	36.938835144
3/14/2008 16:00:00	36.2608222961
3/17/2008 16:00:00	35.59998703
3/18/2008 16:00:00	37.1877403259
3/19/2008 16:00:00	36.2693977356
3/20/2008 16:00:00	37.0106582642
3/24/2008 16:00:00	38.2904319763
3/25/2008 16:00:00	38.5051574707
3/26/2008 16:00:00	38.393497467
3/27/2008 16:00:00	37.543170929
3/28/2008 16:00:00	37.3542060852
3/31/2008 16:00:00	37.5517845154
4/1/2008 16:00:00	39.1579360962
4/2/2008 16:00:00	39.0720481873
4/3/2008 16:00:00	39.1579360962
4/4/2008 16:00:00	39.3898429871
4/7/2008 16:00:00	39.3039627075
4/8/2008 16:00:00	39.0033302307
4/9/2008 16:00:00	38.565284729
4/10/2008 16:00:00	39.114982605
4/11/2008 16:00:00	38.0327529907
4/14/2008 16:00:00	37.8609657288
4/15/2008 16:00:00	37.9125022888
4/16/2008 16:00:00	38.9689750671
4/17/2008 16:00:00	38.8830757141
4/18/2008 16:00:00	40.1199264526
4/21/2008 16:00:00	40.4033622742
4/22/2008 16:00:00	39.802116394
4/23/2008 16:00:00	40.2401657104
4/24/2008 16:00:00	40.6009063721
4/25/2008 16:00:00	40.4978370667
4/28/2008 16:00:00	40.5751457214
4/29/2008 16:00:00	40.8843536377
4/30/2008 16:00:00	40.5493736267
5/1/2008 16:00:00	41.8291664124
5/2/2008 16:00:00	41.889289856
5/5/2008 16:00:00	41.7690429688
5/6/2008 16:00:00	42.0267066956
5/7/2008 16:00:00	41.2622718811
5/8/2008 16:00:00	41.5714683533
5/9/2008 16:00:00	41.4082984924
5/12/2008 16:00:00	42.164150238
5/13/2008 16:00:00	42.2758026123
5/14/2008 16:00:00	42.1813087463
5/15/2008 16:00:00	42.9199905396
5/16/2008 16:00:00	42.9543418884
5/19/2008 16:00:00	42.6451225281
5/20/2008 16:00:00	42.3187484741
5/21/2008 16:00:00	41.3825378418
5/22/2008 16:00:00	41.5285415649
5/23/2008 16:00:00	41.3997268677
5/27/2008 16:00:00	42.1297836304
5/28/2008 16:00:00	42.3015708923
5/29/2008 16:00:00	42.679485321
5/30/2008 16:00:00	42.9543418884
6/2/2008 16:00:00	42.4303970337
6/3/2008 16:00:00	42.1985015869
6/4/2008 16:00:00	42.7396125793
6/5/2008 16:00:00	43.4181671143
6/6/2008 16:00:00	42.1125984192
6/9/2008 16:00:00	41.889289856
6/10/2008 16:00:00	41.6917419434
6/11/2008 16:00:00	40.6868019104
6/12/2008 16:00:00	40.7297592163
6/13/2008 16:00:00	41.5457267761
6/16/2008 16:00:00	41.9150466919
6/17/2008 16:00:00	41.6917419434
6/18/2008 16:00:00	41.2451171875
6/19/2008 16:00:00	41.889289856
6/20/2008 16:00:00	40.7581558228
6/23/2008 16:00:00	40.4401245117
6/24/2008 16:00:00	40.2338676453
6/25/2008 16:00:00	40.8870925903
6/26/2008 16:00:00	39.236831665
6/27/2008 16:00:00	39.236831665
6/30/2008 16:00:00	38.8242759705
7/1/2008 16:00:00	39.3743476868
7/2/2008 16:00:00	38.4288978577
7/3/2008 16:00:00	38.360118866
7/7/2008 16:00:00	38.5921821594
7/8/2008 16:00:00	39.5118598938
7/9/2008 16:00:00	38.4632606506
7/10/2008 16:00:00	38.9187927246
7/11/2008 16:00:00	38.2999610901
7/14/2008 16:00:00	38.0163040161
7/15/2008 16:00:00	38.0249023438
7/16/2008 16:00:00	38.9703788757
7/17/2008 16:00:00	39.2282371521
7/18/2008 16:00:00	38.3257331848
7/21/2008 16:00:00	38.4890403748
7/22/2008 16:00:00	38.4890403748
7/23/2008 16:00:00	38.9961776733
7/24/2008 16:00:00	38.4116859436
7/25/2008 16:00:00	38.9102096558
7/28/2008 16:00:00	38.1796264648
7/29/2008 16:00:00	38.9703788757
7/30/2008 16:00:00	39.1680793762
7/31/2008 16:00:00	39.0735206604
8/1/2008 16:00:00	38.5750007629
8/4/2008 16:00:00	38.1882209778
8/5/2008 16:00:00	39.4774780273
8/6/2008 16:00:00	40.0791435242
8/7/2008 16:00:00	39.7697296143
8/8/2008 16:00:00	40.6722297668
8/11/2008 16:00:00	41.0418128967
8/12/2008 16:00:00	41.0847740173
8/13/2008 16:00:00	40.9988174438
8/14/2008 16:00:00	41.4715652466
8/15/2008 16:00:00	41.3942146301
8/18/2008 16:00:00	40.9128761292
8/19/2008 16:00:00	40.4057426453
8/20/2008 16:00:00	40.4745330811
8/21/2008 16:00:00	40.285446167
8/22/2008 16:00:00	40.8183403015
8/25/2008 16:00:00	39.9588165283
8/26/2008 16:00:00	39.9072380066
8/27/2008 16:00:00	40.1651039124
8/28/2008 16:00:00	40.4917182922
8/29/2008 16:00:00	39.6407966614
9/2/2008 16:00:00	39.1508789062
9/3/2008 16:00:00	38.7812957764
9/4/2008 16:00:00	37.5264129639
9/5/2008 16:00:00	37.3458862305
9/8/2008 16:00:00	37.2771263123
9/9/2008 16:00:00	36.4863967896
9/10/2008 16:00:00	36.7872009277
9/11/2008 16:00:00	37.474822998
9/12/2008 16:00:00	37.328704834
9/15/2008 16:00:00	36.1683578491
9/16/2008 16:00:00	36.4519996643
9/17/2008 16:00:00	34.5610618591
9/18/2008 16:00:00	35.7299919128
9/19/2008 16:00:00	36.8980140686
9/22/2008 16:00:00	35.160610199
9/23/2008 16:00:00	34.893989563
9/24/2008 16:00:00	35.1348190308
9/25/2008 16:00:00	35.6938819885
9/26/2008 16:00:00	35.3326416016
9/29/2008 16:00:00	32.5287322998
9/30/2008 16:00:00	33.4662322998
10/1/2008 16:00:00	33.1135978699
10/2/2008 16:00:00	31.6084346771
10/3/2008 16:00:00	31.118183136
10/6/2008 16:00:00	29.9828681946
10/7/2008 16:00:00	28.0820636749
10/8/2008 16:00:00	27.8584327698
10/9/2008 16:00:00	27.1101455688
10/10/2008 16:00:00	26.9381370544
10/13/2008 16:00:00	30.2150917053
10/14/2008 16:00:00	28.9077453613
10/15/2008 16:00:00	26.318862915
10/16/2008 16:00:00	27.7466182709
10/17/2008 16:00:00	27.7810287476
10/20/2008 16:00:00	28.5551013947
10/21/2008 16:00:00	27.0757484436
10/22/2008 16:00:00	26.3274669647
10/23/2008 16:00:00	26.2242565155
10/24/2008 16:00:00	25.3813667297
10/27/2008 16:00:00	24.6760902405
10/28/2008 16:00:00	27.4025821686
10/29/2008 16:00:00	27.3337841034
10/30/2008 16:00:00	28.2454776764
10/31/2008 16:00:00	28.2884731293
11/3/2008 16:00:00	28.228269577
11/4/2008 16:00:00	29.0281677246
11/5/2008 16:00:00	27.5143966675
11/6/2008 16:00:00	26.2844638824
11/7/2008 16:00:00	26.8263187408
11/10/2008 16:00:00	26.4650764465
11/11/2008 16:00:00	25.8888130188
11/12/2008 16:00:00	24.6932792664
11/13/2008 16:00:00	26.1984558105
11/14/2008 16:00:00	24.9255180359
11/17/2008 16:00:00	24.4008598328
11/18/2008 16:00:00	24.3750514984
11/19/2008 16:00:00	23.1021060944
11/20/2008 16:00:00	21.9839859009
11/21/2008 16:00:00	22.9386997223
11/24/2008 16:00:00	24.3406505585
11/25/2008 16:00:00	24.2288360596
11/26/2008 16:00:00	25.2437477112
11/28/2008 16:00:00	25.0459251404
12/1/2008 16:00:00	23.1623249054
12/2/2008 16:00:00	23.9364109039
12/3/2008 16:00:00	24.6158828735
12/4/2008 16:00:00	23.9192066193
12/5/2008 16:00:00	24.8911132812
12/8/2008 16:00:00	25.8716163635
12/9/2008 16:00:00	25.8114070892
12/10/2008 16:00:00	25.7253952026
12/11/2008 16:00:00	25.0201282501
12/12/2008 16:00:00	25.5275802612
12/15/2008 16:00:00	25.080324173
12/16/2008 16:00:00	26.2844638824
12/17/2008 16:00:00	25.9662246704
12/18/2008 16:00:00	25.5103759766
12/19/2008 16:00:00	25.7196884155
12/22/2008 16:00:00	25.1598091125
12/23/2008 16:00:00	25.0306091309
12/24/2008 16:00:00	25.0995159149
12/26/2008 16:00:00	25.0909004211
12/29/2008 16:00:00	24.884180069
12/30/2008 16:00:00	25.4009952545
12/31/2008 16:00:00	25.616317749
1/2/2009 16:00:00	26.7274494171
1/5/2009 16:00:00	26.7188415527
1/6/2009 16:00:00	26.9858551025
1/7/2009 16:00:00	26.2192611694
1/8/2009 16:00:00	26.494890213
1/9/2009 16:00:00	25.9005641937
1/12/2009 16:00:00	25.4268302917
1/13/2009 16:00:00	25.4354419708
1/14/2009 16:00:00	24.6602344513
1/15/2009 16:00:00	25.0650596619
1/16/2009 16:00:00	25.3406848907
1/20/2009 16:00:00	24.0831375122
1/21/2009 16:00:00	25.1081237793
1/22/2009 16:00:00	24.7722110748
1/23/2009 16:00:00	24.8927936554
1/26/2009 16:00:00	25.0736732483
1/27/2009 16:00:00	25.2545566559
1/28/2009 16:00:00	26.1417446136
1/29/2009 16:00:00	25.4785022736
1/30/2009 16:00:00	25.0306091309
2/2/2009 16:00:00	25.3320732117
2/3/2009 16:00:00	25.7282981873
2/4/2009 16:00:00	25.7627468109
2/5/2009 16:00:00	26.331237793
2/6/2009 16:00:00	27.0203075409
2/9/2009 16:00:00	27.1322879791
2/10/2009 16:00:00	26.1331195831
2/11/2009 16:00:00	26.0125427246
2/12/2009 16:00:00	26.331237793
2/13/2009 16:00:00	26.2106456757
2/17/2009 16:00:00	25.1684188843
2/18/2009 16:00:00	25.1856517792
2/19/2009 16:00:00	24.7980461121
2/20/2009 16:00:00	24.8669490814
2/23/2009 16:00:00	23.9970016479
2/24/2009 16:00:00	24.7894306183
2/25/2009 16:00:00	24.6257762909
2/26/2009 16:00:00	23.9367046356
2/27/2009 16:00:00	23.7127513885
3/2/2009 16:00:00	22.9461517334
3/3/2009 16:00:00	22.9289398193
3/4/2009 16:00:00	23.5404911041
3/5/2009 16:00:00	22.8341846466
3/6/2009 16:00:00	22.6533126831
3/9/2009 16:00:00	22.170955658
3/10/2009 16:00:00	23.5404911041
3/11/2009 16:00:00	23.9022541046
3/12/2009 16:00:00	24.6946811676
3/13/2009 16:00:00	24.7549781799
3/16/2009 16:00:00	24.3415336609
3/17/2009 16:00:00	25.2631645203
3/18/2009 16:00:00	25.5818691254
3/19/2009 16:00:00	25.5646362305
3/20/2009 16:00:00	25.17552948
3/23/2009 16:00:00	26.6594944
3/24/2009 16:00:00	26.1677150726
3/25/2009 16:00:00	26.2884998322
3/26/2009 16:00:00	27.0995025635
3/27/2009 16:00:00	26.5904636383
3/30/2009 16:00:00	25.9347629547
3/31/2009 16:00:00	26.1590957642
4/1/2009 16:00:00	26.5473308563
4/2/2009 16:00:00	27.4014759064
4/3/2009 16:00:00	27.9105033875
4/6/2009 16:00:00	27.8414821625
4/7/2009 16:00:00	27.1081314087
4/8/2009 16:00:00	27.5654010773
4/9/2009 16:00:00	28.4195327759
4/13/2009 16:00:00	28.3763961792
4/14/2009 16:00:00	28.0312976837
4/15/2009 16:00:00	27.9536380768
4/16/2009 16:00:00	28.6783618927
4/17/2009 16:00:00	28.7387580872
4/20/2009 16:00:00	27.8156051636
4/21/2009 16:00:00	28.2038421631
4/22/2009 16:00:00	28.2901287079
4/23/2009 16:00:00	28.5662097931
4/24/2009 16:00:00	29.0666160583
4/27/2009 16:00:00	29.1011276245
4/28/2009 16:00:00	28.8854312897
4/29/2009 16:00:00	29.2823028564
4/30/2009 16:00:00	29.5756435394
5/1/2009 16:00:00	29.6532878876
5/4/2009 16:00:00	30.2399864197
5/5/2009 16:00:00	30.2140789032
5/6/2009 16:00:00	30.2227172852
5/7/2009 16:00:00	29.5152397156
5/8/2009 16:00:00	29.5324935913
5/11/2009 16:00:00	29.636051178
5/12/2009 16:00:00	29.2736778259
5/13/2009 16:00:00	28.4885635376
5/14/2009 16:00:00	28.8077774048
5/15/2009 16:00:00	28.7905216217
5/18/2009 16:00:00	29.5411338806
5/19/2009 16:00:00	29.6791667938
5/20/2009 16:00:00	29.5756435394
5/21/2009 16:00:00	29.0320968628
5/22/2009 16:00:00	28.9371891022
5/26/2009 16:00:00	30.0156593323
5/27/2009 16:00:00	29.8085746765
5/28/2009 16:00:00	30.1536941528
5/29/2009 16:00:00	30.5246772766
6/1/2009 16:00:00	31.3960723877
6/2/2009 16:00:00	31.4392147064
6/3/2009 16:00:00	31.3443241119
6/4/2009 16:00:00	31.6980457306
6/5/2009 16:00:00	31.7325572968
6/8/2009 16:00:00	31.6376552582
6/9/2009 16:00:00	31.8792285919
6/10/2009 16:00:00	31.7670936584
6/11/2009 16:00:00	31.7670936584
6/12/2009 16:00:00	31.6203842163
6/15/2009 16:00:00	30.973323822
6/16/2009 16:00:00	30.6713562012
6/17/2009 16:00:00	30.9646930695
6/18/2009 16:00:00	30.9043140411
6/19/2009 16:00:00	31.2360057831
6/22/2009 16:00:00	30.3030796051
6/23/2009 16:00:00	30.23396492
6/24/2009 16:00:00	30.7436332703
6/25/2009 16:00:00	31.3483295441
6/26/2009 16:00:00	31.4174118042
6/29/2009 16:00:00	31.4865245819
6/30/2009 16:00:00	31.4260444641
7/1/2009 16:00:00	31.4433345795
7/2/2009 16:00:00	30.7522697449
7/6/2009 16:00:00	30.588142395
7/7/2009 16:00:00	29.8279743195
7/8/2009 16:00:00	29.9834747314
7/9/2009 16:00:00	30.0352745056
7/10/2009 16:00:00	30.1648654938
7/13/2009 16:00:00	30.7436332703
7/14/2009 16:00:00	30.8559207916
7/15/2009 16:00:00	31.8925113678
7/16/2009 16:00:00	32.2726097107
7/17/2009 16:00:00	32.4453735352
7/20/2009 16:00:00	32.7563514709
7/21/2009 16:00:00	32.9809455872
7/22/2009 16:00:00	33.2573738098
7/23/2009 16:00:00	33.9916229248
7/24/2009 16:00:00	33.7324829102
7/27/2009 16:00:00	33.9916229248
7/28/2009 16:00:00	33.7583808899
7/29/2009 16:00:00	33.9829711914
7/30/2009 16:00:00	34.1816749573
7/31/2009 16:00:00	34.0780105591
8/3/2009 16:00:00	34.5876731873
8/4/2009 16:00:00	34.5876731873
8/5/2009 16:00:00	34.3198928833
8/6/2009 16:00:00	34.0175247192
8/7/2009 16:00:00	34.4494628906
8/10/2009 16:00:00	34.2075767517
8/11/2009 16:00:00	33.9138793945
8/12/2009 16:00:00	34.4408111572
8/13/2009 16:00:00	34.630859375
8/14/2009 16:00:00	34.2334861755
8/17/2009 16:00:00	33.2401008606
8/18/2009 16:00:00	33.7152023315
8/19/2009 16:00:00	33.9484443665
8/20/2009 16:00:00	34.345790863
8/21/2009 16:00:00	34.8036079407
8/24/2009 16:00:00	34.7690658569
8/25/2009 16:00:00	34.8727340698
8/26/2009 16:00:00	34.8122444153
8/27/2009 16:00:00	34.8986358643
8/28/2009 16:00:00	34.9332008362
8/31/2009 16:00:00	34.5790214539
9/1/2009 16:00:00	33.9311561584
9/2/2009 16:00:00	33.9052314758
9/3/2009 16:00:00	34.1298446655
9/4/2009 16:00:00	34.8640861511
9/8/2009 16:00:00	35.1923522949
9/9/2009 16:00:00	35.4946746826
9/10/2009 16:00:00	35.8315658569
9/11/2009 16:00:00	35.8661460876
9/14/2009 16:00:00	36.0043411255
9/15/2009 16:00:00	36.1166496277
9/16/2009 16:00:00	36.6435661316
9/17/2009 16:00:00	36.6349449158
9/18/2009 16:00:00	36.6963195801
9/21/2009 16:00:00	36.8087425232
9/22/2009 16:00:00	36.8779067993
9/23/2009 16:00:00	36.7049827576
9/24/2009 16:00:00	36.3764076233
9/25/2009 16:00:00	36.0564804077
9/28/2009 16:00:00	36.6703834534
9/29/2009 16:00:00	36.5061035156
9/30/2009 16:00:00	36.5320358276
10/1/2009 16:00:00	35.451210022
10/2/2009 16:00:00	35.347454071
10/5/2009 16:00:00	35.6327857971
10/6/2009 16:00:00	36.2639884949
10/7/2009 16:00:00	36.3677558899
10/8/2009 16:00:00	36.5233955383
10/9/2009 16:00:00	36.7309074402
10/12/2009 16:00:00	36.8087425232
10/13/2009 16:00:00	36.8173828125
10/14/2009 16:00:00	37.3188972473
10/15/2009 16:00:00	37.2324371338
10/16/2009 16:00:00	36.9903259277
10/19/2009 16:00:00	37.362121582
10/20/2009 16:00:00	37.3707466125
10/21/2009 16:00:00	37.3016090393
10/22/2009 16:00:00	37.4485778809
10/23/2009 16:00:00	37.2929420471
10/26/2009 16:00:00	37.1718902588
10/27/2009 16:00:00	36.6098556519
10/28/2009 16:00:00	35.788433075
10/29/2009 16:00:00	36.3936882019
10/30/2009 16:00:00	35.4166259766
11/2/2009 16:00:00	35.5636253357
11/3/2009 16:00:00	35.6760177612
11/4/2009 16:00:00	35.7365455627
11/5/2009 16:00:00	36.6185112
11/6/2009 16:00:00	36.8346633911
11/9/2009 16:00:00	37.6215171814
11/10/2009 16:00:00	37.716632843
11/11/2009 16:00:00	37.9587364197
11/12/2009 16:00:00	37.7425689697
11/13/2009 16:00:00	38.0538520813
11/16/2009 16:00:00	38.4429664612
11/17/2009 16:00:00	38.563999176
11/18/2009 16:00:00	38.3478279114
11/19/2009 16:00:00	37.7512245178
11/20/2009 16:00:00	37.5609931946
11/23/2009 16:00:00	38.1662559509
11/24/2009 16:00:00	38.0365562439
11/25/2009 16:00:00	38.2008361816
11/27/2009 16:00:00	37.6215171814
11/30/2009 16:00:00	37.6647605896
12/1/2009 16:00:00	38.0538520813
12/2/2009 16:00:00	38.1057395935
12/3/2009 16:00:00	37.9500846863
12/4/2009 16:00:00	38.148979187
12/7/2009 16:00:00	37.9673995972
12/8/2009 16:00:00	37.7339286804
12/9/2009 16:00:00	38.1143760681
12/10/2009 16:00:00	38.3046112061
12/11/2009 16:00:00	38.1576156616
12/14/2009 16:00:00	38.5207633972
12/15/2009 16:00:00	38.3046112061
12/16/2009 16:00:00	38.3564720154
12/17/2009 16:00:00	37.8895759583
12/18/2009 16:00:00	38.5071029663
12/21/2009 16:00:00	38.940158844
12/22/2009 16:00:00	39.1740074158
12/23/2009 16:00:00	39.4598236084
12/24/2009 16:00:00	39.8235931396
12/28/2009 16:00:00	40.0314369202
12/29/2009 16:00:00	39.8668861389
12/30/2009 16:00:00	39.9881324768
12/31/2009 16:00:00	39.6243858337
1/4/2010 16:00:00	40.2046585083
1/5/2010 16:00:00	40.2046585083
1/6/2010 16:00:00	39.9621772766
1/7/2010 16:00:00	39.9881324768
1/8/2010 16:00:00	40.3172683716
1/11/2010 16:00:00	40.1526985168
1/12/2010 16:00:00	39.6503562927
1/13/2010 16:00:00	40.1440315247
1/14/2010 16:00:00	40.1786880493
1/15/2010 16:00:00	39.7109870911
1/19/2010 16:00:00	40.3519058228
1/20/2010 16:00:00	39.7715988159
1/21/2010 16:00:00	39.3991966248
1/22/2010 16:00:00	38.2472724915
1/25/2010 16:00:00	38.3771858215
1/26/2010 16:00:00	38.4118232727
1/27/2010 16:00:00	38.7149620056
1/28/2010 16:00:00	37.7189369202
1/29/2010 16:00:00	37.0606918335
2/1/2010 16:00:00	37.4677696228
2/2/2010 16:00:00	37.805557251
2/3/2010 16:00:00	38.0134124756
2/4/2010 16:00:00	36.9134635925
2/5/2010 16:00:00	37.2252502441
2/8/2010 16:00:00	36.9567718506
2/9/2010 16:00:00	37.3378562927
2/10/2010 16:00:00	37.2599067688
2/11/2010 16:00:00	37.8228645325
2/12/2010 16:00:00	37.9008102417
2/16/2010 16:00:00	38.3858528137
2/17/2010 16:00:00	38.6023788452
2/18/2010 16:00:00	38.8448791504
2/19/2010 16:00:00	38.8275527954
2/22/2010 16:00:00	38.7496032715
2/23/2010 16:00:00	38.2472724915
2/24/2010 16:00:00	38.6370124817
2/25/2010 16:00:00	38.6283454895
2/26/2010 16:00:00	38.7669258118
3/1/2010 16:00:00	39.3298950195
3/2/2010 16:00:00	39.4511451721
3/3/2010 16:00:00	39.4944648743
3/4/2010 16:00:00	39.6243858337
3/5/2010 16:00:00	40.2219810486
3/8/2010 16:00:00	40.2999305725
3/9/2010 16:00:00	40.5251312256
3/10/2010 16:00:00	40.854259491
3/11/2010 16:00:00	41.0101585388
3/12/2010 16:00:00	41.0187911987
3/15/2010 16:00:00	40.9148864746
3/16/2010 16:00:00	41.1747093201
3/17/2010 16:00:00	41.287311554
3/18/2010 16:00:00	41.4258728027
3/19/2010 16:00:00	41.1753082275
3/22/2010 16:00:00	41.5481300354
3/23/2010 16:00:00	41.834236145
3/24/2010 16:00:00	41.6348152161
3/25/2010 16:00:00	41.5741386414
3/26/2010 16:00:00	41.6175003052
3/29/2010 16:00:00	41.81690979
3/30/2010 16:00:00	41.9556274414
3/31/2010 16:00:00	41.7562141418
4/1/2010 16:00:00	41.7562141418
4/5/2010 16:00:00	42.1463928223
4/6/2010 16:00:00	42.2677726746
4/7/2010 16:00:00	42.1637229919
4/8/2010 16:00:00	42.2591094971
4/9/2010 16:00:00	42.5105133057
4/12/2010 16:00:00	42.545211792
4/13/2010 16:00:00	42.7619857788
4/14/2010 16:00:00	43.2735099792
4/15/2010 16:00:00	43.4642677307
4/16/2010 16:00:00	42.9440422058
4/19/2010 16:00:00	42.9180412292
4/20/2010 16:00:00	43.1347923279
4/21/2010 16:00:00	43.3775558472
4/22/2010 16:00:00	43.6203308105
4/23/2010 16:00:00	43.802406311
4/26/2010 16:00:00	43.7070350647
4/27/2010 16:00:00	42.7793006897
4/28/2010 16:00:00	42.8053207397
4/29/2010 16:00:00	43.5509643555
4/30/2010 16:00:00	42.6926193237
5/3/2010 16:00:00	43.2908439636
5/4/2010 16:00:00	41.9903182983
5/5/2010 16:00:00	41.7735671997
5/6/2010 16:00:00	40.3776397705
5/7/2010 16:00:00	39.3718757629
5/10/2010 16:00:00	41.4180831909
5/11/2010 16:00:00	41.3747215271
5/12/2010 16:00:00	42.1550521851
5/13/2010 16:00:00	41.4874267578
5/14/2010 16:00:00	40.6897621155
5/17/2010 16:00:00	40.8198280334
5/18/2010 16:00:00	40.2562484741
5/19/2010 16:00:00	39.9354743958
5/20/2010 16:00:00	38.4528236389
5/21/2010 16:00:00	38.8776817322
5/24/2010 16:00:00	38.7216110229
5/25/2010 16:00:00	38.7562828064
5/26/2010 16:00:00	38.3227729797
5/27/2010 16:00:00	39.7707099915
5/28/2010 16:00:00	39.5366249084
6/1/2010 16:00:00	39.1724739075
6/2/2010 16:00:00	40.1001777649
6/3/2010 16:00:00	40.4816627502
6/4/2010 16:00:00	39.0944252014
6/7/2010 16:00:00	38.3834571838
6/8/2010 16:00:00	38.3141136169
6/9/2010 16:00:00	37.9933052063
6/10/2010 16:00:00	39.0770874023
6/11/2010 16:00:00	39.4499130249
6/14/2010 16:00:00	39.4412536621
6/15/2010 16:00:00	40.4990119934
6/16/2010 16:00:00	40.6637649536
6/17/2010 16:00:00	40.793800354
6/18/2010 16:00:00	40.8276977539
6/21/2010 16:00:00	40.4802131653
6/22/2010 16:00:00	40.1674957275
6/23/2010 16:00:00	40.0024414062
6/24/2010 16:00:00	39.394367218
6/25/2010 16:00:00	39.4022140503
6/28/2010 16:00:00	39.2629508972
6/29/2010 16:00:00	37.7484893799
6/30/2010 16:00:00	37.1740379333
7/1/2010 16:00:00	37.0695915222
7/2/2010 16:00:00	36.9651374817
7/6/2010 16:00:00	37.0782775879
7/7/2010 16:00:00	38.2620239258
7/8/2010 16:00:00	38.470905304
7/9/2010 16:00:00	38.8364677429
7/12/2010 16:00:00	38.9496078491
7/13/2010 16:00:00	39.4544372559
7/14/2010 16:00:00	39.6546363831
7/15/2010 16:00:00	39.6894493103
7/16/2010 16:00:00	38.592754364
7/19/2010 16:00:00	38.923500061
7/20/2010 16:00:00	39.3935089111
7/21/2010 16:00:00	38.8538780212
7/22/2010 16:00:00	39.837387085
7/23/2010 16:00:00	40.0898323059
7/26/2010 16:00:00	40.4205436707
7/27/2010 16:00:00	40.403137207
7/28/2010 16:00:00	40.0811042786
7/29/2010 16:00:00	39.7851867676
7/30/2010 16:00:00	39.8722305298
8/2/2010 16:00:00	40.6207427979
8/3/2010 16:00:00	40.4466743469
8/4/2010 16:00:00	40.8557548523
8/5/2010 16:00:00	40.7599945068
8/6/2010 16:00:00	40.6990852356
8/9/2010 16:00:00	40.9776115417
8/10/2010 16:00:00	40.6207427979
8/11/2010 16:00:00	39.51537323
8/12/2010 16:00:00	39.2020339966
8/13/2010 16:00:00	38.923500061
8/16/2010 16:00:00	38.9931221008
8/17/2010 16:00:00	39.4892539978
8/18/2010 16:00:00	39.6459083557
8/19/2010 16:00:00	39.0453453064
8/20/2010 16:00:00	39.0975761414
8/23/2010 16:00:00	38.7146110535
8/24/2010 16:00:00	37.9921989441
8/25/2010 16:00:00	38.3577575684
8/26/2010 16:00:00	37.896446228
8/27/2010 16:00:00	38.3577575684
8/30/2010 16:00:00	37.9573745728
8/31/2010 16:00:00	37.826839447
9/1/2010 16:00:00	38.9583129883
9/2/2010 16:00:00	39.3935089111
9/3/2010 16:00:00	40.046295166
9/7/2010 16:00:00	39.7764816284
9/8/2010 16:00:00	40.2551841736
9/9/2010 16:00:00	40.4118537903
9/10/2010 16:00:00	40.5598106384
9/13/2010 16:00:00	41.1255722046
9/14/2010 16:00:00	41.2996520996
9/15/2010 16:00:00	41.560749054
9/16/2010 16:00:00	41.7261199951
9/17/2010 16:00:00	41.8674659729
9/20/2010 16:00:00	42.6003036499
9/21/2010 16:00:00	42.5915641785
9/22/2010 16:00:00	42.4781570435
9/23/2010 16:00:00	42.4607009888
9/24/2010 16:00:00	43.3244018555
9/27/2010 16:00:00	43.0888748169
9/28/2010 16:00:00	43.071395874
9/29/2010 16:00:00	43.0016098022
9/30/2010 16:00:00	42.8096809387
10/1/2010 16:00:00	42.7573280334
10/4/2010 16:00:00	42.2949562073
10/5/2010 16:00:00	43.3244018555
10/6/2010 16:00:00	42.9492835999
10/7/2010 16:00:00	43.1063041687
10/8/2010 16:00:00	43.4029159546
10/11/2010 16:00:00	43.4203720093
10/12/2010 16:00:00	43.7170066833
10/13/2010 16:00:00	44.0746841431
10/14/2010 16:00:00	43.9874610901
10/15/2010 16:00:00	44.9209403992
10/18/2010 16:00:00	44.7551879883
10/19/2010 16:00:00	44.3364028931
10/20/2010 16:00:00	44.6592140198
10/21/2010 16:00:00	44.7464523315
10/22/2010 16:00:00	45.0518035889
10/25/2010 16:00:00	45.2699356079
10/26/2010 16:00:00	45.3920326233
10/27/2010 16:00:00	45.5316200256
10/28/2010 16:00:00	45.6275978088
10/29/2010 16:00:00	45.5229034424
11/1/2010 16:00:00	45.5578079224
11/2/2010 16:00:00	46.0463600159
11/3/2010 16:00:00	46.2557487488
11/4/2010 16:00:00	46.8228111267
11/5/2010 16:00:00	46.8228111267
11/8/2010 16:00:00	46.8838882446
11/9/2010 16:00:00	46.6308784485
11/10/2010 16:00:00	46.8664245605
11/11/2010 16:00:00	46.5698165894
11/12/2010 16:00:00	45.8108253479
11/15/2010 16:00:00	45.6363334656
11/16/2010 16:00:00	44.8860282898
11/17/2010 16:00:00	45.0168800354
11/18/2010 16:00:00	45.7410163879
11/19/2010 16:00:00	45.7759056091
11/22/2010 16:00:00	46.1597747803
11/23/2010 16:00:00	45.426940918
11/24/2010 16:00:00	46.3429679871
11/26/2010 16:00:00	46.0376281738
11/29/2010 16:00:00	46.0027313232
11/30/2010 16:00:00	45.4443740845
12/1/2010 16:00:00	46.4040489197
12/2/2010 16:00:00	46.8751602173
12/3/2010 16:00:00	46.9972991943
12/6/2010 16:00:00	46.9798469543
12/7/2010 16:00:00	47.0060157776
12/8/2010 16:00:00	47.1804962158
12/9/2010 16:00:00	47.2241325378
12/10/2010 16:00:00	47.538192749
12/13/2010 16:00:00	47.3724365234
12/14/2010 16:00:00	47.4596939087
12/15/2010 16:00:00	47.2503013611
12/16/2010 16:00:00	47.6167221069
12/17/2010 16:00:00	47.6586761475
12/20/2010 16:00:00	47.693649292
12/21/2010 16:00:00	47.9821090698
12/22/2010 16:00:00	47.973361969
12/23/2010 16:00:00	47.8509941101
12/27/2010 16:00:00	47.8772201538
12/28/2010 16:00:00	47.7898025513
12/29/2010 16:00:00	47.894695282
12/30/2010 16:00:00	47.7810592651
12/31/2010 16:00:00	47.6062355042
1/3/2011 16:00:00	48.3492546082
1/4/2011 16:00:00	48.3142967224
1/5/2011 16:00:00	48.7251281738
1/6/2011 16:00:00	48.8824806213
1/7/2011 16:00:00	48.8387680054
1/10/2011 16:00:00	49.0223503113
1/11/2011 16:00:00	49.0922737122
1/12/2011 16:00:00	49.4419326782
1/13/2011 16:00:00	49.4594345093
1/14/2011 16:00:00	49.8265724182
1/18/2011 16:00:00	49.96641922
1/19/2011 16:00:00	49.3982276917
1/20/2011 16:00:00	49.0485916138
1/21/2011 16:00:00	48.6726875305
1/24/2011 16:00:00	49.3457870483
1/25/2011 16:00:00	49.4157104492
1/26/2011 16:00:00	49.6779594421
1/27/2011 16:00:00	49.983921051
1/28/2011 16:00:00	48.7163925171
1/31/2011 16:00:00	48.9524040222
2/1/2011 16:00:00	49.8702735901
2/2/2011 16:00:00	49.7916030884
2/3/2011 16:00:00	49.8790245056
2/4/2011 16:00:00	50.1587486267
2/7/2011 16:00:00	50.3947715759
2/8/2011 16:00:00	50.7269363403
2/9/2011 16:00:00	50.6395339966
2/10/2011 16:00:00	50.7182197571
2/11/2011 16:00:00	51.0853385925
2/14/2011 16:00:00	51.2077178955
2/15/2011 16:00:00	51.1377830505
2/16/2011 16:00:00	51.4699745178
2/17/2011 16:00:00	51.4524803162
2/18/2011 16:00:00	51.338848114
2/22/2011 16:00:00	49.8528022766
2/23/2011 16:00:00	49.4419326782
2/24/2011 16:00:00	49.7042045593
2/25/2011 16:00:00	50.3947715759
2/28/2011 16:00:00	50.4996833801
3/1/2011 16:00:00	49.686706543
3/2/2011 16:00:00	49.9489479065
3/3/2011 16:00:00	50.9367523193
3/4/2011 16:00:00	50.6745071411
3/7/2011 16:00:00	49.9926528931
3/8/2011 16:00:00	50.1936988831
3/9/2011 16:00:00	49.8528022766
3/10/2011 16:00:00	49.0748023987
3/11/2011 16:00:00	49.3807449341
3/14/2011 16:00:00	49.2059364319
3/15/2011 16:00:00	48.5065956116
3/16/2011 16:00:00	47.3352394104
3/17/2011 16:00:00	47.7723007202
3/18/2011 16:00:00	47.6646690369
3/21/2011 16:00:00	48.5837936401
3/22/2011 16:00:00	48.496257782
3/23/2011 16:00:00	48.7676277161
3/24/2011 16:00:00	49.6342582703
3/25/2011 16:00:00	49.7568092346
3/28/2011 16:00:00	49.4854507446
3/29/2011 16:00:00	49.9669113159
3/30/2011 16:00:00	50.2032585144
3/31/2011 16:00:00	50.2732925415
4/1/2011 16:00:00	50.2995491028
4/4/2011 16:00:00	50.133228302
4/5/2011 16:00:00	50.0019340515
4/6/2011 16:00:00	50.1244735718
4/7/2011 16:00:00	50.0894889832
4/8/2011 16:00:00	49.8531074524
4/11/2011 16:00:00	49.6867866516
4/12/2011 16:00:00	49.3453636169
4/13/2011 16:00:00	49.7655677795
4/14/2011 16:00:00	49.6780204773
4/15/2011 16:00:00	49.5904884338
4/18/2011 16:00:00	49.2403297424
4/19/2011 16:00:00	49.5467224121
4/20/2011 16:00:00	50.6672172546
4/21/2011 16:00:00	51.0698852539
4/25/2011 16:00:00	51.201210022
4/26/2011 16:00:00	51.4900779724
4/27/2011 16:00:00	51.8402252197
4/28/2011 16:00:00	51.7614479065
4/29/2011 16:00:00	51.7176628113
5/2/2011 16:00:00	51.6213760376
5/3/2011 16:00:00	51.3762588501
5/4/2011 16:00:00	51.2974891663
5/5/2011 16:00:00	51.017364502
5/6/2011 16:00:00	51.183681488
5/9/2011 16:00:00	51.3762588501
5/10/2011 16:00:00	51.8139724731
5/11/2011 16:00:00	51.4375457764
5/12/2011 16:00:00	51.743938446
5/13/2011 16:00:00	51.1311569214
5/16/2011 16:00:00	50.2470283508
5/17/2011 16:00:00	50.387096405
5/18/2011 16:00:00	50.8072738647
5/19/2011 16:00:00	50.9560966492
5/20/2011 16:00:00	50.5709342957
5/23/2011 16:00:00	49.8268470764
5/24/2011 16:00:00	49.5204620361
5/25/2011 16:00:00	49.7130279541
5/26/2011 16:00:00	50.0194282532
5/27/2011 16:00:00	50.2732925415
5/31/2011 16:00:00	51.0873947144
6/1/2011 16:00:00	49.9756584167
6/2/2011 16:00:00	50.08070755
6/3/2011 16:00:00	49.3278808594
6/6/2011 16:00:00	48.9251976013
6/7/2011 16:00:00	48.8376731873
6/8/2011 16:00:00	48.4875030518
6/9/2011 16:00:00	48.5750350952
6/10/2011 16:00:00	47.8309516907
6/13/2011 16:00:00	47.8309516907
6/14/2011 16:00:00	48.4437332153
6/15/2011 16:00:00	47.5245933533
6/16/2011 16:00:00	47.3407478333
6/17/2011 16:00:00	47.1924819946
6/20/2011 16:00:00	47.4381523132
6/21/2011 16:00:00	48.4558601379
6/22/2011 16:00:00	48.1049308777
6/23/2011 16:00:00	48.5523605347
6/24/2011 16:00:00	47.7101173401
6/27/2011 16:00:00	48.4733848572
6/28/2011 16:00:00	49.1928520203
6/29/2011 16:00:00	49.3946151733
6/30/2011 16:00:00	50.052646637
7/1/2011 16:00:00	50.8071594238
7/5/2011 16:00:00	51.0615882874
7/6/2011 16:00:00	51.2282676697
7/7/2011 16:00:00	51.9301528931
7/8/2011 16:00:00	51.7897758484
7/11/2011 16:00:00	50.8510093689
7/12/2011 16:00:00	50.4649887085
7/13/2011 16:00:00	50.6755485535
7/14/2011 16:00:00	50.0877380371
7/15/2011 16:00:00	50.7545089722
7/18/2011 16:00:00	50.4825363159
7/19/2011 16:00:00	51.6318359375
7/20/2011 16:00:00	51.4125022888
7/21/2011 16:00:00	51.7546882629
7/22/2011 16:00:00	52.2898788452
7/25/2011 16:00:00	52.184589386
7/26/2011 16:00:00	52.3161964417
7/27/2011 16:00:00	50.9650802612
7/28/2011 16:00:00	51.0528030396
7/29/2011 16:00:00	50.8861122131
8/1/2011 16:00:00	50.6492271423
8/2/2011 16:00:00	49.3683128357
8/3/2011 16:00:00	49.8420715332
8/4/2011 16:00:00	47.5258789062
8/5/2011 16:00:00	47.2275848389
8/8/2011 16:00:00	44.384967804
8/9/2011 16:00:00	46.5257148743
8/10/2011 16:00:00	44.6218528748
8/11/2011 16:00:00	46.5871009827
8/12/2011 16:00:00	46.9994812012
8/15/2011 16:00:00	47.6925773621
8/16/2011 16:00:00	47.2890014648
8/17/2011 16:00:00	47.0082473755
8/18/2011 16:00:00	44.7008323669
8/19/2011 16:00:00	43.8936576843
8/22/2011 16:00:00	44.0515708923
8/23/2011 16:00:00	45.8676757812
8/24/2011 16:00:00	46.2273979187
8/25/2011 16:00:00	45.4728965759
8/26/2011 16:00:00	46.6134338379
8/29/2011 16:00:00	47.9119033813
8/30/2011 16:00:00	48.2277565002
8/31/2011 16:00:00	48.3067207336
9/1/2011 16:00:00	47.8680419922
9/2/2011 16:00:00	46.7450294495
9/6/2011 16:00:00	46.7538108826
9/7/2011 16:00:00	47.9382247925
9/8/2011 16:00:00	47.7189102173
9/9/2011 16:00:00	46.6573104858
9/12/2011 16:00:00	47.2539024353
9/13/2011 16:00:00	47.8855857849
9/14/2011 16:00:00	48.5699386597
9/15/2011 16:00:00	49.2893257141
9/16/2011 16:00:00	49.7411308289
9/19/2011 16:00:00	49.7587242126
9/20/2011 16:00:00	49.5389671326
9/21/2011 16:00:00	48.6775512695
9/22/2011 16:00:00	47.0954208374
9/23/2011 16:00:00	47.5964355469
9/26/2011 16:00:00	48.1501960754
9/27/2011 16:00:00	48.6511955261
9/28/2011 16:00:00	47.9304580688
9/29/2011 16:00:00	47.35912323
9/30/2011 16:00:00	46.1373519897
10/3/2011 16:00:00	44.9507255554
10/4/2011 16:00:00	45.8736495972
10/5/2011 16:00:00	47.0514717102
10/6/2011 16:00:00	47.8425598145
10/7/2011 16:00:00	47.5261268616
10/10/2011 16:00:00	49.1698074341
10/11/2011 16:00:00	49.5038070679
10/12/2011 16:00:00	49.7499198914
10/13/2011 16:00:00	50.206993103
10/14/2011 16:00:00	51.138710022
10/17/2011 16:00:00	50.3476257324
10/18/2011 16:00:00	50.9717063904
10/19/2011 16:00:00	49.987247467
10/20/2011 16:00:00	49.7411308289
10/21/2011 16:00:00	50.3652000427
10/24/2011 16:00:00	51.4111824036
10/25/2011 16:00:00	50.4003677368
10/26/2011 16:00:00	50.338848114
10/27/2011 16:00:00	51.7276039124
10/28/2011 16:00:00	51.806728363
10/31/2011 16:00:00	50.936542511
11/1/2011 16:00:00	49.6092834473
11/2/2011 16:00:00	50.0311965942
11/3/2011 16:00:00	51.0683898926
11/4/2011 16:00:00	50.8047027588
11/7/2011 16:00:00	51.1650848389
11/8/2011 16:00:00	51.753993988
11/9/2011 16:00:00	49.9345092773
11/10/2011 16:00:00	49.9081420898
11/11/2011 16:00:00	50.8486404419
11/14/2011 16:00:00	50.5322227478
11/15/2011 16:00:00	51.094745636
11/16/2011 16:00:00	50.2509460449
11/17/2011 16:00:00	49.0731048584
11/18/2011 16:00:00	48.6951637268
11/21/2011 16:00:00	47.7634429932
11/22/2011 16:00:00	47.9216575623
11/23/2011 16:00:00	46.8405265808
11/25/2011 16:00:00	46.4801445007
11/28/2011 16:00:00	48.097442627
11/29/2011 16:00:00	47.7985992432
11/30/2011 16:00:00	49.5653419495
12/1/2011 16:00:00	49.9081420898
12/2/2011 16:00:00	49.7675056458
12/5/2011 16:00:00	50.312461853
12/6/2011 16:00:00	50.1718406677
12/7/2011 16:00:00	50.1718406677
12/8/2011 16:00:00	49.3280181885
12/9/2011 16:00:00	50.1190872192
12/12/2011 16:00:00	49.5565452576
12/13/2011 16:00:00	49.011592865
12/14/2011 16:00:00	48.2468833923
12/15/2011 16:00:00	48.115032196
12/16/2011 16:00:00	48.3627471924
12/19/2011 16:00:00	47.8867073059
12/20/2011 16:00:00	49.3060264587
12/21/2011 16:00:00	48.6007766724
12/22/2011 16:00:00	49.0151023865
12/23/2011 16:00:00	49.4382705688
12/27/2011 16:00:00	49.62266922
12/28/2011 16:00:00	49.0491371155
12/29/2011 16:00:00	49.4020996094
12/30/2011 16:00:00	49.2609291077
1/3/2012 16:00:00	50.2050170898
1/4/2012 16:00:00	50.416759491
1/5/2012 16:00:00	50.8314743042
1/6/2012 16:00:00	51.0079421997
1/9/2012 16:00:00	50.8402900696
1/10/2012 16:00:00	51.2108840942
1/11/2012 16:00:00	51.3167610168
1/12/2012 16:00:00	51.5196990967
1/13/2012 16:00:00	51.3344306946
1/17/2012 16:00:00	51.8020439148
1/18/2012 16:00:00	52.4902610779
1/19/2012 16:00:00	52.816734314
1/20/2012 16:00:00	52.7373352051
1/23/2012 16:00:00	52.7549667358
1/24/2012 16:00:00	52.6579208374
1/25/2012 16:00:00	53.3196792603
1/26/2012 16:00:00	53.1343727112
1/27/2012 16:00:00	53.2931900024
1/30/2012 16:00:00	53.3373222351
1/31/2012 16:00:00	53.4078979492
2/1/2012 16:00:00	53.8402366638
2/2/2012 16:00:00	54.0078849792
2/3/2012 16:00:00	54.7490692139
2/6/2012 16:00:00	54.7049407959
2/7/2012 16:00:00	54.8196563721
2/8/2012 16:00:00	55.1108093262
2/9/2012 16:00:00	55.5078582764
2/10/2012 16:00:00	55.1196479797
2/13/2012 16:00:00	55.6313972473
2/14/2012 16:00:00	55.772567749
2/15/2012 16:00:00	55.3843307495
2/16/2012 16:00:00	56.1431503296
2/17/2012 16:00:00	55.9666862488
2/21/2012 16:00:00	56.1255073547
2/22/2012 16:00:00	55.8696289062
2/23/2012 16:00:00	56.2402038574
2/24/2012 16:00:00	56.4343147278
2/27/2012 16:00:00	56.5137290955
2/28/2012 16:00:00	57.0872344971
2/29/2012 16:00:00	56.8313941956
3/1/2012 16:00:00	57.2813796997
3/2/2012 16:00:00	57.2372398376
3/5/2012 16:00:00	56.6460647583
3/6/2012 16:00:00	56.0902023315
3/7/2012 16:00:00	56.5225563049
3/8/2012 16:00:00	57.1313591003
3/9/2012 16:00:00	57.369594574
3/12/2012 16:00:00	57.3960723877
3/13/2012 16:00:00	58.4636802673
3/14/2012 16:00:00	58.6666412354
3/15/2012 16:00:00	58.8342590332
3/16/2012 16:00:00	58.7927284241
3/19/2012 16:00:00	59.2081375122
3/20/2012 16:00:00	59.3142127991
3/21/2012 16:00:00	59.3230400085
3/22/2012 16:00:00	59.1993026733
3/23/2012 16:00:00	59.1639328003
3/26/2012 16:00:00	60.1980476379
3/27/2012 16:00:00	60.2864112854
3/28/2012 16:00:00	60.0477981567
3/29/2012 16:00:00	59.8179779053
3/30/2012 16:00:00	59.7030944824
4/2/2012 16:00:00	60.3217811584
4/3/2012 16:00:00	60.3041152954
4/4/2012 16:00:00	59.482131958
4/5/2012 16:00:00	59.8533287048
4/9/2012 16:00:00	59.4025802612
4/10/2012 16:00:00	58.4480247498
4/11/2012 16:00:00	58.7308692932
4/12/2012 16:00:00	59.4025802612
4/13/2012 16:00:00	58.5010719299
4/16/2012 16:00:00	57.8470344543
4/17/2012 16:00:00	59.0225372314
4/18/2012 16:00:00	58.8722839355
4/19/2012 16:00:00	58.2094116211
4/20/2012 16:00:00	58.0503196716
4/23/2012 16:00:00	57.5200119019
4/24/2012 16:00:00	57.2106704712
4/25/2012 16:00:00	58.7308692932
4/26/2012 16:00:00	59.0755767822
4/27/2012 16:00:00	59.4291038513
4/30/2012 16:00:00	59.0048675537
5/1/2012 16:00:00	59.1020851135
5/2/2012 16:00:00	59.2700233459
5/3/2012 16:00:00	58.6424674988
5/4/2012 16:00:00	57.1841545105
5/7/2012 16:00:00	57.2371902466
5/8/2012 16:00:00	57.0250587463
5/9/2012 16:00:00	56.8483200073
5/10/2012 16:00:00	56.7334022522
5/11/2012 16:00:00	56.7245635986
5/14/2012 16:00:00	56.1942520142
5/15/2012 16:00:00	56.0086593628
5/16/2012 16:00:00	55.6286048889
5/17/2012 16:00:00	54.4530982971
5/18/2012 16:00:00	53.7460289001
5/21/2012 16:00:00	55.2485694885
5/22/2012 16:00:00	55.1866760254
5/23/2012 16:00:00	55.292755127
5/24/2012 16:00:00	54.9303741455
5/25/2012 16:00:00	54.8596496582
5/29/2012 16:00:00	55.5578994751
5/30/2012 16:00:00	55.0894737244
5/31/2012 16:00:00	54.8508377075
6/1/2012 16:00:00	53.3925094604
6/4/2012 16:00:00	53.7990722656
6/5/2012 16:00:00	54.0200233459
6/6/2012 16:00:00	55.2573928833
6/7/2012 16:00:00	55.0364494324
6/8/2012 16:00:00	55.5667533875
6/11/2012 16:00:00	54.6298713684
6/12/2012 16:00:00	55.292755127
6/13/2012 16:00:00	54.9127159119
6/14/2012 16:00:00	55.1159896851
6/15/2012 16:00:00	55.8007583618
6/18/2012 16:00:00	56.323425293
6/19/2012 16:00:00	56.9080848694
6/20/2012 16:00:00	56.9523696899
6/21/2012 16:00:00	55.5349998474
6/22/2012 16:00:00	56.1196746826
6/25/2012 16:00:00	55.0389213562
6/26/2012 16:00:00	55.3843955994
6/27/2012 16:00:00	55.721031189
6/28/2012 16:00:00	55.1009140015
6/29/2012 16:00:00	56.8372154236
7/2/2012 16:00:00	57.0055274963
7/3/2012 16:00:00	57.4838981628
7/5/2012 16:00:00	57.5193405151
7/6/2012 16:00:00	56.8017921448
7/9/2012 16:00:00	56.6954841614
7/10/2012 16:00:00	56.1373825073
7/11/2012 16:00:00	55.8273277283
7/12/2012 16:00:00	55.3046722412
7/13/2012 16:00:00	56.1462554932
7/16/2012 16:00:00	55.9867935181
7/17/2012 16:00:00	56.2791366577
7/18/2012 16:00:00	57.0409698486
7/19/2012 16:00:00	57.6699409485
7/20/2012 16:00:00	56.9080848694
7/23/2012 16:00:00	56.217124939
7/24/2012 16:00:00	55.7741737366
7/25/2012 16:00:00	55.402130127
7/26/2012 16:00:00	56.1373825073
7/27/2012 16:00:00	57.4661941528
7/30/2012 16:00:00	57.4219093323
7/31/2012 16:00:00	57.4041824341
8/1/2012 16:00:00	57.2358703613
8/2/2012 16:00:00	57.0321044922
8/3/2012 16:00:00	58.1128616333
8/6/2012 16:00:00	58.5557975769
8/7/2012 16:00:00	59.0430488586
8/8/2012 16:00:00	59.0164375305
8/9/2012 16:00:00	59.1936264038
8/10/2012 16:00:00	59.2290725708
8/13/2012 16:00:00	59.3707809448
8/14/2012 16:00:00	59.3973731995
8/15/2012 16:00:00	59.5479736328
8/16/2012 16:00:00	60.2566566467
8/17/2012 16:00:00	60.5224380493
8/20/2012 16:00:00	60.611000061
8/21/2012 16:00:00	60.3718070984
8/22/2012 16:00:00	60.6198768616
8/23/2012 16:00:00	60.1237869263
8/24/2012 16:00:00	60.4958457947
8/27/2012 16:00:00	60.5933036804
8/28/2012 16:00:00	60.5933036804
8/29/2012 16:00:00	60.5933036804
8/30/2012 16:00:00	59.98204422
8/31/2012 16:00:00	60.3806991577
9/4/2012 16:00:00	60.3186798096
9/5/2012 16:00:00	60.2566566467
9/6/2012 16:00:00	61.5943336487
9/7/2012 16:00:00	61.5057067871
9/10/2012 16:00:00	60.7173042297
9/11/2012 16:00:00	60.6198768616
9/12/2012 16:00:00	60.7970542908
9/13/2012 16:00:00	61.6209030151
9/14/2012 16:00:00	62.1701393127
9/17/2012 16:00:00	62.1967277527
9/18/2012 16:00:00	62.2498626709
9/19/2012 16:00:00	62.365032196
9/20/2012 16:00:00	62.3030357361
9/21/2012 16:00:00	62.3208122253
9/24/2012 16:00:00	61.9565315247
9/25/2012 16:00:00	61.0859031677
9/26/2012 16:00:00	60.5884246826
9/27/2012 16:00:00	61.4235191345
9/28/2012 16:00:00	60.9171142578
10/1/2012 16:00:00	60.8282814026
10/2/2012 16:00:00	61.0059356689
10/3/2012 16:00:00	61.3968734741
10/4/2012 16:00:00	61.6100463867
10/5/2012 16:00:00	61.2813873291
10/8/2012 16:00:00	60.7216491699
10/9/2012 16:00:00	59.7533416748
10/10/2012 16:00:00	59.4512863159
10/11/2012 16:00:00	59.2647018433
10/12/2012 16:00:00	59.2380447388
10/15/2012 16:00:00	59.6733436584
10/16/2012 16:00:00	60.5173606873
10/17/2012 16:00:00	60.481803894
10/18/2012 16:00:00	59.780002594
10/19/2012 16:00:00	58.3496665955
10/22/2012 16:00:00	58.651725769
10/23/2012 16:00:00	58.0920333862
10/24/2012 16:00:00	57.8877029419
10/25/2012 16:00:00	57.8877029419
10/26/2012 16:00:00	58.0564880371
10/31/2012 16:00:00	57.701133728
11/1/2012 16:00:00	58.5184669495
11/2/2012 16:00:00	57.8965988159
11/5/2012 16:00:00	58.2786026001
11/6/2012 16:00:00	58.3852233887
11/7/2012 16:00:00	57.0082015991
11/8/2012 16:00:00	56.1109161377
11/9/2012 16:00:00	56.3507919312
11/12/2012 16:00:00	56.3418998718
11/13/2012 16:00:00	55.951007843
11/14/2012 16:00:00	55.293598175
11/15/2012 16:00:00	55.1070327759
11/16/2012 16:00:00	55.3469047546
11/19/2012 16:00:00	56.6617126465
11/20/2012 16:00:00	56.6794929504
11/21/2012 16:00:00	56.7949943542
11/23/2012 16:00:00	57.6567230225
11/26/2012 16:00:00	57.9054679871
11/27/2012 16:00:00	57.7100257874
11/28/2012 16:00:00	58.2075233459
11/29/2012 16:00:00	58.5540122986
11/30/2012 16:00:00	58.4562759399
12/3/2012 16:00:00	58.3407821655
12/4/2012 16:00:00	58.3052368164
12/5/2012 16:00:00	57.6567230225
12/6/2012 16:00:00	58.0298423767
12/7/2012 16:00:00	57.6833686829
12/10/2012 16:00:00	57.8521766663
12/11/2012 16:00:00	58.6073036194
12/12/2012 16:00:00	58.4829444885
12/13/2012 16:00:00	58.0209732056
12/14/2012 16:00:00	57.4701538086
12/17/2012 16:00:00	58.2341766357
12/18/2012 16:00:00	59.1225700378
12/19/2012 16:00:00	58.8649291992
12/20/2012 16:00:00	58.8649291992
12/21/2012 16:00:00	58.2458457947
12/24/2012 16:00:00	58.1297035217
12/26/2012 16:00:00	57.6205101013
12/27/2012 16:00:00	57.5311775208
12/28/2012 16:00:00	56.977306366
12/31/2012 16:00:00	58.1833190918
1/2/2013 16:00:00	60.032535553
1/3/2013 16:00:00	59.7198638916
1/4/2013 16:00:00	59.5233230591
1/7/2013 16:00:00	59.5412101746
1/8/2013 16:00:00	59.4250564575
1/9/2013 16:00:00	59.6484222412
1/10/2013 16:00:00	60.0057258606
1/11/2013 16:00:00	60.0861549377
1/14/2013 16:00:00	59.8181419373
1/15/2013 16:00:00	59.5233230591
1/16/2013 16:00:00	59.7645492554
1/17/2013 16:00:00	60.0503921509
1/18/2013 16:00:00	59.9164047241
1/22/2013 16:00:00	60.0146713257
1/23/2013 16:00:00	60.3809318542
1/24/2013 16:00:00	59.5501403809
1/25/2013 16:00:00	59.8538665771
1/28/2013 16:00:00	59.9878578186
1/29/2013 16:00:00	59.9967956543
1/30/2013 16:00:00	59.8717155457
1/31/2013 16:00:00	59.7377319336
2/1/2013 16:00:00	60.4434928894
2/4/2013 16:00:00	59.3893203735
2/5/2013 16:00:00	60.2648162842
2/6/2013 16:00:00	60.0682754517
2/7/2013 16:00:00	60.1218643188
2/8/2013 16:00:00	60.7382774353
2/11/2013 16:00:00	60.7561378479
2/12/2013 16:00:00	60.5060081482
2/13/2013 16:00:00	60.7204208374
2/14/2013 16:00:00	60.702545166
2/15/2013 16:00:00	60.5238647461
2/19/2013 16:00:00	60.9616012573
2/20/2013 16:00:00	60.0235939026
2/21/2013 16:00:00	59.3804321289
2/22/2013 16:00:00	59.9789390564
2/25/2013 16:00:00	59.2374610901
2/26/2013 16:00:00	59.4607810974
2/27/2013 16:00:00	60.0682754517
2/28/2013 16:00:00	59.9432106018
3/1/2013 16:00:00	60.1933326721
3/4/2013 16:00:00	60.4613227844
3/5/2013 16:00:00	61.354675293
3/6/2013 16:00:00	61.2028160095
3/7/2013 16:00:00	61.3636054993
3/8/2013 16:00:00	61.4350662231
3/11/2013 16:00:00	61.6137428284
3/12/2013 16:00:00	61.3903923035
3/13/2013 16:00:00	61.3100166321
3/14/2013 16:00:00	61.5154914856
3/15/2013 16:00:00	61.3444595337
3/18/2013 16:00:00	61.2101287842
3/19/2013 16:00:00	61.0937461853
3/20/2013 16:00:00	61.5235290527
3/21/2013 16:00:00	60.8251266479
3/22/2013 16:00:00	61.4160728455
3/25/2013 16:00:00	61.1922607422
3/26/2013 16:00:00	61.5235290527
3/27/2013 16:00:00	61.6041259766
3/28/2013 16:00:00	61.7563285828
4/1/2013 16:00:00	61.3355026245
4/2/2013 16:00:00	61.8190155029
4/3/2013 16:00:00	61.2549133301
4/4/2013 16:00:00	61.2728157043
4/5/2013 16:00:00	60.7624359131
4/8/2013 16:00:00	61.0847930908
4/9/2013 16:00:00	61.4966888428
4/10/2013 16:00:00	62.6965332031
4/11/2013 16:00:00	62.6696586609
4/12/2013 16:00:00	62.6248855591
4/15/2013 16:00:00	61.3892326355
4/16/2013 16:00:00	62.2040557861
4/17/2013 16:00:00	60.9863014221
4/18/2013 16:00:00	60.1446075439
4/19/2013 16:00:00	60.9683952332
4/22/2013 16:00:00	61.5951576233
4/23/2013 16:00:00	62.186126709
4/24/2013 16:00:00	62.1592636108
4/25/2013 16:00:00	62.4905548096
4/26/2013 16:00:00	62.2935943604
4/29/2013 16:00:00	62.866645813
4/30/2013 16:00:00	63.3233184814
5/1/2013 16:00:00	63.0278205872
5/2/2013 16:00:00	63.8247413635
5/3/2013 16:00:00	64.5768890381
5/6/2013 16:00:00	64.8276138306
5/7/2013 16:00:00	64.7917709351
5/8/2013 16:00:00	65.1051712036
5/9/2013 16:00:00	65.0156402588
5/10/2013 16:00:00	65.409614563
5/13/2013 16:00:00	65.4901885986
5/14/2013 16:00:00	65.8304595947
5/15/2013 16:00:00	65.9647903442
5/16/2013 16:00:00	65.893119812
5/17/2013 16:00:00	66.5288925171
5/20/2013 16:00:00	66.4303817749
5/21/2013 16:00:00	66.5020217896
5/22/2013 16:00:00	65.9200210571
5/23/2013 16:00:00	65.7678070068
5/24/2013 16:00:00	65.7319946289
5/28/2013 16:00:00	66.1617584229
5/29/2013 16:00:00	65.8483581543
5/30/2013 16:00:00	66.1975708008
5/31/2013 16:00:00	65.5886993408
6/3/2013 16:00:00	65.705078125
6/4/2013 16:00:00	65.3648147583
6/5/2013 16:00:00	64.5141906738
6/6/2013 16:00:00	64.8276138306
6/7/2013 16:00:00	65.714050293
6/10/2013 16:00:00	65.7409057617
6/11/2013 16:00:00	65.0872421265
6/12/2013 16:00:00	64.3350982666
6/13/2013 16:00:00	65.1499252319
6/14/2013 16:00:00	64.7201309204
6/17/2013 16:00:00	65.3469161987
6/18/2013 16:00:00	65.8841934204
6/19/2013 16:00:00	65.1499252319
6/20/2013 16:00:00	63.6008872986
6/21/2013 16:00:00	63.2631607056
6/24/2013 16:00:00	62.6344032288
6/25/2013 16:00:00	63.0924720764
6/26/2013 16:00:00	63.6583595276
6/27/2013 16:00:00	63.9278450012
6/28/2013 16:00:00	64.0176620483
7/1/2013 16:00:00	64.4128875732
7/2/2013 16:00:00	64.4398727417
7/3/2013 16:00:00	64.7003326416
7/5/2013 16:00:00	65.1943817139
7/8/2013 16:00:00	65.2572402954
7/9/2013 16:00:00	65.6524658203
7/10/2013 16:00:00	66.0297317505
7/11/2013 16:00:00	67.3411712646
7/12/2013 16:00:00	67.637588501
7/15/2013 16:00:00	67.7902679443
7/16/2013 16:00:00	67.7004776001
7/17/2013 16:00:00	67.8711166382
7/18/2013 16:00:00	67.7004776001
7/19/2013 16:00:00	66.9998016357
7/22/2013 16:00:00	67.1974563599
7/23/2013 16:00:00	66.703414917
7/24/2013 16:00:00	66.9189834595
7/25/2013 16:00:00	67.3411712646
7/26/2013 16:00:00	67.7004776001
7/29/2013 16:00:00	67.5747146606
7/30/2013 16:00:00	67.9340286255
7/31/2013 16:00:00	68.059715271
8/1/2013 16:00:00	68.7514343262
8/2/2013 16:00:00	69.1376342773
8/5/2013 16:00:00	69.1825714111
8/6/2013 16:00:00	68.7693634033
8/7/2013 16:00:00	68.6436233521
8/8/2013 16:00:00	68.9849472046
8/9/2013 16:00:00	68.7065048218
8/12/2013 16:00:00	68.8681945801
8/13/2013 16:00:00	69.2544403076
8/14/2013 16:00:00	68.993927002
8/15/2013 16:00:00	67.8262557983
8/16/2013 16:00:00	67.7992553711
8/19/2013 16:00:00	67.6824951172
8/20/2013 16:00:00	67.9789352417
8/21/2013 16:00:00	67.7453689575
8/22/2013 16:00:00	68.4100875854
8/23/2013 16:00:00	68.8681945801
8/26/2013 16:00:00	68.9041213989
8/27/2013 16:00:00	67.4938583374
8/28/2013 16:00:00	67.7543487549
8/29/2013 16:00:00	68.2304153442
8/30/2013 16:00:00	67.7902679443
9/3/2013 16:00:00	68.1765289307
9/4/2013 16:00:00	68.9041213989
9/5/2013 16:00:00	69.020866394
9/6/2013 16:00:00	69.1017303467
9/9/2013 16:00:00	69.9101333618
9/10/2013 16:00:00	70.2514343262
9/11/2013 16:00:00	70.1167373657
9/12/2013 16:00:00	70.0718002319
9/13/2013 16:00:00	70.1167373657
9/16/2013 16:00:00	69.9281387329
9/17/2013 16:00:00	70.3952026367
9/18/2013 16:00:00	71.2395248413
9/19/2013 16:00:00	71.4101867676
9/20/2013 16:00:00	71.1651306152
9/23/2013 16:00:00	71.0209732056
9/24/2013 16:00:00	71.0209732056
9/25/2013 16:00:00	70.7777481079
9/26/2013 16:00:00	71.3273086548
9/27/2013 16:00:00	71.2372131348
9/30/2013 16:00:00	71.0660400391
10/1/2013 16:00:00	71.7867889404
10/2/2013 16:00:00	71.7597579956
10/3/2013 16:00:00	70.9218902588
10/4/2013 16:00:00	71.5345458984
10/7/2013 16:00:00	70.9399185181
10/8/2013 16:00:00	69.5704803467
10/9/2013 16:00:00	69.3542938232
10/10/2013 16:00:00	70.8227767944
10/11/2013 16:00:00	71.3813781738
10/14/2013 16:00:00	71.8859024048
10/15/2013 16:00:00	71.6066131592
10/16/2013 16:00:00	72.4174499512
10/17/2013 16:00:00	72.8318786621
10/18/2013 16:00:00	74.0121231079
10/21/2013 16:00:00	74.1742858887
10/22/2013 16:00:00	74.2824249268
10/23/2013 16:00:00	73.8319244385
10/24/2013 16:00:00	74.1562728882
10/25/2013 16:00:00	74.6878204346
10/28/2013 16:00:00	74.7058258057
10/29/2013 16:00:00	74.8319778442
10/30/2013 16:00:00	74.7598953247
10/31/2013 16:00:00	74.5887069702
11/1/2013 16:00:00	74.6067428589
11/4/2013 16:00:00	74.71484375
11/5/2013 16:00:00	74.7959365845
11/6/2013 16:00:00	74.7778930664
11/7/2013 16:00:00	73.3724517822
11/8/2013 16:00:00	74.3634796143
11/11/2013 16:00:00	74.2463302612
11/12/2013 16:00:00	74.3634796143
11/13/2013 16:00:00	75.2643890381
11/14/2013 16:00:00	75.4986801147
11/15/2013 16:00:00	75.6427993774
11/18/2013 16:00:00	74.9040374756
11/19/2013 16:00:00	74.6878204346
11/20/2013 16:00:00	74.507598877
11/21/2013 16:00:00	75.2643890381
11/22/2013 16:00:00	75.6698226929
11/25/2013 16:00:00	75.8500061035
11/26/2013 16:00:00	76.2464294434
11/27/2013 16:00:00	76.7779998779
11/29/2013 16:00:00	77.2375030518
12/2/2013 16:00:00	77.01222229
12/3/2013 16:00:00	76.9491653442
12/4/2013 16:00:00	77.0212249756
12/5/2013 16:00:00	76.9221572876
12/6/2013 16:00:00	77.48072052
12/9/2013 16:00:00	77.7960662842
12/10/2013 16:00:00	77.7419662476
12/11/2013 16:00:00	76.7419433594
12/12/2013 16:00:00	76.5437393188
12/13/2013 16:00:00	76.4446258545
12/16/2013 16:00:00	76.8681182861
12/17/2013 16:00:00	76.7149124146
12/18/2013 16:00:00	77.6068725586
12/19/2013 16:00:00	77.3906173706
12/20/2013 16:00:00	78.1787643433
12/23/2013 16:00:00	79.0011978149
12/24/2013 16:00:00	79.0373458862
12/26/2013 16:00:00	79.2994613647
12/27/2013 16:00:00	79.1006393433
12/30/2013 16:00:00	78.9831390381
12/31/2013 16:00:00	79.4983062744
1/2/2014 16:00:00	78.8746643066
1/3/2014 16:00:00	78.3052825928
1/6/2014 16:00:00	78.0160980225
1/7/2014 16:00:00	78.739112854
1/8/2014 16:00:00	78.9108276367
1/9/2014 16:00:00	78.648727417
1/10/2014 16:00:00	78.901802063
1/13/2014 16:00:00	77.7358856201
1/14/2014 16:00:00	79.2181015015
1/15/2014 16:00:00	79.8688583374
1/16/2014 16:00:00	79.8779220581
1/17/2014 16:00:00	79.4259643555
1/21/2014 16:00:00	80.0315322876
1/22/2014 16:00:00	80.2394256592
1/23/2014 16:00:00	79.9682693481
1/24/2014 16:00:00	78.3956298828
1/27/2014 16:00:00	77.6364364624
1/28/2014 16:00:00	77.5912704468
1/29/2014 16:00:00	76.759765625
1/30/2014 16:00:00	78.1787643433
1/31/2014 16:00:00	77.9708633423
2/3/2014 16:00:00	76.1813278198
2/4/2014 16:00:00	76.7416915894
2/5/2014 16:00:00	76.5428543091
2/6/2014 16:00:00	77.5189437866
2/7/2014 16:00:00	78.901802063
2/10/2014 16:00:00	79.3536834717
2/11/2014 16:00:00	80.257484436
2/12/2014 16:00:00	80.4111175537
2/13/2014 16:00:00	81.0076522827
2/14/2014 16:00:00	81.1703262329
2/18/2014 16:00:00	81.5679550171
2/19/2014 16:00:00	81.0076522827
2/20/2014 16:00:00	81.3872146606
2/21/2014 16:00:00	81.2788009644
2/24/2014 16:00:00	81.7126235962
2/25/2014 16:00:00	81.622253418
2/26/2014 16:00:00	81.5499191284
2/27/2014 16:00:00	82.0790405273
2/28/2014 16:00:00	81.988243103
3/3/2014 16:00:00	81.3802337646
3/4/2014 16:00:00	82.4148101807
3/5/2014 16:00:00	82.6417007446
3/6/2014 16:00:00	82.5691223145
3/7/2014 16:00:00	82.1607131958
3/10/2014 16:00:00	82.2333221436
3/11/2014 16:00:00	81.8794021606
3/12/2014 16:00:00	82.1879272461
3/13/2014 16:00:00	81.026260376
3/14/2014 16:00:00	80.4726715088
3/17/2014 16:00:00	81.1805496216
3/18/2014 16:00:00	82.1607131958
3/19/2014 16:00:00	81.7160186768
3/20/2014 16:00:00	81.9429016113
3/21/2014 16:00:00	80.9568634033
3/24/2014 16:00:00	80.2473526001
3/25/2014 16:00:00	80.5111312866
3/26/2014 16:00:00	79.4741592407
3/27/2014 16:00:00	79.0284576416
3/28/2014 16:00:00	79.1830825806
3/31/2014 16:00:00	79.7470550537
4/1/2014 16:00:00	81.1478881836
4/2/2014 16:00:00	81.357093811
4/3/2014 16:00:00	80.711265564
4/4/2014 16:00:00	78.5645446777
4/7/2014 16:00:00	77.8186340332
4/8/2014 16:00:00	78.5372085571
4/9/2014 16:00:00	79.8834991455
4/10/2014 16:00:00	77.4093093872
4/11/2014 16:00:00	76.5087814331
4/14/2014 16:00:00	77.1091308594
4/15/2014 16:00:00	77.363822937
4/16/2014 16:00:00	78.3916931152
4/17/2014 16:00:00	78.40990448
4/21/2014 16:00:00	78.9920578003
4/22/2014 16:00:00	79.6197052002
4/23/2014 16:00:00	78.9192810059
4/24/2014 16:00:00	79.6742782593
4/25/2014 16:00:00	78.4008026123
4/28/2014 16:00:00	78.6554870605
4/29/2014 16:00:00	79.2831192017
4/30/2014 16:00:00	79.4923477173
5/1/2014 16:00:00	79.728843689
5/2/2014 16:00:00	79.5833129883
5/5/2014 16:00:00	80.001739502
5/6/2014 16:00:00	78.9647598267
5/7/2014 16:00:00	78.7373580933
5/8/2014 16:00:00	78.6646118164
5/9/2014 16:00:00	78.955657959
5/12/2014 16:00:00	80.2564468384
5/13/2014 16:00:00	80.3110275269
5/14/2014 16:00:00	79.8925857544
5/15/2014 16:00:00	79.2649765015
5/16/2014 16:00:00	79.7834320068
5/19/2014 16:00:00	80.3383102417
5/20/2014 16:00:00	80.0472412109
5/21/2014 16:00:00	80.8113174438
5/22/2014 16:00:00	81.1660766602
5/23/2014 16:00:00	81.7573318481
5/27/2014 16:00:00	82.7761306763
5/28/2014 16:00:00	82.5214233398
5/29/2014 16:00:00	83.0490036011
5/30/2014 16:00:00	83.05809021
6/2/2014 16:00:00	82.9762420654
6/3/2014 16:00:00	82.9398574829
6/4/2014 16:00:00	83.2491455078
6/5/2014 16:00:00	83.9495162964
6/6/2014 16:00:00	84.4316482544
6/9/2014 16:00:00	84.3679351807
6/10/2014 16:00:00	84.5134963989
6/11/2014 16:00:00	84.495300293
6/12/2014 16:00:00	83.7311859131
6/13/2014 16:00:00	83.97681427
6/16/2014 16:00:00	84.0495986938
6/17/2014 16:00:00	84.0950469971
6/18/2014 16:00:00	84.5680847168
6/19/2014 16:00:00	84.5134963989
6/20/2014 16:00:00	84.6129379272
6/23/2014 16:00:00	84.6311569214
6/24/2014 16:00:00	84.5490722656
6/25/2014 16:00:00	85.0871963501
6/26/2014 16:00:00	85.1327819824
6/27/2014 16:00:00	85.5067596436
6/30/2014 16:00:00	85.6526794434
7/1/2014 16:00:00	86.5921325684
7/2/2014 16:00:00	86.7380218506
7/3/2014 16:00:00	87.2852630615
7/7/2014 16:00:00	87.0207824707
7/8/2014 16:00:00	85.9719085693
7/9/2014 16:00:00	86.6103515625
7/10/2014 16:00:00	86.3367233276
7/11/2014 16:00:00	86.8930892944
7/14/2014 16:00:00	87.412979126
7/15/2014 16:00:00	87.1119995117
7/16/2014 16:00:00	87.4585418701
7/17/2014 16:00:00	86.300239563
7/18/2014 16:00:00	87.6683502197
7/21/2014 16:00:00	87.5589065552
7/22/2014 16:00:00	88.1152648926
7/23/2014 16:00:00	88.680770874
7/24/2014 16:00:00	88.5804443359
7/25/2014 16:00:00	88.233833313
7/28/2014 16:00:00	88.26121521
7/29/2014 16:00:00	88.1061553955
7/30/2014 16:00:00	88.4527740479
7/31/2014 16:00:00	86.6650695801
8/1/2014 16:00:00	86.3458404541
8/4/2014 16:00:00	86.9386978149
8/5/2014 16:00:00	86.2728652954
8/6/2014 16:00:00	86.2090377808
8/7/2014 16:00:00	85.9354171753
8/8/2014 16:00:00	86.5556106567
8/11/2014 16:00:00	87.0663986206
8/12/2014 16:00:00	87.0299224854
8/13/2014 16:00:00	87.9510879517
8/14/2014 16:00:00	88.4071502686
8/15/2014 16:00:00	88.8357849121
8/18/2014 16:00:00	89.5198745728
8/19/2014 16:00:00	90.0215148926
8/20/2014 16:00:00	90.0215148926
8/21/2014 16:00:00	90.2039337158
8/22/2014 16:00:00	90.3407516479
8/25/2014 16:00:00	90.6599731445
8/26/2014 16:00:00	90.7511367798
8/27/2014 16:00:00	90.7694015503
8/28/2014 16:00:00	90.6690597534
8/29/2014 16:00:00	91.0065460205
9/2/2014 16:00:00	91.2710647583
9/3/2014 16:00:00	90.7329406738
9/4/2014 16:00:00	90.6508255005
9/5/2014 16:00:00	91.1069030762
9/8/2014 16:00:00	91.2801742554
9/9/2014 16:00:00	90.5231399536
9/10/2014 16:00:00	91.2710647583
9/11/2014 16:00:00	91.1980743408
9/12/2014 16:00:00	90.7329406738
9/15/2014 16:00:00	89.8573074341
9/16/2014 16:00:00	90.641708374
9/17/2014 16:00:00	90.7785339355
9/18/2014 16:00:00	91.4625778198
9/19/2014 16:00:00	91.4058990479
9/22/2014 16:00:00	90.5556640625
9/23/2014 16:00:00	90.3088226318
9/24/2014 16:00:00	91.2778778076
9/25/2014 16:00:00	89.3579711914
9/26/2014 16:00:00	90.3088226318
9/29/2014 16:00:00	90.189956665
9/30/2014 16:00:00	90.3179473877
10/1/2014 16:00:00	88.8734436035
10/2/2014 16:00:00	88.8734436035
10/3/2014 16:00:00	89.7511138916
10/6/2014 16:00:00	89.559135437
10/7/2014 16:00:00	88.2883453369
10/8/2014 16:00:00	90.0070953369
10/9/2014 16:00:00	88.5534362793
10/10/2014 16:00:00	86.3410263062
10/13/2014 16:00:00	84.9879150391
10/14/2014 16:00:00	84.9970855713
10/15/2014 16:00:00	84.4485244751
10/16/2014 16:00:00	83.918258667
10/17/2014 16:00:00	85.0244750977
10/20/2014 16:00:00	86.2952728271
10/21/2014 16:00:00	88.5626220703
10/22/2014 16:00:00	88.1054763794
10/23/2014 16:00:00	89.4311218262
10/24/2014 16:00:00	90.1625366211
10/27/2014 16:00:00	90.2265396118
10/28/2014 16:00:00	91.5887374878
10/29/2014 16:00:00	91.2504653931
10/30/2014 16:00:00	91.4424667358
10/31/2014 16:00:00	92.7041320801
11/3/2014 16:00:00	92.9783935547
11/4/2014 16:00:00	92.6675567627
11/5/2014 16:00:00	92.6766967773
11/6/2014 16:00:00	92.9692382812
11/7/2014 16:00:00	92.8869628906
11/10/2014 16:00:00	93.2160720825
11/11/2014 16:00:00	93.5086364746
11/12/2014 16:00:00	93.6732177734
11/13/2014 16:00:00	94.0754623413
11/14/2014 16:00:00	94.3680343628
11/17/2014 16:00:00	94.0846328735
11/18/2014 16:00:00	94.7885971069
11/19/2014 16:00:00	94.3589019775
11/20/2014 16:00:00	94.7794494629
11/21/2014 16:00:00	94.9622802734
11/24/2014 16:00:00	95.7028427124
11/25/2014 16:00:00	95.8491210938
11/26/2014 16:00:00	96.4707794189
11/28/2014 16:00:00	96.9187927246
12/1/2014 16:00:00	95.8216781616
12/2/2014 16:00:00	96.2056503296
12/3/2014 16:00:00	96.3793640137
12/4/2014 16:00:00	96.3336639404
12/5/2014 16:00:00	96.3427963257
12/8/2014 16:00:00	95.6571121216
12/9/2014 16:00:00	95.9588012695
12/10/2014 16:00:00	94.4503097534
12/11/2014 16:00:00	94.8982849121
12/12/2014 16:00:00	93.865196228
12/15/2014 16:00:00	92.8961257935
12/16/2014 16:00:00	91.4058990479
12/17/2014 16:00:00	93.0698013306
12/18/2014 16:00:00	95.3096923828
12/19/2014 16:00:00	95.7290649414
12/22/2014 16:00:00	95.967628479
12/23/2014 16:00:00	95.6281280518
12/24/2014 16:00:00	95.7107391357
12/26/2014 16:00:00	96.3897857666
12/29/2014 16:00:00	96.3714370728
12/30/2014 16:00:00	95.7290649414
12/31/2014 16:00:00	94.7471923828
1/2/2015 16:00:00	94.4627075195
1/5/2015 16:00:00	93.0770721436
1/6/2015 16:00:00	91.8290710449
1/7/2015 16:00:00	93.0128326416
1/8/2015 16:00:00	94.7930679321
1/9/2015 16:00:00	94.1690597534
1/12/2015 16:00:00	93.1871948242
1/13/2015 16:00:00	93.1596679688
1/14/2015 16:00:00	92.6457672119
1/15/2015 16:00:00	91.443649292
1/16/2015 16:00:00	92.517288208
1/20/2015 16:00:00	93.2514343262
1/21/2015 16:00:00	93.7286071777
1/22/2015 16:00:00	95.4629592896
1/23/2015 16:00:00	95.6740112305
1/26/2015 16:00:00	95.563911438
1/27/2015 16:00:00	93.0862884521
1/28/2015 16:00:00	92.609085083
1/29/2015 16:00:00	93.4991607666
1/30/2015 16:00:00	92.774269104
2/2/2015 16:00:00	93.58177948
2/3/2015 16:00:00	94.4810638428
2/4/2015 16:00:00	94.3985061646
2/5/2015 16:00:00	95.2151870728
2/6/2015 16:00:00	94.6370620728
2/9/2015 16:00:00	94.3342514038
2/10/2015 16:00:00	95.8024597168
2/11/2015 16:00:00	96.1511917114
2/12/2015 16:00:00	97.2707214355
2/13/2015 16:00:00	98.1057891846
2/17/2015 16:00:00	98.1975250244
2/18/2015 16:00:00	98.3351745605
2/19/2015 16:00:00	98.8215484619
2/20/2015 16:00:00	99.4822463989
2/23/2015 16:00:00	99.5831756592
2/24/2015 16:00:00	99.6566085815
2/25/2015 16:00:00	99.4088516235
2/26/2015 16:00:00	99.9135360718
2/27/2015 16:00:00	99.4730834961
3/2/2015 16:00:00	100.372375488
3/3/2015 16:00:00	99.9043731689
3/4/2015 16:00:00	99.5189437866
3/5/2015 16:00:00	99.6933135986
3/6/2015 16:00:00	98.5645980835
3/9/2015 16:00:00	98.8490829468
3/10/2015 16:00:00	97.0137557983
3/11/2015 16:00:00	96.4540023804
3/12/2015 16:00:00	97.0872039795
3/13/2015 16:00:00	96.6650772095
3/16/2015 16:00:00	97.9130935669
3/17/2015 16:00:00	98.0690765381
3/18/2015 16:00:00	99.0326080322
3/19/2015 16:00:00	99.1794281006
3/20/2015 16:00:00	99.8214111328
3/23/2015 16:00:00	99.6282730103
3/24/2015 16:00:00	99.2695541382
3/25/2015 16:00:00	96.9977493286
3/26/2015 16:00:00	96.666633606
3/27/2015 16:00:00	97.0529403687
3/30/2015 16:00:00	98.1658477783
3/31/2015 16:00:00	97.1265487671
4/1/2015 16:00:00	96.6206359863
4/2/2015 16:00:00	96.6850585938
4/6/2015 16:00:00	97.4760360718
4/7/2015 16:00:00	97.3104934692
4/8/2015 16:00:00	98.0830459595
4/9/2015 16:00:00	98.6993103027
4/10/2015 16:00:00	99.1040267944
4/13/2015 16:00:00	98.8557052612
4/14/2015 16:00:00	98.5705413818
4/15/2015 16:00:00	99.1867446899
4/16/2015 16:00:00	99.0488204956
4/17/2015 16:00:00	97.5036392212
4/20/2015 16:00:00	98.9660568237
4/21/2015 16:00:00	99.3891296387
4/22/2015 16:00:00	99.9317932129
4/23/2015 16:00:00	100.308891296
4/24/2015 16:00:00	101.67011261
4/27/2015 16:00:00	101.412590027
4/28/2015 16:00:00	101.210266113
4/29/2015 16:00:00	100.575630188
4/30/2015 16:00:00	98.9936294556
5/1/2015 16:00:00	100.299713135
5/4/2015 16:00:00	100.465255737
5/5/2015 16:00:00	98.828086853
5/6/2015 16:00:00	98.1474609375
5/7/2015 16:00:00	98.7360992432
5/8/2015 16:00:00	99.9685897827
5/11/2015 16:00:00	99.58228302
5/12/2015 16:00:00	99.1316070557
5/13/2015 16:00:00	99.3339614868
5/14/2015 16:00:00	100.787162781
5/15/2015 16:00:00	100.787162781
5/18/2015 16:00:00	101.228637695
5/19/2015 16:00:00	101.118255615
5/20/2015 16:00:00	101.182678223
5/21/2015 16:00:00	101.706916809
5/22/2015 16:00:00	101.605758667
5/26/2015 16:00:00	100.437637329
5/27/2015 16:00:00	102.056427002
5/28/2015 16:00:00	101.826507568
5/29/2015 16:00:00	101.219451904
6/1/2015 16:00:00	101.559776306
6/2/2015 16:00:00	101.237831116
6/3/2015 16:00:00	101.541381836
6/4/2015 16:00:00	100.768768311
6/5/2015 16:00:00	100.529655457
6/8/2015 16:00:00	99.5087051392
6/9/2015 16:00:00	99.3431396484
6/10/2015 16:00:00	100.704399109
6/11/2015 16:00:00	100.851554871
6/12/2015 16:00:00	100.023765564
6/15/2015 16:00:00	99.52709198
6/16/2015 16:00:00	100.069755554
6/17/2015 16:00:00	100.345672607
6/18/2015 16:00:00	101.808113098
6/19/2015 16:00:00	101.304763794
6/22/2015 16:00:00	102.051475525
6/23/2015 16:00:00	102.134422302
6/24/2015 16:00:00	101.608985901
6/25/2015 16:00:00	101.406158447
6/26/2015 16:00:00	100.733177185
6/29/2015 16:00:00	98.3547973633
6/30/2015 16:00:00	98.7050933838
7/1/2015 16:00:00	99.4886550903
7/2/2015 16:00:00	99.5163116455
7/6/2015 16:00:00	99.2858581543
7/7/2015 16:00:00	99.5347366333
7/8/2015 16:00:00	97.8016662598
7/9/2015 16:00:00	97.74634552
7/10/2015 16:00:00	99.2397537231
7/13/2015 16:00:00	100.982093811
7/14/2015 16:00:00	101.645874023
7/15/2015 16:00:00	101.756477356
7/16/2015 16:00:00	103.194595337
7/17/2015 16:00:00	104.715675354
7/20/2015 16:00:00	105.075241089
7/21/2015 16:00:00	105.010696411
7/22/2015 16:00:00	103.821495056
7/23/2015 16:00:00	103.434265137
7/24/2015 16:00:00	102.420227051
7/27/2015 16:00:00	101.572090149
7/28/2015 16:00:00	102.447860718
7/29/2015 16:00:00	102.835075378
7/30/2015 16:00:00	103.323654175
7/31/2015 16:00:00	103.203834534
8/3/2015 16:00:00	102.881156921
8/4/2015 16:00:00	102.687583923
8/5/2015 16:00:00	103.480361938
8/6/2015 16:00:00	101.821006775
8/7/2015 16:00:00	101.691940308
8/10/2015 16:00:00	102.853492737
8/11/2015 16:00:00	101.535209656
8/12/2015 16:00:00	101.885543823
8/13/2015 16:00:00	101.719619751
8/14/2015 16:00:00	101.876319885
8/17/2015 16:00:00	102.724441528
8/18/2015 16:00:00	102.198974609
8/19/2015 16:00:00	101.526000977
8/20/2015 16:00:00	98.7142715454
8/21/2015 16:00:00	94.3999328613
8/24/2015 16:00:00	90.7677459717
8/25/2015 16:00:00	90.426651001
8/26/2015 16:00:00	94.9806976318
8/27/2015 16:00:00	97.386756897
8/28/2015 16:00:00	97.3683395386
8/31/2015 16:00:00	96.160697937
9/1/2015 16:00:00	93.1553955078
9/2/2015 16:00:00	95.7827301025
9/3/2015 16:00:00	95.3125686646
9/4/2015 16:00:00	94.1786727905
9/8/2015 16:00:00	96.833656311
9/9/2015 16:00:00	95.7458496094
9/10/2015 16:00:00	96.7875518799
9/11/2015 16:00:00	97.322265625
9/14/2015 16:00:00	97.0272598267
9/15/2015 16:00:00	98.1703796387
9/16/2015 16:00:00	98.7235031128
9/17/2015 16:00:00	98.760383606
9/18/2015 16:00:00	97.3557434082
9/21/2015 16:00:00	97.6606674194
9/22/2015 16:00:00	96.200592041
9/23/2015 16:00:00	96.2744903564
9/24/2015 16:00:00	95.9233474731
9/25/2015 16:00:00	95.1101303101
9/28/2015 16:00:00	92.4024429321
9/29/2015 16:00:00	91.9219436646
9/30/2015 16:00:00	94.0381469727
10/1/2015 16:00:00	94.4632492065
10/2/2015 16:00:00	96.1174087524
10/5/2015 16:00:00	97.4943771362
10/6/2015 16:00:00	97.0322875977
10/7/2015 16:00:00	97.6144790649
10/8/2015 16:00:00	98.0026168823
10/9/2015 16:00:00	98.4461898804
10/12/2015 16:00:00	98.6864700317
10/13/2015 16:00:00	98.048828125
10/14/2015 16:00:00	97.8917312622
10/15/2015 16:00:00	99.4996795654
10/16/2015 16:00:00	99.9155197144
10/19/2015 16:00:00	100.488487244
10/20/2015 16:00:00	99.9710235596
10/21/2015 16:00:00	99.3610458374
10/22/2015 16:00:00	101.384872437
10/23/2015 16:00:00	104.221923828
10/26/2015 16:00:00	104.286613464
10/27/2015 16:00:00	104.499145508
10/28/2015 16:00:00	105.36782074
10/29/2015 16:00:00	105.201477051
10/30/2015 16:00:00	104.73021698
11/2/2015 16:00:00	105.913085938
11/3/2015 16:00:00	106.282707214
11/4/2015 16:00:00	106.291931152
11/5/2015 16:00:00	106.005470276
11/6/2015 16:00:00	106.07938385
11/9/2015 16:00:00	104.95198822
11/10/2015 16:00:00	104.683982849
11/11/2015 16:00:00	104.554595947
11/12/2015 16:00:00	103.538078308
11/13/2015 16:00:00	101.505012512
11/16/2015 16:00:00	102.965133667
11/17/2015 16:00:00	103.029777527
11/18/2015 16:00:00	105.007400513
11/19/2015 16:00:00	105.081367493
11/20/2015 16:00:00	105.792915344
11/23/2015 16:00:00	105.487953186
11/24/2015 16:00:00	105.39553833
11/25/2015 16:00:00	105.487953186
11/27/2015 16:00:00	105.635818481
11/30/2015 16:00:00	105.36782074
12/1/2015 16:00:00	106.421348572
12/2/2015 16:00:00	105.765190125
12/3/2015 16:00:00	103.972419739
12/4/2015 16:00:00	106.402862549
12/7/2015 16:00:00	105.922286987
12/8/2015 16:00:00	105.931510925
12/9/2015 16:00:00	104.323570251
12/10/2015 16:00:00	104.79485321
12/11/2015 16:00:00	102.382919312
12/14/2015 16:00:00	103.159179688
12/15/2015 16:00:00	103.787597656
12/16/2015 16:00:00	105.330886841
12/17/2015 16:00:00	103.796798706
12/18/2015 16:00:00	101.805755615
12/21/2015 16:00:00	102.936592102
12/22/2015 16:00:00	103.61328125
12/23/2015 16:00:00	104.382637024
12/24/2015 16:00:00	104.364112854
12/28/2015 16:00:00	104.308494568
12/29/2015 16:00:00	105.949195862
12/30/2015 16:00:00	104.994415283
12/31/2015 16:00:00	103.687461853
1/4/2016 16:00:00	101.49987793
1/5/2016 16:00:00	101.323730469
1/6/2016 16:00:00	100.350471497
1/7/2016 16:00:00	97.2081222534
1/8/2016 16:00:00	96.4109649658
1/11/2016 16:00:00	96.7075881958
1/12/2016 16:00:00	97.8291931152
1/13/2016 16:00:00	94.4551315308
1/14/2016 16:00:00	96.4665756226
1/15/2016 16:00:00	93.4725799561
1/19/2016 16:00:00	93.6764907837
1/20/2016 16:00:00	93.3891220093
1/21/2016 16:00:00	93.4818191528
1/22/2016 16:00:00	96.1885070801
1/25/2016 16:00:00	94.7610244751
1/26/2016 16:00:00	95.6137924194
1/27/2016 16:00:00	93.2315597534
1/28/2016 16:00:00	94.5478286743
1/29/2016 16:00:00	96.5222015381
2/1/2016 16:00:00	96.7817306519
2/2/2016 16:00:00	94.6868667603
2/3/2016 16:00:00	94.2326431274
2/4/2016 16:00:00	94.2233810425
2/5/2016 16:00:00	90.9512863159
2/8/2016 16:00:00	89.5608978271
2/9/2016 16:00:00	89.2827987671
2/10/2016 16:00:00	89.6257858276
2/11/2016 16:00:00	89.4959945679
2/12/2016 16:00:00	90.8586044312
2/16/2016 16:00:00	92.9071350098
2/17/2016 16:00:00	95.0112533569
2/18/2016 16:00:00	93.9267578125
2/19/2016 16:00:00	94.2048492432
2/22/2016 16:00:00	95.7343063354
2/23/2016 16:00:00	94.1585159302
2/24/2016 16:00:00	95.0576171875
2/25/2016 16:00:00	95.9938354492
2/26/2016 16:00:00	95.8733444214
2/29/2016 16:00:00	95.0112533569
3/1/2016 16:00:00	98.0609359741
3/2/2016 16:00:00	98.0980148315
3/3/2016 16:00:00	97.912612915
3/4/2016 16:00:00	97.9496994019
3/7/2016 16:00:00	97.3471603394
3/8/2016 16:00:00	96.540763855
3/9/2016 16:00:00	97.1617965698
3/10/2016 16:00:00	97.0134887695
3/11/2016 16:00:00	98.7097702026
3/14/2016 16:00:00	98.8766174316
3/15/2016 16:00:00	98.8395614624
3/16/2016 16:00:00	99.7201461792
3/17/2016 16:00:00	99.6644973755
3/18/2016 16:00:00	99.8207244873
3/21/2016 16:00:00	100.211166382
3/22/2016 16:00:00	100.517959595
3/23/2016 16:00:00	99.6905670166
3/24/2016 16:00:00	99.718460083
3/28/2016 16:00:00	99.5789871216
3/29/2016 16:00:00	101.17804718
3/30/2016 16:00:00	101.670761108
3/31/2016 16:00:00	101.522033691
4/1/2016 16:00:00	102.600486755
4/4/2016 16:00:00	102.210021973
4/5/2016 16:00:00	101.224517822
4/6/2016 16:00:00	102.888664246
4/7/2016 16:00:00	101.410469055
4/8/2016 16:00:00	101.336090088
4/11/2016 16:00:00	100.96421814
4/12/2016 16:00:00	101.810218811
4/13/2016 16:00:00	103.111793518
4/14/2016 16:00:00	103.121116638
4/15/2016 16:00:00	102.860809326
4/18/2016 16:00:00	103.409332275
4/19/2016 16:00:00	102.777130127
4/20/2016 16:00:00	102.860809326
4/21/2016 16:00:00	102.870079041
4/22/2016 16:00:00	101.31754303
4/25/2016 16:00:00	101.31754303
4/26/2016 16:00:00	100.824790955
4/27/2016 16:00:00	100.015968323
4/28/2016 16:00:00	98.8073577881
4/29/2016 16:00:00	98.2867202759
5/2/2016 16:00:00	99.2164230347
5/3/2016 16:00:00	98.2960205078
5/4/2016 16:00:00	97.6638259888
5/5/2016 16:00:00	97.6359405518
5/6/2016 16:00:00	98.1565704346
5/9/2016 16:00:00	98.4354934692
5/10/2016 16:00:00	99.7835006714
5/11/2016 16:00:00	98.8817214966
5/12/2016 16:00:00	98.4447784424
5/13/2016 16:00:00	98.0821990967
5/16/2016 16:00:00	99.3093643188
5/17/2016 16:00:00	98.0636062622
5/18/2016 16:00:00	98.416885376
5/19/2016 16:00:00	97.9055480957
5/20/2016 16:00:00	98.9839859009
5/23/2016 16:00:00	98.8538131714
5/24/2016 16:00:00	100.834083557
5/25/2016 16:00:00	101.55921936
5/26/2016 16:00:00	101.8567276
5/27/2016 16:00:00	102.386650085
5/31/2016 16:00:00	102.581886292
6/1/2016 16:00:00	102.591186523
6/2/2016 16:00:00	102.804992676
6/3/2016 16:00:00	102.32157135
6/6/2016 16:00:00	102.693466187
6/7/2016 16:00:00	102.433158875
6/8/2016 16:00:00	102.609794617
6/9/2016 16:00:00	102.442436218
6/10/2016 16:00:00	101.280342102
6/13/2016 16:00:00	100.434295654
6/14/2016 16:00:00	100.434295654
6/15/2016 16:00:00	100.146095276
6/16/2016 16:00:00	100.443618774
6/17/2016 16:00:00	99.2662811279
6/20/2016 16:00:00	99.8908081055
6/21/2016 16:00:00	100.207763672
6/22/2016 16:00:00	99.965385437
6/23/2016 16:00:00	101.391624451
6/24/2016 16:00:00	97.2155075073
6/27/2016 16:00:00	95.2859344482
6/28/2016 16:00:00	97.3739929199
6/29/2016 16:00:00	99.0985031128
6/30/2016 16:00:00	100.245048523
7/1/2016 16:00:00	100.748420715
7/5/2016 16:00:00	100.133163452
7/6/2016 16:00:00	100.953475952
7/7/2016 16:00:00	101.251792908
7/8/2016 16:00:00	102.817802429
7/11/2016 16:00:00	103.405075073
7/12/2016 16:00:00	103.927078247
7/13/2016 16:00:00	103.67540741
7/14/2016 16:00:00	104.383888245
7/15/2016 16:00:00	104.216094971
7/18/2016 16:00:00	104.905860901
7/19/2016 16:00:00	104.523674011
7/20/2016 16:00:00	105.744842529
7/21/2016 16:00:00	105.502479553
7/22/2016 16:00:00	105.940582275
7/25/2016 16:00:00	105.949920654
7/26/2016 16:00:00	106.071090698
7/27/2016 16:00:00	106.807518005
7/28/2016 16:00:00	107.180381775
7/29/2016 16:00:00	107.413406372
8/1/2016 16:00:00	107.982017517
8/2/2016 16:00:00	107.161697388
8/3/2016 16:00:00	107.515937805
8/4/2016 16:00:00	107.823570251
8/5/2016 16:00:00	108.85824585
8/8/2016 16:00:00	108.737083435
8/9/2016 16:00:00	108.988769531
8/10/2016 16:00:00	108.709136963
8/11/2016 16:00:00	109.175186157
8/12/2016 16:00:00	109.249763489
8/15/2016 16:00:00	109.71585083
8/16/2016 16:00:00	109.109954834
8/17/2016 16:00:00	109.305702209
8/18/2016 16:00:00	109.33366394
8/19/2016 16:00:00	109.305702209
8/22/2016 16:00:00	109.389595032
8/23/2016 16:00:00	109.585334778
8/24/2016 16:00:00	108.876922607
8/25/2016 16:00:00	108.699783325
8/26/2016 16:00:00	108.85824585
8/29/2016 16:00:00	109.007385254
8/30/2016 16:00:00	108.653160095
8/31/2016 16:00:00	108.541305542
9/1/2016 16:00:00	108.820976257
9/2/2016 16:00:00	109.175186157
9/6/2016 16:00:00	109.855674744
9/7/2016 16:00:00	109.920944214
9/8/2016 16:00:00	109.277740479
9/9/2016 16:00:00	106.527801514
9/12/2016 16:00:00	108.438789368
9/13/2016 16:00:00	107.469322205
9/14/2016 16:00:00	107.982017517
9/15/2016 16:00:00	109.659896851
9/16/2016 16:00:00	109.607589722
9/19/2016 16:00:00	109.130981445
9/20/2016 16:00:00	109.336608887
9/21/2016 16:00:00	110.411262512
9/22/2016 16:00:00	111.28969574
9/23/2016 16:00:00	110.579467773
9/26/2016 16:00:00	109.654312134
9/27/2016 16:00:00	110.738342285
9/28/2016 16:00:00	110.925224304
9/29/2016 16:00:00	110.121551514
9/30/2016 16:00:00	110.94392395
10/3/2016 16:00:00	110.78502655
10/4/2016 16:00:00	110.616844177
10/5/2016 16:00:00	111.009361267
10/6/2016 16:00:00	110.953277588
10/7/2016 16:00:00	110.71031189
10/10/2016 16:00:00	111.411170959
10/11/2016 16:00:00	109.822525024
10/12/2016 16:00:00	109.729072571
10/13/2016 16:00:00	109.336608887
10/14/2016 16:00:00	109.467414856
10/17/2016 16:00:00	109.168395996
10/18/2016 16:00:00	110.140235901
10/19/2016 16:00:00	110.13092804
10/20/2016 16:00:00	110.000061035
10/21/2016 16:00:00	110.411262512
10/24/2016 16:00:00	111.738258362
10/25/2016 16:00:00	111.383148193
10/26/2016 16:00:00	110.626213074
10/27/2016 16:00:00	110.121551514
10/28/2016 16:00:00	109.430015564
10/31/2016 16:00:00	109.327255249
11/1/2016 16:00:00	108.504867554
11/2/2016 16:00:00	107.635780334
11/3/2016 16:00:00	106.579818726
11/4/2016 16:00:00	106.206008911
11/7/2016 16:00:00	108.729171753
11/8/2016 16:00:00	109.439414978
11/9/2016 16:00:00	109.944000244
11/10/2016 16:00:00	108.168449402
11/11/2016 16:00:00	108.215202332
11/14/2016 16:00:00	107.121818542
11/15/2016 16:00:00	108.607681274
11/16/2016 16:00:00	109.252487183
11/17/2016 16:00:00	110.046813965
11/18/2016 16:00:00	109.635627747
11/21/2016 16:00:00	110.775726318
11/22/2016 16:00:00	111.1121521
11/23/2016 16:00:00	110.663566589
11/25/2016 16:00:00	111.018692017
11/28/2016 16:00:00	110.766372681
11/29/2016 16:00:00	111.149536133
11/30/2016 16:00:00	109.803833008
12/1/2016 16:00:00	107.906806946
12/2/2016 16:00:00	108.121734619
12/5/2016 16:00:00	108.962776184
12/6/2016 16:00:00	109.224433899
12/7/2016 16:00:00	110.607513428
12/8/2016 16:00:00	110.803779602
12/9/2016 16:00:00	111.672843933
12/12/2016 16:00:00	111.168212891
12/13/2016 16:00:00	112.569976807
12/14/2016 16:00:00	112.336303711
12/15/2016 16:00:00	112.513885498
12/16/2016 16:00:00	112.096817017
12/19/2016 16:00:00	112.556060791
12/20/2016 16:00:00	112.987213135
12/21/2016 16:00:00	112.902862549
12/22/2016 16:00:00	112.58417511
12/23/2016 16:00:00	112.659164429
12/27/2016 16:00:00	113.240264893
12/28/2016 16:00:00	112.359230042
12/29/2016 16:00:00	112.199935913
12/30/2016 16:00:00	111.047080994
1/3/2017 16:00:00	112.040550232
1/4/2017 16:00:00	112.649803162
1/5/2017 16:00:00	113.287147522
1/6/2017 16:00:00	114.280609131
1/9/2017 16:00:00	114.655540466
1/10/2017 16:00:00	114.908607483
1/11/2017 16:00:00	115.217887878
1/12/2017 16:00:00	115.039833069
1/13/2017 16:00:00	115.433456421
1/17/2017 16:00:00	115.086677551
1/18/2017 16:00:00	115.320991516
1/19/2017 16:00:00	115.264762878
1/20/2017 16:00:00	115.517814636
1/23/2017 16:00:00	115.611587524
1/24/2017 16:00:00	116.389480591
1/25/2017 16:00:00	117.561058044
1/26/2017 16:00:00	117.682899475
1/27/2017 16:00:00	117.907844543
1/30/2017 16:00:00	116.989349365
1/31/2017 16:00:00	116.755020142
2/1/2017 16:00:00	117.561058044
2/2/2017 16:00:00	117.457977295
2/3/2017 16:00:00	117.795372009
2/6/2017 16:00:00	117.935966492
2/7/2017 16:00:00	118.367103577
2/8/2017 16:00:00	118.563934326
2/9/2017 16:00:00	118.99508667
2/10/2017 16:00:00	119.38874054
2/13/2017 16:00:00	120.063552856
2/14/2017 16:00:00	120.466575623
2/15/2017 16:00:00	121.178886414
2/16/2017 16:00:00	121.141403198
2/17/2017 16:00:00	121.666305542
2/21/2017 16:00:00	122.266136169
2/22/2017 16:00:00	122.312995911
2/23/2017 16:00:00	121.853713989
2/24/2017 16:00:00	122.088020325
2/27/2017 16:00:00	122.237983704
2/28/2017 16:00:00	121.863128662
3/1/2017 16:00:00	123.194015503
3/2/2017 16:00:00	122.575439453
3/3/2017 16:00:00	122.800361633
3/6/2017 16:00:00	122.528533936
3/7/2017 16:00:00	122.322372437
3/8/2017 16:00:00	122.53793335
3/9/2017 16:00:00	122.631660461
3/10/2017 16:00:00	123.147132874
3/13/2017 16:00:00	123.35333252
3/14/2017 16:00:00	123.053436279
3/15/2017 16:00:00	123.812644958
3/16/2017 16:00:00	123.728210449
3/17/2017 16:00:00	123.685050964
3/20/2017 16:00:00	123.797729492
3/21/2017 16:00:00	121.9193573
3/22/2017 16:00:00	122.745834351
3/23/2017 16:00:00	122.435913086
3/24/2017 16:00:00	122.689476013
3/27/2017 16:00:00	122.886688232
3/28/2017 16:00:00	123.638137817
3/29/2017 16:00:00	124.210998535
3/30/2017 16:00:00	124.417686462
3/31/2017 16:00:00	124.333084106
4/3/2017 16:00:00	124.257965088
4/4/2017 16:00:00	124.455215454
4/5/2017 16:00:00	123.948020935
4/6/2017 16:00:00	124.013778687
4/7/2017 16:00:00	123.948020935
4/10/2017 16:00:00	123.995010376
4/11/2017 16:00:00	123.459648132
4/12/2017 16:00:00	122.961845398
4/13/2017 16:00:00	122.473472595
4/17/2017 16:00:00	123.487831116
4/18/2017 16:00:00	123.299949646
4/19/2017 16:00:00	123.497184753
4/20/2017 16:00:00	124.530311584
4/21/2017 16:00:00	124.502166748
4/24/2017 16:00:00	126.004852295
4/25/2017 16:00:00	126.915931702
4/26/2017 16:00:00	126.737510681
4/27/2017 16:00:00	127.498275757
4/28/2017 16:00:00	127.723709106
5/1/2017 16:00:00	128.860153198
5/2/2017 16:00:00	129.076156616
5/3/2017 16:00:00	128.662918091
5/4/2017 16:00:00	128.70980835
5/5/2017 16:00:00	129.179428101
5/8/2017 16:00:00	129.461212158
5/9/2017 16:00:00	129.91204834
5/10/2017 16:00:00	129.987228394
5/11/2017 16:00:00	129.883865356
5/12/2017 16:00:00	130.175033569
5/15/2017 16:00:00	130.588241577
5/16/2017 16:00:00	131.132965088
5/17/2017 16:00:00	127.798789978
5/18/2017 16:00:00	128.916473389
5/19/2017 16:00:00	129.461212158
5/22/2017 16:00:00	130.550720215
5/23/2017 16:00:00	130.682189941
5/24/2017 16:00:00	131.283294678
5/25/2017 16:00:00	132.400924683
5/26/2017 16:00:00	132.635757446
5/30/2017 16:00:00	132.74848938
5/31/2017 16:00:00	132.701507568
6/1/2017 16:00:00	133.218078613
6/2/2017 16:00:00	134.739639282
6/5/2017 16:00:00	134.711425781
6/6/2017 16:00:00	134.176101685
6/7/2017 16:00:00	134.702087402
6/8/2017 16:00:00	134.842880249
6/9/2017 16:00:00	131.471191406
6/12/2017 16:00:00	130.766723633
6/13/2017 16:00:00	131.828018188
6/14/2017 16:00:00	131.255111694
6/15/2017 16:00:00	130.67276001
6/16/2017 16:00:00	130.105819702
6/19/2017 16:00:00	132.281326294
6/20/2017 16:00:00	131.245376587
6/21/2017 16:00:00	132.545043945
6/22/2017 16:00:00	132.507369995
6/23/2017 16:00:00	133.015945435
6/26/2017 16:00:00	132.394363403
6/27/2017 16:00:00	129.992828369
6/28/2017 16:00:00	131.866989136
6/29/2017 16:00:00	129.578475952
6/30/2017 16:00:00	129.625549316
7/3/2017 16:00:00	128.260025024
7/5/2017 16:00:00	129.522003174
7/6/2017 16:00:00	128.354141235
7/7/2017 16:00:00	129.738586426
7/10/2017 16:00:00	130.586181641
7/11/2017 16:00:00	130.95350647
7/12/2017 16:00:00	132.507369995
7/13/2017 16:00:00	132.799362183
7/14/2017 16:00:00	133.844680786
7/17/2017 16:00:00	133.910629272
7/18/2017 16:00:00	134.805328369
7/19/2017 16:00:00	135.596343994
7/20/2017 16:00:00	135.775299072
7/21/2017 16:00:00	135.718841553
7/24/2017 16:00:00	136.340408325
7/25/2017 16:00:00	135.991912842
7/26/2017 16:00:00	136.434570312
7/27/2017 16:00:00	135.577606201
7/28/2017 16:00:00	135.464538574
7/31/2017 16:00:00	134.890090942
8/1/2017 16:00:00	135.200881958
8/2/2017 16:00:00	135.568099976
8/3/2017 16:00:00	135.040802002
8/4/2017 16:00:00	135.285614014
8/7/2017 16:00:00	136.142608643
8/8/2017 16:00:00	135.907196045
8/9/2017 16:00:00	135.728210449
8/10/2017 16:00:00	132.818130493
8/11/2017 16:00:00	133.825836182
8/14/2017 16:00:00	135.549346924
8/15/2017 16:00:00	135.643463135
8/16/2017 16:00:00	135.878890991
8/17/2017 16:00:00	133.100708008
8/18/2017 16:00:00	133.006500244
8/21/2017 16:00:00	132.837005615
8/22/2017 16:00:00	134.861801147
8/23/2017 16:00:00	134.381530762
8/24/2017 16:00:00	133.985961914
8/25/2017 16:00:00	133.703430176
8/28/2017 16:00:00	134.11781311
8/29/2017 16:00:00	134.645217896
8/30/2017 16:00:00	136.227416992
8/31/2017 16:00:00	137.687133789
9/1/2017 16:00:00	137.498825073
9/5/2017 16:00:00	136.265106201
9/6/2017 16:00:00	136.679443359
9/7/2017 16:00:00	136.999664307
9/8/2017 16:00:00	135.812988281
9/11/2017 16:00:00	137.376327515
9/12/2017 16:00:00	137.705978394
9/13/2017 16:00:00	137.894302368
9/14/2017 16:00:00	137.084411621
9/15/2017 16:00:00	137.55531311
9/18/2017 16:00:00	137.374984741
9/19/2017 16:00:00	137.610977173
9/20/2017 16:00:00	137.186233521
9/21/2017 16:00:00	136.346237183
9/22/2017 16:00:00	136.214096069
9/25/2017 16:00:00	134.779464722
9/26/2017 16:00:00	135.128738403
9/27/2017 16:00:00	136.346237183
9/28/2017 16:00:00	136.299041748
9/29/2017 16:00:00	137.280593872
10/2/2017 16:00:00	137.403320312
10/3/2017 16:00:00	137.69593811
10/4/2017 16:00:00	137.828048706
10/5/2017 16:00:00	139.177749634
10/6/2017 16:00:00	139.366485596
10/9/2017 16:00:00	139.206039429
10/10/2017 16:00:00	139.309921265
10/11/2017 16:00:00	139.725143433
10/12/2017 16:00:00	139.470321655
10/13/2017 16:00:00	140.008270264
10/16/2017 16:00:00	140.4896698
10/17/2017 16:00:00	140.668930054
10/18/2017 16:00:00	140.499160767
10/19/2017 16:00:00	139.980056763
10/20/2017 16:00:00	140.357574463
10/23/2017 16:00:00	139.441955566
10/24/2017 16:00:00	139.677963257
10/25/2017 16:00:00	139.149414062
10/26/2017 16:00:00	138.705795288
10/27/2017 16:00:00	142.745391846
10/30/2017 16:00:00	143.066329956
10/31/2017 16:00:00	143.604293823
11/1/2017 16:00:00	143.557128906
11/2/2017 16:00:00	143.283416748
11/3/2017 16:00:00	144.661392212
11/6/2017 16:00:00	145.152191162
11/7/2017 16:00:00	145.237136841
11/8/2017 16:00:00	145.822341919
11/9/2017 16:00:00	145.057815552
11/10/2017 16:00:00	145.048355103
11/13/2017 16:00:00	145.22769165
11/14/2017 16:00:00	144.699157715
11/15/2017 16:00:00	144.019607544
11/16/2017 16:00:00	145.860061646
11/17/2017 16:00:00	145.303161621
11/20/2017 16:00:00	145.189926147
11/21/2017 16:00:00	146.76612854
11/22/2017 16:00:00	146.945510864
11/24/2017 16:00:00	147.483474731
11/27/2017 16:00:00	147.417419434
11/28/2017 16:00:00	147.794906616
11/29/2017 16:00:00	145.218261719
11/30/2017 16:00:00	146.435821533
12/1/2017 16:00:00	145.812911987
12/4/2017 16:00:00	144.132858276
12/5/2017 16:00:00	144.227233887
12/6/2017 16:00:00	144.878463745
12/7/2017 16:00:00	145.369247437
12/8/2017 16:00:00	146.011032104
12/11/2017 16:00:00	147.143661499
12/12/2017 16:00:00	146.945510864
12/13/2017 16:00:00	147.22869873
12/14/2017 16:00:00	147.124832153
12/15/2017 16:00:00	148.795440674
12/18/2017 16:00:00	150.042938232
12/19/2017 16:00:00	149.15385437
12/20/2017 16:00:00	148.99307251
12/21/2017 16:00:00	149.012054443
12/22/2017 16:00:00	148.841751099
12/26/2017 16:00:00	148.037811279
12/27/2017 16:00:00	148.05670166
12/28/2017 16:00:00	148.236419678
12/29/2017 16:00:00	147.319000244
1/2/2018 16:00:00	149.901046753
1/3/2018 16:00:00	151.35760498
1/4/2018 16:00:00	151.622390747
1/5/2018 16:00:00	153.145141602
1/8/2018 16:00:00	153.741027832
1/9/2018 16:00:00	153.750442505
1/10/2018 16:00:00	153.391067505
1/11/2018 16:00:00	154.440917969
1/12/2018 16:00:00	155.575866699
1/16/2018 16:00:00	155.131362915
1/17/2018 16:00:00	156.805419922
1/18/2018 16:00:00	156.833831787
1/19/2018 16:00:00	157.325653076
1/22/2018 16:00:00	159.009170532
1/23/2018 16:00:00	160.32383728
1/24/2018 16:00:00	159.283493042
1/25/2018 16:00:00	159.226715088
1/26/2018 16:00:00	161.666885376
1/29/2018 16:00:00	160.881835938
1/30/2018 16:00:00	159.557815552
1/31/2018 16:00:00	160.219787598
2/1/2018 16:00:00	158.85786438
2/2/2018 16:00:00	155.689346313
2/5/2018 16:00:00	149.551025391
2/6/2018 16:00:00	153.513961792
2/7/2018 16:00:00	151.527862549
2/8/2018 16:00:00	145.134170532
2/9/2018 16:00:00	147.640594482
2/12/2018 16:00:00	150.260437012
2/13/2018 16:00:00	151.036010742
2/14/2018 16:00:00	153.863983154
2/15/2018 16:00:00	156.720306396
2/16/2018 16:00:00	156.02041626
2/20/2018 16:00:00	156.332550049
2/21/2018 16:00:00	155.887954712
2/22/2018 16:00:00	155.869110107
2/23/2018 16:00:00	159.056472778
2/26/2018 16:00:00	161.16557312
2/27/2018 16:00:00	159.169921875
2/28/2018 16:00:00	158.148483276
3/1/2018 16:00:00	155.566390991
3/2/2018 16:00:00	156.994613647
3/5/2018 16:00:00	158.73487854
3/6/2018 16:00:00	159.406433105
3/7/2018 16:00:00	159.775238037
3/8/2018 16:00:00	160.654846191
3/9/2018 16:00:00	163.776031494
3/12/2018 16:00:00	164.646148682
3/13/2018 16:00:00	162.404632568
3/14/2018 16:00:00	162.376281738
3/15/2018 16:00:00	162.234375
3/16/2018 16:00:00	161.75201416
3/19/2018 16:00:00	158.300811768
3/20/2018 16:00:00	158.821899414
3/21/2018 16:00:00	158.130310059
3/22/2018 16:00:00	154.227310181
3/23/2018 16:00:00	150.163162231
3/26/2018 16:00:00	155.743057251
3/27/2018 16:00:00	150.703155518
3/28/2018 16:00:00	148.969528198
3/29/2018 16:00:00	151.697860718
4/2/2018 16:00:00	147.321136475
4/3/2018 16:00:00	148.979019165
4/4/2018 16:00:00	151.328430176
4/5/2018 16:00:00	152.190460205
4/6/2018 16:00:00	148.382171631
4/9/2018 16:00:00	149.424240112
4/10/2018 16:00:00	152.720947266
4/11/2018 16:00:00	151.839950562
4/12/2018 16:00:00	153.668319702
4/13/2018 16:00:00	152.872558594
4/16/2018 16:00:00	154.037826538
4/17/2018 16:00:00	157.353530884
4/18/2018 16:00:00	157.675628662
4/19/2018 16:00:00	156.22618103
4/20/2018 16:00:00	153.753616333
4/23/2018 16:00:00	153.365188599
4/24/2018 16:00:00	150.11579895
4/25/2018 16:00:00	150.295822144
4/26/2018 16:00:00	153.459945679
4/27/2018 16:00:00	153.554656982
4/30/2018 16:00:00	152.465209961
5/1/2018 16:00:00	154.208328247
5/2/2018 16:00:00	153.298873901
5/3/2018 16:00:00	153.279922485
5/4/2018 16:00:00	156.188247681
5/7/2018 16:00:00	157.486083984
5/8/2018 16:00:00	157.32510376
5/9/2018 16:00:00	159.039764404
5/10/2018 16:00:00	160.688156128
5/11/2018 16:00:00	160.536621094
5/14/2018 16:00:00	160.811340332
5/15/2018 16:00:00	159.030288696
5/16/2018 16:00:00	160.081848145
5/17/2018 16:00:00	159.466110229
5/18/2018 16:00:00	158.641891479
5/21/2018 16:00:00	159.532409668
5/22/2018 16:00:00	159.323928833
5/23/2018 16:00:00	160.669219971
5/24/2018 16:00:00	160.621826172
5/25/2018 16:00:00	160.782897949
5/29/2018 16:00:00	160.072402954
5/30/2018 16:00:00	161.218643188
5/31/2018 16:00:00	161.114501953
6/1/2018 16:00:00	163.643890381
6/4/2018 16:00:00	165.121704102
6/5/2018 16:00:00	165.633270264
6/6/2018 16:00:00	166.59954834
6/7/2018 16:00:00	165.244827271
6/8/2018 16:00:00	165.254302979
6/11/2018 16:00:00	165.699615479
6/12/2018 16:00:00	166.571121216
6/13/2018 16:00:00	166.561645508
6/14/2018 16:00:00	168.247924805
6/15/2018 16:00:00	167.660598755
6/18/2018 16:00:00	167.563735962
6/19/2018 16:00:00	167.089050293
6/20/2018 16:00:00	168.275772095
6/21/2018 16:00:00	166.813720703
6/22/2018 16:00:00	166.443466187
6/25/2018 16:00:00	162.693450928
6/26/2018 16:00:00	163.358032227
6/27/2018 16:00:00	161.136489868
6/28/2018 16:00:00	162.52255249
6/29/2018 16:00:00	162.95930481
7/2/2018 16:00:00	164.051116943
7/3/2018 16:00:00	162.152328491
7/5/2018 16:00:00	164.165008545
7/6/2018 16:00:00	166.718780518
7/9/2018 16:00:00	168.218811035
7/10/2018 16:00:00	168.34223938
7/11/2018 16:00:00	167.487762451
7/12/2018 16:00:00	170.373855591
7/13/2018 16:00:00	170.516265869
7/16/2018 16:00:00	170.108032227
7/17/2018 16:00:00	171.142837524
7/18/2018 16:00:00	170.820053101
7/19/2018 16:00:00	169.965621948
7/20/2018 16:00:00	169.927688599
7/23/2018 16:00:00	170.468765259
7/24/2018 16:00:00	171.171340942
7/25/2018 16:00:00	173.563766479
7/26/2018 16:00:00	170.934005737
7/27/2018 16:00:00	168.627075195
7/30/2018 16:00:00	166.244110107
7/31/2018 16:00:00	167.516281128
8/1/2018 16:00:00	168.152328491
8/2/2018 16:00:00	170.44039917
8/3/2018 16:00:00	170.96244812
8/6/2018 16:00:00	171.968841553
8/7/2018 16:00:00	172.595352173
8/8/2018 16:00:00	172.804229736
8/9/2018 16:00:00	172.699798584
8/10/2018 16:00:00	171.380233765
8/13/2018 16:00:00	171.190338135
8/14/2018 16:00:00	172.263183594
8/15/2018 16:00:00	170.155502319
8/16/2018 16:00:00	170.715621948
8/17/2018 16:00:00	170.753662109
8/20/2018 16:00:00	170.601715088
8/21/2018 16:00:00	171.228317261
8/22/2018 16:00:00	171.892837524
8/23/2018 16:00:00	171.646026611
8/24/2018 16:00:00	173.240966797
8/27/2018 16:00:00	175.006759644
8/28/2018 16:00:00	175.263137817
8/29/2018 16:00:00	177.285293579
8/30/2018 16:00:00	176.972015381
8/31/2018 16:00:00	177.199813843
9/4/2018 16:00:00	176.440338135
9/5/2018 16:00:00	174.161849976
9/6/2018 16:00:00	172.604888916
9/7/2018 16:00:00	171.940353394
9/10/2018 16:00:00	172.519454956
9/11/2018 16:00:00	173.84854126
9/12/2018 16:00:00	173.3359375
9/13/2018 16:00:00	175.187133789
9/14/2018 16:00:00	174.674545288
9/17/2018 16:00:00	172.158691406
9/18/2018 16:00:00	173.582763672
9/19/2018 16:00:00	173.449813843
9/20/2018 16:00:00	175.367584229
9/21/2018 16:00:00	174.408660889
9/24/2018 16:00:00	174.893737793
9/25/2018 16:00:00	175.131546021
9/26/2018 16:00:00	175.255172729
9/27/2018 16:00:00	176.738861084
9/28/2018 16:00:00	176.700836182
10/1/2018 16:00:00	177.062179565
10/2/2018 16:00:00	176.662734985
10/3/2018 16:00:00	176.85295105
10/4/2018 16:00:00	173.457611084
10/5/2018 16:00:00	171.336669922
10/8/2018 16:00:00	170.290512085
10/9/2018 16:00:00	170.842163086
10/10/2018 16:00:00	163.32862854
10/11/2018 16:00:00	161.302825928
10/12/2018 16:00:00	165.791976929
10/15/2018 16:00:00	163.785186768
10/16/2018 16:00:00	168.550079346
10/17/2018 16:00:00	168.616622925
10/18/2018 16:00:00	164.707687378
10/19/2018 16:00:00	164.555541992
10/22/2018 16:00:00	165.401977539
10/23/2018 16:00:00	164.793258667
10/24/2018 16:00:00	157.251220703
10/25/2018 16:00:00	162.691421509
10/26/2018 16:00:00	158.50668335
10/29/2018 16:00:00	155.244476318
10/30/2018 16:00:00	157.802886963
10/31/2018 16:00:00	161.512084961
11/1/2018 16:00:00	163.642501831
11/2/2018 16:00:00	161.093582153
11/5/2018 16:00:00	160.694152832
11/6/2018 16:00:00	161.911575317
11/7/2018 16:00:00	166.990280151
11/8/2018 16:00:00	165.925109863
11/9/2018 16:00:00	163.128921509
11/12/2018 16:00:00	158.192779541
11/13/2018 16:00:00	158.325973511
11/14/2018 16:00:00	157.118087769
11/15/2018 16:00:00	159.86668396
11/16/2018 16:00:00	159.305541992
11/19/2018 16:00:00	154.131668091
11/20/2018 16:00:00	151.373626709
11/21/2018 16:00:00	152.524398804
11/23/2018 16:00:00	151.421142578
11/26/2018 16:00:00	154.921127319
11/27/2018 16:00:00	155.444244385
11/28/2018 16:00:00	160.446929932
11/29/2018 16:00:00	159.923797607
11/30/2018 16:00:00	161.084091187
12/3/2018 16:00:00	163.899291992
12/4/2018 16:00:00	157.612670898
12/6/2018 16:00:00	158.725402832
12/7/2018 16:00:00	153.485015869
12/10/2018 16:00:00	155.092300415
12/11/2018 16:00:00	155.605865479
12/12/2018 16:00:00	156.975479126
12/13/2018 16:00:00	157.022994995
12/14/2018 16:00:00	153.199645996
12/17/2018 16:00:00	149.728225708
12/18/2018 16:00:00	150.66973877
12/19/2018 16:00:00	146.970108032
12/20/2018 16:00:00	144.839660645
12/21/2018 16:00:00	140.350662231
12/24/2018 16:00:00	136.87020874
12/26/2018 16:00:00	145.416244507
12/27/2018 16:00:00	145.978942871
12/28/2018 16:00:00	145.902618408
12/31/2018 16:00:00	147.133071899
1/2/2019 16:00:00	147.724411011
1/3/2019 16:00:00	142.898239136
1/4/2019 16:00:00	149.012054443
1/7/2019 16:00:00	150.786087036
1/8/2019 16:00:00	152.150039673
1/9/2019 16:00:00	153.389984131
1/10/2019 16:00:00	153.828765869
1/11/2019 16:00:00	153.26600647
1/14/2019 16:00:00	151.911605835
1/15/2019 16:00:00	154.877914429
1/16/2019 16:00:00	154.849258423
1/17/2019 16:00:00	156.070129395
1/18/2019 16:00:00	157.615280151
1/22/2019 16:00:00	154.458236694
1/23/2019 16:00:00	154.658508301
1/24/2019 16:00:00	155.660049438
1/25/2019 16:00:00	157.519897461
1/28/2019 16:00:00	155.574127197
1/29/2019 16:00:00	154.105285645
1/30/2019 16:00:00	158.02545166
1/31/2019 16:00:00	160.390914917
2/1/2019 16:00:00	159.713668823
2/4/2019 16:00:00	161.697540283
2/5/2019 16:00:00	163.128265381
2/6/2019 16:00:00	162.641799927
2/7/2019 16:00:00	160.457641602
2/8/2019 16:00:00	160.772369385
2/11/2019 16:00:00	160.619796753
2/12/2019 16:00:00	162.994720459
2/13/2019 16:00:00	163.109176636
2/14/2019 16:00:00	163.309509277
2/15/2019 16:00:00	163.99621582
2/19/2019 16:00:00	164.320510864
2/20/2019 16:00:00	164.291900635
2/21/2019 16:00:00	163.69102478
2/22/2019 16:00:00	164.902297974
2/25/2019 16:00:00	165.503265381
2/26/2019 16:00:00	165.67489624
2/27/2019 16:00:00	165.569992065
2/28/2019 16:00:00	165.188461304
3/1/2019 16:00:00	166.33303833
3/4/2019 16:00:00	166.36164856
3/5/2019 16:00:00	166.485626221
3/6/2019 16:00:00	165.541351318
3/7/2019 16:00:00	163.509780884
3/8/2019 16:00:00	163.261764526
3/11/2019 16:00:00	166.657287598
3/12/2019 16:00:00	167.572982788
3/13/2019 16:00:00	168.831985474
3/14/2019 16:00:00	168.545837402
3/15/2019 16:00:00	170.110076904
3/18/2019 16:00:00	170.515228271
3/19/2019 16:00:00	171.088531494
3/20/2019 16:00:00	171.766921997
3/21/2019 16:00:00	174.452026367
3/22/2019 16:00:00	170.620315552
3/25/2019 16:00:00	170.295471191
3/26/2019 16:00:00	171.088531494
3/27/2019 16:00:00	169.989654541
3/28/2019 16:00:00	170.381439209
3/29/2019 16:00:00	171.671401978
4/1/2019 16:00:00	173.945587158
4/2/2019 16:00:00	174.604888916
4/3/2019 16:00:00	175.608230591
4/4/2019 16:00:00	175.541351318
4/5/2019 16:00:00	176.449142456
4/8/2019 16:00:00	176.898178101
4/9/2019 16:00:00	176.277084351
4/10/2019 16:00:00	177.223083496
4/11/2019 16:00:00	176.802597046
4/12/2019 16:00:00	177.567092896
4/15/2019 16:00:00	177.59576416
4/16/2019 16:00:00	178.207260132
4/17/2019 16:00:00	178.828384399
4/18/2019 16:00:00	179.057678223
4/22/2019 16:00:00	179.564117432
4/23/2019 16:00:00	181.847839355
4/24/2019 16:00:00	181.274551392
4/25/2019 16:00:00	182.010314941
4/26/2019 16:00:00	182.172744751
4/29/2019 16:00:00	182.526321411
4/30/2019 16:00:00	181.112075806
5/1/2019 16:00:00	180.529220581
5/2/2019 16:00:00	179.74571228
5/3/2019 16:00:00	182.612335205
5/6/2019 16:00:00	181.494338989
5/7/2019 16:00:00	177.958831787
5/8/2019 16:00:00	177.509750366
5/9/2019 16:00:00	176.554214478
5/10/2019 16:00:00	176.773971558
5/13/2019 16:00:00	170.639434814
5/14/2019 16:00:00	172.512268066
5/15/2019 16:00:00	174.948852539
5/16/2019 16:00:00	176.707077026
5/17/2019 16:00:00	174.901107788
5/20/2019 16:00:00	171.948532104
5/21/2019 16:00:00	173.744949341
5/22/2019 16:00:00	172.970916748
5/23/2019 16:00:00	170.324157715
5/24/2019 16:00:00	170.238143921
5/28/2019 16:00:00	169.597900391
5/29/2019 16:00:00	168.202789307
5/30/2019 16:00:00	168.909912109
5/31/2019 16:00:00	166.21534729
6/3/2019 16:00:00	162.555603027
6/4/2019 16:00:00	167.132659912
6/5/2019 16:00:00	168.374862671
6/6/2019 16:00:00	169.712524414
6/7/2019 16:00:00	172.99005127
6/10/2019 16:00:00	175.006210327
6/11/2019 16:00:00	175.245132446
6/12/2019 16:00:00	174.232223511
6/13/2019 16:00:00	175.264205933
6/14/2019 16:00:00	174.518936157
6/17/2019 16:00:00	175.570007324
6/18/2019 16:00:00	178.12121582
6/19/2019 16:00:00	178.790145874
6/20/2019 16:00:00	180.452789307
6/21/2019 16:00:00	180.18522644
6/24/2019 16:00:00	180.190963745
6/25/2019 16:00:00	177.09777832
6/26/2019 16:00:00	177.921295166
6/27/2019 16:00:00	178.601287842
6/28/2019 16:00:00	178.83114624
7/1/2019 16:00:00	181.244354248
7/2/2019 16:00:00	181.962615967
7/3/2019 16:00:00	183.332077026
7/5/2019 16:00:00	182.958587646
7/8/2019 16:00:00	181.675338745
7/9/2019 16:00:00	182.585098267
7/10/2019 16:00:00	184.404632568
7/11/2019 16:00:00	184.270568848
7/12/2019 16:00:00	185.333557129
7/15/2019 16:00:00	185.92729187
7/16/2019 16:00:00	184.969665527
7/17/2019 16:00:00	184.059906006
7/18/2019 16:00:00	184.270568848
7/19/2019 16:00:00	182.920288086
7/22/2019 16:00:00	184.37588501
7/23/2019 16:00:00	185.582519531
7/24/2019 16:00:00	186.88494873
7/25/2019 16:00:00	185.113327026
7/26/2019 16:00:00	187.01902771
7/29/2019 16:00:00	186.377365112
7/30/2019 16:00:00	185.572998047
7/31/2019 16:00:00	183.006469727
8/1/2019 16:00:00	182.096694946
8/2/2019 16:00:00	179.415298462
8/5/2019 16:00:00	173.075622559
8/6/2019 16:00:00	175.49848938
8/7/2019 16:00:00	176.446594238
8/8/2019 16:00:00	180.286773682
8/9/2019 16:00:00	178.591705322
8/12/2019 16:00:00	176.54234314
8/13/2019 16:00:00	180.411239624
8/14/2019 16:00:00	175.019699097
8/15/2019 16:00:00	174.818634033
8/16/2019 16:00:00	177.624511719
8/19/2019 16:00:00	180.449539185
8/20/2019 16:00:00	179.051422119
8/21/2019 16:00:00	180.641082764
8/22/2019 16:00:00	180.056930542
8/23/2019 16:00:00	174.358901978
8/26/2019 16:00:00	176.992462158
8/27/2019 16:00:00	176.618988037
8/28/2019 16:00:00	177.250991821
8/29/2019 16:00:00	179.961151123
8/30/2019 16:00:00	179.530181885
9/3/2019 16:00:00	177.787277222
9/4/2019 16:00:00	180.353744507
9/5/2019 16:00:00	183.65763855
9/6/2019 16:00:00	183.475692749
9/9/2019 16:00:00	183.092636108
9/10/2019 16:00:00	182.565963745
9/11/2019 16:00:00	184.280136108
9/12/2019 16:00:00	185.04624939
9/13/2019 16:00:00	184.385498047
9/16/2019 16:00:00	183.561889648
9/17/2019 16:00:00	184.442947388
9/18/2019 16:00:00	184.366317749
9/19/2019 16:00:00	184.672790527
9/20/2019 16:00:00	182.719161987
9/23/2019 16:00:00	182.799789429
9/24/2019 16:00:00	180.372024536
9/25/2019 16:00:00	182.396759033
9/26/2019 16:00:00	181.725021362
9/27/2019 16:00:00	179.470077515
9/30/2019 16:00:00	181.178085327
10/1/2019 16:00:00	179.700363159
10/2/2019 16:00:00	176.610427856
10/3/2019 16:00:00	178.548812866
10/4/2019 16:00:00	181.178085327
10/7/2019 16:00:00	180.631149292
10/8/2019 16:00:00	177.925109863
10/9/2019 16:00:00	179.661956787
10/10/2019 16:00:00	181.053314209
10/11/2019 16:00:00	183.385116577
10/14/2019 16:00:00	183.365921021
10/15/2019 16:00:00	185.69770813
10/16/2019 16:00:00	185.237121582
10/17/2019 16:00:00	185.726470947
10/18/2019 16:00:00	183.941665649
10/21/2019 16:00:00	185.572967529
10/22/2019 16:00:00	184.095199585
10/23/2019 16:00:00	184.450286865
10/24/2019 16:00:00	186.244659424
10/25/2019 16:00:00	187.731994629
10/28/2019 16:00:00	189.583999634
10/29/2019 16:00:00	188.115783691
10/30/2019 16:00:00	189.02746582
10/31/2019 16:00:00	189.113830566
11/1/2019 16:00:00	190.831481934
11/4/2019 16:00:00	192.011734009
11/5/2019 16:00:00	192.117263794
11/6/2019 16:00:00	191.685440063
11/7/2019 16:00:00	192.328384399
11/8/2019 16:00:00	193.096054077
11/11/2019 16:00:00	192.836959839
11/12/2019 16:00:00	193.393539429
11/13/2019 16:00:00	193.441497803
11/14/2019 16:00:00	193.287902832
11/15/2019 16:00:00	194.708190918
11/18/2019 16:00:00	194.861694336
11/19/2019 16:00:00	195.149551392
11/20/2019 16:00:00	193.978820801
11/21/2019 16:00:00	193.547027588
11/22/2019 16:00:00	193.671783447
11/25/2019 16:00:00	195.965179443
11/26/2019 16:00:00	196.339401245
11/27/2019 16:00:00	197.711624146
11/29/2019 16:00:00	196.809631348
12/2/2019 16:00:00	194.794494629
12/3/2019 16:00:00	193.268783569
12/4/2019 16:00:00	194.247589111
12/5/2019 16:00:00	194.631408691
12/6/2019 16:00:00	196.713623047
12/9/2019 16:00:00	195.821273804
12/10/2019 16:00:00	195.65814209
12/11/2019 16:00:00	196.694458008
12/12/2019 16:00:00	198.162612915
12/13/2019 16:00:00	198.815139771
12/16/2019 16:00:00	200.811050415
12/17/2019 16:00:00	200.926193237
12/18/2019 16:00:00	201.07975769
12/19/2019 16:00:00	202.336837769
12/20/2019 16:00:00	203.152450562
12/23/2019 16:00:00	203.689041138
12/24/2019 16:00:00	203.794845581
12/26/2019 16:00:00	205.593109131
12/27/2019 16:00:00	205.420028687
12/30/2019 16:00:00	204.07371521
12/31/2019 16:00:00	204.458389282
1/2/2020 16:00:00	207.872238159
1/3/2020 16:00:00	205.968185425
1/6/2020 16:00:00	207.29524231
1/7/2020 16:00:00	207.266403198
1/8/2020 16:00:00	208.824279785
1/9/2020 16:00:00	210.593765259
1/10/2020 16:00:00	210.05519104
1/13/2020 16:00:00	212.478607178
1/14/2020 16:00:00	211.641952515
1/15/2020 16:00:00	211.728500366
1/16/2020 16:00:00	213.757614136
1/17/2020 16:00:00	214.815460205
1/21/2020 16:00:00	214.71925354
1/22/2020 16:00:00	215.286636353
1/23/2020 16:00:00	215.9790802
1/24/2020 16:00:00	214.161483765
1/27/2020 16:00:00	209.737884521
1/28/2020 16:00:00	212.95942688
1/29/2020 16:00:00	213.305587769
1/30/2020 16:00:00	214.065353394
1/31/2020 16:00:00	210.670730591
2/3/2020 16:00:00	213.853790283
2/4/2020 16:00:00	218.74861145
2/5/2020 16:00:00	219.469863892
2/6/2020 16:00:00	221.364379883
2/7/2020 16:00:00	220.41229248
2/10/2020 16:00:00	223.076156616
2/11/2020 16:00:00	223.114517212
2/12/2020 16:00:00	225.287902832
2/13/2020 16:00:00	224.999420166
2/14/2020 16:00:00	225.643707275
2/18/2020 16:00:00	225.730270386
2/19/2020 16:00:00	227.89402771
2/20/2020 16:00:00	225.778366089
2/21/2020 16:00:00	221.44128418
2/24/2020 16:00:00	212.901733398
2/25/2020 16:00:00	207.112548828
2/26/2020 16:00:00	208.179992676
2/27/2020 16:00:00	197.755615234
2/28/2020 16:00:00	197.909469604
3/2/2020 16:00:00	208.122283936
3/3/2020 16:00:00	201.448364258
3/4/2020 16:00:00	209.853286743
3/5/2020 16:00:00	203.477478027
3/6/2020 16:00:00	200.044342041
3/9/2020 16:00:00	186.148361206
3/10/2020 16:00:00	196.284301758
3/11/2020 16:00:00	187.735122681
3/12/2020 16:00:00	170.521453857
3/13/2020 16:00:00	184.965530396
3/16/2020 16:00:00	162.808883667
3/17/2020 16:00:00	175.156600952
3/18/2020 16:00:00	169.829040527
3/19/2020 16:00:00	170.848358154
3/20/2020 16:00:00	164.15524292
3/23/2020 16:00:00	164.273788452
3/24/2020 16:00:00	176.9947052
3/25/2020 16:00:00	175.684082031
3/26/2020 16:00:00	184.935714722
3/27/2020 16:00:00	178.575180054
3/30/2020 16:00:00	185.070602417
3/31/2020 16:00:00	183.490097046
4/1/2020 16:00:00	175.693710327
4/2/2020 16:00:00	179.25944519
4/3/2020 16:00:00	176.715255737
4/6/2020 16:00:00	189.349441528
4/7/2020 16:00:00	189.272323608
4/8/2020 16:00:00	193.291030884
4/9/2020 16:00:00	193.570510864
4/13/2020 16:00:00	195.661743164
4/14/2020 16:00:00	204.171310425
4/15/2020 16:00:00	201.829483032
4/16/2020 16:00:00	205.510864258
4/17/2020 16:00:00	207.476776123
4/20/2020 16:00:00	205.019393921
4/21/2020 16:00:00	197.454269409
4/22/2020 16:00:00	203.313613892
4/23/2020 16:00:00	202.879943848
4/24/2020 16:00:00	206.079437256
4/27/2020 16:00:00	207.737030029
4/28/2020 16:00:00	203.82434082
4/29/2020 16:00:00	211.052215576
4/30/2020 16:00:00	210.965484619
5/1/2020 16:00:00	205.019393921
5/4/2020 16:00:00	207.409332275
5/5/2020 16:00:00	209.760772705
5/6/2020 16:00:00	211.052215576
5/7/2020 16:00:00	213.769882202
5/8/2020 16:00:00	216.699508667
5/11/2020 16:00:00	218.636566162
5/12/2020 16:00:00	214.05897522
5/13/2020 16:00:00	211.379821777
5/14/2020 16:00:00	213.779495239
5/15/2020 16:00:00	215.167205811
5/18/2020 16:00:00	219.176223755
5/19/2020 16:00:00	218.626937866
5/20/2020 16:00:00	222.992523193
5/21/2020 16:00:00	220.563964844
5/22/2020 16:00:00	221.325378418
5/26/2020 16:00:00	220.727828979
5/27/2020 16:00:00	221.932434082
5/28/2020 16:00:00	221.643325806
5/29/2020 16:00:00	224.891036987
6/1/2020 16:00:00	225.565628052
6/2/2020 16:00:00	227.07862854
6/3/2020 16:00:00	228.100143433
6/4/2020 16:00:00	226.500442505
6/5/2020 16:00:00	230.99130249
6/8/2020 16:00:00	232.783813477
6/9/2020 16:00:00	234.470306396
6/10/2020 16:00:00	237.284332275
6/11/2020 16:00:00	225.527053833
6/12/2020 16:00:00	227.319580078
6/15/2020 16:00:00	230.08543396
6/16/2020 16:00:00	234.036682129
6/17/2020 16:00:00	234.778671265
6/18/2020 16:00:00	235.414764404
6/19/2020 16:00:00	235.376205444
6/22/2020 16:00:00	238.198974609
6/23/2020 16:00:00	240.226287842
6/24/2020 16:00:00	235.273834229
6/25/2020 16:00:00	237.513519287
6/26/2020 16:00:00	231.904678345
6/29/2020 16:00:00	234.433990479
6/30/2020 16:00:00	239.029190063
7/1/2020 16:00:00	241.81918335
7/2/2020 16:00:00	243.460296631
7/6/2020 16:00:00	249.445724487
7/7/2020 16:00:00	247.727325439
7/8/2020 16:00:00	250.990310669
7/9/2020 16:00:00	253.104492188
7/10/2020 16:00:00	254.832565308
7/13/2020 16:00:00	249.590484619
7/14/2020 16:00:00	251.357162476
7/15/2020 16:00:00	251.868804932
7/16/2020 16:00:00	250.15045166
7/17/2020 16:00:00	250.440063477
7/20/2020 16:00:00	257.545318604
7/21/2020 16:00:00	254.861572266
7/22/2020 16:00:00	255.759353638
7/23/2020 16:00:00	249.078811646
7/24/2020 16:00:00	246.713638306
7/27/2020 16:00:00	251.115814209
7/28/2020 16:00:00	247.920410156
7/29/2020 16:00:00	250.777893066
7/30/2020 16:00:00	252.090774536
7/31/2020 16:00:00	256.589477539
8/3/2020 16:00:00	260.055206299
8/4/2020 16:00:00	261.020599365
8/5/2020 16:00:00	261.667388916
8/6/2020 16:00:00	265.133209229
8/7/2020 16:00:00	262.072937012
8/10/2020 16:00:00	260.953094482
8/11/2020 16:00:00	256.010314941
8/12/2020 16:00:00	262.449371338
8/13/2020 16:00:00	263.04800415
8/14/2020 16:00:00	262.739135742
8/17/2020 16:00:00	265.789642334
8/18/2020 16:00:00	268.347930908
8/19/2020 16:00:00	266.542724609
8/20/2020 16:00:00	270.240112305
8/21/2020 16:00:00	272.112884521
8/24/2020 16:00:00	273.812011719
8/25/2020 16:00:00	275.964813232
8/26/2020 16:00:00	281.853637695
8/27/2020 16:00:00	280.975158691
8/28/2020 16:00:00	282.403961182
8/31/2020 16:00:00	284.672485352
9/1/2020 16:00:00	289.53817749
9/2/2020 16:00:00	292.279876709
9/3/2020 16:00:00	277.461181641
9/4/2020 16:00:00	273.76373291
9/8/2020 16:00:00	260.60546875
9/9/2020 16:00:00	268.261047363
9/10/2020 16:00:00	262.912841797
9/11/2020 16:00:00	261.088165283
9/14/2020 16:00:00	265.635101318
9/15/2020 16:00:00	269.400177002
9/16/2020 16:00:00	265.104217529
9/17/2020 16:00:00	260.96270752
9/18/2020 16:00:00	257.632110596
9/21/2020 16:00:00	258.250030518
9/22/2020 16:00:00	263.04800415
9/23/2020 16:00:00	255.015899658
9/24/2020 16:00:00	256.203369141
9/25/2020 16:00:00	262.159790039
9/28/2020 16:00:00	267.604644775
9/29/2020 16:00:00	266.397888184
9/30/2020 16:00:00	268.222412109
10/1/2020 16:00:00	272.479766846
10/2/2020 16:00:00	264.814666748
10/5/2020 16:00:00	270.462158203
10/6/2020 16:00:00	265.635101318
10/7/2020 16:00:00	270.230407715
10/8/2020 16:00:00	271.668823242
10/9/2020 16:00:00	275.819976807
10/12/2020 16:00:00	284.334625244
10/13/2020 16:00:00	284.324981689
10/14/2020 16:00:00	281.950134277
10/15/2020 16:00:00	280.057952881
10/16/2020 16:00:00	278.523040771
10/19/2020 16:00:00	273.976074219
10/20/2020 16:00:00	274.565032959
10/21/2020 16:00:00	274.352600098
10/22/2020 16:00:00	274.342956543
10/23/2020 16:00:00	274.883514404
10/26/2020 16:00:00	270.761413574
10/27/2020 16:00:00	272.875579834
10/28/2020 16:00:00	262.237121582
10/29/2020 16:00:00	266.822601318
10/30/2020 16:00:00	260.055206299
11/2/2020 16:00:00	260.63458252
11/3/2020 16:00:00	265.142822266
11/4/2020 16:00:00	276.97845459
11/5/2020 16:00:00	284.199615479
11/6/2020 16:00:00	284.411956787
11/9/2020 16:00:00	278.600311279
11/10/2020 16:00:00	273.609313965
11/11/2020 16:00:00	279.729766846
11/12/2020 16:00:00	278.416900635
11/13/2020 16:00:00	280.859313965
11/16/2020 16:00:00	283.05078125
11/17/2020 16:00:00	282.152923584
11/18/2020 16:00:00	280.067749023
11/19/2020 16:00:00	282.259094238
11/20/2020 16:00:00	280.328308105
11/23/2020 16:00:00	280.338043213
11/24/2020 16:00:00	284.276702881
11/25/2020 16:00:00	286.024139404
11/27/2020 16:00:00	288.659637451
11/30/2020 16:00:00	289.248474121
12/1/2020 16:00:00	292.955657959
12/2/2020 16:00:00	293.332061768
12/3/2020 16:00:00	293.747192383
12/4/2020 16:00:00	294.944244385
12/7/2020 16:00:00	296.614379883
12/8/2020 16:00:00	297.618408203
12/9/2020 16:00:00	290.879974365
12/10/2020 16:00:00	292.048187256
12/11/2020 16:00:00	291.40133667
12/14/2020 16:00:00	293.51550293
12/15/2020 16:00:00	296.653045654
12/16/2020 16:00:00	298.284515381
12/17/2020 16:00:00	300.234558105
12/18/2020 16:00:00	299.327056885
12/21/2020 16:00:00	298.767150879
12/22/2020 16:00:00	299.579528809
12/23/2020 16:00:00	298.070861816
12/24/2020 16:00:00	299.386199951
12/28/2020 16:00:00	302.403594971
12/29/2020 16:00:00	302.674346924
12/30/2020 16:00:00	302.684020996
12/31/2020 16:00:00	303.428771973
1/4/2021 16:00:00	299.144287109
1/5/2021 16:00:00	301.610534668
1/6/2021 16:00:00	297.432434082
1/7/2021 16:00:00	304.628051758
1/8/2021 16:00:00	308.54486084
1/11/2021 16:00:00	304.086395264
1/12/2021 16:00:00	303.602905273
1/13/2021 16:00:00	305.653167725
1/14/2021 16:00:00	304.018707275
1/15/2021 16:00:00	301.610534668
1/19/2021 16:00:00	306.011016846
1/20/2021 16:00:00	313.129119873
1/21/2021 16:00:00	315.633911133
1/22/2021 16:00:00	314.72479248
1/25/2021 16:00:00	317.326446533
1/26/2021 16:00:00	317.790649414
1/27/2021 16:00:00	308.931732178
1/28/2021 16:00:00	310.759613037
1/29/2021 16:00:00	304.22177124
2/1/2021 16:00:00	311.823394775
2/2/2021 16:00:00	316.910583496
2/3/2021 16:00:00	315.653289795
2/4/2021 16:00:00	319.386444092
2/5/2021 16:00:00	320.469604492
2/8/2021 16:00:00	322.616638184
2/9/2021 16:00:00	322.54901123
2/10/2021 16:00:00	321.813995361
2/11/2021 16:00:00	323.58380127
2/12/2021 16:00:00	325.392333984
2/16/2021 16:00:00	324.512268066
2/17/2021 16:00:00	322.95513916
2/18/2021 16:00:00	321.543151855
2/19/2021 16:00:00	320.140869141
2/22/2021 16:00:00	311.84274292
2/23/2021 16:00:00	310.914367676
2/24/2021 16:00:00	313.477264404
2/25/2021 16:00:00	302.54864502
2/26/2021 16:00:00	303.815551758
3/1/2021 16:00:00	312.954925537
3/2/2021 16:00:00	307.935546875
3/3/2021 16:00:00	298.999298096
3/4/2021 16:00:00	294.105560303
3/5/2021 16:00:00	298.53503418
3/8/2021 16:00:00	290.082214355
3/9/2021 16:00:00	301.5234375
3/10/2021 16:00:00	300.662689209
3/11/2021 16:00:00	307.587463379
3/12/2021 16:00:00	305.092193604
3/15/2021 16:00:00	308.35144043
3/16/2021 16:00:00	310.04397583
3/17/2021 16:00:00	311.320556641
3/18/2021 16:00:00	301.784606934
3/19/2021 16:00:00	302.848388672
3/22/2021 16:00:00	308.527862549
3/23/2021 16:00:00	307.18182373
3/24/2021 16:00:00	302.001220703
3/25/2021 16:00:00	301.478149414
3/26/2021 16:00:00	306.000427246
3/29/2021 16:00:00	305.913299561
3/30/2021 16:00:00	304.373596191
3/31/2021 16:00:00	309.031341553
4/1/2021 16:00:00	314.299194336
4/5/2021 16:00:00	320.574188232
4/6/2021 16:00:00	320.351470947
4/7/2021 16:00:00	321.126159668
4/8/2021 16:00:00	324.476623535
4/9/2021 16:00:00	326.442382812
4/12/2021 16:00:00	326.016418457
4/13/2021 16:00:00	329.821960449
4/14/2021 16:00:00	325.861450195
4/15/2021 16:00:00	330.800018311
4/16/2021 16:00:00	331.187347412
4/19/2021 16:00:00	328.156402588
4/20/2021 16:00:00	325.764526367
4/21/2021 16:00:00	328.553375244
4/22/2021 16:00:00	324.592987061
4/23/2021 16:00:00	328.679321289
4/26/2021 16:00:00	330.819366455
4/27/2021 16:00:00	329.386199951
4/28/2021 16:00:00	328.272613525
4/29/2021 16:00:00	329.454071045
4/30/2021 16:00:00	327.294555664
5/3/2021 16:00:00	325.551513672
5/4/2021 16:00:00	319.693023682
5/5/2021 16:00:00	318.618103027
5/6/2021 16:00:00	321.019714355
5/7/2021 16:00:00	323.624572754
5/10/2021 16:00:00	315.451568604
5/11/2021 16:00:00	315.015899658
5/12/2021 16:00:00	306.862304688
5/13/2021 16:00:00	309.234741211
5/14/2021 16:00:00	316.061645508
5/17/2021 16:00:00	314.144287109
5/18/2021 16:00:00	312.02355957
5/19/2021 16:00:00	312.381835938
5/20/2021 16:00:00	318.424407959
5/21/2021 16:00:00	316.662017822
5/24/2021 16:00:00	321.988006592
5/25/2021 16:00:00	322.433349609
5/26/2021 16:00:00	323.556762695
5/27/2021 16:00:00	322.346343994
5/28/2021 16:00:00	323.363037109
6/1/2021 16:00:00	322.28817749
6/2/2021 16:00:00	322.917572021
6/3/2021 16:00:00	319.557403564
6/4/2021 16:00:00	324.980285645
6/7/2021 16:00:00	325.948577881
6/8/2021 16:00:00	326.103546143
6/9/2021 16:00:00	326.180999756
6/10/2021 16:00:00	329.579864502
6/11/2021 16:00:00	330.441711426
6/14/2021 16:00:00	333.608215332
6/15/2021 16:00:00	331.429443359
6/16/2021 16:00:00	330.219024658
6/17/2021 16:00:00	334.41204834
6/18/2021 16:00:00	331.787750244
6/21/2021 16:00:00	333.84979248
6/22/2021 16:00:00	336.961853027
6/23/2021 16:00:00	337.126678467
6/24/2021 16:00:00	339.211029053
6/25/2021 16:00:00	338.794158936
6/28/2021 16:00:00	342.914459229
6/29/2021 16:00:00	344.155426025
6/30/2021 16:00:00	343.612548828
7/1/2021 16:00:00	343.74822998
7/2/2021 16:00:00	347.694061279
7/6/2021 16:00:00	349.196624756
7/7/2021 16:00:00	349.933441162
7/8/2021 16:00:00	347.820037842
7/9/2021 16:00:00	349.991638184
7/12/2021 16:00:00	351.358581543
7/13/2021 16:00:00	351.358581543
7/14/2021 16:00:00	351.988800049
7/15/2021 16:00:00	349.516601562
7/16/2021 16:00:00	346.685791016
7/19/2021 16:00:00	343.845214844
7/20/2021 16:00:00	347.839477539
7/21/2021 16:00:00	350.524841309
7/22/2021 16:00:00	352.84197998
7/23/2021 16:00:00	356.962280273
7/26/2021 16:00:00	357.24331665
7/27/2021 16:00:00	353.307220459
7/28/2021 16:00:00	354.664520264
7/29/2021 16:00:00	355.29473877
7/30/2021 16:00:00	353.443023682
8/2/2021 16:00:00	353.472076416
8/3/2021 16:00:00	355.614685059
8/4/2021 16:00:00	356.128509521
8/5/2021 16:00:00	358.387390137
8/6/2021 16:00:00	356.816833496
8/9/2021 16:00:00	357.476013184
8/10/2021 16:00:00	355.643737793
8/11/2021 16:00:00	355.032867432
8/12/2021 16:00:00	356.31262207
8/13/2021 16:00:00	357.563293457
8/16/2021 16:00:00	357.718414307
8/17/2021 16:00:00	354.567626953
8/18/2021 16:00:00	351.155029297
8/19/2021 16:00:00	352.851593018
8/20/2021 16:00:00	356.506561279
8/23/2021 16:00:00	361.838684082
8/24/2021 16:00:00	362.943939209
8/25/2021 16:00:00	363.360748291
8/26/2021 16:00:00	361.053375244
8/27/2021 16:00:00	364.562957764
8/30/2021 16:00:00	368.654083252
8/31/2021 16:00:00	368.353607178
9/1/2021 16:00:00	368.964324951
9/2/2021 16:00:00	368.789855957
9/3/2021 16:00:00	369.924163818
9/7/2021 16:00:00	370.447662354
9/8/2021 16:00:00	369.158233643
9/9/2021 16:00:00	367.888214111
9/10/2021 16:00:00	365.096069336
9/13/2021 16:00:00	364.844085693
9/14/2021 16:00:00	363.806732178
9/15/2021 16:00:00	366.51159668
9/16/2021 16:00:00	366.763641357
9/17/2021 16:00:00	362.420440674
9/20/2021 16:00:00	354.93157959
9/21/2021 16:00:00	355.368286133
9/22/2021 16:00:00	358.687652588
9/23/2021 16:00:00	361.9972229
9/24/2021 16:00:00	362.336853027
9/27/2021 16:00:00	359.444641113
9/28/2021 16:00:00	349.273254395
9/29/2021 16:00:00	348.700622559
9/30/2021 16:00:00	347.419464111
10/1/2021 16:00:00	349.574127197
10/4/2021 16:00:00	342.236724854
10/5/2021 16:00:00	346.856658936
10/6/2021 16:00:00	349.07913208
10/7/2021 16:00:00	352.281890869
10/8/2021 16:00:00	350.525238037
10/11/2021 16:00:00	347.83694458
10/12/2021 16:00:00	346.623687744
10/13/2021 16:00:00	349.399475098
10/14/2021 16:00:00	355.83416748
10/15/2021 16:00:00	358.076202393
10/18/2021 16:00:00	361.676940918
10/19/2021 16:00:00	364.413909912
10/20/2021 16:00:00	363.938293457
10/21/2021 16:00:00	366.160888672
10/22/2021 16:00:00	363.084197998
10/25/2021 16:00:00	366.801483154
10/26/2021 16:00:00	367.956451416
10/27/2021 16:00:00	368.81048584
10/28/2021 16:00:00	372.906219482
10/29/2021 16:00:00	374.740509033
11/1/2021 16:00:00	376.021728516
11/2/2021 16:00:00	377.593994141
11/3/2021 16:00:00	381.602416992
11/4/2021 16:00:00	386.49395752
11/5/2021 16:00:00	386.862854004
11/8/2021 16:00:00	386.338623047
11/9/2021 16:00:00	383.679412842
11/10/2021 16:00:00	378.040527344
11/11/2021 16:00:00	379.088623047
11/12/2021 16:00:00	383.077667236
11/15/2021 16:00:00	382.99029541
11/16/2021 16:00:00	385.717559814
11/17/2021 16:00:00	385.921356201
11/18/2021 16:00:00	389.920135498
11/19/2021 16:00:00	392.094116211
11/22/2021 16:00:00	387.542144775
11/23/2021 16:00:00	385.775817871
11/24/2021 16:00:00	387.018066406
11/26/2021 16:00:00	379.680725098
11/29/2021 16:00:00	387.920776367
11/30/2021 16:00:00	382.22366333
12/1/2021 16:00:00	375.720855713
12/2/2021 16:00:00	378.428710938
12/3/2021 16:00:00	371.848358154
12/6/2021 16:00:00	374.827911377
12/7/2021 16:00:00	386.115447998
12/8/2021 16:00:00	387.843017578
12/9/2021 16:00:00	382.136138916
12/10/2021 16:00:00	386.29019165
12/13/2021 16:00:00	380.709472656
12/14/2021 16:00:00	376.769073486
12/15/2021 16:00:00	385.35848999
12/16/2021 16:00:00	375.449066162
12/17/2021 16:00:00	373.575897217
12/20/2021 16:00:00	369.95211792
12/21/2021 16:00:00	378.231811523
12/22/2021 16:00:00	382.838104248
12/23/2021 16:00:00	385.724334717
12/27/2021 16:00:00	392.099273682
12/28/2021 16:00:00	390.282043457
12/29/2021 16:00:00	390.223693848
12/30/2021 16:00:00	389.05758667
12/31/2021 16:00:00	386.628051758
1/3/2022 16:00:00	390.349945068
1/4/2022 16:00:00	385.28692627
1/5/2022 16:00:00	373.450561523
1/6/2022 16:00:00	373.188232422
1/7/2022 16:00:00	369.145477295
1/10/2022 16:00:00	369.38848877
1/11/2022 16:00:00	374.93737793
1/12/2022 16:00:00	376.424194336
1/13/2022 16:00:00	367.007598877
1/14/2022 16:00:00	369.291259766
1/18/2022 16:00:00	360.098114014
1/19/2022 16:00:00	356.142974854
1/20/2022 16:00:00	351.517150879
1/21/2022 16:00:00	341.770050049
1/24/2022 16:00:00	343.334625244
1/25/2022 16:00:00	335.375701904
1/26/2022 16:00:00	334.850891113
1/27/2022 16:00:00	331.478759766
1/28/2022 16:00:00	341.876983643
1/31/2022 16:00:00	352.809570312
2/1/2022 16:00:00	355.21005249
2/2/2022 16:00:00	358.096221924
2/3/2022 16:00:00	343.577575684
2/4/2022 16:00:00	347.911804199
2/7/2022 16:00:00	345.113067627
2/8/2022 16:00:00	348.990478516
2/9/2022 16:00:00	356.385864258
2/10/2022 16:00:00	348.319946289
2/11/2022 16:00:00	337.2706604
2/14/2022 16:00:00	337.688537598
2/15/2022 16:00:00	346.084869385
2/16/2022 16:00:00	345.997375488
2/17/2022 16:00:00	335.70614624
2/18/2022 16:00:00	331.877288818
2/22/2022 16:00:00	328.544036865
2/23/2022 16:00:00	320.128204346
2/24/2022 16:00:00	330.885955811
2/25/2022 16:00:00	336.017059326
2/28/2022 16:00:00	337.017944336
3/1/2022 16:00:00	331.857879639
3/2/2022 16:00:00	337.426239014
3/3/2022 16:00:00	332.606018066
3/4/2022 16:00:00	327.785888672
3/7/2022 16:00:00	315.696746826
3/8/2022 16:00:00	314.229370117
3/9/2022 16:00:00	325.541107178
3/10/2022 16:00:00	321.926025391
3/11/2022 16:00:00	315.249786377
3/14/2022 16:00:00	309.195556641
3/15/2022 16:00:00	318.894073486
3/16/2022 16:00:00	330.720733643
3/17/2022 16:00:00	334.72454834
3/18/2022 16:00:00	341.575775146
3/21/2022 16:00:00	340.62612915
3/22/2022 16:00:00	347.320343018
3/23/2022 16:00:00	342.328796387
3/24/2022 16:00:00	349.937744141
3/25/2022 16:00:00	349.645690918
3/28/2022 16:00:00	355.055633545
3/29/2022 16:00:00	361.166046143
3/30/2022 16:00:00	357.176696777
3/31/2022 16:00:00	352.749603271
4/1/2022 16:00:00	352.078277588
4/4/2022 16:00:00	359.32699585
4/5/2022 16:00:00	351.34854126
4/6/2022 16:00:00	343.720245361
4/7/2022 16:00:00	344.537597656
4/8/2022 16:00:00	339.721191406
4/11/2022 16:00:00	331.684265137
4/12/2022 16:00:00	330.283111572
4/13/2022 16:00:00	336.996795654
4/14/2022 16:00:00	329.290649414
4/18/2022 16:00:00	329.543701172
4/19/2022 16:00:00	336.909179688
4/20/2022 16:00:00	331.995635986
4/21/2022 16:00:00	325.126220703
4/22/2022 16:00:00	316.612579346
4/25/2022 16:00:00	320.679718018
4/26/2022 16:00:00	308.575744629
4/27/2022 16:00:00	308.205871582
4/28/2022 16:00:00	319.152099609
4/29/2022 16:00:00	304.790679932
5/2/2022 16:00:00	309.879455566
5/3/2022 16:00:00	310.210296631
5/4/2022 16:00:00	320.699188232
5/5/2022 16:00:00	304.547393799
5/6/2022 16:00:00	300.898681641
5/9/2022 16:00:00	289.125427246
5/10/2022 16:00:00	292.638031006
5/11/2022 16:00:00	283.958892822
5/12/2022 16:00:00	283.287475586
5/13/2022 16:00:00	293.786102295
5/16/2022 16:00:00	290.380645752
5/17/2022 16:00:00	297.901885986
5/18/2022 16:00:00	283.277801514
5/19/2022 16:00:00	281.759887695
5/20/2022 16:00:00	280.884185791
5/23/2022 16:00:00	285.55456543
5/24/2022 16:00:00	279.483062744
5/25/2022 16:00:00	283.394500732
5/26/2022 16:00:00	291.246551514
5/27/2022 16:00:00	300.752746582
5/31/2022 16:00:00	299.954864502
6/1/2022 16:00:00	297.736419678
6/2/2022 16:00:00	305.890197754
6/3/2022 16:00:00	297.931121826
6/6/2022 16:00:00	298.923522949
6/7/2022 16:00:00	301.501953125
6/8/2022 16:00:00	299.332244873
6/9/2022 16:00:00	291.314697266
6/10/2022 16:00:00	281.039886475
6/13/2022 16:00:00	267.972503662
6/14/2022 16:00:00	268.459075928
6/15/2022 16:00:00	275.16293335
6/16/2022 16:00:00	264.061126709
6/17/2022 16:00:00	267.271972656
6/21/2022 16:00:00	274.015106201
6/22/2022 16:00:00	273.615509033
6/23/2022 16:00:00	277.690368652
6/24/2022 16:00:00	287.205108643
6/27/2022 16:00:00	285.099395752
6/28/2022 16:00:00	276.413330078
6/29/2022 16:00:00	276.666809082
6/30/2022 16:00:00	273.235290527
7/1/2022 16:00:00	275.038696289
7/5/2022 16:00:00	279.747344971
7/6/2022 16:00:00	281.54107666
7/7/2022 16:00:00	287.565734863
7/8/2022 16:00:00	287.926513672
7/11/2022 16:00:00	281.775054932
7/12/2022 16:00:00	279.045440674
7/13/2022 16:00:00	278.470275879
7/14/2022 16:00:00	279.464599609
7/15/2022 16:00:00	284.533966064
7/18/2022 16:00:00	282.12600708
7/19/2022 16:00:00	290.802276611
7/20/2022 16:00:00	295.413421631
7/21/2022 16:00:00	299.65411377
7/22/2022 16:00:00	294.399536133
7/25/2022 16:00:00	292.722747803
7/26/2022 16:00:00	286.971099854
7/27/2022 16:00:00	299.098419189
7/28/2022 16:00:00	302.023040771
7/29/2022 16:00:00	307.531036377
8/1/2022 16:00:00	307.34576416
8/2/2022 16:00:00	306.429412842
8/3/2022 16:00:00	314.774291992
8/4/2022 16:00:00	316.246246338
8/5/2022 16:00:00	313.662902832
8/8/2022 16:00:00	312.649047852
8/9/2022 16:00:00	309.110290527
8/10/2022 16:00:00	317.737823486
8/11/2022 16:00:00	315.934387207
8/12/2022 16:00:00	322.085754395
8/15/2022 16:00:00	324.688659668
8/16/2022 16:00:00	323.928253174
8/17/2022 16:00:00	320.233520508
8/18/2022 16:00:00	321.003570557
8/19/2022 16:00:00	314.745025635
8/22/2022 16:00:00	306.458648682
8/23/2022 16:00:00	306.205169678
8/24/2022 16:00:00	307.092346191
8/25/2022 16:00:00	312.522369385
8/26/2022 16:00:00	299.712554932
8/29/2022 16:00:00	296.758728027
8/30/2022 16:00:00	293.453918457
8/31/2022 16:00:00	291.747955322
9/1/2022 16:00:00	291.874603271
9/2/2022 16:00:00	287.750976562
9/6/2022 16:00:00	285.684295654
9/7/2022 16:00:00	291.455474854
9/8/2022 16:00:00	292.966522217
9/9/2022 16:00:00	299.371398926
9/12/2022 16:00:00	302.929595947
9/13/2022 16:00:00	286.317962646
9/14/2022 16:00:00	288.589355469
9/15/2022 16:00:00	283.78326416
9/16/2022 16:00:00	282.048034668
9/19/2022 16:00:00	284.244476318
9/20/2022 16:00:00	281.97869873
9/21/2022 16:00:00	276.929534912
9/22/2022 16:00:00	273.521209717
9/23/2022 16:00:00	269.067871094
9/26/2022 16:00:00	267.954467773
9/27/2022 16:00:00	268.061889648
9/28/2022 16:00:00	273.394195557
9/29/2022 16:00:00	265.512969971
9/30/2022 16:00:00	261.010772705
10/3/2022 16:00:00	267.134063721
10/4/2022 16:00:00	275.53302002
10/5/2022 16:00:00	275.386535645
10/6/2022 16:00:00	273.218444824
10/7/2022 16:00:00	262.80770874
10/10/2022 16:00:00	260.18057251
10/11/2022 16:00:00	256.606170654
10/12/2022 16:00:00	256.518280029
10/13/2022 16:00:00	262.53427124
10/14/2022 16:00:00	254.643173218
10/17/2022 16:00:00	263.051879883
10/18/2022 16:00:00	265.132049561
10/19/2022 16:00:00	264.165161133
10/20/2022 16:00:00	262.817474365
10/21/2022 16:00:00	268.979919434
10/24/2022 16:00:00	271.939086914
10/25/2022 16:00:00	277.564361572
10/26/2022 16:00:00	271.431182861
10/27/2022 16:00:00	266.489471436
10/28/2022 16:00:00	274.644317627
10/31/2022 16:00:00	271.450714111
11/1/2022 16:00:00	268.677154541
11/2/2022 16:00:00	259.467681885
11/3/2022 16:00:00	254.399047852
11/4/2022 16:00:00	258.49105835
11/7/2022 16:00:00	261.332977295
11/8/2022 16:00:00	263.237335205
11/9/2022 16:00:00	257.16293335
11/10/2022 16:00:00	276.138549805
11/11/2022 16:00:00	281.226745605
11/14/2022 16:00:00	278.765594482
11/15/2022 16:00:00	282.623260498
11/16/2022 16:00:00	278.765594482
11/17/2022 16:00:00	278.15032959
11/18/2022 16:00:00	278.16015625
11/21/2022 16:00:00	275.29864502
11/22/2022 16:00:00	279.263763428
11/23/2022 16:00:00	282.06652832
11/25/2022 16:00:00	280.211029053
11/28/2022 16:00:00	276.09942627
11/29/2022 16:00:00	274.009490967
11/30/2022 16:00:00	286.500396729
12/1/2022 16:00:00	286.851959229
12/2/2022 16:00:00	285.709472656
12/5/2022 16:00:00	280.914215088
12/6/2022 16:00:00	275.093566895
12/7/2022 16:00:00	273.970428467
12/8/2022 16:00:00	277.21282959
12/9/2022 16:00:00	275.445098877
12/12/2022 16:00:00	278.902374268
12/13/2022 16:00:00	281.900512695
12/14/2022 16:00:00	279.81060791
12/15/2022 16:00:00	270.415496826
12/16/2022 16:00:00	267.837341309
12/19/2022 16:00:00	264.07321167
12/20/2022 16:00:00	263.867645264
12/21/2022 16:00:00	267.6953125
12/22/2022 16:00:00	261.146148682
12/23/2022 16:00:00	261.733428955
12/27/2022 16:00:00	258.033050537
12/28/2022 16:00:00	254.626296997
12/29/2022 16:00:00	260.83291626
12/30/2022 16:00:00	260.676269531
1/3/2023 16:00:00	258.914093018
1/4/2023 16:00:00	260.147583008
1/5/2023 16:00:00	256.07522583
1/6/2023 16:00:00	263.143157959
1/9/2023 16:00:00	264.846618652
1/10/2023 16:00:00	267.088378906
1/11/2023 16:00:00	271.709075928
1/12/2023 16:00:00	273.177459717
1/13/2023 16:00:00	275.057037354
1/17/2023 16:00:00	275.61505127
1/18/2023 16:00:00	272.032073975
1/19/2023 16:00:00	269.359558105
1/20/2023 16:00:00	276.731140137
1/23/2023 16:00:00	282.878936768
1/24/2023 16:00:00	282.301361084
1/25/2023 16:00:00	281.67477417
1/26/2023 16:00:00	287.166748047
1/27/2023 16:00:00	290.025299072
1/30/2023 16:00:00	284.161315918
1/31/2023 16:00:00	288.419769287
2/1/2023 16:00:00	294.587249756
2/2/2023 16:00:00	305.159973145
2/3/2023 16:00:00	299.736480713
2/6/2023 16:00:00	297.201049805
2/7/2023 16:00:00	303.358673096
2/8/2023 16:00:00	297.964630127
2/9/2023 16:00:00	295.331237793
2/10/2023 16:00:00	293.393005371
2/13/2023 16:00:00	298.091888428
2/14/2023 16:00:00	300.294555664
2/15/2023 16:00:00	302.595062256
2/16/2023 16:00:00	296.917114258
2/17/2023 16:00:00	294.822174072
2/21/2023 16:00:00	287.842193604
2/22/2023 16:00:00	288.057525635
2/23/2023 16:00:00	290.573577881
2/24/2023 16:00:00	285.708190918
2/27/2023 16:00:00	287.754150391
2/28/2023 16:00:00	287.382171631
3/1/2023 16:00:00	285.071807861
3/2/2023 16:00:00	287.431030273
3/3/2023 16:00:00	293.373321533
3/6/2023 16:00:00	293.706268311
3/7/2023 16:00:00	290.103637695
3/8/2023 16:00:00	291.552429199
3/9/2023 16:00:00	286.501068115
3/10/2023 16:00:00	282.47756958
3/13/2023 16:00:00	284.572540283
3/14/2023 16:00:00	291.111968994
3/15/2023 16:00:00	292.639129639
3/16/2023 16:00:00	300.353240967
3/17/2023 16:00:00	298.933807373
3/20/2023 16:00:00	299.994689941
3/21/2023 16:00:00	304.279296875
3/22/2023 16:00:00	300.141723633
3/23/2023 16:00:00	303.700805664
3/24/2023 16:00:00	304.818634033
3/27/2023 16:00:00	302.730194092
3/28/2023 16:00:00	301.122192383
3/29/2023 16:00:00	306.612915039
3/30/2023 16:00:00	309.515075684
3/31/2023 16:00:00	314.662506104
4/3/2023 16:00:00	313.897735596
4/4/2023 16:00:00	312.838806152
4/5/2023 16:00:00	309.750366211
4/6/2023 16:00:00	311.838775635
4/10/2023 16:00:00	311.66229248
4/11/2023 16:00:00	309.662109375
4/12/2023 16:00:00	306.926635742
4/13/2023 16:00:00	312.936950684
4/14/2023 16:00:00	312.34854126
4/17/2023 16:00:00	312.61328125
4/18/2023 16:00:00	312.632904053
4/19/2023 16:00:00	312.485839844
4/20/2023 16:00:00	310.103240967
4/21/2023 16:00:00	310.426940918
4/24/2023 16:00:00	309.779785156
4/25/2023 16:00:00	303.936187744
4/26/2023 16:00:00	305.779449463
4/27/2023 16:00:00	314.093811035
4/28/2023 16:00:00	316.260650635
5/1/2023 16:00:00	315.897888184
5/2/2023 16:00:00	313.142822266
5/3/2023 16:00:00	311.093597412
5/4/2023 16:00:00	309.995422363
5/5/2023 16:00:00	316.584228516
5/8/2023 16:00:00	317.368652344
5/9/2023 16:00:00	315.358642578
5/10/2023 16:00:00	318.790344238
5/11/2023 16:00:00	319.829650879
5/12/2023 16:00:00	318.682403564
5/15/2023 16:00:00	320.408111572
5/16/2023 16:00:00	320.770874023
5/17/2023 16:00:00	324.653503418
5/18/2023 16:00:00	330.683380127
5/19/2023 16:00:00	329.938262939
5/22/2023 16:00:00	331.046173096
5/23/2023 16:00:00	326.849731445
5/24/2023 16:00:00	325.173156738
5/25/2023 16:00:00	333.085540771
5/26/2023 16:00:00	341.596038818
5/30/2023 16:00:00	343.145202637
5/31/2023 16:00:00	341.194091797
6/1/2023 16:00:00	345.1355896
6/2/2023 16:00:00	347.723999023
6/5/2023 16:00:00	347.969116211
6/6/2023 16:00:00	347.91027832
6/7/2023 16:00:00	342.007843018
6/8/2023 16:00:00	346.253265381
6/9/2023 16:00:00	347.576934814
6/12/2023 16:00:00	353.449920654
6/13/2023 16:00:00	356.165863037
6/14/2023 16:00:00	358.754333496
6/15/2023 16:00:00	363.02911377
6/16/2023 16:00:00	360.744628906
6/20/2023 16:00:00	360.228210449
6/21/2023 16:00:00	355.319152832
6/22/2023 16:00:00	359.511505127
6/23/2023 16:00:00	355.947479248
6/26/2023 16:00:00	351.175842285
6/27/2023 16:00:00	357.213989258
6/28/2023 16:00:00	357.91116333
6/29/2023 16:00:00	357.194366455
6/30/2023 16:00:00	362.702392578
7/3/2023 16:00:00	363.556610107
7/5/2023 16:00:00	363.54675293
7/6/2023 16:00:00	360.778045654
7/7/2023 16:00:00	359.58013916
7/10/2023 16:00:00	359.697998047
7/11/2023 16:00:00	361.475158691
7/12/2023 16:00:00	366.040557861
7/13/2023 16:00:00	372.255401611
7/14/2023 16:00:00	372.176879883
7/17/2023 16:00:00	375.652496338
7/18/2023 16:00:00	378.725585938
7/19/2023 16:00:00	378.637237549
7/20/2023 16:00:00	369.908874512
7/21/2023 16:00:00	368.799499512
7/24/2023 16:00:00	369.388580322
7/25/2023 16:00:00	371.892120361
7/26/2023 16:00:00	370.655090332
7/27/2023 16:00:00	369.771453857
7/28/2023 16:00:00	376.506713867
7/31/2023 16:00:00	376.703094482
8/1/2023 16:00:00	375.82925415
8/2/2023 16:00:00	367.58203125
8/3/2023 16:00:00	366.992950439
8/4/2023 16:00:00	365.274810791
8/7/2023 16:00:00	368.367462158
8/8/2023 16:00:00	365.235473633
8/9/2023 16:00:00	361.219848633
8/10/2023 16:00:00	361.887451172
8/11/2023 16:00:00	359.58013916
8/14/2023 16:00:00	363.615478516
8/15/2023 16:00:00	359.756958008
8/16/2023 16:00:00	355.947479248
8/17/2023 16:00:00	352.059509277
8/18/2023 16:00:00	351.617706299
8/21/2023 16:00:00	357.282745361
8/22/2023 16:00:00	356.772247314
8/23/2023 16:00:00	362.398010254
8/24/2023 16:00:00	354.651489258
8/25/2023 16:00:00	357.400512695
8/28/2023 16:00:00	360.09072876
8/29/2023 16:00:00	367.955047607
8/30/2023 16:00:00	370.007141113
8/31/2023 16:00:00	371.116485596
9/1/2023 16:00:00	370.723815918
9/5/2023 16:00:00	371.195098877
9/6/2023 16:00:00	367.92565918
9/7/2023 16:00:00	365.294342041
9/8/2023 16:00:00	365.804901123
9/11/2023 16:00:00	370.115081787
9/12/2023 16:00:00	366.011047363
9/13/2023 16:00:00	367.405334473
9/14/2023 16:00:00	370.409698486
9/15/2023 16:00:00	364.067138672
9/18/2023 16:00:00	364.446655273
9/19/2023 16:00:00	363.669891357
9/20/2023 16:00:00	358.429260254
9/21/2023 16:00:00	351.861175537
9/22/2023 16:00:00	351.910339355
9/25/2023 16:00:00	353.581848145
9/26/2023 16:00:00	348.272338867
9/27/2023 16:00:00	349.088439941
9/28/2023 16:00:00	352.008728027
9/29/2023 16:00:00	352.264312744
10/2/2023 16:00:00	355.204162598
10/3/2023 16:00:00	348.970489502
10/4/2023 16:00:00	353.719543457
10/5/2023 16:00:00	352.677337646
10/6/2023 16:00:00	358.586578369
10/9/2023 16:00:00	360.415374756
10/10/2023 16:00:00	362.411315918
10/11/2023 16:00:00	364.997253418
10/12/2023 16:00:00	363.728881836
10/13/2023 16:00:00	359.156860352
10/16/2023 16:00:00	363.217590332
10/17/2023 16:00:00	362.027893066
10/18/2023 16:00:00	357.278900146
10/19/2023 16:00:00	353.935852051
10/20/2023 16:00:00	348.655883789
10/23/2023 16:00:00	349.707977295
10/24/2023 16:00:00	353.109924316
10/25/2023 16:00:00	344.467285156
10/26/2023 16:00:00	337.899261475
10/27/2023 16:00:00	339.521606445
10/30/2023 16:00:00	343.346405029
10/31/2023 16:00:00	344.988311768
11/1/2023 16:00:00	350.976287842
11/2/2023 16:00:00	357.347686768
11/3/2023 16:00:00	361.546112061
11/6/2023 16:00:00	363.020965576
11/7/2023 16:00:00	366.452453613
11/8/2023 16:00:00	366.688415527
11/9/2023 16:00:00	363.866546631
11/10/2023 16:00:00	372.047088623
11/13/2023 16:00:00	370.88684082
11/14/2023 16:00:00	378.870697021
11/15/2023 16:00:00	379.155822754
11/16/2023 16:00:00	379.480377197
11/17/2023 16:00:00	379.568847656
11/20/2023 16:00:00	384.190093994
11/21/2023 16:00:00	381.958099365
11/22/2023 16:00:00	383.521484375
11/24/2023 16:00:00	382.980682373
11/27/2023 16:00:00	382.646331787
11/28/2023 16:00:00	383.649261475
11/29/2023 16:00:00	383.275665283
11/30/2023 16:00:00	382.312072754
12/1/2023 16:00:00	383.403442383
12/4/2023 16:00:00	379.844116211
12/5/2023 16:00:00	380.79788208
12/6/2023 16:00:00	378.595428467
12/7/2023 16:00:00	383.885284424
12/8/2023 16:00:00	385.596069336
12/11/2023 16:00:00	388.889923096
12/12/2023 16:00:00	391.9871521
12/13/2023 16:00:00	396.972137451
12/14/2023 16:00:00	396.62802124
12/15/2023 16:00:00	398.545288086
12/18/2023 16:00:00	401.055603027
12/19/2023 16:00:00	403.104827881
12/20/2023 16:00:00	397.114746094
12/21/2023 16:00:00	401.735321045
12/22/2023 16:00:00	402.336425781
12/26/2023 16:00:00	404.799407959
12/27/2023 16:00:00	405.623474121
12/28/2023 16:00:00	405.426269531
12/29/2023 16:00:00	403.671661377
1/2/2024 16:00:00	396.840637207
1/3/2024 16:00:00	392.641479492
1/4/2024 16:00:00	390.620788574
1/5/2024 16:00:00	391.084136963
1/8/2024 16:00:00	399.167022705
1/9/2024 16:00:00	399.955505371
1/10/2024 16:00:00	402.666320801
1/11/2024 16:00:00	403.504150391
1/12/2024 16:00:00	403.711151123
1/16/2024 16:00:00	403.671661377
1/17/2024 16:00:00	401.394683838
1/18/2024 16:00:00	407.092132568
1/19/2024 16:00:00	415.16519165
1/22/2024 16:00:00	415.707366943
1/23/2024 16:00:00	417.432342529
1/24/2024 16:00:00	419.748809814
1/25/2024 16:00:00	420.261413574
1/26/2024 16:00:00	417.757598877
1/29/2024 16:00:00	422.035644531
1/30/2024 16:00:00	419.226318359
1/31/2024 16:00:00	411.015319824
2/1/2024 16:00:00	415.855194092
2/2/2024 16:00:00	422.883361816
2/5/2024 16:00:00	422.331420898
2/6/2024 16:00:00	421.483642578
2/7/2024 16:00:00	425.820800781
2/8/2024 16:00:00	426.609436035
2/9/2024 16:00:00	430.808532715
2/12/2024 16:00:00	429.122955322
2/13/2024 16:00:00	422.429901123
2/14/2024 16:00:00	427.033294678
2/15/2024 16:00:00	428.30480957
2/16/2024 16:00:00	424.421112061
2/20/2024 16:00:00	421.217498779
2/21/2024 16:00:00	419.531921387
2/22/2024 16:00:00	431.813995361
2/23/2024 16:00:00	430.542388916
2/26/2024 16:00:00	430.315734863
2/27/2024 16:00:00	431.350708008
2/28/2024 16:00:00	429.053985596
2/29/2024 16:00:00	432.730712891
3/1/2024 16:00:00	439.246246338
3/4/2024 16:00:00	437.678985596
3/5/2024 16:00:00	429.822845459
3/6/2024 16:00:00	432.523742676
3/7/2024 16:00:00	439.088623047
3/8/2024 16:00:00	432.750396729
3/11/2024 16:00:00	431.143707275
3/12/2024 16:00:00	437.32421875
3/13/2024 16:00:00	433.962860107
3/14/2024 16:00:00	432.868743896
3/15/2024 16:00:00	427.723266602
3/18/2024 16:00:00	431.80267334
3/19/2024 16:00:00	432.878479004
3/20/2024 16:00:00	438.010986328
3/21/2024 16:00:00	440.083770752
3/22/2024 16:00:00	440.587158203
3/25/2024 16:00:00	438.988128662
3/26/2024 16:00:00	437.566864014
3/27/2024 16:00:00	439.057220459
3/28/2024 16:00:00	438.247924805
4/1/2024 16:00:00	439.175689697
4/2/2024 16:00:00	435.385528564
4/3/2024 16:00:00	436.362670898
4/4/2024 16:00:00	429.690368652
4/5/2024 16:00:00	434.753845215
4/8/2024 16:00:00	434.882171631
4/9/2024 16:00:00	436.490997314
4/10/2024 16:00:00	432.681121826
4/11/2024 16:00:00	439.590240479
4/12/2024 16:00:00	432.582397461
4/15/2024 16:00:00	425.465942383
4/16/2024 16:00:00	425.505432129
4/17/2024 16:00:00	420.313720703
4/18/2024 16:00:00	417.915222168
4/19/2024 16:00:00	409.268951416
4/22/2024 16:00:00	413.38482666
4/23/2024 16:00:00	419.553649902
4/24/2024 16:00:00	420.975036621
4/25/2024 16:00:00	418.941741943
4/26/2024 16:00:00	425.406677246
4/29/2024 16:00:00	427.133972168
4/30/2024 16:00:00	419.079925537
5/1/2024 16:00:00	416.049743652
5/2/2024 16:00:00	421.359954834
5/3/2024 16:00:00	429.828582764
5/6/2024 16:00:00	434.536682129
5/7/2024 16:00:00	434.605804443
5/8/2024 16:00:00	434.349151611
5/9/2024 16:00:00	435.296722412
5/10/2024 16:00:00	436.323242188
5/13/2024 16:00:00	437.329925537
5/14/2024 16:00:00	440.142944336
5/15/2024 16:00:00	447.022491455
5/16/2024 16:00:00	446.114471436
5/17/2024 16:00:00	445.897369385
5/20/2024 16:00:00	449.006408691
5/21/2024 16:00:00	449.884857178
5/22/2024 16:00:00	449.796020508
5/23/2024 16:00:00	447.772674561
5/24/2024 16:00:00	452.006958008
5/28/2024 16:00:00	453.714538574
5/29/2024 16:00:00	450.516540527
5/30/2024 16:00:00	445.690063477
5/31/2024 16:00:00	444.860900879
6/3/2024 16:00:00	447.249542236
6/4/2024 16:00:00	448.473449707
6/5/2024 16:00:00	457.514587402
6/6/2024 16:00:00	457.356658936
6/7/2024 16:00:00	456.95199585
6/10/2024 16:00:00	458.797698975
6/11/2024 16:00:00	461.946289062
6/12/2024 16:00:00	467.996734619
6/13/2024 16:00:00	470.53338623
6/14/2024 16:00:00	472.971343994
6/17/2024 16:00:00	478.765136719
6/18/2024 16:00:00	478.913208008
6/20/2024 16:00:00	475.221740723
6/21/2024 16:00:00	473.948455811
6/24/2024 16:00:00	468.552734375
6/25/2024 16:00:00	473.910980225
6/26/2024 16:00:00	474.889648438
6/27/2024 16:00:00	476.115478516
6/28/2024 16:00:00	473.644012451
7/1/2024 16:00:00	476.421966553
7/2/2024 16:00:00	481.424224854
7/3/2024 16:00:00	485.437927246
7/5/2024 16:00:00	490.499481201
7/8/2024 16:00:00	491.666015625
7/9/2024 16:00:00	492.091094971
7/10/2024 16:00:00	497.221923828
7/11/2024 16:00:00	486.317749023
7/12/2024 16:00:00	489.174804688
7/15/2024 16:00:00	490.489593506
7/16/2024 16:00:00	490.677429199
7/17/2024 16:00:00	476.273620605
7/18/2024 16:00:00	474.019683838
7/19/2024 16:00:00	469.81817627
7/22/2024 16:00:00	476.817382812
7/23/2024 16:00:00	475.136779785
7/24/2024 16:00:00	458.093536377
7/25/2024 16:00:00	453.041778564
7/26/2024 16:00:00	457.688171387
7/29/2024 16:00:00	458.607543945
7/30/2024 16:00:00	452.310241699
7/31/2024 16:00:00	465.695800781
8/1/2024 16:00:00	454.415924072
8/2/2024 16:00:00	443.630340576
8/5/2024 16:00:00	430.403045654
8/6/2024 16:00:00	434.515563965
8/7/2024 16:00:00	429.809844971
8/8/2024 16:00:00	442.958129883
8/9/2024 16:00:00	445.271453857
8/12/2024 16:00:00	446.230407715
8/13/2024 16:00:00	457.30255127
8/14/2024 16:00:00	457.450897217
8/15/2024 16:00:00	469.007568359
8/16/2024 16:00:00	469.610534668
8/19/2024 16:00:00	475.77935791
8/20/2024 16:00:00	474.780883789
8/21/2024 16:00:00	476.995330811
8/22/2024 16:00:00	469.432647705
8/23/2024 16:00:00	474.523834229
8/26/2024 16:00:00	469.916992188
8/27/2024 16:00:00	471.320831299
8/28/2024 16:00:00	465.97253418
8/29/2024 16:00:00	465.290466309
8/30/2024 16:00:00	470.836395264
9/3/2024 16:00:00	456.541412354
9/4/2024 16:00:00	455.355041504
9/5/2024 16:00:00	455.780181885
9/6/2024 16:00:00	443.571075439
9/9/2024 16:00:00	449.27520752
9/10/2024 16:00:00	453.427337646
9/11/2024 16:00:00	463.273620605
9/12/2024 16:00:00	467.82119751
9/13/2024 16:00:00	469.916992188
9/16/2024 16:00:00	467.841003418
9/17/2024 16:00:00	468.088134766
9/18/2024 16:00:00	466.06149292
9/19/2024 16:00:00	477.84552002
9/20/2024 16:00:00	476.936035156
9/23/2024 16:00:00	478.20022583
9/24/2024 16:00:00	480.506896973
9/25/2024 16:00:00	480.952362061
9/26/2024 16:00:00	484.565826416
9/27/2024 16:00:00	481.873046875
9/30/2024 16:00:00	483.179840088
10/1/2024 16:00:00	476.447967529
10/2/2024 16:00:00	477.121154785
10/3/2024 16:00:00	476.76473999
10/4/2024 16:00:00	482.437347412
10/7/2024 16:00:00	477.26965332
10/8/2024 16:00:00	484.397521973
10/9/2024 16:00:00	488.208892822
10/10/2024 16:00:00	487.654510498
10/11/2024 16:00:00	488.416809082
10/14/2024 16:00:00	492.515350342
10/15/2024 16:00:00	485.932006836
10/16/2024 16:00:00	485.991363525
10/17/2024 16:00:00	486.327941895
10/18/2024 16:00:00	489.515655518
10/21/2024 16:00:00	490.456176758
10/22/2024 16:00:00	490.990783691
10/23/2024 16:00:00	483.466888428
10/24/2024 16:00:00	487.387237549
10/25/2024 16:00:00	490.357208252
10/28/2024 16:00:00	490.43637085
10/29/2024 16:00:00	495.148712158
10/30/2024 16:00:00	491.406585693
10/31/2024 16:00:00	479.00213623
11/1/2024 16:00:00	482.546203613
11/4/2024 16:00:00	481.140472412
11/5/2024 16:00:00	487.27835083
11/6/2024 16:00:00	500.514404297
11/7/2024 16:00:00	508.394622803
11/8/2024 16:00:00	508.988677979
11/11/2024 16:00:00	508.691650391
11/12/2024 16:00:00	507.770904541
11/13/2024 16:00:00	507.117553711
11/14/2024 16:00:00	503.593292236
11/15/2024 16:00:00	491.594665527
11/18/2024 16:00:00	495.010040283
11/19/2024 16:00:00	498.415679932
11/20/2024 16:00:00	498.128540039
11/21/2024 16:00:00	499.920379639
11/22/2024 16:00:00	500.722290039
11/25/2024 16:00:00	501.514282227
11/26/2024 16:00:00	504.206970215
11/27/2024 16:00:00	500.2371521
11/29/2024 16:00:00	504.63269043
12/2/2024 16:00:00	510.127075195
12/3/2024 16:00:00	511.69128418
12/4/2024 16:00:00	518.017211914
12/5/2024 16:00:00	516.581726074
12/6/2024 16:00:00	521.204956055
12/9/2024 16:00:00	517.146057129
12/10/2024 16:00:00	515.383911133
12/11/2024 16:00:00	524.610534668
12/12/2024 16:00:00	521.224731445
12/13/2024 16:00:00	525.214355469
12/16/2024 16:00:00	532.777770996
12/17/2024 16:00:00	530.431640625
12/18/2024 16:00:00	511.295227051
12/19/2024 16:00:00	509.018280029
12/20/2024 16:00:00	513.463317871
12/23/2024 16:00:00	518.465759277
12/24/2024 16:00:00	525.49609375
12/26/2024 16:00:00	525.139099121
12/27/2024 16:00:00	518.158447266
12/30/2024 16:00:00	511.266998291
12/31/2024 16:00:00	506.92388916
1/2/2025 16:00:00	505.932312012
1/3/2025 16:00:00	514.212036133
1/6/2025 16:00:00	520.121704102
1/7/2025 16:00:00	510.840606689
1/8/2025 16:00:00	510.92980957
1/10/2025 16:00:00	502.91796875
1/13/2025 16:00:00	501.301635742
1/14/2025 16:00:00	500.825653076
1/15/2025 16:00:00	512.34777832
1/16/2025 16:00:00	508.758300781
1/17/2025 16:00:00	517.345336914
1/21/2025 16:00:00	520.379638672
1/22/2025 16:00:00	527.033081055
1/23/2025 16:00:00	528.153564453
1/24/2025 16:00:00	525.168884277
1/27/2025 16:00:00	509.878845215
1/28/2025 16:00:00	517.414733887
1/29/2025 16:00:00	516.443054199
1/30/2025 16:00:00	518.644348145
1/31/2025 16:00:00	517.890686035
2/3/2025 16:00:00	513.745910645
2/4/2025 16:00:00	520.052368164
2/5/2025 16:00:00	522.412353516
2/6/2025 16:00:00	525.139099121
2/7/2025 16:00:00	518.515319824
2/10/2025 16:00:00	524.792053223
2/11/2025 16:00:00	523.542724609
2/12/2025 16:00:00	523.850036621
2/13/2025 16:00:00	531.386108398
2/14/2025 16:00:00	533.6171875
2/18/2025 16:00:00	534.826843262
2/19/2025 16:00:00	534.975585938
2/20/2025 16:00:00	532.704833984
2/21/2025 16:00:00	521.648803711
2/24/2025 16:00:00	515.491088867
2/25/2025 16:00:00	508.996246338
2/26/2025 16:00:00	510.225860596
2/27/2025 16:00:00	496.056213379
2/28/2025 16:00:00	503.889678955
3/3/2025 16:00:00	492.863342285
3/4/2025 16:00:00	491.375946045
3/5/2025 16:00:00	497.781555176
3/6/2025 16:00:00	484.087890625
3/7/2025 16:00:00	487.647674561
3/10/2025 16:00:00	468.748168945
3/11/2025 16:00:00	467.627685547
3/12/2025 16:00:00	472.902893066
3/13/2025 16:00:00	464.395141602
3/14/2025 16:00:00	475.619842529
3/17/2025 16:00:00	478.703552246
3/18/2025 16:00:00	470.542907715
3/19/2025 16:00:00	476.839447021
3/20/2025 16:00:00	475.223175049
3/21/2025 16:00:00	476.789825439
3/24/2025 16:00:00	487.252685547
3/25/2025 16:00:00	490.033233643
3/26/2025 16:00:00	481.016296387
3/27/2025 16:00:00	478.27545166
3/28/2025 16:00:00	465.683502197
3/31/2025 16:00:00	465.663665771
4/1/2025 16:00:00	469.417419434
4/2/2025 16:00:00	472.843414307
4/3/2025 16:00:00	447.530426025
4/4/2025 16:00:00	419.734863281
4/7/2025 16:00:00	420.747772217
4/8/2025 16:00:00	413.170715332
4/9/2025 16:00:00	462.763946533
4/10/2025 16:00:00	443.081573486
4/11/2025 16:00:00	451.244506836
4/14/2025 16:00:00	454.303131104
4/15/2025 16:00:00	454.809509277
4/16/2025 16:00:00	441.095458984
4/17/2025 16:00:00	441.016021729
4/21/2025 16:00:00	430.102294922
4/22/2025 16:00:00	441.3934021
4/23/2025 16:00:00	451.403320312
4/24/2025 16:00:00	464.104522705
4/25/2025 16:00:00	469.278381348
4/28/2025 16:00:00	469.129394531
4/29/2025 16:00:00	472.227783203
4/30/2025 16:00:00	472.168182373
5/1/2025 16:00:00	478.334991455
5/2/2025 16:00:00	485.43536377
5/5/2025 16:00:00	482.555511475
5/6/2025 16:00:00	478.066894531
5/7/2025 16:00:00	479.943786621
5/8/2025 16:00:00	484.899169922
5/9/2025 16:00:00	484.581359863
5/12/2025 16:00:00	504.32333374
5/13/2025 16:00:00	512.009521484
5/14/2025 16:00:00	515.078063965
5/15/2025 16:00:00	515.644104004
5/16/2025 16:00:00	517.88848877
5/19/2025 16:00:00	518.385070801
5/20/2025 16:00:00	516.657104492
5/21/2025 16:00:00	509.477264404
5/22/2025 16:00:00	510.430664062
5/23/2025 16:00:00	505.703704834
5/27/2025 16:00:00	517.600463867
5/28/2025 16:00:00	515.306396484
5/29/2025 16:00:00	516.319396973
5/30/2025 16:00:00	515.505126953
6/2/2025 16:00:00	519.576660156
6/3/2025 16:00:00	523.638183594
6/4/2025 16:00:00	525.098022461
6/5/2025 16:00:00	521.145690918
6/6/2025 16:00:00	526.24005127
6/9/2025 16:00:00	527.014648438
6/10/2025 16:00:00	530.500244141
6/11/2025 16:00:00	528.712646484
6/12/2025 16:00:00	529.954101562
6/13/2025 16:00:00	523.300598145
6/16/2025 16:00:00	530.579650879
6/17/2025 16:00:00	525.405883789
6/18/2025 16:00:00	525.316589355
6/20/2025 16:00:00	523.171447754
6/23/2025 16:00:00	528.550964355
6/24/2025 16:00:00	536.633605957
6/25/2025 16:00:00	538.005432129
6/26/2025 16:00:00	543.036010742
6/27/2025 16:00:00	544.895202637
6/30/2025 16:00:00	548.424438477
7/1/2025 16:00:00	543.801574707
7/2/2025 16:00:00	547.589294434
7/3/2025 16:00:00	552.977783203
7/7/2025 16:00:00	548.812194824
7/8/2025 16:00:00	549.120422363
7/9/2025 16:00:00	553.007568359
7/10/2025 16:00:00	552.212280273
7/11/2025 16:00:00	550.969543457
7/14/2025 16:00:00	552.967834473
7/15/2025 16:00:00	553.47479248
7/16/2025 16:00:00	554.041503906
7/17/2025 16:00:00	558.525268555
7/18/2025 16:00:00	557.988464355
7/21/2025 16:00:00	560.881408691
7/22/2025 16:00:00	557.97845459
7/23/2025 16:00:00	560.52355957
7/24/2025 16:00:00	561.716552734
7/25/2025 16:00:00	563.068603516
7/28/2025 16:00:00	564.82824707
7/29/2025 16:00:00	563.953369141
7/30/2025 16:00:00	564.70904541
7/31/2025 16:00:00	561.716552734
8/1/2025 16:00:00	550.651428223
8/4/2025 16:00:00	560.811828613
8/5/2025 16:00:00	557.004150391
8/6/2025 16:00:00	564.013061523
8/7/2025 16:00:00	565.921936035
8/8/2025 16:00:00	571.200927734
8/11/2025 16:00:00	569.510864258
8/12/2025 16:00:00	576.668823242
8/13/2025 16:00:00	576.957214355
8/14/2025 16:00:00	576.509887695
8/15/2025 16:00:00	573.974609375
8/18/2025 16:00:00	573.74597168
8/19/2025 16:00:00	565.961669922
8/20/2025 16:00:00	562.601379395
8/21/2025 16:00:00	559.996643066
8/22/2025 16:00:00	568.635986328
8/25/2025 16:00:00	566.995605469
8/26/2025 16:00:00	569.272277832
8/27/2025 16:00:00	570.147033691
8/28/2025 16:00:00	573.716186523
8/29/2025 16:00:00	567.075134277
9/2/2025 16:00:00	562.322998047
9/3/2025 16:00:00	566.747070312
9/4/2025 16:00:00	571.876953125
9/5/2025 16:00:00	572.702087402
9/8/2025 16:00:00	575.495727539
9/9/2025 16:00:00	577.126220703
9/10/2025 16:00:00	577.315063477
9/11/2025 16:00:00	580.675354004
9/12/2025 16:00:00	583.240234375
9/15/2025 16:00:00	588.231079102
9/16/2025 16:00:00	587.733886719
9/17/2025 16:00:00	586.560852051
9/18/2025 16:00:00	591.849853516
9/19/2025 16:00:00	595.856262207
9/22/2025 16:00:00	599.383789062
9/23/2025 16:00:00	595.402526855
9/24/2025 16:00:00	593.312316895
9/25/2025 16:00:00	590.754394531
9/26/2025 16:00:00	593.182922363
9/29/2025 16:00:00	595.930053711
9/30/2025 16:00:00	597.562316895
10/1/2025 16:00:00	600.428955078
10/2/2025 16:00:00	602.897216797
10/3/2025 16:00:00	600.359191895
10/6/2025 16:00:00	604.868103027
10/7/2025 16:00:00	601.682983398
10/8/2025 16:00:00	608.580566406
10/9/2025 16:00:00	607.844116211
10/10/2025 16:00:00	586.743164062
10/13/2025 16:00:00	599.194702148
10/14/2025 16:00:00	595.203430176
10/15/2025 16:00:00	599.403625488
10/16/2025 16:00:00	597.184082031
10/17/2025 16:00:00	601.105651855
10/20/2025 16:00:00	608.680053711
10/21/2025 16:00:00	608.520874023
10/22/2025 16:00:00	602.65838623
10/23/2025 16:00:00	607.724609375
10/24/2025 16:00:00	614.214111328
10/27/2025 16:00:00	625.152709961
10/28/2025 16:00:00	629.960144043
10/29/2025 16:00:00	632.796813965
10/30/2025 16:00:00	623.122192383
10/31/2025 16:00:00	626.128112793
11/3/2025 16:00:00	629.124023438
11/4/2025 16:00:00	616.354064941
11/5/2025 16:00:00	620.365234375
11/6/2025 16:00:00	608.809448242
11/7/2025 16:00:00	606.88848877
11/10/2025 16:00:00	620.315429688
11/11/2025 16:00:00	618.663208008
11/12/2025 16:00:00	618.175537109
11/13/2025 16:00:00	605.55480957
11/14/2025 16:00:00	606.012573242
11/17/2025 16:00:00	600.836914062
11/18/2025 16:00:00	593.521362305
11/19/2025 16:00:00	597.06463623
11/20/2025 16:00:00	582.931091309
11/21/2025 16:00:00	587.310546875
11/24/2025 16:00:00	602.32989502
11/25/2025 16:00:00	606.042541504
11/26/2025 16:00:00	611.397338867
11/28/2025 16:00:00	616.354064941
12/1/2025 16:00:00	614.283752441
12/2/2025 16:00:00	619.091186523
12/3/2025 16:00:00	620.604125977
12/4/2025 16:00:00	620.026794434
12/5/2025 16:00:00	622.554931641
12/8/2025 16:00:00	621.360534668
12/9/2025 16:00:00	622.12689209
12/10/2025 16:00:00	624.674865723
12/11/2025 16:00:00	622.65447998
12/12/2025 16:00:00	610.750427246
12/15/2025 16:00:00	607.684753418
12/16/2025 16:00:00	608.889099121
12/17/2025 16:00:00	597.602111816
12/18/2025 16:00:00	606.261413574
12/19/2025 16:00:00	614.164306641
12/22/2025 16:00:00	617.108337402
12/23/2025 16:00:00	619.998474121
12/24/2025 16:00:00	621.812255859
12/26/2025 16:00:00	621.772460938
12/29/2025 16:00:00	618.762634277
12/30/2025 16:00:00	617.327575684
12/31/2025 16:00:00	612.224914551
1/2/2026 16:00:00	611.03894043
1/5/2026 16:00:00	615.89239502
1/6/2026 16:00:00	621.304016113
1/7/2026 16:00:00	621.901977539
1/8/2026 16:00:00	618.363952637
1/9/2026 16:00:00	624.523071289
1/12/2026 16:00:00	625.041259766
1/13/2026 16:00:00	624.114501953
1/14/2026 16:00:00	617.447143555
1/15/2026 16:00:00	619.669616699
1/16/2026 16:00:00	619.151367188
1/20/2026 16:00:00	605.996154785
1/21/2026 16:00:00	614.188354492
1/22/2026 16:00:00	618.653015137
1/23/2026 16:00:00	620.606384277
1/26/2026 16:00:00	623.337158203
1/27/2026 16:00:00	628.987854004
1/28/2026 16:00:00	631.070739746
1/29/2026 16:00:00	627.293579102
1/30/2026 16:00:00	619.759216309
2/2/2026 16:00:00	624.014770508
2/3/2026 16:00:00	614.427429199
2/4/2026 16:00:00	603.693969727
2/5/2026 16:00:00	595.003601074
2/6/2026 16:00:00	607.580810547
2/9/2026 16:00:00	612.234924316
2/10/2026 16:00:00	609.394592285
2/11/2026 16:00:00	611.028991699
2/12/2026 16:00:00	598.601379395
2/13/2026 16:00:00	599.876953125
2/17/2026 16:00:00	599.259094238
2/18/2026 16:00:00	603.733825684
2/19/2026 16:00:00	601.421691895
2/20/2026 16:00:00	606.743591309
2/23/2026 16:00:00	599.368713379
2/24/2026 16:00:00	605.80682373
2/25/2026 16:00:00	614.586853027
2/26/2026 16:00:00	607.172180176
2/27/2026 16:00:00	605.228759766
3/2/2026 16:00:00	606.026062012
3/3/2026 16:00:00	599.538146973
3/4/2026 16:00:00	608.677001953
3/5/2026 16:00:00	606.843200684
3/6/2026 16:00:00	597.714355469
3/9/2026 16:00:00	605.69720459
3/10/2026 16:00:00	605.70715332
3/11/2026 16:00:00	605.627380371
3/12/2026 16:00:00	595.232788086
3/13/2026 16:00:00	591.704772949
3/16/2026 16:00:00	598.342224121
3/17/2026 16:00:00	601.262329102
3/18/2026 16:00:00	592.880859375
3/19/2026 16:00:00	591.007141113
3/20/2026 16:00:00	580.084350586
3/23/2026 16:00:00	586.743164062
3/24/2026 16:00:00	582.731689453
3/25/2026 16:00:00	586.563537598
3/26/2026 16:00:00	572.563476562
3/27/2026 16:00:00	561.377441406
3/30/2026 16:00:00	557.086730957
3/31/2026 16:00:00	575.946228027
4/1/2026 16:00:00	583.061035156
4/2/2026 16:00:00	583.729553223
4/6/2026 16:00:00	587.24206543
4/7/2026 16:00:00	587.33190918
4/8/2026 16:00:00	604.794494629
4/9/2026 16:00:00	608.885681152
4/10/2026 16:00:00	609.763793945
4/13/2026 16:00:00	616.070373535
4/14/2026 16:00:00	627.256286621
4/15/2026 16:00:00	636.037536621
4/16/2026 16:00:00	639.100952148
4/17/2026 16:00:00	647.463012695
4/20/2026 16:00:00	645.407409668
4/21/2026 16:00:00	642.952758789
4/22/2026 16:00:00	653.709655762
4/23/2026 16:00:00	650.027526855
4/24/2026 16:00:00	662.4609375
4/27/2026 16:00:00	662.810180664
4/28/2026 16:00:00	656.144470215
4/29/2026 16:00:00	660.155883789
4/30/2026 16:00:00	666.312683105
5/1/2026 16:00:00	672.70904541
5/4/2026 16:00:00	671.441711426
5/5/2026 16:00:00	680.153015137
5/6/2026 16:00:00	694.282775879
5/7/2026 16:00:00	693.454528809
5/8/2026 16:00:00	709.709716797
5/11/2026 16:00:00	711.765319824
5/12/2026 16:00:00	705.728210449
5/13/2026 16:00:00	713.182312012
5/14/2026 16:00:00	718.251403809
5/15/2026 16:00:00	707.414611816
5/18/2026 16:00:00	704.371154785
5/19/2026 16:00:00	700.030517578
5/20/2026 16:00:00	711.625610352
5/21/2026 16:00:00	712.982727051
5/22/2026 16:00:00	716.006225586
5/26/2026 16:00:00	728.718994141
5/27/2026 16:00:00	727.89074707
5/28/2026 16:00:00	734.027648926
5/29/2026 16:00:00	736.731811523
6/1/2026 16:00:00	741.15234375
6/2/2026 16:00:00	744.565002441
6/3/2026 16:00:00	742.619262695
6/4/2026 16:00:00	739.026916504
6/5/2026 16:00:00	703.552856445
6/8/2026 16:00:00	714.539428711
6/9/2026 16:00:00	706.317016602
6/10/2026 16:00:00	692.207214355
6/11/2026 16:00:00	715.587158203
6/12/2026 16:00:00	719.798156738
6/15/2026 16:00:00	742.409667969
6/16/2026 16:00:00	728.299865723
6/17/2026 16:00:00	720.965637207
6/18/2026 16:00:00	739.03692627
6/22/2026 16:00:00	737.18182373
6/23/2026 16:00:00	712.907165527
6/24/2026 16:00:00	709.880310059
6/25/2026 16:00:00	715.634277344
6/26/2026 16:00:00	705.784606934
6/29/2026 16:00:00	723.326293945
6/30/2026 16:00:00	735.633483887
7/1/2026 16:00:00	724.415100098
7/2/2026 16:00:00	711.858215332
7/6/2026 16:00:00	722.067626953
7/7/2026 16:00:00	708.69152832
7/8/2026 16:00:00	710.699462891
7/9/2026 16:00:00	722.527160645
7/10/2026 16:00:00	724.754821777
7/13/2026 16:00:00	710.999084473
7/14/2026 16:00:00	718.940856934
7/15/2026 16:00:00	716.992858887
7/16/2026 16:00:00	705.20513916
7/17/2026 16:00:00	694.606201172
7/20/2026 16:00:00	695.335449219
7/21/2026 16:00:00	708.231994629
7/22/2026 16:00:00	704.615722656
7/23/2026 16:00:00	691.239746094
7/24/2026 16:00:00	683.51776123
7/27/2026 16:00:00	681.409973145
7/28/2026 16:00:00	674.786865234
7/29/2026 16:00:00	661.041137695
7/30/2026 16:00:00	682.838439941
7/31/2026 16:00:00	687.273864746
8/3/2026 16:00:00	699.341308594
8/4/2026 16:00:00	723.096496582
8/5/2026 16:00:00	716.553344727
8/6/2026 16:00:00	713.90612793
8/7/2026 16:00:00	722.277404785
8/10/2026 16:00:00	720.119628906
8/11/2026 16:00:00	717.702148438
8/12/2026 16:00:00	722.946716309
8/13/2026 16:00:00	731.307983398
8/14/2026 16:00:00	730.309020996
8/17/2026 16:00:00	729.110229492
8/18/2026 16:00:00	716.763122559
8/19/2026 16:00:00	715.334594727
8/20/2026 16:00:00	710.189941406
8/21/2026 16:00:00	712.697387695
8/24/2026 16:00:00	705.584777832
8/25/2026 16:00:00	709.980163574
8/26/2026 16:00:00	710.629516602
8/27/2026 16:00:00	720.359375
8/28/2026 16:00:00	715.684265137
8/31/2026 16:00:00	716.013916016
9/1/2026 16:00:00	706.903381348
9/2/2026 16:00:00	708.501708984
9/3/2026 16:00:00	716.922912598
9/4/2026 16:00:00	718.211608887
9/8/2026 16:00:00	717.612243652
9/9/2026 16:00:00	715.56439209
9/10/2026 16:00:00	707.952331543
9/11/2026 16:00:00	714.135864258
9/14/2026 16:00:00	708.441772461
9/15/2026 16:00:00	703.80657959
9/16/2026 16:00:00	703.98638916
9/17/2026 16:00:00	716.173706055
9/18/2026 16:00:00	720.699035645
9/21/2026 16:00:00	741.469970703
9/22/2026 16:00:00	747.460021973
9/23/2026 16:00:00	741.210021973
9/24/2026 16:00:00	741.099975586
9/25/2026 16:00:00	744.849975586
