Date	Close
1/2/1953 16:00:00	0.0310513135548
1/5/1953 16:00:00	0.0314750654092
1/6/1953 16:00:00	0.0307422145231
1/7/1953 16:00:00	0.0303064758489
1/8/1953 16:00:00	0.0302991397576
1/9/1953 16:00:00	0.0293022534437
1/12/1953 16:00:00	0.0286040695548
1/13/1953 16:00:00	0.02914112152
1/14/1953 16:00:00	0.0292717421082
1/15/1953 16:00:00	0.0295408049986
1/16/1953 16:00:00	0.0291169344284
1/19/1953 16:00:00	0.0289723259615
1/20/1953 16:00:00	0.0295136849193
1/21/1953 16:00:00	0.0292289825683
1/22/1953 16:00:00	0.0293597798579
1/23/1953 16:00:00	0.0292144008085
1/26/1953 16:00:00	0.0290695252912
1/27/1953 16:00:00	0.0290624886204
1/28/1953 16:00:00	0.0293300598446
1/29/1953 16:00:00	0.0295992244078
1/30/1953 16:00:00	0.0301479134957
2/2/1953 16:00:00	0.0305625928028
2/3/1953 16:00:00	0.0306971020043
2/4/1953 16:00:00	0.0302626393925
2/5/1953 16:00:00	0.029409439725
2/6/1953 16:00:00	0.0305086086448
2/9/1953 16:00:00	0.0276675825092
2/10/1953 16:00:00	0.0273956787423
2/11/1953 16:00:00	0.0275207355
2/13/1953 16:00:00	0.027910350484
2/16/1953 16:00:00	0.0275035831567
2/17/1953 16:00:00	0.0271008521177
2/18/1953 16:00:00	0.0269635589767
2/19/1953 16:00:00	0.0272175281619
2/20/1953 16:00:00	0.0273419817293
2/24/1953 16:00:00	0.0278611488746
2/25/1953 16:00:00	0.0282536665763
2/26/1953 16:00:00	0.0283811330219
2/27/1953 16:00:00	0.0282395198928
3/2/1953 16:00:00	0.0283669225156
3/3/1953 16:00:00	0.0286292495786
3/4/1953 16:00:00	0.0278093880629
3/5/1953 16:00:00	0.0278025460706
3/6/1953 16:00:00	0.0280613351827
3/9/1953 16:00:00	0.0279208057978
3/10/1953 16:00:00	0.0281802715836
3/11/1953 16:00:00	0.0288432338632
3/12/1953 16:00:00	0.028836137512
3/13/1953 16:00:00	0.0291010819399
3/16/1953 16:00:00	0.0290939221499
3/17/1953 16:00:00	0.0294971799511
3/18/1953 16:00:00	0.0292138180599
3/19/1953 16:00:00	0.0290694764579
3/20/1953 16:00:00	0.0290623244438
3/23/1953 16:00:00	0.0285085473973
3/24/1953 16:00:00	0.0289062288574
3/25/1953 16:00:00	0.0286268448361
3/26/1953 16:00:00	0.0282140669148
3/27/1953 16:00:00	0.0283410528915
3/30/1953 16:00:00	0.0269909022306
3/31/1953 16:00:00	0.0260744559186
4/1/1953 16:00:00	0.0258140688015
4/2/1953 16:00:00	0.0258073489486
4/6/1953 16:00:00	0.0239092127626
4/7/1953 16:00:00	0.0241424800568
4/8/1953 16:00:00	0.0247387530862
4/9/1953 16:00:00	0.0246098440821
4/10/1953 16:00:00	0.0244814054253
4/13/1953 16:00:00	0.0242318397189
4/14/1953 16:00:00	0.024587801777
4/15/1953 16:00:00	0.0248252471109
4/16/1953 16:00:00	0.0246960898693
4/17/1953 16:00:00	0.0238338559515
4/20/1953 16:00:00	0.0240663880362
4/21/1953 16:00:00	0.0239399914146
4/22/1953 16:00:00	0.0233352596314
4/23/1953 16:00:00	0.0225055876571
4/24/1953 16:00:00	0.0226145534865
4/27/1953 16:00:00	0.0229542199723
4/28/1953 16:00:00	0.0234135328307
4/29/1953 16:00:00	0.023878851292
4/30/1953 16:00:00	0.0237532409536
5/1/1953 16:00:00	0.0239849865281
5/4/1953 16:00:00	0.0248168776567
5/5/1953 16:00:00	0.0248104764779
5/6/1953 16:00:00	0.0248040769502
5/7/1953 16:00:00	0.0244305134605
5/8/1953 16:00:00	0.0244242119392
5/11/1953 16:00:00	0.0244179120432
5/12/1953 16:00:00	0.0239272915499
5/13/1953 16:00:00	0.0238016824325
5/14/1953 16:00:00	0.0242715767583
5/15/1953 16:00:00	0.0242653162325
5/18/1953 16:00:00	0.02389748804
5/19/1953 16:00:00	0.0237720353795
5/20/1953 16:00:00	0.0244790647651
5/21/1953 16:00:00	0.0248363011875
5/22/1953 16:00:00	0.0247075486874
5/25/1953 16:00:00	0.0245792634617
5/26/1953 16:00:00	0.0242084863876
5/27/1953 16:00:00	0.023601038003
5/28/1953 16:00:00	0.0230039394653
5/29/1953 16:00:00	0.0232303689344
6/1/1953 16:00:00	0.0221719944889
6/2/1953 16:00:00	0.0222796786398
6/3/1953 16:00:00	0.022160348479
6/4/1953 16:00:00	0.0217016979978
6/5/1953 16:00:00	0.0219195315464
6/8/1953 16:00:00	0.021689148973
6/9/1953 16:00:00	0.0205675609107
6/10/1953 16:00:00	0.0203469702732
6/11/1953 16:00:00	0.0209832134103
6/12/1953 16:00:00	0.0210869825035
6/15/1953 16:00:00	0.020534387049
6/16/1953 16:00:00	0.0204216620868
6/17/1953 16:00:00	0.0211662219683
6/18/1953 16:00:00	0.0211608464198
6/19/1953 16:00:00	0.0211554722366
6/22/1953 16:00:00	0.0213693271098
6/23/1953 16:00:00	0.0218052630176
6/24/1953 16:00:00	0.021799725173
6/25/1953 16:00:00	0.0220177756597
6/26/1953 16:00:00	0.0220121838437
6/29/1953 16:00:00	0.0218940950635
6/30/1953 16:00:00	0.0218885346584
7/1/1953 16:00:00	0.0221070903549
7/2/1953 16:00:00	0.0223271812275
7/3/1953 16:00:00	0.0224351629123
7/6/1953 16:00:00	0.022429589733
7/7/1953 16:00:00	0.0228794410798
7/8/1953 16:00:00	0.0227583990097
7/9/1953 16:00:00	0.0226378041252
7/10/1953 16:00:00	0.0225176554599
7/13/1953 16:00:00	0.0218274033453
7/14/1953 16:00:00	0.0215984923697
7/15/1953 16:00:00	0.0218150293488
7/16/1953 16:00:00	0.0218096102185
7/17/1953 16:00:00	0.0223624589075
7/20/1953 16:00:00	0.0219028437094
7/21/1953 16:00:00	0.0217854631889
7/22/1953 16:00:00	0.0218915810782
7/23/1953 16:00:00	0.0218861429315
7/24/1953 16:00:00	0.0218807061357
7/27/1953 16:00:00	0.0214279649432
7/28/1953 16:00:00	0.0216431699057
7/29/1953 16:00:00	0.0219707653121
7/30/1953 16:00:00	0.022525786202
7/31/1953 16:00:00	0.0233178996342
8/3/1953 16:00:00	0.0235452861681
8/4/1953 16:00:00	0.0233047665938
8/5/1953 16:00:00	0.0230659297279
8/6/1953 16:00:00	0.0234073459576
8/7/1953 16:00:00	0.0232846892825
8/10/1953 16:00:00	0.02327890507
8/11/1953 16:00:00	0.0231567277691
8/12/1953 16:00:00	0.0232669522776
8/13/1953 16:00:00	0.0231448377098
8/14/1953 16:00:00	0.0229072534698
8/17/1953 16:00:00	0.0226713393642
8/18/1953 16:00:00	0.0224370889674
8/19/1953 16:00:00	0.0219774764097
8/20/1953 16:00:00	0.0218600773173
8/21/1953 16:00:00	0.02207770901
8/24/1953 16:00:00	0.0212864078653
8/25/1953 16:00:00	0.0208429778654
8/26/1953 16:00:00	0.0207298055011
8/27/1953 16:00:00	0.0205094676617
8/28/1953 16:00:00	0.0203975527055
8/31/1953 16:00:00	0.0193282655532
9/1/1953 16:00:00	0.019528720084
9/2/1953 16:00:00	0.0198342360604
9/3/1953 16:00:00	0.0197253118046
9/4/1953 16:00:00	0.0199288029349
9/8/1953 16:00:00	0.01992424778
9/9/1953 16:00:00	0.0200243744776
9/10/1953 16:00:00	0.0194946827624
9/11/1953 16:00:00	0.0187682015474
9/14/1953 16:00:00	0.0177584723042
9/15/1953 16:00:00	0.0181418708024
9/16/1953 16:00:00	0.0184324476219
9/17/1953 16:00:00	0.0185275115877
9/18/1953 16:00:00	0.0182244458959
9/21/1953 16:00:00	0.0181217697899
9/22/1953 16:00:00	0.0188045539628
9/23/1953 16:00:00	0.0189008148911
9/24/1953 16:00:00	0.0188964947048
9/25/1953 16:00:00	0.0189930464742
9/28/1953 16:00:00	0.0193935303533
9/29/1953 16:00:00	0.0194917088181
9/30/1953 16:00:00	0.0191784060715
10/1/1953 16:00:00	0.0194795191697
10/2/1953 16:00:00	0.0197843549186
10/5/1953 16:00:00	0.0194686390889
10/6/1953 16:00:00	0.0191563406602
10/7/1953 16:00:00	0.019661160825
10/8/1953 16:00:00	0.0197607864072
10/9/1953 16:00:00	0.0198607346608
10/13/1953 16:00:00	0.0196485119418
10/14/1953 16:00:00	0.0199548998719
10/15/1953 16:00:00	0.0205778435714
10/16/1953 16:00:00	0.0210002934654
10/19/1953 16:00:00	0.0211042400009
10/20/1953 16:00:00	0.0211001028999
10/21/1953 16:00:00	0.0212043575494
10/22/1953 16:00:00	0.0214176814124
10/23/1953 16:00:00	0.0216324029495
10/26/1953 16:00:00	0.021407798275
10/27/1953 16:00:00	0.0212941921357
10/28/1953 16:00:00	0.0213990324335
10/29/1953 16:00:00	0.0221603906633
10/30/1953 16:00:00	0.0220441253582
11/2/1953 16:00:00	0.0223743691502
11/4/1953 16:00:00	0.0219193858649
11/5/1953 16:00:00	0.0222482184981
11/6/1953 16:00:00	0.0222437511971
11/9/1953 16:00:00	0.0223514381605
11/10/1953 16:00:00	0.0215593994601
11/12/1953 16:00:00	0.0217746908376
11/13/1953 16:00:00	0.0219913814691
11/16/1953 16:00:00	0.0215419462155
11/17/1953 16:00:00	0.0212084568654
11/18/1953 16:00:00	0.0213127740597
11/19/1953 16:00:00	0.0215263423657
11/20/1953 16:00:00	0.0216316618245
11/23/1953 16:00:00	0.0214073353226
11/24/1953 16:00:00	0.0218399212599
11/25/1953 16:00:00	0.0218355359424
11/27/1953 16:00:00	0.0221631106667
11/30/1953 16:00:00	0.0224939007842
12/1/1953 16:00:00	0.0224893841517
12/2/1953 16:00:00	0.0229358748364
12/3/1953 16:00:00	0.0230452765887
12/4/1953 16:00:00	0.0230403566051
12/7/1953 16:00:00	0.022920809032
12/8/1953 16:00:00	0.0226874690195
12/9/1953 16:00:00	0.0225691880798
12/10/1953 16:00:00	0.0224513354063
12/11/1953 16:00:00	0.022333910107
12/14/1953 16:00:00	0.0222169112904
12/15/1953 16:00:00	0.0222121681561
12/16/1953 16:00:00	0.0228782633278
12/17/1953 16:00:00	0.0228733790002
12/18/1953 16:00:00	0.0229824826538
12/21/1953 16:00:00	0.0228632353665
12/22/1953 16:00:00	0.0222886723028
12/23/1953 16:00:00	0.0221719104698
12/24/1953 16:00:00	0.0223903840952
12/28/1953 16:00:00	0.0221609512427
12/29/1953 16:00:00	0.0217100264063
12/30/1953 16:00:00	0.0222554766165
12/31/1953 16:00:00	0.0224743983807
1/4/1954 16:00:00	0.0228072790487
1/5/1954 16:00:00	0.0231441427286
1/6/1954 16:00:00	0.0232547374534
1/7/1954 16:00:00	0.0230203029841
1/8/1954 16:00:00	0.0226731379159
1/11/1954 16:00:00	0.0223295219687
1/12/1954 16:00:00	0.02266156215
1/13/1954 16:00:00	0.0231099565863
1/14/1954 16:00:00	0.023449577604
1/15/1954 16:00:00	0.0241395838738
1/18/1954 16:00:00	0.024135234917
1/19/1954 16:00:00	0.0248384343471
1/20/1954 16:00:00	0.024954145459
1/21/1954 16:00:00	0.0250702011792
1/22/1954 16:00:00	0.0253075193016
1/25/1954 16:00:00	0.0255463014628
1/26/1954 16:00:00	0.026031404533
1/27/1954 16:00:00	0.0257787966098
1/28/1954 16:00:00	0.0257741523345
1/29/1954 16:00:00	0.026015758759
2/1/1954 16:00:00	0.0256394180964
2/2/1954 16:00:00	0.0255125496134
2/3/1954 16:00:00	0.0257529077435
2/4/1954 16:00:00	0.0262407911261
2/5/1954 16:00:00	0.0266101831171
2/8/1954 16:00:00	0.0263543977622
2/9/1954 16:00:00	0.0262251866683
2/10/1954 16:00:00	0.0260964124128
2/11/1954 16:00:00	0.0258440024738
2/12/1954 16:00:00	0.0260863018504
2/15/1954 16:00:00	0.0258339897029
2/16/1954 16:00:00	0.0250904785869
2/17/1954 16:00:00	0.025207197417
2/18/1954 16:00:00	0.0252030762403
2/19/1954 16:00:00	0.0254412930089
2/23/1954 16:00:00	0.0251932873005
2/24/1954 16:00:00	0.025189168398
2/25/1954 16:00:00	0.0254272537111
2/26/1954 16:00:00	0.0261542316477
3/1/1954 16:00:00	0.0263982553059
3/2/1954 16:00:00	0.0266436394547
3/3/1954 16:00:00	0.0266391565567
3/4/1954 16:00:00	0.0268859872106
3/5/1954 16:00:00	0.0272607329486
3/8/1954 16:00:00	0.0270009755549
3/9/1954 16:00:00	0.027123197677
3/10/1954 16:00:00	0.0273729140696
3/11/1954 16:00:00	0.0277520409084
3/12/1954 16:00:00	0.0277473715174
3/15/1954 16:00:00	0.0273555302862
3/16/1954 16:00:00	0.0273509276097
3/17/1954 16:00:00	0.0274741337805
3/18/1954 16:00:00	0.0278540635653
3/19/1954 16:00:00	0.0281080834813
3/22/1954 16:00:00	0.0279732241686
3/23/1954 16:00:00	0.0274496942396
3/24/1954 16:00:00	0.0270608653803
3/25/1954 16:00:00	0.0269294644759
3/26/1954 16:00:00	0.0273042217187
3/29/1954 16:00:00	0.0276823971384
3/30/1954 16:00:00	0.0276777394652
3/31/1954 16:00:00	0.0284454846073
4/1/1954 16:00:00	0.0292272096368
4/2/1954 16:00:00	0.0293558887982
4/5/1954 16:00:00	0.0294849307817
4/6/1954 16:00:00	0.0286747555192
4/7/1954 16:00:00	0.0289335414413
4/8/1954 16:00:00	0.0298564512968
4/9/1954 16:00:00	0.029851570004
4/12/1954 16:00:00	0.0305230845999
4/13/1954 16:00:00	0.030792664794
4/14/1954 16:00:00	0.0314780489309
4/15/1954 16:00:00	0.0317531225398
4/19/1954 16:00:00	0.0310433500349
4/20/1954 16:00:00	0.0310382746935
4/21/1954 16:00:00	0.0307556597227
4/22/1954 16:00:00	0.030888549173
4/23/1954 16:00:00	0.0311601130136
4/26/1954 16:00:00	0.0315723415245
4/27/1954 16:00:00	0.0310058936257
4/28/1954 16:00:00	0.031139449864
4/29/1954 16:00:00	0.0325245128229
4/30/1954 16:00:00	0.0328053347322
5/3/1954 16:00:00	0.0325122052262
5/4/1954 16:00:00	0.0327934627398
5/5/1954 16:00:00	0.0327886478266
5/6/1954 16:00:00	0.0336466927737
5/7/1954 16:00:00	0.034226912459
5/10/1954 16:00:00	0.034073932126
5/11/1954 16:00:00	0.0336264106084
5/12/1954 16:00:00	0.0343524823235
5/13/1954 16:00:00	0.0337543021213
5/14/1954 16:00:00	0.034628618836
5/17/1954 16:00:00	0.0347725816152
5/18/1954 16:00:00	0.0347674761171
5/19/1954 16:00:00	0.0343140801293
5/20/1954 16:00:00	0.0347533969454
5/21/1954 16:00:00	0.0353457738677
5/24/1954 16:00:00	0.0353405842105
5/25/1954 16:00:00	0.0350333390399
5/26/1954 16:00:00	0.0359290525455
5/27/1954 16:00:00	0.0356184311925
5/28/1954 16:00:00	0.0360685507646
6/1/1954 16:00:00	0.0360632549854
6/2/1954 16:00:00	0.0359052769015
6/3/1954 16:00:00	0.03590034705
6/4/1954 16:00:00	0.0357428668256
6/7/1954 16:00:00	0.0352816673563
6/8/1954 16:00:00	0.0328644014278
6/9/1954 16:00:00	0.0322850016048
6/10/1954 16:00:00	0.0328486333672
6/11/1954 16:00:00	0.0337060406913
6/14/1954 16:00:00	0.0338475372523
6/15/1954 16:00:00	0.0345755206081
6/16/1954 16:00:00	0.0354624056709
6/17/1954 16:00:00	0.0351553002143
6/18/1954 16:00:00	0.0354509459872
6/21/1954 16:00:00	0.0354460785161
6/22/1954 16:00:00	0.0355922603433
6/23/1954 16:00:00	0.0357388298964
6/24/1954 16:00:00	0.0361895170471
6/25/1954 16:00:00	0.0360314190419
6/28/1954 16:00:00	0.0363318228797
6/29/1954 16:00:00	0.036940893441
6/30/1954 16:00:00	0.0360045383697
7/1/1954 16:00:00	0.0359995948895
7/2/1954 16:00:00	0.0373661180105
7/6/1954 16:00:00	0.0386099273086
7/7/1954 16:00:00	0.0387655863899
7/8/1954 16:00:00	0.0387591562252
7/9/1954 16:00:00	0.0395527671091
7/12/1954 16:00:00	0.0393830983376
7/13/1954 16:00:00	0.039052087635
7/14/1954 16:00:00	0.0393670648942
7/15/1954 16:00:00	0.0396836937092
7/16/1954 16:00:00	0.0391899843632
7/19/1954 16:00:00	0.0388617100697
7/20/1954 16:00:00	0.0382153473288
7/21/1954 16:00:00	0.0390041326866
7/22/1954 16:00:00	0.0399643725242
7/23/1954 16:00:00	0.0401218785791
7/26/1954 16:00:00	0.0402797822808
7/27/1954 16:00:00	0.0409306357345
7/28/1954 16:00:00	0.0412577305132
7/29/1954 16:00:00	0.0417537734798
7/30/1954 16:00:00	0.0424214462086
8/2/1954 16:00:00	0.0429266717253
8/3/1954 16:00:00	0.0427504135935
8/4/1954 16:00:00	0.0425750931651
8/5/1954 16:00:00	0.0420600696969
8/6/1954 16:00:00	0.0403647681659
8/9/1954 16:00:00	0.0393710130195
8/10/1954 16:00:00	0.0403327591199
8/11/1954 16:00:00	0.0416380746949
8/12/1954 16:00:00	0.0412943738349
8/13/1954 16:00:00	0.0417864798557
8/16/1954 16:00:00	0.0431224265494
8/17/1954 16:00:00	0.0432855478263
8/18/1954 16:00:00	0.0431050669305
8/19/1954 16:00:00	0.0434394228494
8/20/1954 16:00:00	0.0437756646677
8/23/1954 16:00:00	0.0429006017447
8/24/1954 16:00:00	0.042208312648
8/25/1954 16:00:00	0.0413547451681
8/26/1954 16:00:00	0.0410131323157
8/27/1954 16:00:00	0.0415029794602
8/30/1954 16:00:00	0.0401582630298
8/31/1954 16:00:00	0.0380251353832
9/1/1954 16:00:00	0.0388053137558
9/2/1954 16:00:00	0.0397556777904
9/3/1954 16:00:00	0.0407214928511
9/7/1954 16:00:00	0.0413729675199
9/8/1954 16:00:00	0.0413656779971
9/9/1954 16:00:00	0.0416923569061
9/10/1954 16:00:00	0.0420194924086
9/13/1954 16:00:00	0.0431898053981
9/14/1954 16:00:00	0.0438668912918
9/15/1954 16:00:00	0.0438587445834
9/16/1954 16:00:00	0.0445439760946
9/17/1954 16:00:00	0.0455860528563
9/20/1954 16:00:00	0.0450474763362
9/21/1954 16:00:00	0.0459227724061
9/22/1954 16:00:00	0.0469877156063
9/23/1954 16:00:00	0.0477069799623
9/24/1954 16:00:00	0.0486151087522
9/27/1954 16:00:00	0.0491624974628
9/28/1954 16:00:00	0.049900139398
9/29/1954 16:00:00	0.0491367139512
9/30/1954 16:00:00	0.0481938720297
10/1/1954 16:00:00	0.0481841950062
10/4/1954 16:00:00	0.0489146883013
10/5/1954 16:00:00	0.0496524653655
10/6/1954 16:00:00	0.0502107059097
10/7/1954 16:00:00	0.0500166079093
10/8/1954 16:00:00	0.0498185771941
10/11/1954 16:00:00	0.0486799367727
10/12/1954 16:00:00	0.0481149070875
10/13/1954 16:00:00	0.0479220928361
10/14/1954 16:00:00	0.0462623203874
10/15/1954 16:00:00	0.0455369317044
10/18/1954 16:00:00	0.0460609378702
10/19/1954 16:00:00	0.046412625628
10/20/1954 16:00:00	0.047483792344
10/21/1954 16:00:00	0.0472965795942
10/22/1954 16:00:00	0.0474704113701
10/25/1954 16:00:00	0.0465533735194
10/26/1954 16:00:00	0.0465456515709
10/27/1954 16:00:00	0.046898280309
10/28/1954 16:00:00	0.046169440114
10/29/1954 16:00:00	0.045268179783
11/1/1954 16:00:00	0.0457893125557
11/3/1954 16:00:00	0.0486236572282
11/4/1954 16:00:00	0.0502790176365
11/5/1954 16:00:00	0.0498926399776
11/8/1954 16:00:00	0.05120359705
11/9/1954 16:00:00	0.0519633361019
11/10/1954 16:00:00	0.0519583047312
11/11/1954 16:00:00	0.0533053486921
11/12/1954 16:00:00	0.0536915361829
11/15/1954 16:00:00	0.0534873654687
11/16/1954 16:00:00	0.0538759585491
11/17/1954 16:00:00	0.0542664038623
11/18/1954 16:00:00	0.0532656657783
11/19/1954 16:00:00	0.0532568304417
11/22/1954 16:00:00	0.0538373385131
11/23/1954 16:00:00	0.056002988732
11/24/1954 16:00:00	0.0570062905848
11/26/1954 16:00:00	0.0586372822277
11/29/1954 16:00:00	0.0586255082337
11/30/1954 16:00:00	0.0571498416301
12/1/1954 16:00:00	0.0556996136576
12/2/1954 16:00:00	0.0566995405499
12/3/1954 16:00:00	0.0583239893097
12/6/1954 16:00:00	0.0595620779939
12/7/1954 16:00:00	0.0603949704769
12/8/1954 16:00:00	0.0601699724261
12/9/1954 16:00:00	0.0593074317034
12/10/1954 16:00:00	0.0586647406787
12/13/1954 16:00:00	0.0586529611713
12/14/1954 16:00:00	0.0573873202511
12/15/1954 16:00:00	0.0586114094
12/16/1954 16:00:00	0.0604834764452
12/17/1954 16:00:00	0.0655895297032
12/20/1954 16:00:00	0.0622041729773
12/21/1954 16:00:00	0.0626266033759
12/22/1954 16:00:00	0.0623970147046
12/23/1954 16:00:00	0.0626053139606
12/27/1954 16:00:00	0.060851858042
12/28/1954 16:00:00	0.0627635271588
12/29/1954 16:00:00	0.0644963761496
12/30/1954 16:00:00	0.0644834256867
12/31/1954 16:00:00	0.0658030859326
1/3/1955 16:00:00	0.0698416024412
1/4/1955 16:00:00	0.0679547312511
1/5/1955 16:00:00	0.0628857274762
1/6/1955 16:00:00	0.0602580869637
1/7/1955 16:00:00	0.0617303895246
1/10/1955 16:00:00	0.0640867187035
1/11/1955 16:00:00	0.0634116455968
1/12/1955 16:00:00	0.0629605835935
1/13/1955 16:00:00	0.0620755084791
1/14/1955 16:00:00	0.0611988839002
1/17/1955 16:00:00	0.0575488996568
1/18/1955 16:00:00	0.0585637811768
1/19/1955 16:00:00	0.0593829927481
1/20/1955 16:00:00	0.0602114908449
1/21/1955 16:00:00	0.0616800111904
1/24/1955 16:00:00	0.0620974520978
1/25/1955 16:00:00	0.0620849833236
1/26/1955 16:00:00	0.0642316797903
1/27/1955 16:00:00	0.0644395098988
1/28/1955 16:00:00	0.0655325120997
1/31/1955 16:00:00	0.0677559580959
2/1/1955 16:00:00	0.0681996486849
2/2/1955 16:00:00	0.067726697735
2/3/1955 16:00:00	0.066570353463
2/4/1955 16:00:00	0.0694939139173
2/7/1955 16:00:00	0.0694799599806
2/8/1955 16:00:00	0.0664454718775
2/9/1955 16:00:00	0.0680129061466
2/10/1955 16:00:00	0.0698349715751
2/11/1955 16:00:00	0.0702894721864
2/14/1955 16:00:00	0.0686381510401
2/15/1955 16:00:00	0.068628127691
2/16/1955 16:00:00	0.067925856945
2/17/1955 16:00:00	0.0683696310423
2/18/1955 16:00:00	0.0683559028545
2/21/1955 16:00:00	0.0681125383318
2/23/1955 16:00:00	0.0678708108167
2/24/1955 16:00:00	0.0669454678865
2/25/1955 16:00:00	0.0664791814594
2/28/1955 16:00:00	0.0673672454918
3/1/1955 16:00:00	0.0678083906497
3/2/1955 16:00:00	0.0696212637924
3/3/1955 16:00:00	0.0703067025714
3/4/1955 16:00:00	0.0714628258104
3/7/1955 16:00:00	0.0700302506581
3/8/1955 16:00:00	0.0660522125761
3/9/1955 16:00:00	0.0640215178791
3/10/1955 16:00:00	0.0653256768469
3/11/1955 16:00:00	0.0619758340336
3/14/1955 16:00:00	0.0572400582175
3/15/1955 16:00:00	0.0610943033061
3/16/1955 16:00:00	0.0623584422481
3/17/1955 16:00:00	0.0629964028732
3/18/1955 16:00:00	0.0632004843393
3/21/1955 16:00:00	0.0621018751084
3/22/1955 16:00:00	0.0631625945322
3/23/1955 16:00:00	0.0655384538201
3/24/1955 16:00:00	0.0670857920961
3/25/1955 16:00:00	0.0670723216949
3/28/1955 16:00:00	0.0663813557997
3/29/1955 16:00:00	0.066592288182
3/30/1955 16:00:00	0.0645564289309
3/31/1955 16:00:00	0.0649836238798
4/1/1955 16:00:00	0.0669598701893
4/4/1955 16:00:00	0.066044608639
4/5/1955 16:00:00	0.0669248482069
4/6/1955 16:00:00	0.0678127548793
4/7/1955 16:00:00	0.0687083598032
4/11/1955 16:00:00	0.0693824114742
4/12/1955 16:00:00	0.07052228943
4/13/1955 16:00:00	0.0707413890552
4/14/1955 16:00:00	0.0711946387462
4/15/1955 16:00:00	0.0718844661155
4/18/1955 16:00:00	0.0737599989981
4/19/1955 16:00:00	0.0732643160545
4/20/1955 16:00:00	0.0737290405059
4/21/1955 16:00:00	0.073954044833
4/22/1955 16:00:00	0.0720130290918
4/25/1955 16:00:00	0.0724702166546
4/26/1955 16:00:00	0.0736427495472
4/27/1955 16:00:00	0.0724311408871
4/28/1955 16:00:00	0.0698125819358
4/29/1955 16:00:00	0.0714181920366
5/2/1955 16:00:00	0.071872291216
5/3/1955 16:00:00	0.0697332915969
5/4/1955 16:00:00	0.069486745915
5/5/1955 16:00:00	0.0703938051448
5/6/1955 16:00:00	0.0706111876731
5/9/1955 16:00:00	0.0708297133746
5/10/1955 16:00:00	0.0703495501858
5/11/1955 16:00:00	0.0680149525728
5/12/1955 16:00:00	0.0666403420568
5/13/1955 16:00:00	0.0679703991359
5/16/1955 16:00:00	0.0656850001318
5/17/1955 16:00:00	0.0652270029443
5/18/1955 16:00:00	0.0669856433293
5/19/1955 16:00:00	0.0681011105691
5/20/1955 16:00:00	0.0694506492603
5/23/1955 16:00:00	0.0678275672446
5/24/1955 16:00:00	0.0675870294751
5/25/1955 16:00:00	0.0684773108931
5/26/1955 16:00:00	0.0698302285958
5/27/1955 16:00:00	0.0700457925965
5/31/1955 16:00:00	0.0697989092184
6/1/1955 16:00:00	0.0702452439325
6/2/1955 16:00:00	0.0704615778669
6/3/1955 16:00:00	0.0723043589106
6/6/1955 16:00:00	0.0796133574371
6/7/1955 16:00:00	0.0813575206185
6/8/1955 16:00:00	0.0767444492384
6/9/1955 16:00:00	0.0755006255317
6/10/1955 16:00:00	0.0766978038805
6/13/1955 16:00:00	0.0788886009681
6/14/1955 16:00:00	0.0791211064786
6/15/1955 16:00:00	0.0803555658413
6/16/1955 16:00:00	0.0808437478199
6/17/1955 16:00:00	0.0815877891178
6/20/1955 16:00:00	0.0818265124148
6/21/1955 16:00:00	0.08385664421
6/22/1955 16:00:00	0.0843588519218
6/23/1955 16:00:00	0.0853870065734
6/24/1955 16:00:00	0.0864216509851
6/27/1955 16:00:00	0.0866683633094
6/28/1955 16:00:00	0.085319971866
6/29/1955 16:00:00	0.0853011473008
6/30/1955 16:00:00	0.0868603542799
7/1/1955 16:00:00	0.0876397017918
7/5/1955 16:00:00	0.0908332261713
7/6/1955 16:00:00	0.100408244292
7/7/1955 16:00:00	0.0962877950418
7/8/1955 16:00:00	0.0965511450599
7/11/1955 16:00:00	0.0971000264332
7/12/1955 16:00:00	0.0970786027766
7/13/1955 16:00:00	0.093624148778
7/14/1955 16:00:00	0.0936034920214
7/15/1955 16:00:00	0.0946993824707
7/18/1955 16:00:00	0.0941163688405
7/19/1955 16:00:00	0.0924154022125
7/20/1955 16:00:00	0.0932255306839
7/21/1955 16:00:00	0.0959878135386
7/22/1955 16:00:00	0.0982362978611
7/25/1955 16:00:00	0.101383536338
7/26/1955 16:00:00	0.101949949418
7/27/1955 16:00:00	0.103404050481
7/28/1955 16:00:00	0.101295275264
7/29/1955 16:00:00	0.101566819438
8/1/1955 16:00:00	0.0971279779279
8/2/1955 16:00:00	0.0976778891509
8/3/1955 16:00:00	0.0982297894016
8/4/1955 16:00:00	0.0930280299293
8/5/1955 16:00:00	0.0943923137742
8/8/1955 16:00:00	0.0926885898636
8/9/1955 16:00:00	0.0887927474553
8/10/1955 16:00:00	0.0887713949137
8/11/1955 16:00:00	0.0911686425247
8/12/1955 16:00:00	0.091693730492
8/15/1955 16:00:00	0.0911221794417
8/16/1955 16:00:00	0.0891862670437
8/17/1955 16:00:00	0.0894342647855
8/18/1955 16:00:00	0.0888729133176
8/19/1955 16:00:00	0.0899261938579
8/22/1955 16:00:00	0.0896332784997
8/23/1955 16:00:00	0.0931245611876
8/24/1955 16:00:00	0.0936560363618
8/25/1955 16:00:00	0.0947462593015
8/26/1955 16:00:00	0.0958442814158
8/29/1955 16:00:00	0.0958207767468
8/30/1955 16:00:00	0.0952325188435
8/31/1955 16:00:00	0.0968963544965
9/1/1955 16:00:00	0.0982947496639
9/2/1955 16:00:00	0.0997063025131
9/6/1955 16:00:00	0.10141988543
9/7/1955 16:00:00	0.101101892354
9/8/1955 16:00:00	0.101369582096
9/9/1955 16:00:00	0.101343676536
9/12/1955 16:00:00	0.103367118013
9/13/1955 16:00:00	0.107494185424
9/14/1955 16:00:00	0.108988783341
9/15/1955 16:00:00	0.107118259932
9/16/1955 16:00:00	0.109519768909
9/19/1955 16:00:00	0.109799475986
9/20/1955 16:00:00	0.109462178713
9/21/1955 16:00:00	0.111282013268
9/22/1955 16:00:00	0.111253044617
9/23/1955 16:00:00	0.113092138361
9/26/1955 16:00:00	0.0904017686086
9/27/1955 16:00:00	0.0965783238856
9/28/1955 16:00:00	0.101339403741
9/29/1955 16:00:00	0.0992780020573
9/30/1955 16:00:00	0.096671795175
10/3/1955 16:00:00	0.0887627164259
10/4/1955 16:00:00	0.0908652403494
10/5/1955 16:00:00	0.0919207408632
10/6/1955 16:00:00	0.089993128307
10/7/1955 16:00:00	0.0878244516557
10/10/1955 16:00:00	0.0801527955361
10/11/1955 16:00:00	0.0779004914886
10/12/1955 16:00:00	0.0822571845898
10/13/1955 16:00:00	0.0812271202394
10/14/1955 16:00:00	0.080205870203
10/17/1955 16:00:00	0.0809280210551
10/18/1955 16:00:00	0.0826514233701
10/19/1955 16:00:00	0.084904717579
10/20/1955 16:00:00	0.0879700596741
10/21/1955 16:00:00	0.0879467406266
10/24/1955 16:00:00	0.0900299365179
10/25/1955 16:00:00	0.0881341618684
10/26/1955 16:00:00	0.0860019061155
10/27/1955 16:00:00	0.0862384110143
10/28/1955 16:00:00	0.0862155509911
10/31/1955 16:00:00	0.0861926970275
11/1/1955 16:00:00	0.0856506160075
11/2/1955 16:00:00	0.086144917527
11/3/1955 16:00:00	0.0913115351501
11/4/1955 16:00:00	0.0958708818154
11/7/1955 16:00:00	0.0969591669533
11/9/1955 16:00:00	0.10001895448
11/10/1955 16:00:00	0.100565069121
11/11/1955 16:00:00	0.104273685393
11/14/1955 16:00:00	0.112191640561
11/15/1955 16:00:00	0.110617979213
11/16/1955 16:00:00	0.108447663523
11/17/1955 16:00:00	0.106005013478
11/18/1955 16:00:00	0.1053824931
11/21/1955 16:00:00	0.10328033978
11/22/1955 16:00:00	0.106171186589
11/23/1955 16:00:00	0.106438334509
11/25/1955 16:00:00	0.106110139558
11/28/1955 16:00:00	0.103999315618
11/29/1955 16:00:00	0.105142608679
11/30/1955 16:00:00	0.104521962567
12/1/1955 16:00:00	0.103610224233
12/2/1955 16:00:00	0.103873112454
12/5/1955 16:00:00	0.105600768763
12/6/1955 16:00:00	0.105570680925
12/7/1955 16:00:00	0.104356631406
12/8/1955 16:00:00	0.106382704108
12/9/1955 16:00:00	0.106649828813
12/12/1955 16:00:00	0.103342492029
12/13/1955 16:00:00	0.103604700938
12/14/1955 16:00:00	0.100946608517
12/15/1955 16:00:00	0.100632797687
12/16/1955 16:00:00	0.100891035643
12/19/1955 16:00:00	0.100288501825
12/20/1955 16:00:00	0.0996884831061
12/21/1955 16:00:00	0.105635697722
12/22/1955 16:00:00	0.102354257787
12/23/1955 16:00:00	0.102903912615
12/27/1955 16:00:00	0.101132099821
12/28/1955 16:00:00	0.0999551440467
12/29/1955 16:00:00	0.100497161698
12/30/1955 16:00:00	0.102468945419
1/3/1956 16:00:00	0.100413527818
1/4/1956 16:00:00	0.0992432516989
1/5/1956 16:00:00	0.0989415384544
1/6/1956 16:00:00	0.100326798518
1/9/1956 16:00:00	0.0960188712257
1/10/1956 16:00:00	0.0934987158496
1/11/1956 16:00:00	0.0951048946807
1/12/1956 16:00:00	0.0972793278153
1/13/1956 16:00:00	0.0966930693323
1/16/1956 16:00:00	0.0933280789294
1/17/1956 16:00:00	0.0954740134346
1/18/1956 16:00:00	0.0935171147851
1/19/1956 16:00:00	0.0907719490508
1/20/1956 16:00:00	0.0875486399032
1/23/1956 16:00:00	0.086743559094
1/24/1956 16:00:00	0.0900783264917
1/25/1956 16:00:00	0.0905825338265
1/26/1956 16:00:00	0.0889613379006
1/27/1956 16:00:00	0.0881479476322
1/30/1956 16:00:00	0.0891670332247
1/31/1956 16:00:00	0.0909828348727
2/1/1956 16:00:00	0.0922896683558
2/2/1956 16:00:00	0.0933396374789
2/3/1956 16:00:00	0.0971080719131
2/6/1956 16:00:00	0.0970804038196
2/7/1956 16:00:00	0.0959400742245
2/8/1956 16:00:00	0.0928772428013
2/9/1956 16:00:00	0.0898808683245
2/10/1956 16:00:00	0.0895911628336
2/13/1956 16:00:00	0.0893021330425
2/14/1956 16:00:00	0.0882250446683
2/15/1956 16:00:00	0.091850599036
2/16/1956 16:00:00	0.0907532848929
2/17/1956 16:00:00	0.0949773373361
2/20/1956 16:00:00	0.0944028565211
2/21/1956 16:00:00	0.0951936932789
2/23/1956 16:00:00	0.0976336551424
2/24/1956 16:00:00	0.10011402825
2/27/1956 16:00:00	0.0998021621079
2/28/1956 16:00:00	0.100904629099
2/29/1956 16:00:00	0.100021559757
3/1/1956 16:00:00	0.101408460981
3/2/1956 16:00:00	0.103093513437
3/5/1956 16:00:00	0.10479680406
3/6/1956 16:00:00	0.104766945288
3/7/1956 16:00:00	0.104445265092
3/8/1956 16:00:00	0.105289119293
3/9/1956 16:00:00	0.109064751068
3/12/1956 16:00:00	0.11202996064
3/13/1956 16:00:00	0.111693059248
3/14/1956 16:00:00	0.115008983961
3/15/1956 16:00:00	0.118389799584
3/16/1956 16:00:00	0.119304873049
3/19/1956 16:00:00	0.122767382237
3/20/1956 16:00:00	0.124675950224
3/21/1956 16:00:00	0.120059158961
3/22/1956 16:00:00	0.123534209597
3/23/1956 16:00:00	0.124149192202
3/26/1956 16:00:00	0.122809274609
3/27/1956 16:00:00	0.119860531151
3/28/1956 16:00:00	0.121737354337
3/29/1956 16:00:00	0.121702668853
4/2/1956 16:00:00	0.123276398567
4/3/1956 16:00:00	0.121943628276
4/4/1956 16:00:00	0.123841089398
4/5/1956 16:00:00	0.122179170242
4/6/1956 16:00:00	0.12407859376
4/9/1956 16:00:00	0.122414913206
4/10/1956 16:00:00	0.117216663992
4/11/1956 16:00:00	0.120003988406
4/12/1956 16:00:00	0.117741606027
4/13/1956 16:00:00	0.117393802058
4/16/1956 16:00:00	0.1173580249
4/17/1956 16:00:00	0.117009305404
4/18/1956 16:00:00	0.115725644992
4/19/1956 16:00:00	0.114451638792
4/20/1956 16:00:00	0.115649630524
4/23/1956 16:00:00	0.114993725009
4/24/1956 16:00:00	0.112176573052
4/25/1956 16:00:00	0.110926379694
4/26/1956 16:00:00	0.113607906516
4/27/1956 16:00:00	0.117251236962
4/30/1956 16:00:00	0.120032036524
5/1/1956 16:00:00	0.118406328635
5/2/1956 16:00:00	0.118370242897
5/3/1956 16:00:00	0.119593426059
5/4/1956 16:00:00	0.120824753373
5/7/1956 16:00:00	0.118554374411
5/8/1956 16:00:00	0.117258143915
5/9/1956 16:00:00	0.116597031332
5/10/1956 16:00:00	0.110954872162
5/11/1956 16:00:00	0.110619822396
5/14/1956 16:00:00	0.108782525628
5/15/1956 16:00:00	0.105182732673
5/16/1956 16:00:00	0.103116756738
5/17/1956 16:00:00	0.106812442369
5/18/1956 16:00:00	0.105312686127
5/21/1956 16:00:00	0.102664728343
5/22/1956 16:00:00	0.0977763888893
5/23/1956 16:00:00	0.0960878014924
5/24/1956 16:00:00	0.0933261630462
5/25/1956 16:00:00	0.0932977207869
5/28/1956 16:00:00	0.0900552030348
5/29/1956 16:00:00	0.0963045965732
5/31/1956 16:00:00	0.0968219141312
6/1/1956 16:00:00	0.099260953886
6/4/1956 16:00:00	0.100903640354
6/5/1956 16:00:00	0.101154742512
6/6/1956 16:00:00	0.0997124528766
6/7/1956 16:00:00	0.10192058374
6/8/1956 16:00:00	0.0962167624662
6/11/1956 16:00:00	0.100007008283
6/12/1956 16:00:00	0.104174585341
6/13/1956 16:00:00	0.104430347252
6/14/1956 16:00:00	0.10382261821
6/15/1956 16:00:00	0.104077779844
6/18/1956 16:00:00	0.102609844988
6/19/1956 16:00:00	0.103147574405
6/20/1956 16:00:00	0.104257994021
6/21/1956 16:00:00	0.106526028848
6/22/1956 16:00:00	0.105327220391
6/25/1956 16:00:00	0.104137678684
6/26/1956 16:00:00	0.106403096164
6/27/1956 16:00:00	0.108704885705
6/28/1956 16:00:00	0.108971463994
6/29/1956 16:00:00	0.108050703258
7/2/1956 16:00:00	0.1077236246
7/3/1956 16:00:00	0.110332518307
7/5/1956 16:00:00	0.113579049108
7/6/1956 16:00:00	0.115368183768
7/9/1956 16:00:00	0.11686853659
7/10/1956 16:00:00	0.119000975403
7/11/1956 16:00:00	0.119905014654
7/12/1956 16:00:00	0.119238498366
7/13/1956 16:00:00	0.12014351558
7/16/1956 16:00:00	0.123260273526
7/17/1956 16:00:00	0.12450555609
7/18/1956 16:00:00	0.12446761154
7/19/1956 16:00:00	0.124429678553
7/20/1956 16:00:00	0.124714392422
7/23/1956 16:00:00	0.124676384226
7/24/1956 16:00:00	0.124638387614
7/25/1956 16:00:00	0.125246197336
7/26/1956 16:00:00	0.125532536056
7/27/1956 16:00:00	0.122574917217
7/30/1956 16:00:00	0.121899150025
7/31/1956 16:00:00	0.124723979852
8/1/1956 16:00:00	0.126300764295
8/2/1956 16:00:00	0.1265883915
8/3/1956 16:00:00	0.12654981218
8/6/1956 16:00:00	0.121297175104
8/7/1956 16:00:00	0.122843722381
8/8/1956 16:00:00	0.124083688686
8/9/1956 16:00:00	0.124045872705
8/10/1956 16:00:00	0.122079894062
8/13/1956 16:00:00	0.118545608462
8/14/1956 16:00:00	0.114145838247
8/15/1956 16:00:00	0.121099571653
8/16/1956 16:00:00	0.120430841265
8/17/1956 16:00:00	0.119764709048
8/20/1956 16:00:00	0.115652446978
8/21/1956 16:00:00	0.113167369337
8/22/1956 16:00:00	0.109511524415
8/23/1956 16:00:00	0.113611181313
8/24/1956 16:00:00	0.113274131448
8/27/1956 16:00:00	0.111124789694
8/28/1956 16:00:00	0.11049393319
8/29/1956 16:00:00	0.108983031931
8/30/1956 16:00:00	0.106018277791
8/31/1956 16:00:00	0.110024487939
9/4/1956 16:00:00	0.112650656414
9/5/1956 16:00:00	0.113515294904
9/6/1956 16:00:00	0.114082252239
9/7/1956 16:00:00	0.111925108126
9/10/1956 16:00:00	0.110094785833
9/11/1956 16:00:00	0.108876293631
9/12/1956 16:00:00	0.106493215251
9/13/1956 16:00:00	0.100102192406
9/14/1956 16:00:00	0.107279275101
9/17/1956 16:00:00	0.106664041042
9/18/1956 16:00:00	0.104316918021
9/19/1956 16:00:00	0.100585321726
9/20/1956 16:00:00	0.100556662892
9/21/1956 16:00:00	0.102746268574
9/24/1956 16:00:00	0.101585901066
9/25/1956 16:00:00	0.0973590126134
9/26/1956 16:00:00	0.097870808709
9/27/1956 16:00:00	0.0964759363485
9/28/1956 16:00:00	0.0948246881862
10/1/1956 16:00:00	0.0907909894346
10/2/1956 16:00:00	0.0956854826136
10/3/1956 16:00:00	0.100483409775
10/4/1956 16:00:00	0.100450792541
10/5/1956 16:00:00	0.101526099048
10/8/1956 16:00:00	0.101493143354
10/9/1956 16:00:00	0.0997872344562
10/10/1956 16:00:00	0.103890148537
10/11/1956 16:00:00	0.103573840757
10/12/1956 16:00:00	0.104952590915
10/15/1956 16:00:00	0.104063705488
10/16/1956 16:00:00	0.102330155935
10/17/1956 16:00:00	0.100056620194
10/18/1956 16:00:00	0.10057989483
10/19/1956 16:00:00	0.0997167700807
10/22/1956 16:00:00	0.0996848765424
10/23/1956 16:00:00	0.0988276354414
10/24/1956 16:00:00	0.0977019934203
10/25/1956 16:00:00	0.0971279554383
10/26/1956 16:00:00	0.0997994317214
10/29/1956 16:00:00	0.100592583279
10/30/1956 16:00:00	0.100283324053
10/31/1956 16:00:00	0.0952830846299
11/1/1956 16:00:00	0.101118464753
11/2/1956 16:00:00	0.104135832728
11/5/1956 16:00:00	0.108060133956
11/7/1956 16:00:00	0.104838297311
11/8/1956 16:00:00	0.102249542615
11/9/1956 16:00:00	0.099704306911
11/12/1956 16:00:00	0.100769604671
11/13/1956 16:00:00	0.0990788937292
11/14/1956 16:00:00	0.0974075595315
11/15/1956 16:00:00	0.095756409943
11/16/1956 16:00:00	0.0957253271084
11/19/1956 16:00:00	0.0930253326038
11/20/1956 16:00:00	0.0903771625724
11/21/1956 16:00:00	0.0890644897122
11/23/1956 16:00:00	0.0918329336666
11/26/1956 16:00:00	0.0902466340037
11/27/1956 16:00:00	0.0904737221428
11/28/1956 16:00:00	0.0873683259944
11/29/1956 16:00:00	0.0873538339467
11/30/1956 16:00:00	0.0913404686757
12/3/1956 16:00:00	0.0967344286254
12/4/1956 16:00:00	0.0958983981402
12/5/1956 16:00:00	0.0993334763774
12/6/1956 16:00:00	0.102030174074
12/7/1956 16:00:00	0.103385850229
12/10/1956 16:00:00	0.101951398574
12/11/1956 16:00:00	0.0996979476887
12/12/1956 16:00:00	0.0974823837844
12/13/1956 16:00:00	0.0998820725672
12/14/1956 16:00:00	0.100123300043
12/17/1956 16:00:00	0.100090799702
12/18/1956 16:00:00	0.100058309911
12/19/1956 16:00:00	0.0992061692443
12/20/1956 16:00:00	0.0969956060745
12/21/1956 16:00:00	0.0988414553039
12/26/1956 16:00:00	0.0988093710538
12/27/1956 16:00:00	0.0987777677391
12/28/1956 16:00:00	0.0998311741372
12/31/1956 16:00:00	0.100618550161
1/2/1957 16:00:00	0.0975645859158
1/3/1957 16:00:00	0.100238602563
1/4/1957 16:00:00	0.100479940758
1/7/1957 16:00:00	0.0990758968871
1/8/1957 16:00:00	0.0979569808119
1/9/1957 16:00:00	0.09712219533
1/10/1957 16:00:00	0.0978986628241
1/11/1957 16:00:00	0.0973284590695
1/14/1957 16:00:00	0.0951503781086
1/15/1957 16:00:00	0.0908910393971
1/16/1957 16:00:00	0.0913749449614
1/17/1957 16:00:00	0.0913489103541
1/18/1957 16:00:00	0.0877201454171
1/21/1957 16:00:00	0.0861907561437
1/22/1957 16:00:00	0.0869047918472
1/23/1957 16:00:00	0.0888656987912
1/24/1957 16:00:00	0.0898492612254
1/25/1957 16:00:00	0.0888038931039
1/28/1957 16:00:00	0.0867587062131
1/29/1957 16:00:00	0.0879711356663
1/30/1957 16:00:00	0.0891945410901
1/31/1957 16:00:00	0.0881548852437
2/1/1957 16:00:00	0.0873742376917
2/4/1957 16:00:00	0.0868475435827
2/5/1957 16:00:00	0.0830973150122
2/6/1957 16:00:00	0.0825886177947
2/7/1957 16:00:00	0.0816024061563
2/8/1957 16:00:00	0.0799105625285
2/11/1957 16:00:00	0.0756623430943
2/12/1957 16:00:00	0.0747334520636
2/13/1957 16:00:00	0.0780721986907
2/14/1957 16:00:00	0.0778161009401
2/15/1957 16:00:00	0.0805535433952
2/18/1957 16:00:00	0.0802918587827
2/19/1957 16:00:00	0.0805007963527
2/20/1957 16:00:00	0.0811808128751
2/21/1957 16:00:00	0.0804444250613
2/25/1957 16:00:00	0.0799478773113
2/26/1957 16:00:00	0.0801561482733
2/27/1957 16:00:00	0.0798955259723
2/28/1957 16:00:00	0.0791673848597
3/1/1957 16:00:00	0.0817004760039
3/4/1957 16:00:00	0.0835739668399
3/5/1957 16:00:00	0.084511153467
3/6/1957 16:00:00	0.0844837208782
3/7/1957 16:00:00	0.0844562971942
3/8/1957 16:00:00	0.0834581203753
3/11/1957 16:00:00	0.0817458175585
3/12/1957 16:00:00	0.0817192826066
3/13/1957 16:00:00	0.0833540388767
3/14/1957 16:00:00	0.083567426234
3/15/1957 16:00:00	0.0832994716644
3/18/1957 16:00:00	0.082070997704
3/19/1957 16:00:00	0.083233791947
3/20/1957 16:00:00	0.0834468714706
3/21/1957 16:00:00	0.0836602652489
3/22/1957 16:00:00	0.0833922443739
3/25/1957 16:00:00	0.0824038811034
3/26/1957 16:00:00	0.0823771325419
3/27/1957 16:00:00	0.0835435960676
3/28/1957 16:00:00	0.0840025075592
3/29/1957 16:00:00	0.0834924670466
4/1/1957 16:00:00	0.083706144093
4/2/1957 16:00:00	0.0853643314188
4/3/1957 16:00:00	0.0860683161551
4/4/1957 16:00:00	0.0853047514727
4/5/1957 16:00:00	0.0855207891409
4/8/1957 16:00:00	0.085004803574
4/9/1957 16:00:00	0.0874082346793
4/10/1957 16:00:00	0.0883703232716
4/11/1957 16:00:00	0.0883416379842
4/12/1957 16:00:00	0.088312962008
4/15/1957 16:00:00	0.0882842953402
4/16/1957 16:00:00	0.0885047940322
4/17/1957 16:00:00	0.0889751522795
4/18/1957 16:00:00	0.0909494635845
4/22/1957 16:00:00	0.0911739898809
4/23/1957 16:00:00	0.0924165897219
4/24/1957 16:00:00	0.0926433037528
4/25/1957 16:00:00	0.09184191809
4/26/1957 16:00:00	0.0913009264048
4/29/1957 16:00:00	0.0927986287518
4/30/1957 16:00:00	0.0927685060223
5/1/1957 16:00:00	0.0945388908771
5/2/1957 16:00:00	0.0968521426963
5/3/1957 16:00:00	0.0962914575019
5/6/1957 16:00:00	0.0959966294813
5/7/1957 16:00:00	0.0951764552777
5/8/1957 16:00:00	0.0961914558111
5/9/1957 16:00:00	0.0964235295396
5/10/1957 16:00:00	0.0977106922735
5/13/1957 16:00:00	0.0995409755606
5/14/1957 16:00:00	0.0981623029875
5/15/1957 16:00:00	0.0991974207465
5/16/1957 16:00:00	0.10050814632
5/17/1957 16:00:00	0.101288255393
5/20/1957 16:00:00	0.102616778186
5/21/1957 16:00:00	0.102583468454
5/22/1957 16:00:00	0.101177509386
5/23/1957 16:00:00	0.101144666845
5/24/1957 16:00:00	0.101655623497
5/27/1957 16:00:00	0.0986220572654
5/28/1957 16:00:00	0.0980555073368
5/29/1957 16:00:00	0.100685818679
5/31/1957 16:00:00	0.102820364126
6/3/1957 16:00:00	0.102512312359
6/4/1957 16:00:00	0.101930842353
6/5/1957 16:00:00	0.101897755278
6/6/1957 16:00:00	0.105139963935
6/7/1957 16:00:00	0.105384474649
6/10/1957 16:00:00	0.105908348463
6/11/1957 16:00:00	0.106153904237
6/12/1957 16:00:00	0.106960454387
6/13/1957 16:00:00	0.107489178693
6/14/1957 16:00:00	0.107454287364
6/17/1957 16:00:00	0.107984460582
6/18/1957 16:00:00	0.106815713359
6/19/1957 16:00:00	0.104530314458
6/20/1957 16:00:00	0.102555502416
6/21/1957 16:00:00	0.10060614002
6/24/1957 16:00:00	0.0984118469936
6/25/1957 16:00:00	0.100775862402
6/26/1957 16:00:00	0.100202313766
6/27/1957 16:00:00	0.101247232011
6/28/1957 16:00:00	0.102027960667
7/1/1957 16:00:00	0.10253996029
7/2/1957 16:00:00	0.105514514328
7/3/1957 16:00:00	0.109102681287
7/5/1957 16:00:00	0.110491583198
7/8/1957 16:00:00	0.112179156186
7/9/1957 16:00:00	0.112142742476
7/10/1957 16:00:00	0.112686389253
7/11/1957 16:00:00	0.111777024746
7/12/1957 16:00:00	0.113187381234
7/15/1957 16:00:00	0.113442360305
7/16/1957 16:00:00	0.111944905306
7/17/1957 16:00:00	0.109592466146
7/18/1957 16:00:00	0.109271495036
7/19/1957 16:00:00	0.109520833576
7/22/1957 16:00:00	0.108914861758
7/23/1957 16:00:00	0.1094477591
7/24/1957 16:00:00	0.109697252216
7/25/1957 16:00:00	0.109948111041
7/26/1957 16:00:00	0.108769113622
7/29/1957 16:00:00	0.105045115143
7/30/1957 16:00:00	0.105011017165
7/31/1957 16:00:00	0.104977430308
8/1/1957 16:00:00	0.104390383477
8/2/1957 16:00:00	0.103528732872
8/5/1957 16:00:00	0.100751432782
8/6/1957 16:00:00	0.0969472845397
8/7/1957 16:00:00	0.0992782489724
8/8/1957 16:00:00	0.0981794705762
8/9/1957 16:00:00	0.0984122358999
8/12/1957 16:00:00	0.0946699553314
8/13/1957 16:00:00	0.0946373467912
8/14/1957 16:00:00	0.0909903470974
8/15/1957 16:00:00	0.0909608113419
8/16/1957 16:00:00	0.0914320263148
8/19/1957 16:00:00	0.0858531616481
8/20/1957 16:00:00	0.0882397202563
8/21/1957 16:00:00	0.0891925022646
8/22/1957 16:00:00	0.08742925144
8/23/1957 16:00:00	0.0834871406792
8/26/1957 16:00:00	0.0801393576782
8/27/1957 16:00:00	0.0840287711899
8/28/1957 16:00:00	0.0842359779859
8/29/1957 16:00:00	0.0832525759661
8/30/1957 16:00:00	0.0872391653416
9/3/1957 16:00:00	0.0886694942763
9/4/1957 16:00:00	0.0864204558893
9/5/1957 16:00:00	0.0849433882814
9/6/1957 16:00:00	0.0841946131682
9/9/1957 16:00:00	0.0820234012607
9/10/1957 16:00:00	0.0796566722686
9/11/1957 16:00:00	0.0816897159873
9/12/1957 16:00:00	0.0849213340846
9/13/1957 16:00:00	0.0846514078345
9/16/1957 16:00:00	0.0834282971861
9/17/1957 16:00:00	0.0836340232715
9/18/1957 16:00:00	0.0840765105404
9/19/1957 16:00:00	0.0823849167972
9/20/1957 16:00:00	0.0783760881445
9/23/1957 16:00:00	0.0729162776191
9/24/1957 16:00:00	0.0743983279012
9/25/1957 16:00:00	0.0743712256532
9/26/1957 16:00:00	0.0723793357315
9/27/1957 16:00:00	0.072138617535
9/30/1957 16:00:00	0.071470789497
10/1/1957 16:00:00	0.0731447526667
10/2/1957 16:00:00	0.0748442369347
10/3/1957 16:00:00	0.0750360285516
10/4/1957 16:00:00	0.0732534652603
10/7/1957 16:00:00	0.0704204095928
10/8/1957 16:00:00	0.0689232851984
10/9/1957 16:00:00	0.0691053616542
10/10/1957 16:00:00	0.0640996209525
10/11/1957 16:00:00	0.0640762703763
10/14/1957 16:00:00	0.0654330325914
10/15/1957 16:00:00	0.0674081687548
10/16/1957 16:00:00	0.0657527701295
10/17/1957 16:00:00	0.0625213651332
10/18/1957 16:00:00	0.0609484730021
10/21/1957 16:00:00	0.0555932789564
10/22/1957 16:00:00	0.0548572338278
10/23/1957 16:00:00	0.0622855383349
10/24/1957 16:00:00	0.0620702129175
10/25/1957 16:00:00	0.0616632659419
10/28/1957 16:00:00	0.0608755917355
10/29/1957 16:00:00	0.0619912771548
10/30/1957 16:00:00	0.0635040822876
10/31/1957 16:00:00	0.0636759458397
11/1/1957 16:00:00	0.0607228747937
11/4/1957 16:00:00	0.0605115864836
11/6/1957 16:00:00	0.0606782485483
11/7/1957 16:00:00	0.0617903171992
11/8/1957 16:00:00	0.0594721923697
11/11/1957 16:00:00	0.0594505274997
11/12/1957 16:00:00	0.0570061217522
11/13/1957 16:00:00	0.0566230281914
11/14/1957 16:00:00	0.0562428684734
11/15/1957 16:00:00	0.0601713473608
11/18/1957 16:00:00	0.0586482715234
11/19/1957 16:00:00	0.0577070914743
11/20/1957 16:00:00	0.0580532094626
11/21/1957 16:00:00	0.0605982293468
11/22/1957 16:00:00	0.062274053469
11/25/1957 16:00:00	0.0637883127104
11/26/1957 16:00:00	0.0587009180319
11/27/1957 16:00:00	0.0636554768755
11/29/1957 16:00:00	0.0659660421499
12/2/1957 16:00:00	0.0641545960586
12/3/1957 16:00:00	0.0641337712731
12/4/1957 16:00:00	0.0648960309515
12/5/1957 16:00:00	0.0648749654938
12/6/1957 16:00:00	0.0638709528514
12/9/1957 16:00:00	0.0620994427496
12/10/1957 16:00:00	0.0603613701612
12/11/1957 16:00:00	0.0601545128524
12/12/1957 16:00:00	0.0603218017639
12/13/1957 16:00:00	0.0612379264169
12/16/1957 16:00:00	0.0583829592056
12/17/1957 16:00:00	0.0552526903365
12/18/1957 16:00:00	0.0552347551378
12/19/1957 16:00:00	0.0568033559617
12/20/1957 16:00:00	0.0555279411473
12/23/1957 16:00:00	0.0555099166014
12/24/1957 16:00:00	0.0556686810801
12/26/1957 16:00:00	0.0574216187312
12/27/1957 16:00:00	0.056679937073
12/30/1957 16:00:00	0.0559448270524
12/31/1957 16:00:00	0.0577026934396
1/2/1958 16:00:00	0.0591340830067
1/3/1958 16:00:00	0.0613255078211
1/6/1958 16:00:00	0.0605508258857
1/7/1958 16:00:00	0.0618407150185
1/8/1958 16:00:00	0.0618212302853
1/9/1958 16:00:00	0.0606633488634
1/10/1958 16:00:00	0.0589585643238
1/13/1958 16:00:00	0.0594904408065
1/14/1958 16:00:00	0.0602101417076
1/15/1958 16:00:00	0.0616809061993
1/16/1958 16:00:00	0.0618537610976
1/17/1958 16:00:00	0.0620232248285
1/20/1958 16:00:00	0.0631422939815
1/21/1958 16:00:00	0.0629296812793
1/22/1958 16:00:00	0.0623342620933
1/23/1958 16:00:00	0.0630757503376
1/24/1958 16:00:00	0.0645918396332
1/27/1958 16:00:00	0.063987318931
1/28/1958 16:00:00	0.064162792928
1/29/1958 16:00:00	0.0653125750647
1/30/1958 16:00:00	0.0643213854255
1/31/1958 16:00:00	0.0643068875894
2/3/1958 16:00:00	0.0658479139687
2/4/1958 16:00:00	0.067806536013
2/5/1958 16:00:00	0.0665867053407
2/6/1958 16:00:00	0.0659780403845
2/7/1958 16:00:00	0.0643802386229
2/10/1958 16:00:00	0.0631947786475
2/11/1958 16:00:00	0.0614485364691
2/12/1958 16:00:00	0.060488894983
2/13/1958 16:00:00	0.0606573471217
2/14/1958 16:00:00	0.0623186029933
2/17/1958 16:00:00	0.061349631953
2/18/1958 16:00:00	0.0615213662608
2/19/1958 16:00:00	0.0613228308132
2/20/1958 16:00:00	0.060187604249
2/21/1958 16:00:00	0.0601776207495
2/24/1958 16:00:00	0.0590555778464
2/25/1958 16:00:00	0.0588625693651
2/26/1958 16:00:00	0.0601347625426
2/27/1958 16:00:00	0.059015284615
2/28/1958 16:00:00	0.0597390175083
3/3/1958 16:00:00	0.0610234660036
3/4/1958 16:00:00	0.0619492865874
3/5/1958 16:00:00	0.0625012799992
3/6/1958 16:00:00	0.0647654660907
3/7/1958 16:00:00	0.0651389546708
3/10/1958 16:00:00	0.0657131080284
3/11/1958 16:00:00	0.0670767518909
3/12/1958 16:00:00	0.066665819026
3/13/1958 16:00:00	0.0668518484067
3/14/1958 16:00:00	0.0662411169604
3/17/1958 16:00:00	0.0648447338757
3/18/1958 16:00:00	0.0640537755601
3/19/1958 16:00:00	0.0650062437581
3/20/1958 16:00:00	0.06499417117
3/21/1958 16:00:00	0.0663456888516
3/24/1958 16:00:00	0.0671226650951
3/25/1958 16:00:00	0.0665140001129
3/26/1958 16:00:00	0.0657150930671
3/27/1958 16:00:00	0.0651190247996
3/28/1958 16:00:00	0.0653046772672
3/31/1958 16:00:00	0.0647085717536
4/1/1958 16:00:00	0.063923126007
4/2/1958 16:00:00	0.0623744634874
4/3/1958 16:00:00	0.0617996599504
4/7/1958 16:00:00	0.061225394446
4/8/1958 16:00:00	0.0615897060494
4/9/1958 16:00:00	0.0625168685177
4/10/1958 16:00:00	0.0626913655481
4/11/1958 16:00:00	0.0628655103431
4/14/1958 16:00:00	0.0639955972672
4/15/1958 16:00:00	0.0659087510937
4/16/1958 16:00:00	0.0643215196988
4/17/1958 16:00:00	0.0650784870236
4/18/1958 16:00:00	0.0670148587141
4/21/1958 16:00:00	0.0681957066476
4/22/1958 16:00:00	0.0673778099774
4/23/1958 16:00:00	0.0673632649264
4/24/1958 16:00:00	0.0689431198182
4/25/1958 16:00:00	0.0699408334971
4/28/1958 16:00:00	0.0693128164618
4/29/1958 16:00:00	0.0682825292352
4/30/1958 16:00:00	0.070284193177
5/1/1958 16:00:00	0.0706865388772
5/2/1958 16:00:00	0.0714989501197
5/5/1958 16:00:00	0.0719001584106
5/6/1958 16:00:00	0.0729268271018
5/7/1958 16:00:00	0.0724948063607
5/8/1958 16:00:00	0.0726919010622
5/9/1958 16:00:00	0.0733068613775
5/12/1958 16:00:00	0.0713973801415
5/13/1958 16:00:00	0.0709702227721
5/14/1958 16:00:00	0.0684893663168
5/15/1958 16:00:00	0.0692877028731
5/16/1958 16:00:00	0.0694817527016
5/19/1958 16:00:00	0.0688627788322
5/20/1958 16:00:00	0.0706722375377
5/21/1958 16:00:00	0.0702538364994
5/22/1958 16:00:00	0.0712694791834
5/23/1958 16:00:00	0.0716750561319
5/26/1958 16:00:00	0.0716674335466
5/27/1958 16:00:00	0.0712458322155
5/28/1958 16:00:00	0.0716519531267
5/29/1958 16:00:00	0.0728887330028
6/2/1958 16:00:00	0.0737202803123
6/3/1958 16:00:00	0.0745573717986
6/4/1958 16:00:00	0.0747578231206
6/5/1958 16:00:00	0.0749615771038
6/6/1958 16:00:00	0.0753747871615
6/9/1958 16:00:00	0.0749306216799
6/10/1958 16:00:00	0.0744874910713
6/11/1958 16:00:00	0.074471411232
6/12/1958 16:00:00	0.0757359741029
6/13/1958 16:00:00	0.0772265970777
6/16/1958 16:00:00	0.0778631584334
6/17/1958 16:00:00	0.0765328195582
6/18/1958 16:00:00	0.0786825880232
6/19/1958 16:00:00	0.0747054697178
6/20/1958 16:00:00	0.075971576924
6/23/1958 16:00:00	0.0750996149348
6/24/1958 16:00:00	0.074235924449
6/25/1958 16:00:00	0.0746518311793
6/26/1958 16:00:00	0.0759185105075
6/27/1958 16:00:00	0.0761239969165
6/30/1958 16:00:00	0.0778379529874
7/1/1958 16:00:00	0.0778281305791
7/2/1958 16:00:00	0.0780384719635
7/3/1958 16:00:00	0.0789061891574
7/7/1958 16:00:00	0.0795565076371
7/8/1958 16:00:00	0.0784326737358
7/9/1958 16:00:00	0.0775431695885
7/10/1958 16:00:00	0.0784054725094
7/11/1958 16:00:00	0.0799282736991
7/14/1958 16:00:00	0.0767969307559
7/15/1958 16:00:00	0.0767803523709
7/16/1958 16:00:00	0.0774170744501
7/17/1958 16:00:00	0.0789309776582
7/18/1958 16:00:00	0.0800218391858
7/21/1958 16:00:00	0.082904096825
7/22/1958 16:00:00	0.0833499416959
7/23/1958 16:00:00	0.0833410774958
7/24/1958 16:00:00	0.0844749163978
7/25/1958 16:00:00	0.086309022613
7/28/1958 16:00:00	0.0872337303975
7/29/1958 16:00:00	0.0860466800218
7/30/1958 16:00:00	0.0867385475416
7/31/1958 16:00:00	0.0871994288356
8/1/1958 16:00:00	0.0890729516013
8/4/1958 16:00:00	0.0914461915905
8/5/1958 16:00:00	0.0902160604477
8/6/1958 16:00:00	0.0885173546604
8/7/1958 16:00:00	0.0904028105412
8/8/1958 16:00:00	0.0918297399825
8/11/1958 16:00:00	0.0925406570561
8/12/1958 16:00:00	0.0898268166021
8/13/1958 16:00:00	0.0902873549796
8/14/1958 16:00:00	0.0907503284721
8/15/1958 16:00:00	0.0885565951843
8/18/1958 16:00:00	0.0868732282804
8/19/1958 16:00:00	0.0873228096795
8/20/1958 16:00:00	0.0873056916366
8/21/1958 16:00:00	0.0889367549232
8/22/1958 16:00:00	0.089631379213
8/25/1958 16:00:00	0.0896111765847
8/26/1958 16:00:00	0.0903091446624
8/27/1958 16:00:00	0.0905293997777
8/28/1958 16:00:00	0.0890666872672
8/29/1958 16:00:00	0.0895233292456
9/2/1958 16:00:00	0.0906989211751
9/3/1958 16:00:00	0.0918845806014
9/4/1958 16:00:00	0.0913809254275
9/5/1958 16:00:00	0.0903907695665
9/8/1958 16:00:00	0.0913328529477
9/9/1958 16:00:00	0.0932503644879
9/10/1958 16:00:00	0.0922506019855
9/11/1958 16:00:00	0.0939366483246
9/12/1958 16:00:00	0.0934219377454
9/15/1958 16:00:00	0.0958574991732
9/16/1958 16:00:00	0.0980864605691
9/17/1958 16:00:00	0.0980691786689
9/18/1958 16:00:00	0.0983087034745
9/19/1958 16:00:00	0.0982845944353
9/22/1958 16:00:00	0.0969895698288
9/23/1958 16:00:00	0.099233996647
9/24/1958 16:00:00	0.100234660512
9/25/1958 16:00:00	0.0991822597823
9/26/1958 16:00:00	0.0996691852755
9/29/1958 16:00:00	0.100670497503
9/30/1958 16:00:00	0.101936456666
10/1/1958 16:00:00	0.101394976474
10/2/1958 16:00:00	0.102415446545
10/3/1958 16:00:00	0.103434498055
10/6/1958 16:00:00	0.107875820715
10/7/1958 16:00:00	0.107849365454
10/8/1958 16:00:00	0.107557122882
10/9/1958 16:00:00	0.107530745778
10/10/1958 16:00:00	0.10966038007
10/13/1958 16:00:00	0.110998554139
10/14/1958 16:00:00	0.108769708851
10/15/1958 16:00:00	0.104399485269
10/16/1958 16:00:00	0.106488591095
10/17/1958 16:00:00	0.109673187326
10/20/1958 16:00:00	0.108282196912
10/21/1958 16:00:00	0.108255641993
10/22/1958 16:00:00	0.10714846955
10/23/1958 16:00:00	0.106316565073
10/24/1958 16:00:00	0.10522198401
10/27/1958 16:00:00	0.102808790018
10/28/1958 16:00:00	0.103831224215
10/29/1958 16:00:00	0.10670962415
10/30/1958 16:00:00	0.108037623355
10/31/1958 16:00:00	0.108285284788
11/3/1958 16:00:00	0.109610042982
11/5/1958 16:00:00	0.112579957302
11/6/1958 16:00:00	0.11532525376
11/7/1958 16:00:00	0.113888275518
11/10/1958 16:00:00	0.115811389592
11/11/1958 16:00:00	0.118609954111
11/12/1958 16:00:00	0.119157138937
11/13/1958 16:00:00	0.117410458926
11/14/1958 16:00:00	0.119089196888
11/17/1958 16:00:00	0.120205886178
11/18/1958 16:00:00	0.119303376226
11/19/1958 16:00:00	0.119557324802
11/20/1958 16:00:00	0.119523260453
11/21/1958 16:00:00	0.116030333321
11/24/1958 16:00:00	0.111761455133
11/25/1958 16:00:00	0.105117594922
11/26/1958 16:00:00	0.11037436369
11/28/1958 16:00:00	0.114164616725
12/1/1958 16:00:00	0.115527744331
12/2/1958 16:00:00	0.113808023001
12/3/1958 16:00:00	0.11434160151
12/4/1958 16:00:00	0.114311291911
12/5/1958 16:00:00	0.113720198038
12/8/1958 16:00:00	0.113687796807
12/9/1958 16:00:00	0.115883196507
12/10/1958 16:00:00	0.120080663953
12/11/1958 16:00:00	0.119181177495
12/12/1958 16:00:00	0.118286361091
12/15/1958 16:00:00	0.119109116831
12/16/1958 16:00:00	0.12050907806
12/17/1958 16:00:00	0.122786667296
12/18/1958 16:00:00	0.124214589918
12/19/1958 16:00:00	0.1235895724
12/22/1958 16:00:00	0.121204002812
12/23/1958 16:00:00	0.119139737186
12/24/1958 16:00:00	0.123691764057
12/29/1958 16:00:00	0.127769787035
12/30/1958 16:00:00	0.129234202524
12/31/1958 16:00:00	0.13131555275
1/2/1959 16:00:00	0.132807498476
1/5/1959 16:00:00	0.134309158476
1/6/1959 16:00:00	0.133650525397
1/7/1959 16:00:00	0.12866624266
1/8/1959 16:00:00	0.132245496135
1/9/1959 16:00:00	0.134969323544
1/12/1959 16:00:00	0.134930867999
1/13/1959 16:00:00	0.132716119087
1/14/1959 16:00:00	0.13360329019
1/15/1959 16:00:00	0.135110448003
1/16/1959 16:00:00	0.135071952249
1/19/1959 16:00:00	0.134100506933
1/20/1959 16:00:00	0.134371761639
1/21/1959 16:00:00	0.136502428692
1/22/1959 16:00:00	0.136150457368
1/23/1959 16:00:00	0.136424175907
1/26/1959 16:00:00	0.134507908928
1/27/1959 16:00:00	0.134469584849
1/28/1959 16:00:00	0.130093543146
1/29/1959 16:00:00	0.130359489722
1/30/1959 16:00:00	0.132142728386
2/2/1959 16:00:00	0.130268345291
2/3/1959 16:00:00	0.130837598486
2/4/1959 16:00:00	0.129280131171
2/5/1959 16:00:00	0.127433776873
2/6/1959 16:00:00	0.124410739215
2/9/1959 16:00:00	0.119085386581
2/10/1959 16:00:00	0.123902378994
2/11/1959 16:00:00	0.124162448456
2/12/1959 16:00:00	0.121494788533
2/13/1959 16:00:00	0.124350611222
2/16/1959 16:00:00	0.124902202148
2/17/1959 16:00:00	0.123689217898
2/18/1959 16:00:00	0.12365888459
2/19/1959 16:00:00	0.131814016802
2/20/1959 16:00:00	0.131776460269
2/24/1959 16:00:00	0.131434111521
2/25/1959 16:00:00	0.129875435088
2/26/1959 16:00:00	0.130442034778
2/27/1959 16:00:00	0.131010168616
3/2/1959 16:00:00	0.133097330336
3/3/1959 16:00:00	0.137046194553
3/4/1959 16:00:00	0.137635172265
3/5/1959 16:00:00	0.138222996674
3/6/1959 16:00:00	0.13661170738
3/9/1959 16:00:00	0.136255463911
3/10/1959 16:00:00	0.137150609302
3/11/1959 16:00:00	0.137736838992
3/12/1959 16:00:00	0.139265161377
3/13/1959 16:00:00	0.139854306695
3/16/1959 16:00:00	0.135377123843
3/17/1959 16:00:00	0.138742131461
3/18/1959 16:00:00	0.137755310184
3/19/1959 16:00:00	0.137397276761
3/20/1959 16:00:00	0.137666726102
3/23/1959 16:00:00	0.133551529327
3/24/1959 16:00:00	0.134428517866
3/25/1959 16:00:00	0.133769988717
3/26/1959 16:00:00	0.132808080783
3/30/1959 16:00:00	0.130626190416
3/31/1959 16:00:00	0.13058378874
4/1/1959 16:00:00	0.132353666207
4/2/1959 16:00:00	0.134451680209
4/3/1959 16:00:00	0.137487082878
4/6/1959 16:00:00	0.138692336706
4/7/1959 16:00:00	0.138018801612
4/8/1959 16:00:00	0.135781568476
4/9/1959 16:00:00	0.135427725511
4/10/1959 16:00:00	0.136002156682
4/13/1959 16:00:00	0.137198151196
4/14/1959 16:00:00	0.139336314101
4/15/1959 16:00:00	0.141181102916
4/16/1959 16:00:00	0.144630381155
4/17/1959 16:00:00	0.148134626069
4/20/1959 16:00:00	0.15005438115
4/21/1959 16:00:00	0.149674913915
4/22/1959 16:00:00	0.146654841702
4/23/1959 16:00:00	0.145630261815
4/24/1959 16:00:00	0.148499916379
4/27/1959 16:00:00	0.149764902957
4/28/1959 16:00:00	0.148065683692
4/29/1959 16:00:00	0.146385601992
4/30/1959 16:00:00	0.145362903105
5/1/1959 16:00:00	0.145962733734
5/4/1959 16:00:00	0.145915353767
5/5/1959 16:00:00	0.146516501864
5/6/1959 16:00:00	0.145493610399
5/7/1959 16:00:00	0.139945882985
5/8/1959 16:00:00	0.143052390409
5/11/1959 16:00:00	0.147802793873
5/12/1959 16:00:00	0.147754816617
5/13/1959 16:00:00	0.148033505229
5/14/1959 16:00:00	0.150928681832
5/15/1959 16:00:00	0.149223559525
5/18/1959 16:00:00	0.149175121084
5/19/1959 16:00:00	0.150443976437
5/20/1959 16:00:00	0.148755061604
5/21/1959 16:00:00	0.14905237924
5/22/1959 16:00:00	0.150645542392
5/25/1959 16:00:00	0.149274223564
5/26/1959 16:00:00	0.14856865544
5/27/1959 16:00:00	0.14917834573
5/28/1959 16:00:00	0.150783489459
5/29/1959 16:00:00	0.153049203489
6/1/1959 16:00:00	0.152662561007
6/2/1959 16:00:00	0.149613086934
6/3/1959 16:00:00	0.149564522051
6/4/1959 16:00:00	0.144913987638
6/5/1959 16:00:00	0.143898694664
6/8/1959 16:00:00	0.138081786657
6/9/1959 16:00:00	0.135228321345
6/10/1959 16:00:00	0.141326514584
6/11/1959 16:00:00	0.14159400215
6/12/1959 16:00:00	0.141858950544
6/15/1959 16:00:00	0.139589076809
6/16/1959 16:00:00	0.136403741245
6/17/1959 16:00:00	0.140057320303
6/18/1959 16:00:00	0.139692269556
6/19/1959 16:00:00	0.14026827292
6/22/1959 16:00:00	0.140217175192
6/23/1959 16:00:00	0.140166096078
6/24/1959 16:00:00	0.142316089997
6/25/1959 16:00:00	0.144801828864
6/26/1959 16:00:00	0.146674067011
6/29/1959 16:00:00	0.149532547368
6/30/1959 16:00:00	0.150133440235
7/1/1959 16:00:00	0.154026941198
7/2/1959 16:00:00	0.156318803534
7/6/1959 16:00:00	0.159298267241
7/7/1959 16:00:00	0.162314614009
7/8/1959 16:00:00	0.162255485114
7/9/1959 16:00:00	0.161850662947
7/10/1959 16:00:00	0.1614466057
7/13/1959 16:00:00	0.15725402501
7/14/1959 16:00:00	0.158212009504
7/15/1959 16:00:00	0.158494128908
7/16/1959 16:00:00	0.15707907186
7/17/1959 16:00:00	0.155331616283
7/20/1959 16:00:00	0.15292660503
7/21/1959 16:00:00	0.156854512392
7/22/1959 16:00:00	0.158485190099
7/23/1959 16:00:00	0.158767310082
7/24/1959 16:00:00	0.15870947342
7/27/1959 16:00:00	0.161712483384
7/28/1959 16:00:00	0.164063766989
7/29/1959 16:00:00	0.166437149989
7/30/1959 16:00:00	0.165323859896
7/31/1959 16:00:00	0.165263634776
8/3/1959 16:00:00	0.166949174216
8/4/1959 16:00:00	0.166185413125
8/5/1959 16:00:00	0.163322028113
8/6/1959 16:00:00	0.162916266447
8/7/1959 16:00:00	0.16009172008
8/10/1959 16:00:00	0.149785709056
8/11/1959 16:00:00	0.155609362496
8/12/1959 16:00:00	0.154548024677
8/13/1959 16:00:00	0.153825090856
8/14/1959 16:00:00	0.154765761425
8/17/1959 16:00:00	0.15404228867
8/18/1959 16:00:00	0.149331658068
8/19/1959 16:00:00	0.146998214478
8/20/1959 16:00:00	0.153387245748
8/21/1959 16:00:00	0.153000079018
8/24/1959 16:00:00	0.151290884208
8/25/1959 16:00:00	0.152220310477
8/26/1959 16:00:00	0.152823821175
8/27/1959 16:00:00	0.156731879873
8/28/1959 16:00:00	0.156674784688
8/31/1959 16:00:00	0.156617710302
9/1/1959 16:00:00	0.150855297261
9/2/1959 16:00:00	0.151127577749
9/3/1959 16:00:00	0.14615869393
9/4/1959 16:00:00	0.148027186338
9/8/1959 16:00:00	0.141836862424
9/9/1959 16:00:00	0.138647209599
9/10/1959 16:00:00	0.136436309652
9/11/1959 16:00:00	0.139443433313
9/14/1959 16:00:00	0.136286062563
9/15/1959 16:00:00	0.134093585876
9/16/1959 16:00:00	0.134341428905
9/17/1959 16:00:00	0.132178749139
9/18/1959 16:00:00	0.130630118402
9/21/1959 16:00:00	0.124050786426
9/22/1959 16:00:00	0.123141199576
9/23/1959 16:00:00	0.127654682887
9/24/1959 16:00:00	0.134316661033
9/25/1959 16:00:00	0.133960566172
9/28/1959 16:00:00	0.136617796149
9/29/1959 16:00:00	0.139309204436
9/30/1959 16:00:00	0.134616157082
10/1/1959 16:00:00	0.135176571651
10/2/1959 16:00:00	0.136939125391
10/5/1959 16:00:00	0.136272925475
10/6/1959 16:00:00	0.135913468408
10/7/1959 16:00:00	0.134947072463
10/8/1959 16:00:00	0.133985520301
10/9/1959 16:00:00	0.135435722851
10/12/1959 16:00:00	0.137501928479
10/13/1959 16:00:00	0.136222329289
10/14/1959 16:00:00	0.1331266228
10/15/1959 16:00:00	0.133973640898
10/16/1959 16:00:00	0.137526887842
10/19/1959 16:00:00	0.135024596498
10/20/1959 16:00:00	0.13255350326
10/21/1959 16:00:00	0.131607625995
10/22/1959 16:00:00	0.127992149011
10/23/1959 16:00:00	0.131727768838
10/26/1959 16:00:00	0.134049811539
10/27/1959 16:00:00	0.137599687464
10/28/1959 16:00:00	0.137849652308
10/29/1959 16:00:00	0.137488086018
10/30/1959 16:00:00	0.138043151056
11/2/1959 16:00:00	0.137375221255
11/4/1959 16:00:00	0.136099516808
11/5/1959 16:00:00	0.136650770852
11/6/1959 16:00:00	0.13872282268
11/9/1959 16:00:00	0.137746056364
11/10/1959 16:00:00	0.137690411331
11/11/1959 16:00:00	0.137634788776
11/12/1959 16:00:00	0.135442950284
11/13/1959 16:00:00	0.132973205314
11/16/1959 16:00:00	0.128745441557
11/17/1959 16:00:00	0.129568590321
11/18/1959 16:00:00	0.133910059247
11/19/1959 16:00:00	0.133556611988
11/20/1959 16:00:00	0.133502659357
11/23/1959 16:00:00	0.134344719523
11/24/1959 16:00:00	0.136389584764
11/25/1959 16:00:00	0.136940214947
11/27/1959 16:00:00	0.138706716489
11/30/1959 16:00:00	0.142937425169
12/1/1959 16:00:00	0.145690542768
12/2/1959 16:00:00	0.144999167967
12/3/1959 16:00:00	0.145889116622
12/4/1959 16:00:00	0.146779568926
12/7/1959 16:00:00	0.147673388724
12/8/1959 16:00:00	0.150484274397
12/9/1959 16:00:00	0.14751713488
12/10/1959 16:00:00	0.147776154163
12/11/1959 16:00:00	0.146759633268
12/14/1959 16:00:00	0.1479700771
12/15/1959 16:00:00	0.14695291102
12/16/1959 16:00:00	0.147211168275
12/17/1959 16:00:00	0.146515798262
12/18/1959 16:00:00	0.148674946337
12/21/1959 16:00:00	0.148934846808
12/22/1959 16:00:00	0.148554391865
12/23/1959 16:00:00	0.146895875673
12/24/1959 16:00:00	0.147153804112
12/28/1959 16:00:00	0.147094358647
12/29/1959 16:00:00	0.149574695906
12/30/1959 16:00:00	0.153045005642
12/31/1959 16:00:00	0.153634897873
1/4/1960 16:00:00	0.153899485346
1/5/1960 16:00:00	0.157434115842
1/6/1960 16:00:00	0.155379080996
1/7/1960 16:00:00	0.152026706266
1/8/1960 16:00:00	0.150344538505
1/11/1960 16:00:00	0.144814780215
1/12/1960 16:00:00	0.141933175623
1/13/1960 16:00:00	0.139709707812
1/14/1960 16:00:00	0.141796369499
1/15/1960 16:00:00	0.141739088267
1/18/1960 16:00:00	0.137973540075
1/19/1960 16:00:00	0.133365890166
1/20/1960 16:00:00	0.13212566122
1/21/1960 16:00:00	0.132956398879
1/22/1960 16:00:00	0.134086276835
1/25/1960 16:00:00	0.129569179424
1/26/1960 16:00:00	0.130098299875
1/27/1960 16:00:00	0.129171297168
1/28/1960 16:00:00	0.125060904675
1/29/1960 16:00:00	0.121604792082
2/1/1960 16:00:00	0.12378354166
2/2/1960 16:00:00	0.129368599633
2/3/1960 16:00:00	0.125835569329
2/4/1960 16:00:00	0.125500039896
2/5/1960 16:00:00	0.123460284628
2/8/1960 16:00:00	0.119195150495
2/9/1960 16:00:00	0.122440188554
2/10/1960 16:00:00	0.120158506144
2/11/1960 16:00:00	0.117903535817
2/12/1960 16:00:00	0.119761968312
2/15/1960 16:00:00	0.117787859845
2/16/1960 16:00:00	0.115020003389
2/17/1960 16:00:00	0.116847410232
2/18/1960 16:00:00	0.121668849681
2/19/1960 16:00:00	0.124397526947
2/23/1960 16:00:00	0.122374201737
2/24/1960 16:00:00	0.120933410886
2/25/1960 16:00:00	0.121995454842
2/26/1960 16:00:00	0.123614803392
2/29/1960 16:00:00	0.123284349228
3/1/1960 16:00:00	0.122394607473
3/2/1960 16:00:00	0.119837838898
3/3/1960 16:00:00	0.114296479145
3/4/1960 16:00:00	0.112920247114
3/7/1960 16:00:00	0.109444810329
3/8/1960 16:00:00	0.106044510299
3/9/1960 16:00:00	0.109542108434
3/10/1960 16:00:00	0.108206086753
3/11/1960 16:00:00	0.110468266281
3/14/1960 16:00:00	0.110943083866
3/15/1960 16:00:00	0.113502564126
3/16/1960 16:00:00	0.115307297978
3/17/1960 16:00:00	0.114728763026
3/18/1960 16:00:00	0.114948608273
3/21/1960 16:00:00	0.115435164686
3/22/1960 16:00:00	0.116724587691
3/23/1960 16:00:00	0.119375956445
3/24/1960 16:00:00	0.120990447204
3/25/1960 16:00:00	0.120943971509
3/28/1960 16:00:00	0.120068617595
3/29/1960 16:00:00	0.119471855158
3/30/1960 16:00:00	0.118611155954
3/31/1960 16:00:00	0.116662741439
4/1/1960 16:00:00	0.117153229715
4/4/1960 16:00:00	0.117644952132
4/5/1960 16:00:00	0.116518797194
4/6/1960 16:00:00	0.123722904443
4/7/1960 16:00:00	0.123672924317
4/8/1960 16:00:00	0.122785450221
4/11/1960 16:00:00	0.121346873116
4/12/1960 16:00:00	0.122124591559
4/13/1960 16:00:00	0.122075257101
4/14/1960 16:00:00	0.122858181403
4/18/1960 16:00:00	0.123641801263
4/19/1960 16:00:00	0.1208053943
4/20/1960 16:00:00	0.116093905477
4/21/1960 16:00:00	0.117120782864
4/22/1960 16:00:00	0.115998145077
4/25/1960 16:00:00	0.112479353308
4/26/1960 16:00:00	0.113480234786
4/27/1960 16:00:00	0.113438895557
4/28/1960 16:00:00	0.110500115012
4/29/1960 16:00:00	0.10916358113
5/2/1960 16:00:00	0.107581967282
5/3/1960 16:00:00	0.111851935516
5/4/1960 16:00:00	0.112848041208
5/5/1960 16:00:00	0.111755140574
5/6/1960 16:00:00	0.111189800442
5/9/1960 16:00:00	0.111404066976
5/10/1960 16:00:00	0.109023729568
5/11/1960 16:00:00	0.109746859894
5/12/1960 16:00:00	0.111500251121
5/13/1960 16:00:00	0.114050249314
5/16/1960 16:00:00	0.113740781139
5/17/1960 16:00:00	0.115009249281
5/18/1960 16:00:00	0.114697994301
5/19/1960 16:00:00	0.116244173771
5/20/1960 16:00:00	0.116463829893
5/23/1960 16:00:00	0.116683697015
5/24/1960 16:00:00	0.116102131359
5/25/1960 16:00:00	0.116059837012
5/26/1960 16:00:00	0.11602216362
5/27/1960 16:00:00	0.116241400229
5/31/1960 16:00:00	0.116731865233
6/1/1960 16:00:00	0.116956462455
6/2/1960 16:00:00	0.118532365888
6/3/1960 16:00:00	0.119026435466
6/6/1960 16:00:00	0.123306586582
6/7/1960 16:00:00	0.126861186374
6/8/1960 16:00:00	0.129636199929
6/9/1960 16:00:00	0.1304423489
6/10/1960 16:00:00	0.130102336383
6/13/1960 16:00:00	0.130341721541
6/14/1960 16:00:00	0.129722633453
6/15/1960 16:00:00	0.127105149263
6/16/1960 16:00:00	0.126781643713
6/17/1960 16:00:00	0.126171984999
6/20/1960 16:00:00	0.12444123323
6/21/1960 16:00:00	0.124117716492
6/22/1960 16:00:00	0.125183175259
6/23/1960 16:00:00	0.127092105664
6/24/1960 16:00:00	0.127609826046
6/27/1960 16:00:00	0.125018682813
6/28/1960 16:00:00	0.122468432626
6/29/1960 16:00:00	0.122443258559
6/30/1960 16:00:00	0.122427807386
7/1/1960 16:00:00	0.123207946908
7/5/1960 16:00:00	0.122889463925
7/6/1960 16:00:00	0.122293623219
7/7/1960 16:00:00	0.124171353405
7/8/1960 16:00:00	0.124958243293
7/11/1960 16:00:00	0.121570600384
7/12/1960 16:00:00	0.117701165934
7/13/1960 16:00:00	0.116602290525
7/14/1960 16:00:00	0.116846446507
7/15/1960 16:00:00	0.116271550963
7/18/1960 16:00:00	0.114107128569
7/19/1960 16:00:00	0.114065560972
7/20/1960 16:00:00	0.113238553239
7/21/1960 16:00:00	0.110331602469
7/22/1960 16:00:00	0.107731512273
7/25/1960 16:00:00	0.104669403277
7/26/1960 16:00:00	0.106607721921
7/27/1960 16:00:00	0.104572659073
7/28/1960 16:00:00	0.106772612673
7/29/1960 16:00:00	0.112241298281
8/1/1960 16:00:00	0.112202637389
8/2/1960 16:00:00	0.109317917923
8/3/1960 16:00:00	0.107248017629
8/4/1960 16:00:00	0.108214175797
8/5/1960 16:00:00	0.111453972367
8/8/1960 16:00:00	0.111927774227
8/9/1960 16:00:00	0.113692287219
8/10/1960 16:00:00	0.114962708538
8/11/1960 16:00:00	0.116511627932
8/12/1960 16:00:00	0.118587577645
8/15/1960 16:00:00	0.118281190117
8/16/1960 16:00:00	0.119045004191
8/17/1960 16:00:00	0.119543406936
8/18/1960 16:00:00	0.119504602767
8/19/1960 16:00:00	0.120542429236
8/22/1960 16:00:00	0.121856696319
8/23/1960 16:00:00	0.125365907597
8/24/1960 16:00:00	0.127279538329
8/25/1960 16:00:00	0.125562454778
8/26/1960 16:00:00	0.124131706533
8/29/1960 16:00:00	0.12298802004
8/30/1960 16:00:00	0.119112873161
8/31/1960 16:00:00	0.119883752156
9/1/1960 16:00:00	0.12065304258
9/2/1960 16:00:00	0.119802310669
9/6/1960 16:00:00	0.116802017026
9/7/1960 16:00:00	0.11226493137
9/8/1960 16:00:00	0.111973031914
9/9/1960 16:00:00	0.113994382483
9/12/1960 16:00:00	0.111615029219
9/13/1960 16:00:00	0.112348557448
9/14/1960 16:00:00	0.110001883704
9/15/1960 16:00:00	0.108700312293
9/16/1960 16:00:00	0.107908997834
9/19/1960 16:00:00	0.100355549154
9/20/1960 16:00:00	0.101293912067
9/21/1960 16:00:00	0.104402015253
9/22/1960 16:00:00	0.10315932201
9/23/1960 16:00:00	0.100453682172
9/26/1960 16:00:00	0.095889922529
9/27/1960 16:00:00	0.0951645008587
9/28/1960 16:00:00	0.0926010065078
9/29/1960 16:00:00	0.0932490675842
9/30/1960 16:00:00	0.0979872168696
10/3/1960 16:00:00	0.0972515911115
10/4/1960 16:00:00	0.0951213181634
10/5/1960 16:00:00	0.0971637371607
10/6/1960 16:00:00	0.0989996691086
10/7/1960 16:00:00	0.10062015119
10/10/1960 16:00:00	0.101064739298
10/11/1960 16:00:00	0.101510535127
10/12/1960 16:00:00	0.101237606861
10/13/1960 16:00:00	0.103360435179
10/14/1960 16:00:00	0.105026624961
10/17/1960 16:00:00	0.103767670294
10/18/1960 16:00:00	0.102042570862
10/19/1960 16:00:00	0.10154836118
10/20/1960 16:00:00	0.0993786594256
10/21/1960 16:00:00	0.0984125187327
10/24/1960 16:00:00	0.0929921229554
10/25/1960 16:00:00	0.0902508842603
10/26/1960 16:00:00	0.094652892183
10/27/1960 16:00:00	0.0975943598203
10/28/1960 16:00:00	0.0963962139292
10/31/1960 16:00:00	0.096135485122
11/1/1960 16:00:00	0.0991080152871
11/2/1960 16:00:00	0.100725027016
11/3/1960 16:00:00	0.101644813877
11/4/1960 16:00:00	0.104486299852
11/7/1960 16:00:00	0.105428130814
11/9/1960 16:00:00	0.10686613997
11/10/1960 16:00:00	0.113022729928
11/11/1960 16:00:00	0.109646734461
11/14/1960 16:00:00	0.107849412543
11/15/1960 16:00:00	0.109307703839
11/16/1960 16:00:00	0.108523290803
11/17/1960 16:00:00	0.107495076481
11/18/1960 16:00:00	0.109197978932
11/21/1960 16:00:00	0.109670708048
11/22/1960 16:00:00	0.108381768995
11/23/1960 16:00:00	0.108854261501
11/25/1960 16:00:00	0.110829483742
11/28/1960 16:00:00	0.110040420934
11/29/1960 16:00:00	0.109011981
11/30/1960 16:00:00	0.107247515073
12/1/1960 16:00:00	0.105750000631
12/2/1960 16:00:00	0.106218982391
12/5/1960 16:00:00	0.105705014208
12/6/1960 16:00:00	0.106660112325
12/7/1960 16:00:00	0.109843276086
12/8/1960 16:00:00	0.110570986792
12/9/1960 16:00:00	0.113325076296
12/12/1960 16:00:00	0.114578930526
12/13/1960 16:00:00	0.1148072012
12/14/1960 16:00:00	0.114526916251
12/15/1960 16:00:00	0.113478360963
12/16/1960 16:00:00	0.116533717402
12/19/1960 16:00:00	0.115982175317
12/20/1960 16:00:00	0.115693097967
12/21/1960 16:00:00	0.118524403303
12/22/1960 16:00:00	0.117430814784
12/23/1960 16:00:00	0.117662395057
12/27/1960 16:00:00	0.118161935705
12/28/1960 16:00:00	0.119715483822
12/29/1960 16:00:00	0.121548365884
12/30/1960 16:00:00	0.121777625045
1/3/1961 16:00:00	0.118240800077
1/4/1961 16:00:00	0.123227443429
1/5/1961 16:00:00	0.124562143828
1/6/1961 16:00:00	0.12371270726
1/9/1961 16:00:00	0.126130095939
1/10/1961 16:00:00	0.127197433199
1/11/1961 16:00:00	0.128557394211
1/12/1961 16:00:00	0.12965583098
1/13/1961 16:00:00	0.131588258588
1/16/1961 16:00:00	0.131550766378
1/17/1961 16:00:00	0.131798799859
1/18/1961 16:00:00	0.132340793425
1/19/1961 16:00:00	0.132886827896
1/20/1961 16:00:00	0.134280663069
1/23/1961 16:00:00	0.136554816045
1/24/1961 16:00:00	0.137699994747
1/25/1961 16:00:00	0.138268413248
1/26/1961 16:00:00	0.138839669808
1/27/1961 16:00:00	0.143216147195
1/30/1961 16:00:00	0.148281600436
1/31/1961 16:00:00	0.147026495962
2/1/1961 16:00:00	0.147900730321
2/2/1961 16:00:00	0.150911456026
2/3/1961 16:00:00	0.150249122577
2/6/1961 16:00:00	0.147127946164
2/7/1961 16:00:00	0.146178656845
2/8/1961 16:00:00	0.150374125647
2/9/1961 16:00:00	0.148781431535
2/10/1961 16:00:00	0.145361029989
2/13/1961 16:00:00	0.142603525182
2/14/1961 16:00:00	0.144642663222
2/15/1961 16:00:00	0.148204260525
2/16/1961 16:00:00	0.150906335106
2/17/1961 16:00:00	0.14962340743
2/20/1961 16:00:00	0.151118003423
2/21/1961 16:00:00	0.151384403448
2/23/1961 16:00:00	0.153200015288
2/24/1961 16:00:00	0.155026695512
2/27/1961 16:00:00	0.158440803105
2/28/1961 16:00:00	0.159672550337
3/1/1961 16:00:00	0.159633392545
3/2/1961 16:00:00	0.162801881179
3/3/1961 16:00:00	0.16373681752
3/6/1961 16:00:00	0.164668672399
3/7/1961 16:00:00	0.160031996939
3/8/1961 16:00:00	0.159983225283
3/9/1961 16:00:00	0.160252330793
3/10/1961 16:00:00	0.160203491987
3/13/1961 16:00:00	0.161767343783
3/14/1961 16:00:00	0.159470857616
3/15/1961 16:00:00	0.161042354628
3/16/1961 16:00:00	0.166162849403
3/17/1961 16:00:00	0.164476923215
3/20/1961 16:00:00	0.170975357522
3/21/1961 16:00:00	0.170262936253
3/22/1961 16:00:00	0.169890273658
3/23/1961 16:00:00	0.16851689037
3/24/1961 16:00:00	0.167818362841
3/27/1961 16:00:00	0.167446204697
3/28/1961 16:00:00	0.167735626439
3/29/1961 16:00:00	0.172005389036
3/30/1961 16:00:00	0.172992841678
4/3/1961 16:00:00	0.177333091046
4/4/1961 16:00:00	0.177976052891
4/5/1961 16:00:00	0.176563365423
4/6/1961 16:00:00	0.177567616002
4/7/1961 16:00:00	0.180618711866
4/10/1961 16:00:00	0.185089885074
4/11/1961 16:00:00	0.186096150396
4/12/1961 16:00:00	0.183570804943
4/13/1961 16:00:00	0.183167506029
4/14/1961 16:00:00	0.184163027655
4/17/1961 16:00:00	0.203460256967
4/18/1961 16:00:00	0.18126650992
4/19/1961 16:00:00	0.178467377843
4/20/1961 16:00:00	0.17844485696
4/21/1961 16:00:00	0.178064793324
4/24/1961 16:00:00	0.167056291143
4/25/1961 16:00:00	0.174260449558
4/26/1961 16:00:00	0.176264743846
4/27/1961 16:00:00	0.175554947425
4/28/1961 16:00:00	0.174507789886
5/1/1961 16:00:00	0.173471843482
5/2/1961 16:00:00	0.177152780177
5/3/1961 16:00:00	0.181567778058
5/4/1961 16:00:00	0.183977082061
5/5/1961 16:00:00	0.184650191782
5/8/1961 16:00:00	0.183917915958
5/9/1961 16:00:00	0.184219038667
5/10/1961 16:00:00	0.183812669412
5/11/1961 16:00:00	0.183756650313
5/12/1961 16:00:00	0.184753000563
5/15/1961 16:00:00	0.187517732515
5/16/1961 16:00:00	0.189589820703
5/17/1961 16:00:00	0.192386592829
5/18/1961 16:00:00	0.189081672864
5/19/1961 16:00:00	0.191156812431
5/22/1961 16:00:00	0.187878352126
5/23/1961 16:00:00	0.186410599625
5/24/1961 16:00:00	0.18282773708
5/25/1961 16:00:00	0.18103190644
5/26/1961 16:00:00	0.1844337413
5/31/1961 16:00:00	0.185434759166
6/1/1961 16:00:00	0.185755202739
6/2/1961 16:00:00	0.187115997025
6/5/1961 16:00:00	0.190234699686
6/6/1961 16:00:00	0.188391040984
6/7/1961 16:00:00	0.178056064074
6/8/1961 16:00:00	0.186554424924
6/9/1961 16:00:00	0.186512376149
6/12/1961 16:00:00	0.182252158815
6/13/1961 16:00:00	0.179448274446
6/14/1961 16:00:00	0.180801643606
6/15/1961 16:00:00	0.178713483782
6/16/1961 16:00:00	0.174563922275
6/19/1961 16:00:00	0.169802739184
6/20/1961 16:00:00	0.174385706597
6/21/1961 16:00:00	0.174339480544
6/22/1961 16:00:00	0.172268270924
6/23/1961 16:00:00	0.174554652109
6/26/1961 16:00:00	0.169134052085
6/27/1961 16:00:00	0.169112708978
6/28/1961 16:00:00	0.170083045002
6/29/1961 16:00:00	0.169730895729
6/30/1961 16:00:00	0.170673183146
7/3/1961 16:00:00	0.175291305163
7/5/1961 16:00:00	0.178631899976
7/6/1961 16:00:00	0.179972023608
7/7/1961 16:00:00	0.179927887612
7/10/1961 16:00:00	0.179544176898
7/11/1961 16:00:00	0.179168191421
7/12/1961 16:00:00	0.176408448687
7/13/1961 16:00:00	0.172661633042
7/14/1961 16:00:00	0.176300852033
7/17/1961 16:00:00	0.172210936264
7/18/1961 16:00:00	0.169184501819
7/19/1961 16:00:00	0.171789660494
7/20/1961 16:00:00	0.171747531125
7/21/1961 16:00:00	0.173041885771
7/24/1961 16:00:00	0.173013182792
7/25/1961 16:00:00	0.176327940208
7/26/1961 16:00:00	0.181040838591
7/27/1961 16:00:00	0.187561083014
7/28/1961 16:00:00	0.188583263232
7/31/1961 16:00:00	0.188898092514
8/1/1961 16:00:00	0.194153712001
8/2/1961 16:00:00	0.190505611658
8/3/1961 16:00:00	0.193669223973
8/4/1961 16:00:00	0.196851857266
8/7/1961 16:00:00	0.196807487483
8/8/1961 16:00:00	0.198209560397
8/9/1961 16:00:00	0.197783902641
8/10/1961 16:00:00	0.199543154671
8/11/1961 16:00:00	0.200582763328
8/14/1961 16:00:00	0.197577299203
8/15/1961 16:00:00	0.19642415604
8/16/1961 16:00:00	0.19781570346
8/17/1961 16:00:00	0.20140066929
8/18/1961 16:00:00	0.202814752817
8/21/1961 16:00:00	0.204251241838
8/22/1961 16:00:00	0.20420925686
8/23/1961 16:00:00	0.200449413872
8/24/1961 16:00:00	0.196744419146
8/25/1961 16:00:00	0.197789064828
8/28/1961 16:00:00	0.198116584995
8/29/1961 16:00:00	0.196625195793
8/30/1961 16:00:00	0.199116415603
8/31/1961 16:00:00	0.201628175443
9/1/1961 16:00:00	0.202689225177
9/5/1961 16:00:00	0.20079708144
9/6/1961 16:00:00	0.20518486543
9/7/1961 16:00:00	0.20403571175
9/8/1961 16:00:00	0.199901575519
9/11/1961 16:00:00	0.194716638198
9/12/1961 16:00:00	0.200779705694
9/13/1961 16:00:00	0.20109000345
9/14/1961 16:00:00	0.196982395637
9/15/1961 16:00:00	0.198022388578
9/18/1961 16:00:00	0.194341566539
9/19/1961 16:00:00	0.184596521824
9/20/1961 16:00:00	0.191842525001
9/21/1961 16:00:00	0.192492538911
9/22/1961 16:00:00	0.189939335769
9/25/1961 16:00:00	0.182115024256
9/26/1961 16:00:00	0.182070362715
9/27/1961 16:00:00	0.187872992662
9/28/1961 16:00:00	0.188876028852
9/29/1961 16:00:00	0.190227113213
10/2/1961 16:00:00	0.190541812176
10/3/1961 16:00:00	0.190502645247
10/4/1961 16:00:00	0.194369861311
10/5/1961 16:00:00	0.199704744422
10/6/1961 16:00:00	0.192345535678
10/9/1961 16:00:00	0.20084323932
10/10/1961 16:00:00	0.20261454126
10/11/1961 16:00:00	0.202929445803
10/12/1961 16:00:00	0.20286357426
10/13/1961 16:00:00	0.202064063446
10/16/1961 16:00:00	0.200159297475
10/17/1961 16:00:00	0.200459801634
10/18/1961 16:00:00	0.203698886896
10/19/1961 16:00:00	0.205875152158
10/20/1961 16:00:00	0.201729497952
10/23/1961 16:00:00	0.202410475681
10/24/1961 16:00:00	0.201616766666
10/25/1961 16:00:00	0.20486650954
10/26/1961 16:00:00	0.206283653224
10/27/1961 16:00:00	0.205107146738
10/30/1961 16:00:00	0.205799092057
10/31/1961 16:00:00	0.207612335945
11/1/1961 16:00:00	0.209057726615
11/2/1961 16:00:00	0.212376014154
11/3/1961 16:00:00	0.215736971757
11/6/1961 16:00:00	0.220658622219
11/8/1961 16:00:00	0.229158120387
11/9/1961 16:00:00	0.228285274584
11/10/1961 16:00:00	0.230998376393
11/13/1961 16:00:00	0.232938915514
11/14/1961 16:00:00	0.236902663327
11/15/1961 16:00:00	0.237233747892
11/16/1961 16:00:00	0.23674842136
11/17/1961 16:00:00	0.236671572071
11/20/1961 16:00:00	0.237822201427
11/21/1961 16:00:00	0.238572167741
11/22/1961 16:00:00	0.237680093687
11/24/1961 16:00:00	0.239237418263
11/27/1961 16:00:00	0.239164507812
11/28/1961 16:00:00	0.238275903475
11/29/1961 16:00:00	0.238222196843
11/30/1961 16:00:00	0.234101313544
12/1/1961 16:00:00	0.238900388546
12/4/1961 16:00:00	0.241295727074
12/5/1961 16:00:00	0.240402034286
12/6/1961 16:00:00	0.241161133656
12/7/1961 16:00:00	0.238206733094
12/8/1961 16:00:00	0.241832436672
12/11/1961 16:00:00	0.245489394113
12/12/1961 16:00:00	0.247931347666
12/13/1961 16:00:00	0.247050725883
12/14/1961 16:00:00	0.241576059864
12/15/1961 16:00:00	0.241929296678
12/18/1961 16:00:00	0.239383274254
12/19/1961 16:00:00	0.234400984285
12/20/1961 16:00:00	0.23313108135
12/21/1961 16:00:00	0.23064416575
12/22/1961 16:00:00	0.231368757768
12/26/1961 16:00:00	0.232499814236
12/27/1961 16:00:00	0.238451124957
12/28/1961 16:00:00	0.239190802777
12/29/1961 16:00:00	0.23788514173
1/2/1962 16:00:00	0.231700316842
1/3/1962 16:00:00	0.233632876181
1/4/1962 16:00:00	0.228732525708
1/5/1962 16:00:00	0.219132294843
1/8/1962 16:00:00	0.214054507712
1/9/1962 16:00:00	0.214381767102
1/10/1962 16:00:00	0.212441405765
1/11/1962 16:00:00	0.216570238696
1/12/1962 16:00:00	0.218800033921
1/15/1962 16:00:00	0.217192506697
1/16/1962 16:00:00	0.213289196378
1/17/1962 16:00:00	0.206791888006
1/18/1962 16:00:00	0.207095578999
1/19/1962 16:00:00	0.210380933508
1/22/1962 16:00:00	0.211079361242
1/23/1962 16:00:00	0.206154644417
1/24/1962 16:00:00	0.207238313755
1/25/1962 16:00:00	0.206845101025
1/26/1962 16:00:00	0.204940924001
1/29/1962 16:00:00	0.202672264498
1/30/1962 16:00:00	0.205173819982
1/31/1962 16:00:00	0.211397432681
2/1/1962 16:00:00	0.215113269209
2/2/1962 16:00:00	0.220380205462
2/5/1962 16:00:00	0.221107717029
2/6/1962 16:00:00	0.221827950846
2/7/1962 16:00:00	0.226028755687
2/8/1962 16:00:00	0.227531333693
2/9/1962 16:00:00	0.226672864797
2/12/1962 16:00:00	0.226210254264
2/13/1962 16:00:00	0.226141313996
2/14/1962 16:00:00	0.226090342462
2/15/1962 16:00:00	0.229163400649
2/16/1962 16:00:00	0.227508568554
2/19/1962 16:00:00	0.225866564217
2/20/1962 16:00:00	0.228156349232
2/21/1962 16:00:00	0.224945227969
2/23/1962 16:00:00	0.223325226461
2/26/1962 16:00:00	0.219757946807
2/27/1962 16:00:00	0.220850602814
2/28/1962 16:00:00	0.22156033309
3/1/1962 16:00:00	0.223815515821
3/2/1962 16:00:00	0.223362049965
3/5/1962 16:00:00	0.222126580247
3/6/1962 16:00:00	0.220120607213
3/7/1962 16:00:00	0.219282972287
3/8/1962 16:00:00	0.223822882877
3/9/1962 16:00:00	0.225702085063
3/12/1962 16:00:00	0.22562882145
3/13/1962 16:00:00	0.227513032353
3/14/1962 16:00:00	0.230592664354
3/15/1962 16:00:00	0.232110856906
3/16/1962 16:00:00	0.230843670643
3/19/1962 16:00:00	0.229978675702
3/20/1962 16:00:00	0.228318875067
3/21/1962 16:00:00	0.226671959701
3/22/1962 16:00:00	0.225813596637
3/23/1962 16:00:00	0.226131654879
3/26/1962 16:00:00	0.220574689757
3/27/1962 16:00:00	0.218962405834
3/28/1962 16:00:00	0.221961659113
3/29/1962 16:00:00	0.221889609654
3/30/1962 16:00:00	0.217565343676
4/2/1962 16:00:00	0.215591685531
4/3/1962 16:00:00	0.210597449314
4/4/1962 16:00:00	0.207547833812
4/5/1962 16:00:00	0.211557552189
4/6/1962 16:00:00	0.21074464277
4/9/1962 16:00:00	0.205828561599
4/10/1962 16:00:00	0.207969827011
4/11/1962 16:00:00	0.206796944578
4/12/1962 16:00:00	0.201940577231
4/13/1962 16:00:00	0.202237577086
4/16/1962 16:00:00	0.199268998398
4/17/1962 16:00:00	0.202082340891
4/18/1962 16:00:00	0.205284045282
4/19/1962 16:00:00	0.208148294073
4/23/1962 16:00:00	0.207711015698
4/24/1962 16:00:00	0.206905282745
4/25/1962 16:00:00	0.200215366308
4/26/1962 16:00:00	0.194388782489
4/27/1962 16:00:00	0.187971570528
4/30/1962 16:00:00	0.178945074442
5/1/1962 16:00:00	0.182566469557
5/2/1962 16:00:00	0.184882516753
5/3/1962 16:00:00	0.189601734769
5/4/1962 16:00:00	0.187116124291
5/7/1962 16:00:00	0.18534033427
5/8/1962 16:00:00	0.178111588504
5/9/1962 16:00:00	0.170742207412
5/10/1962 16:00:00	0.164876474765
5/11/1962 16:00:00	0.157881844224
5/14/1962 16:00:00	0.161212226571
5/15/1962 16:00:00	0.170494107183
5/16/1962 16:00:00	0.170123031583
5/17/1962 16:00:00	0.167491813676
5/18/1962 16:00:00	0.166806836962
5/21/1962 16:00:00	0.164856256061
5/22/1962 16:00:00	0.155037690584
5/23/1962 16:00:00	0.145918014375
5/24/1962 16:00:00	0.142392985398
5/25/1962 16:00:00	0.134357086641
5/28/1962 16:00:00	0.107413444461
5/29/1962 16:00:00	0.122447059269
5/31/1962 16:00:00	0.132163463158
6/1/1962 16:00:00	0.130507055464
6/4/1962 16:00:00	0.116579764387
6/5/1962 16:00:00	0.118525271423
6/6/1962 16:00:00	0.123497270816
6/7/1962 16:00:00	0.123726364058
6/8/1962 16:00:00	0.12395079412
6/11/1962 16:00:00	0.120055204819
6/12/1962 16:00:00	0.110693124799
6/13/1962 16:00:00	0.105888134372
6/14/1962 16:00:00	0.0991413828788
6/15/1962 16:00:00	0.107748206185
6/18/1962 16:00:00	0.106779783634
6/19/1962 16:00:00	0.105582788212
6/20/1962 16:00:00	0.101165253557
6/21/1962 16:00:00	0.0946321365164
6/22/1962 16:00:00	0.0898876669187
6/25/1962 16:00:00	0.0886185396546
6/26/1962 16:00:00	0.0879748417545
6/27/1962 16:00:00	0.0893740063848
6/28/1962 16:00:00	0.0986190082593
6/29/1962 16:00:00	0.100565237838
7/2/1962 16:00:00	0.106546238289
7/3/1962 16:00:00	0.110212245978
7/5/1962 16:00:00	0.112070713209
7/6/1962 16:00:00	0.108210531131
7/9/1962 16:00:00	0.110513031773
7/10/1962 16:00:00	0.114268369843
7/11/1962 16:00:00	0.117380767247
7/12/1962 16:00:00	0.119318728513
7/13/1962 16:00:00	0.1180368665
7/16/1962 16:00:00	0.11800089336
7/17/1962 16:00:00	0.111535166933
7/18/1962 16:00:00	0.108167186295
7/19/1962 16:00:00	0.109530788499
7/20/1962 16:00:00	0.111845680563
7/23/1962 16:00:00	0.111573286702
7/24/1962 16:00:00	0.108922425944
7/25/1962 16:00:00	0.109593613641
7/26/1962 16:00:00	0.111455525602
7/27/1962 16:00:00	0.113800220062
7/30/1962 16:00:00	0.117620450273
7/31/1962 16:00:00	0.120047000069
8/1/1962 16:00:00	0.117265056726
8/2/1962 16:00:00	0.118455327208
8/3/1962 16:00:00	0.119406064769
8/6/1962 16:00:00	0.117132364322
8/7/1962 16:00:00	0.114885841502
8/8/1962 16:00:00	0.115575163792
8/9/1962 16:00:00	0.116023938739
8/10/1962 16:00:00	0.115986277
8/13/1962 16:00:00	0.116435964784
8/14/1962 16:00:00	0.120062238123
8/15/1962 16:00:00	0.122765171323
8/16/1962 16:00:00	0.122472371143
8/17/1962 16:00:00	0.124705299398
8/20/1962 16:00:00	0.127222730437
8/21/1962 16:00:00	0.12562783167
8/22/1962 16:00:00	0.129694774494
8/23/1962 16:00:00	0.129128302755
8/24/1962 16:00:00	0.128563600647
8/27/1962 16:00:00	0.128261266601
8/28/1962 16:00:00	0.123276500608
8/29/1962 16:00:00	0.122479006993
8/30/1962 16:00:00	0.122693867443
8/31/1962 16:00:00	0.125433496718
9/4/1962 16:00:00	0.121806526786
9/5/1962 16:00:00	0.119004365744
9/6/1962 16:00:00	0.120449170471
9/7/1962 16:00:00	0.120659277468
9/10/1962 16:00:00	0.121119046759
9/11/1962 16:00:00	0.121829952343
9/12/1962 16:00:00	0.123547568728
9/13/1962 16:00:00	0.122494087608
9/14/1962 16:00:00	0.123713689116
9/17/1962 16:00:00	0.12494108955
9/18/1962 16:00:00	0.124647856875
9/19/1962 16:00:00	0.124100409052
9/20/1962 16:00:00	0.121523016166
9/21/1962 16:00:00	0.11622777315
9/24/1962 16:00:00	0.10987474417
9/25/1962 16:00:00	0.111712794276
9/26/1962 16:00:00	0.106948496068
9/27/1962 16:00:00	0.104846772806
9/28/1962 16:00:00	0.107532107958
10/1/1962 16:00:00	0.103121243301
10/2/1962 16:00:00	0.106447984119
10/3/1962 16:00:00	0.106870943591
10/4/1962 16:00:00	0.109817631198
10/5/1962 16:00:00	0.112116873441
10/8/1962 16:00:00	0.112082704489
10/9/1962 16:00:00	0.112995057178
10/10/1962 16:00:00	0.113196262954
10/11/1962 16:00:00	0.111971061017
10/12/1962 16:00:00	0.111461930643
10/15/1962 16:00:00	0.113310940962
10/16/1962 16:00:00	0.112083084808
10/17/1962 16:00:00	0.110864391262
10/18/1962 16:00:00	0.107777090808
10/19/1962 16:00:00	0.103366540369
10/22/1962 16:00:00	0.0999754920546
10/23/1962 16:00:00	0.0920627121744
10/24/1962 16:00:00	0.100729283625
10/25/1962 16:00:00	0.0978425734777
10/26/1962 16:00:00	0.0971666923078
10/29/1962 16:00:00	0.103567228357
10/30/1962 16:00:00	0.108006192854
10/31/1962 16:00:00	0.107971133701
11/1/1962 16:00:00	0.111381973174
11/2/1962 16:00:00	0.115097632065
11/5/1962 16:00:00	0.118655672133
11/7/1962 16:00:00	0.120817501694
11/8/1962 16:00:00	0.118304205416
11/9/1962 16:00:00	0.121192917857
11/12/1962 16:00:00	0.126110343807
11/13/1962 16:00:00	0.125306130858
11/14/1962 16:00:00	0.129825113143
11/15/1962 16:00:00	0.128486449064
11/16/1962 16:00:00	0.129732181324
11/19/1962 16:00:00	0.127358000009
11/20/1962 16:00:00	0.131411223163
11/21/1962 16:00:00	0.133982367367
11/23/1962 16:00:00	0.138703185755
11/26/1962 16:00:00	0.137576569627
11/27/1962 16:00:00	0.139954982534
11/28/1962 16:00:00	0.142632412284
11/29/1962 16:00:00	0.144794599219
11/30/1962 16:00:00	0.143636666732
12/3/1962 16:00:00	0.141375934202
12/4/1962 16:00:00	0.146263108198
12/5/1962 16:00:00	0.144537347623
12/6/1962 16:00:00	0.14810959964
12/7/1962 16:00:00	0.149192822234
12/10/1962 16:00:00	0.143469486605
12/11/1962 16:00:00	0.143700716793
12/12/1962 16:00:00	0.145869057893
12/13/1962 16:00:00	0.144425884365
12/14/1962 16:00:00	0.145490635387
12/17/1962 16:00:00	0.144048929732
12/18/1962 16:00:00	0.142063050784
12/19/1962 16:00:00	0.145584521329
12/20/1962 16:00:00	0.147210649434
12/21/1962 16:00:00	0.14575818262
12/24/1962 16:00:00	0.145710869051
12/26/1962 16:00:00	0.148453185436
12/27/1962 16:00:00	0.147840178347
12/28/1962 16:00:00	0.148073789295
12/31/1962 16:00:00	0.149153189474
1/2/1963 16:00:00	0.145989549032
1/3/1963 16:00:00	0.153205560241
1/4/1963 16:00:00	0.156038897614
1/7/1963 16:00:00	0.155988246892
1/8/1963 16:00:00	0.160311114861
1/9/1963 16:00:00	0.159077949177
1/10/1963 16:00:00	0.159924891128
1/11/1963 16:00:00	0.160761999397
1/14/1963 16:00:00	0.163385878416
1/15/1963 16:00:00	0.162731791174
1/16/1963 16:00:00	0.159382375463
1/17/1963 16:00:00	0.162581330656
1/18/1963 16:00:00	0.162827969371
1/21/1963 16:00:00	0.163675715776
1/22/1963 16:00:00	0.164524656812
1/23/1963 16:00:00	0.165979729491
1/24/1963 16:00:00	0.166836161246
1/25/1963 16:00:00	0.167999787898
1/28/1963 16:00:00	0.170391853486
1/29/1963 16:00:00	0.170338166529
1/30/1963 16:00:00	0.167197037869
1/31/1963 16:00:00	0.169885365437
2/1/1963 16:00:00	0.170446118714
2/4/1963 16:00:00	0.169465012806
2/5/1963 16:00:00	0.168795257808
2/6/1963 16:00:00	0.170886168761
2/7/1963 16:00:00	0.168976599088
2/8/1963 16:00:00	0.168921748748
2/11/1963 16:00:00	0.165801185744
2/12/1963 16:00:00	0.16605010721
2/13/1963 16:00:00	0.168420295975
2/14/1963 16:00:00	0.169894866188
2/15/1963 16:00:00	0.170454907393
2/18/1963 16:00:00	0.171016050633
2/19/1963 16:00:00	0.16848950564
2/20/1963 16:00:00	0.165682716223
2/21/1963 16:00:00	0.166233616534
2/25/1963 16:00:00	0.162543927416
2/26/1963 16:00:00	0.162491165141
2/27/1963 16:00:00	0.159156774675
2/28/1963 16:00:00	0.15380969239
3/1/1963 16:00:00	0.152322291515
3/4/1963 16:00:00	0.156556911665
3/5/1963 16:00:00	0.156796910587
3/6/1963 16:00:00	0.157328180559
3/7/1963 16:00:00	0.160194197498
3/8/1963 16:00:00	0.160732594258
3/11/1963 16:00:00	0.16186372739
3/12/1963 16:00:00	0.162999903615
3/13/1963 16:00:00	0.164738201061
3/14/1963 16:00:00	0.162279789276
3/15/1963 16:00:00	0.164607745347
3/18/1963 16:00:00	0.162151280371
3/19/1963 16:00:00	0.16120661528
3/20/1963 16:00:00	0.164413518853
3/21/1963 16:00:00	0.163763362537
3/22/1963 16:00:00	0.166105382047
3/25/1963 16:00:00	0.166353473498
3/26/1963 16:00:00	0.167508585282
3/27/1963 16:00:00	0.169579698044
3/28/1963 16:00:00	0.168606350321
3/29/1963 16:00:00	0.168551620165
4/1/1963 16:00:00	0.170630472586
4/2/1963 16:00:00	0.170267827639
4/3/1963 16:00:00	0.174510980793
4/4/1963 16:00:00	0.177905044985
4/5/1963 16:00:00	0.18132287627
4/8/1963 16:00:00	0.183182778884
4/9/1963 16:00:00	0.182479440973
4/10/1963 16:00:00	0.181135894786
4/11/1963 16:00:00	0.18491066141
4/15/1963 16:00:00	0.187441331102
4/16/1963 16:00:00	0.187707229638
4/17/1963 16:00:00	0.185684202798
4/18/1963 16:00:00	0.185310359016
4/19/1963 16:00:00	0.187843471184
4/22/1963 16:00:00	0.188436623601
4/23/1963 16:00:00	0.190341751677
4/24/1963 16:00:00	0.191599493015
4/25/1963 16:00:00	0.191868595165
4/26/1963 16:00:00	0.191474743857
4/29/1963 16:00:00	0.190752253618
4/30/1963 16:00:00	0.192011181365
5/1/1963 16:00:00	0.193275356043
5/2/1963 16:00:00	0.194877828094
5/3/1963 16:00:00	0.193475203616
5/6/1963 16:00:00	0.189414061496
5/7/1963 16:00:00	0.188367186019
5/8/1963 16:00:00	0.19288706159
5/9/1963 16:00:00	0.195815805762
5/10/1963 16:00:00	0.197094980283
5/13/1963 16:00:00	0.196693896047
5/14/1963 16:00:00	0.194273761181
5/15/1963 16:00:00	0.195879717869
5/16/1963 16:00:00	0.194473726572
5/17/1963 16:00:00	0.194410599783
5/20/1963 16:00:00	0.191676712492
5/21/1963 16:00:00	0.192937162139
5/22/1963 16:00:00	0.192874534124
5/23/1963 16:00:00	0.1924799565
5/24/1963 16:00:00	0.191754514932
5/27/1963 16:00:00	0.190369825877
5/28/1963 16:00:00	0.191294971569
5/29/1963 16:00:00	0.193872945227
5/31/1963 16:00:00	0.197805105627
6/3/1963 16:00:00	0.196728819037
6/4/1963 16:00:00	0.196664960237
6/5/1963 16:00:00	0.195257170275
6/6/1963 16:00:00	0.195528133647
6/7/1963 16:00:00	0.194126194769
6/10/1963 16:00:00	0.190067444362
6/11/1963 16:00:00	0.190662284807
6/12/1963 16:00:00	0.193560649215
6/13/1963 16:00:00	0.192169027171
6/14/1963 16:00:00	0.192106648495
6/17/1963 16:00:00	0.193366124805
6/18/1963 16:00:00	0.189984716961
6/19/1963 16:00:00	0.19057892091
6/20/1963 16:00:00	0.189531305348
6/21/1963 16:00:00	0.191433837862
6/24/1963 16:00:00	0.191042207576
6/25/1963 16:00:00	0.189664174869
6/26/1963 16:00:00	0.184368236439
6/27/1963 16:00:00	0.181738797779
6/28/1963 16:00:00	0.183906476173
7/1/1963 16:00:00	0.179679230116
7/2/1963 16:00:00	0.184354843229
7/3/1963 16:00:00	0.188146872424
7/5/1963 16:00:00	0.190037755377
7/8/1963 16:00:00	0.186046511256
7/9/1963 16:00:00	0.188568604797
7/10/1963 16:00:00	0.187206471517
7/11/1963 16:00:00	0.185849409612
7/12/1963 16:00:00	0.184821676469
7/15/1963 16:00:00	0.181549255018
7/16/1963 16:00:00	0.180855535948
7/17/1963 16:00:00	0.17889752999
7/18/1963 16:00:00	0.175693681451
7/19/1963 16:00:00	0.17439151328
7/22/1963 16:00:00	0.170625368068
7/23/1963 16:00:00	0.170573367956
7/24/1963 16:00:00	0.173573868044
7/25/1963 16:00:00	0.173240765664
7/26/1963 16:00:00	0.175332516718
7/29/1963 16:00:00	0.176199639714
7/30/1963 16:00:00	0.180486061091
7/31/1963 16:00:00	0.179473155425
8/1/1963 16:00:00	0.178778781215
8/2/1963 16:00:00	0.180595536566
8/5/1963 16:00:00	0.183687012818
8/6/1963 16:00:00	0.187132074754
8/7/1963 16:00:00	0.185447911475
8/8/1963 16:00:00	0.185701570077
8/9/1963 16:00:00	0.189491542262
8/12/1963 16:00:00	0.19007406005
8/13/1963 16:00:00	0.191636822735
8/14/1963 16:00:00	0.193865854002
8/15/1963 16:00:00	0.196111564953
8/16/1963 16:00:00	0.197039560373
8/19/1963 16:00:00	0.196633627532
8/20/1963 16:00:00	0.19589468802
8/21/1963 16:00:00	0.195157772517
8/22/1963 16:00:00	0.197078085171
8/23/1963 16:00:00	0.198676445704
8/26/1963 16:00:00	0.199947235416
8/27/1963 16:00:00	0.196502606004
8/28/1963 16:00:00	0.2007631889
8/29/1963 16:00:00	0.201367936102
8/30/1963 16:00:00	0.204342189538
9/3/1963 16:00:00	0.205635350304
9/4/1963 16:00:00	0.205217142537
9/5/1963 16:00:00	0.208227497808
9/6/1963 16:00:00	0.20676730557
9/9/1963 16:00:00	0.204281037377
9/10/1963 16:00:00	0.207622691573
9/11/1963 16:00:00	0.209273410349
9/12/1963 16:00:00	0.208850121287
9/13/1963 16:00:00	0.208774040171
9/16/1963 16:00:00	0.207658735465
9/17/1963 16:00:00	0.208273366699
9/18/1963 16:00:00	0.205431274989
9/19/1963 16:00:00	0.208790349127
9/20/1963 16:00:00	0.209406795089
9/23/1963 16:00:00	0.206208488288
9/24/1963 16:00:00	0.208879764442
9/25/1963 16:00:00	0.205343566316
9/26/1963 16:00:00	0.20013517343
9/27/1963 16:00:00	0.198716820502
9/30/1963 16:00:00	0.19496242346
10/1/1963 16:00:00	0.199187183647
10/2/1963 16:00:00	0.199784910376
10/3/1963 16:00:00	0.204077180049
10/4/1963 16:00:00	0.204002837647
10/7/1963 16:00:00	0.202566990597
10/8/1963 16:00:00	0.201815716763
10/9/1963 16:00:00	0.195662619841
10/10/1963 16:00:00	0.198238413136
10/11/1963 16:00:00	0.198499932416
10/14/1963 16:00:00	0.198761609274
10/15/1963 16:00:00	0.199357684008
10/16/1963 16:00:00	0.203973203477
10/17/1963 16:00:00	0.206278586327
10/18/1963 16:00:00	0.206888373649
10/21/1963 16:00:00	0.207156105634
10/22/1963 16:00:00	0.20330376235
10/23/1963 16:00:00	0.203568729647
10/24/1963 16:00:00	0.205869540979
10/25/1963 16:00:00	0.211946706804
10/28/1963 16:00:00	0.216050364192
10/29/1963 16:00:00	0.215618828834
10/30/1963 16:00:00	0.209550870063
10/31/1963 16:00:00	0.211548154159
11/1/1963 16:00:00	0.209732338236
11/4/1963 16:00:00	0.206198809287
11/6/1963 16:00:00	0.200655438291
11/7/1963 16:00:00	0.202595607648
11/8/1963 16:00:00	0.205223079731
11/11/1963 16:00:00	0.192208369071
11/12/1963 16:00:00	0.192789904102
11/13/1963 16:00:00	0.203490667007
11/14/1963 16:00:00	0.200718920212
11/15/1963 16:00:00	0.195619450921
11/18/1963 16:00:00	0.191266955775
11/19/1963 16:00:00	0.191846009031
11/20/1963 16:00:00	0.196975788241
11/21/1963 16:00:00	0.189298364399
11/22/1963 16:00:00	0.173132606015
11/26/1963 16:00:00	0.193675750765
11/27/1963 16:00:00	0.192627037098
11/29/1963 16:00:00	0.200352901049
12/2/1963 16:00:00	0.203613574268
12/3/1963 16:00:00	0.203202478125
12/4/1963 16:00:00	0.204810594085
12/5/1963 16:00:00	0.20847603313
12/6/1963 16:00:00	0.206009259349
12/9/1963 16:00:00	0.205596785887
12/10/1963 16:00:00	0.205868944318
12/11/1963 16:00:00	0.20479689852
12/12/1963 16:00:00	0.204722293935
12/13/1963 16:00:00	0.205999018798
12/16/1963 16:00:00	0.20795909284
12/17/1963 16:00:00	0.21129623171
12/18/1963 16:00:00	0.210529500322
12/19/1963 16:00:00	0.208388792723
12/20/1963 16:00:00	0.207288016748
12/23/1963 16:00:00	0.203128011744
12/24/1963 16:00:00	0.20439701023
12/26/1963 16:00:00	0.207019378282
12/27/1963 16:00:00	0.207963763973
12/30/1963 16:00:00	0.208910778355
12/31/1963 16:00:00	0.212595752985
1/2/1964 16:00:00	0.215981241714
1/3/1964 16:00:00	0.216601531253
1/6/1964 16:00:00	0.218273177578
1/7/1964 16:00:00	0.218545528115
1/8/1964 16:00:00	0.221282828461
1/9/1964 16:00:00	0.223687212618
1/10/1964 16:00:00	0.223248208374
1/13/1964 16:00:00	0.223166882241
1/14/1964 16:00:00	0.224513092444
1/15/1964 16:00:00	0.226939164543
1/16/1964 16:00:00	0.226134906678
1/17/1964 16:00:00	0.226412425366
1/20/1964 16:00:00	0.225249505499
1/21/1964 16:00:00	0.226961790515
1/22/1964 16:00:00	0.230850637608
1/23/1964 16:00:00	0.23149592792
1/24/1964 16:00:00	0.23141159726
1/27/1964 16:00:00	0.231327297321
1/28/1964 16:00:00	0.231608089581
1/29/1964 16:00:00	0.227139968733
1/30/1964 16:00:00	0.228138843786
1/31/1964 16:00:00	0.230948146129
2/3/1964 16:00:00	0.230499551873
2/4/1964 16:00:00	0.229687690858
2/5/1964 16:00:00	0.228514878124
2/6/1964 16:00:00	0.230240458311
2/7/1964 16:00:00	0.232701347962
2/10/1964 16:00:00	0.231152280243
2/11/1964 16:00:00	0.233983290075
2/12/1964 16:00:00	0.236101977544
2/13/1964 16:00:00	0.235646482304
2/14/1964 16:00:00	0.235191673348
2/17/1964 16:00:00	0.235105996381
2/18/1964 16:00:00	0.235388662891
2/19/1964 16:00:00	0.236040039413
2/20/1964 16:00:00	0.236701814351
2/24/1964 16:00:00	0.237355280431
2/25/1964 16:00:00	0.237268815294
2/26/1964 16:00:00	0.23940446213
2/27/1964 16:00:00	0.237082146605
2/28/1964 16:00:00	0.238476002485
3/2/1964 16:00:00	0.240246418823
3/3/1964 16:00:00	0.242771626945
3/4/1964 16:00:00	0.241179958821
3/5/1964 16:00:00	0.241120812308
3/6/1964 16:00:00	0.243651143516
3/9/1964 16:00:00	0.243938970887
3/10/1964 16:00:00	0.246487964454
3/11/1964 16:00:00	0.249812833795
3/12/1964 16:00:00	0.250870102001
3/13/1964 16:00:00	0.251546291685
3/16/1964 16:00:00	0.251454656965
3/17/1964 16:00:00	0.253284512505
3/18/1964 16:00:00	0.253964453455
3/19/1964 16:00:00	0.253495267889
3/20/1964 16:00:00	0.249540628599
3/23/1964 16:00:00	0.249831869427
3/24/1964 16:00:00	0.24859367209
3/25/1964 16:00:00	0.250410899576
3/26/1964 16:00:00	0.252619411031
3/30/1964 16:00:00	0.252142294823
3/31/1964 16:00:00	0.250512208346
4/1/1964 16:00:00	0.253100907727
4/2/1964 16:00:00	0.257633900935
4/3/1964 16:00:00	0.25987981156
4/6/1964 16:00:00	0.260961659319
4/7/1964 16:00:00	0.258114111116
4/8/1964 16:00:00	0.258412835577
4/9/1964 16:00:00	0.257542729979
4/10/1964 16:00:00	0.259397040418
4/13/1964 16:00:00	0.25851965733
4/14/1964 16:00:00	0.260768560777
4/15/1964 16:00:00	0.261459013988
4/16/1964 16:00:00	0.262937242712
4/17/1964 16:00:00	0.266394664413
4/20/1964 16:00:00	0.26589942234
4/21/1964 16:00:00	0.266200215144
4/22/1964 16:00:00	0.265707869802
4/23/1964 16:00:00	0.264818867381
4/24/1964 16:00:00	0.258775866198
4/27/1964 16:00:00	0.254778492776
4/28/1964 16:00:00	0.260092803752
4/29/1964 16:00:00	0.258434494778
4/30/1964 16:00:00	0.256006704743
5/1/1964 16:00:00	0.262884883411
5/4/1964 16:00:00	0.265942160284
5/5/1964 16:00:00	0.270213669253
5/6/1964 16:00:00	0.271720463992
5/7/1964 16:00:00	0.272829723279
5/8/1964 16:00:00	0.247695146097
5/11/1964 16:00:00	0.269160064412
5/12/1964 16:00:00	0.271458096906
5/13/1964 16:00:00	0.26975294767
5/14/1964 16:00:00	0.268855017637
5/15/1964 16:00:00	0.271150445704
5/18/1964 16:00:00	0.267441678329
5/19/1964 16:00:00	0.263370379769
5/20/1964 16:00:00	0.266814009755
5/21/1964 16:00:00	0.269890022456
5/22/1964 16:00:00	0.267393867073
5/25/1964 16:00:00	0.266105100493
5/26/1964 16:00:00	0.264424988579
5/27/1964 16:00:00	0.263146434367
5/28/1964 16:00:00	0.264231347653
6/1/1964 16:00:00	0.261772367528
6/2/1964 16:00:00	0.257764117197
6/3/1964 16:00:00	0.25573408233
6/4/1964 16:00:00	0.247938088252
6/5/1964 16:00:00	0.251242457798
6/8/1964 16:00:00	0.247726629691
6/9/1964 16:00:00	0.252535645322
6/10/1964 16:00:00	0.255115311933
6/11/1964 16:00:00	0.258096055526
6/12/1964 16:00:00	0.256840602571
6/15/1964 16:00:00	0.260605435842
6/16/1964 16:00:00	0.264795493223
6/17/1964 16:00:00	0.269029186258
6/18/1964 16:00:00	0.268931182768
6/19/1964 16:00:00	0.269628477226
6/22/1964 16:00:00	0.271919872652
6/23/1964 16:00:00	0.268617047377
6/24/1964 16:00:00	0.27169652726
6/25/1964 16:00:00	0.27319812074
6/26/1964 16:00:00	0.275909554244
6/29/1964 16:00:00	0.277829866266
6/30/1964 16:00:00	0.27813464298
7/1/1964 16:00:00	0.28412682734
7/2/1964 16:00:00	0.287731117296
7/6/1964 16:00:00	0.291780263193
7/7/1964 16:00:00	0.293350869875
7/8/1964 16:00:00	0.293244006344
7/9/1964 16:00:00	0.294398747735
7/10/1964 16:00:00	0.29597779602
7/13/1964 16:00:00	0.295446948673
7/14/1964 16:00:00	0.292804505042
7/15/1964 16:00:00	0.296056974444
7/16/1964 16:00:00	0.298909694862
7/17/1964 16:00:00	0.303056758322
7/20/1964 16:00:00	0.300369589282
7/21/1964 16:00:00	0.298125851623
7/22/1964 16:00:00	0.298029079025
7/23/1964 16:00:00	0.297967817492
7/24/1964 16:00:00	0.297434816493
7/27/1964 16:00:00	0.293511386832
7/28/1964 16:00:00	0.291303953947
7/29/1964 16:00:00	0.29203371543
7/30/1964 16:00:00	0.294020263268
7/31/1964 16:00:00	0.294754014599
8/3/1964 16:00:00	0.292962331268
8/4/1964 16:00:00	0.281953385116
8/5/1964 16:00:00	0.283485185903
8/6/1964 16:00:00	0.275590857671
8/7/1964 16:00:00	0.281122977738
8/10/1964 16:00:00	0.280205325605
8/11/1964 16:00:00	0.280103250808
8/12/1964 16:00:00	0.284473108345
8/13/1964 16:00:00	0.286833634751
8/14/1964 16:00:00	0.286316237052
8/17/1964 16:00:00	0.286624297497
8/18/1964 16:00:00	0.286932491314
8/19/1964 16:00:00	0.286002260895
8/20/1964 16:00:00	0.282190891907
8/21/1964 16:00:00	0.283720827983
8/24/1964 16:00:00	0.281979046198
8/25/1964 16:00:00	0.277389676983
8/26/1964 16:00:00	0.276078493571
8/27/1964 16:00:00	0.279998482706
8/28/1964 16:00:00	0.283142842479
8/31/1964 16:00:00	0.281404608987
9/1/1964 16:00:00	0.284965513143
9/2/1964 16:00:00	0.286503368299
9/3/1964 16:00:00	0.289281879299
9/4/1964 16:00:00	0.291248717808
9/8/1964 16:00:00	0.29239142352
9/9/1964 16:00:00	0.294371432505
9/10/1964 16:00:00	0.295114145616
9/11/1964 16:00:00	0.29878477248
9/14/1964 16:00:00	0.296559889991
9/15/1964 16:00:00	0.293925554563
9/16/1964 16:00:00	0.29674797226
9/17/1964 16:00:00	0.302541414147
9/18/1964 16:00:00	0.299445596571
9/21/1964 16:00:00	0.303571952657
9/22/1964 16:00:00	0.303888731221
9/23/1964 16:00:00	0.304205639682
9/24/1964 16:00:00	0.305378390013
9/25/1964 16:00:00	0.307411656194
9/28/1964 16:00:00	0.308591919424
9/29/1964 16:00:00	0.308047705402
9/30/1964 16:00:00	0.307504249985
10/1/1964 16:00:00	0.306549177962
10/2/1964 16:00:00	0.309445699343
10/5/1964 16:00:00	0.313656852985
10/6/1964 16:00:00	0.314415073089
10/7/1964 16:00:00	0.314737426035
10/8/1964 16:00:00	0.317270562731
10/9/1964 16:00:00	0.319352150159
10/12/1964 16:00:00	0.319677112039
10/13/1964 16:00:00	0.316469857427
10/14/1964 16:00:00	0.314613024861
10/15/1964 16:00:00	0.308882954751
10/16/1964 16:00:00	0.315241444725
10/19/1964 16:00:00	0.316438291006
10/20/1964 16:00:00	0.319390978328
10/21/1964 16:00:00	0.318395781082
10/22/1964 16:00:00	0.316959866811
10/23/1964 16:00:00	0.319037390868
10/26/1964 16:00:00	0.317599800331
10/27/1964 16:00:00	0.317484103261
10/28/1964 16:00:00	0.314302320819
10/29/1964 16:00:00	0.314623750523
10/30/1964 16:00:00	0.316253816424
11/2/1964 16:00:00	0.320077195028
11/4/1964 16:00:00	0.319519515283
11/5/1964 16:00:00	0.319843632926
11/6/1964 16:00:00	0.320608635133
11/9/1964 16:00:00	0.320050434963
11/10/1964 16:00:00	0.316407118606
11/11/1964 16:00:00	0.31891643119
11/12/1964 16:00:00	0.320558984809
11/13/1964 16:00:00	0.320880038614
11/16/1964 16:00:00	0.325614967191
11/17/1964 16:00:00	0.329949400013
11/18/1964 16:00:00	0.33252633822
11/19/1964 16:00:00	0.331953401535
11/20/1964 16:00:00	0.333182734749
11/23/1964 16:00:00	0.329895371251
11/24/1964 16:00:00	0.327079726772
11/25/1964 16:00:00	0.323394051211
11/27/1964 16:00:00	0.320642662007
11/30/1964 16:00:00	0.312140877977
12/1/1964 16:00:00	0.302927502328
12/2/1964 16:00:00	0.305349550625
12/3/1964 16:00:00	0.309500990189
12/4/1964 16:00:00	0.311526269559
12/7/1964 16:00:00	0.311406603913
12/8/1964 16:00:00	0.307839485258
12/9/1964 16:00:00	0.302183250425
12/10/1964 16:00:00	0.302097152181
12/11/1964 16:00:00	0.304089653618
12/14/1964 16:00:00	0.301843279951
12/15/1964 16:00:00	0.299608582739
12/16/1964 16:00:00	0.303271194787
12/17/1964 16:00:00	0.306962526475
12/18/1964 16:00:00	0.311536929376
12/21/1964 16:00:00	0.312704955765
12/22/1964 16:00:00	0.311714010892
12/23/1964 16:00:00	0.309862734024
12/24/1964 16:00:00	0.310167128726
12/28/1964 16:00:00	0.309182245476
12/29/1964 16:00:00	0.306484400487
12/30/1964 16:00:00	0.311902033087
12/31/1964 16:00:00	0.316950446176
1/4/1965 16:00:00	0.311157391117
1/5/1965 16:00:00	0.3157657616
1/6/1965 16:00:00	0.318679982529
1/7/1965 16:00:00	0.32335986021
1/8/1965 16:00:00	0.324553272556
1/11/1965 16:00:00	0.32530690647
1/12/1965 16:00:00	0.327833470254
1/13/1965 16:00:00	0.330817605824
1/14/1965 16:00:00	0.331131823783
1/15/1965 16:00:00	0.335478866562
1/18/1965 16:00:00	0.338958742402
1/19/1965 16:00:00	0.340641726541
1/20/1965 16:00:00	0.340531153155
1/21/1965 16:00:00	0.339991369742
1/22/1965 16:00:00	0.34258853906
1/25/1965 16:00:00	0.34428216844
1/26/1965 16:00:00	0.34552144325
1/27/1965 16:00:00	0.349526278913
1/28/1965 16:00:00	0.352632891948
1/29/1965 16:00:00	0.353423742212
2/1/1965 16:00:00	0.354215541617
2/2/1965 16:00:00	0.354072449783
2/3/1965 16:00:00	0.355332609082
2/4/1965 16:00:00	0.354720289459
2/5/1965 16:00:00	0.351764286304
2/8/1965 16:00:00	0.347894540003
2/9/1965 16:00:00	0.351450092384
2/10/1965 16:00:00	0.342006394923
2/11/1965 16:00:00	0.331379607836
2/12/1965 16:00:00	0.338844823728
2/15/1965 16:00:00	0.338254333648
2/16/1965 16:00:00	0.333587497667
2/17/1965 16:00:00	0.334799056163
2/18/1965 16:00:00	0.338262185648
2/19/1965 16:00:00	0.340389676252
2/23/1965 16:00:00	0.345708103888
2/24/1965 16:00:00	0.352458114278
2/25/1965 16:00:00	0.353260096598
2/26/1965 16:00:00	0.355912415674
3/1/1965 16:00:00	0.353896236345
3/2/1965 16:00:00	0.356084605756
3/3/1965 16:00:00	0.354536393651
3/4/1965 16:00:00	0.351592972516
3/5/1965 16:00:00	0.349594751965
3/8/1965 16:00:00	0.349912142972
3/9/1965 16:00:00	0.348383472708
3/10/1965 16:00:00	0.346859652921
3/11/1965 16:00:00	0.351775349129
3/12/1965 16:00:00	0.355340650277
3/15/1965 16:00:00	0.356130982122
3/16/1965 16:00:00	0.355048306086
3/17/1965 16:00:00	0.35397176797
3/18/1965 16:00:00	0.351501033921
3/19/1965 16:00:00	0.352282040449
3/22/1965 16:00:00	0.352136095032
3/23/1965 16:00:00	0.353845185118
3/24/1965 16:00:00	0.356028131492
3/25/1965 16:00:00	0.353082162101
3/26/1965 16:00:00	0.345505835323
3/29/1965 16:00:00	0.343535767443
3/30/1965 16:00:00	0.3456760861
3/31/1965 16:00:00	0.345536443935
4/1/1965 16:00:00	0.347684169151
4/2/1965 16:00:00	0.350295881559
4/5/1965 16:00:00	0.35061228188
4/6/1965 16:00:00	0.350467028221
4/7/1965 16:00:00	0.351706471811
4/8/1965 16:00:00	0.357577787863
4/9/1965 16:00:00	0.364444034045
4/12/1965 16:00:00	0.369501648235
4/13/1965 16:00:00	0.370781980548
4/14/1965 16:00:00	0.373501412476
4/15/1965 16:00:00	0.372865566585
4/19/1965 16:00:00	0.377516062349
4/20/1965 16:00:00	0.377363557845
4/21/1965 16:00:00	0.375270368351
4/22/1965 16:00:00	0.381389355597
4/23/1965 16:00:00	0.383181360922
4/26/1965 16:00:00	0.383515527444
4/27/1965 16:00:00	0.385806489189
4/28/1965 16:00:00	0.385650635616
4/29/1965 16:00:00	0.38451312934
4/30/1965 16:00:00	0.387292784899
5/3/1965 16:00:00	0.389100786288
5/4/1965 16:00:00	0.39288817888
5/5/1965 16:00:00	0.396202297459
5/6/1965 16:00:00	0.399034644471
5/7/1965 16:00:00	0.398367610112
5/10/1965 16:00:00	0.396198206769
5/11/1965 16:00:00	0.395039755758
5/12/1965 16:00:00	0.400359916643
5/13/1965 16:00:00	0.40522362223
5/14/1965 16:00:00	0.403029625761
5/17/1965 16:00:00	0.395797863239
5/18/1965 16:00:00	0.39464100152
5/19/1965 16:00:00	0.397963705567
5/20/1965 16:00:00	0.39180097463
5/21/1965 16:00:00	0.386194685646
5/24/1965 16:00:00	0.377703079467
5/25/1965 16:00:00	0.384792356497
5/26/1965 16:00:00	0.381211841976
5/27/1965 16:00:00	0.375226469186
5/28/1965 16:00:00	0.38275811618
6/1/1965 16:00:00	0.38746717679
6/2/1965 16:00:00	0.366207766617
6/3/1965 16:00:00	0.364170538302
6/4/1965 16:00:00	0.366842695079
6/7/1965 16:00:00	0.364327040232
6/8/1965 16:00:00	0.352413501207
6/9/1965 16:00:00	0.341689530907
6/10/1965 16:00:00	0.337943337006
6/11/1965 16:00:00	0.343169878064
6/14/1965 16:00:00	0.329927321818
6/15/1965 16:00:00	0.335509377887
6/16/1965 16:00:00	0.344265901548
6/17/1965 16:00:00	0.351361456374
6/18/1965 16:00:00	0.346630923359
6/21/1965 16:00:00	0.343307218905
6/22/1965 16:00:00	0.345421612261
6/23/1965 16:00:00	0.338938519019
6/24/1965 16:00:00	0.325882388636
6/25/1965 16:00:00	0.320519320507
6/28/1965 16:00:00	0.303585117937
6/29/1965 16:00:00	0.313011272695
6/30/1965 16:00:00	0.332374175852
7/1/1965 16:00:00	0.337085438105
7/2/1965 16:00:00	0.34539887684
7/6/1965 16:00:00	0.343899504708
7/7/1965 16:00:00	0.340151270538
7/8/1965 16:00:00	0.348957775642
7/9/1965 16:00:00	0.352907887969
7/12/1965 16:00:00	0.352761683273
7/13/1965 16:00:00	0.352157407091
7/14/1965 16:00:00	0.355675509506
7/15/1965 16:00:00	0.354150265705
7/16/1965 16:00:00	0.354003546309
7/19/1965 16:00:00	0.353397937551
7/20/1965 16:00:00	0.340421009659
7/21/1965 16:00:00	0.334920183442
7/22/1965 16:00:00	0.332139281979
7/23/1965 16:00:00	0.33507840172
7/26/1965 16:00:00	0.335381639464
7/27/1965 16:00:00	0.333034848416
7/28/1965 16:00:00	0.335100983714
7/29/1965 16:00:00	0.343358092899
7/30/1965 16:00:00	0.35040032077
8/2/1965 16:00:00	0.352985547033
8/3/1965 16:00:00	0.353753780493
8/4/1965 16:00:00	0.358185574542
8/5/1965 16:00:00	0.358040878941
8/6/1965 16:00:00	0.362045083687
8/9/1965 16:00:00	0.359571312556
8/10/1965 16:00:00	0.359884917597
8/11/1965 16:00:00	0.363438024741
8/12/1965 16:00:00	0.367013434746
8/13/1965 16:00:00	0.372017386044
8/16/1965 16:00:00	0.373754878383
8/17/1965 16:00:00	0.375971578183
8/18/1965 16:00:00	0.375815818529
8/19/1965 16:00:00	0.37328053823
8/20/1965 16:00:00	0.372178480902
8/23/1965 16:00:00	0.370606169758
8/24/1965 16:00:00	0.372809179142
8/25/1965 16:00:00	0.374547162006
8/26/1965 16:00:00	0.379137100095
8/27/1965 16:00:00	0.379936640701
8/30/1965 16:00:00	0.38025815011
8/31/1965 16:00:00	0.380100614591
9/1/1965 16:00:00	0.380425983205
9/2/1965 16:00:00	0.386987614248
9/3/1965 16:00:00	0.392641795863
9/7/1965 16:00:00	0.39688167503
9/8/1965 16:00:00	0.401150767402
9/9/1965 16:00:00	0.404461166223
9/10/1965 16:00:00	0.408283356304
9/13/1965 16:00:00	0.412128467021
9/14/1965 16:00:00	0.407414049599
9/15/1965 16:00:00	0.41475904748
9/16/1965 16:00:00	0.421682892864
9/17/1965 16:00:00	0.422532941456
9/20/1965 16:00:00	0.422870882311
9/21/1965 16:00:00	0.419616536036
9/22/1965 16:00:00	0.425568483747
9/23/1965 16:00:00	0.420755232065
9/24/1965 16:00:00	0.423137147811
9/27/1965 16:00:00	0.432706733951
9/28/1965 16:00:00	0.429923939444
9/29/1965 16:00:00	0.424047896457
9/30/1965 16:00:00	0.423463975919
10/1/1965 16:00:00	0.423288540843
10/4/1965 16:00:00	0.426190397242
10/5/1965 16:00:00	0.433740894646
10/6/1965 16:00:00	0.433044562683
10/7/1965 16:00:00	0.432349140174
10/8/1965 16:00:00	0.437888469643
10/11/1965 16:00:00	0.446094387733
10/12/1965 16:00:00	0.445909577201
10/13/1965 16:00:00	0.446255266997
10/14/1965 16:00:00	0.443947891518
10/15/1965 16:00:00	0.447465004675
10/18/1965 16:00:00	0.452062506414
10/19/1965 16:00:00	0.454015164234
10/20/1965 16:00:00	0.454377214342
10/21/1965 16:00:00	0.456872302359
10/22/1965 16:00:00	0.457760132316
10/25/1965 16:00:00	0.453257083581
10/26/1965 16:00:00	0.461642843869
10/27/1965 16:00:00	0.466343931924
10/28/1965 16:00:00	0.462345287053
10/29/1965 16:00:00	0.465950869945
11/1/1965 16:00:00	0.463577095856
11/3/1965 16:00:00	0.465014805715
11/4/1965 16:00:00	0.467543663585
11/5/1965 16:00:00	0.466257575187
11/8/1965 16:00:00	0.464429057408
11/9/1965 16:00:00	0.46043134082
11/10/1965 16:00:00	0.459182787517
11/11/1965 16:00:00	0.463846875424
11/12/1965 16:00:00	0.470712856268
11/15/1965 16:00:00	0.472162417971
11/16/1965 16:00:00	0.469220613073
11/17/1965 16:00:00	0.472307484704
11/18/1965 16:00:00	0.467169061714
11/19/1965 16:00:00	0.467520641671
11/22/1965 16:00:00	0.458601841484
11/23/1965 16:00:00	0.461103174653
11/24/1965 16:00:00	0.464157769343
11/26/1965 16:00:00	0.465592830269
11/29/1965 16:00:00	0.46268247393
11/30/1965 16:00:00	0.459785045729
12/1/1965 16:00:00	0.458516942152
12/2/1965 16:00:00	0.454562772551
12/3/1965 16:00:00	0.455978163979
12/6/1965 16:00:00	0.446148373519
12/7/1965 16:00:00	0.45809818661
12/8/1965 16:00:00	0.456839042295
12/9/1965 16:00:00	0.461587142281
12/10/1965 16:00:00	0.465159962047
12/13/1965 16:00:00	0.466038303827
12/14/1965 16:00:00	0.466917460058
12/15/1965 16:00:00	0.469428108381
12/16/1965 16:00:00	0.471401541542
12/17/1965 16:00:00	0.471192403874
12/20/1965 16:00:00	0.464970462885
12/21/1965 16:00:00	0.470723023137
12/22/1965 16:00:00	0.47544760752
12/23/1965 16:00:00	0.474137373985
12/27/1965 16:00:00	0.464048078145
12/28/1965 16:00:00	0.464378053587
12/29/1965 16:00:00	0.469034557248
12/30/1965 16:00:00	0.475353639757
12/31/1965 16:00:00	0.479530792834
1/3/1966 16:00:00	0.475447401787
1/4/1966 16:00:00	0.476878610187
1/5/1966 16:00:00	0.486012683421
1/6/1966 16:00:00	0.48913863276
1/7/1966 16:00:00	0.490594265209
1/10/1966 16:00:00	0.493733064795
1/11/1966 16:00:00	0.495196581405
1/12/1966 16:00:00	0.491595423291
1/13/1966 16:00:00	0.494741858005
1/14/1966 16:00:00	0.496769500019
1/17/1966 16:00:00	0.5010600688
1/18/1966 16:00:00	0.504243770549
1/19/1966 16:00:00	0.500110229511
1/20/1966 16:00:00	0.494906191373
1/21/1966 16:00:00	0.496932798785
1/24/1966 16:00:00	0.500657089271
1/25/1966 16:00:00	0.503269950211
1/26/1966 16:00:00	0.500781136101
1/27/1966 16:00:00	0.499986875322
1/28/1966 16:00:00	0.494663768186
1/31/1966 16:00:00	0.487693791518
2/1/1966 16:00:00	0.476899592403
2/2/1966 16:00:00	0.482729553915
2/3/1966 16:00:00	0.484726365622
2/4/1966 16:00:00	0.494481629166
2/7/1966 16:00:00	0.499310520374
2/8/1966 16:00:00	0.499083849249
2/9/1966 16:00:00	0.506764305419
2/10/1966 16:00:00	0.503111452202
2/11/1966 16:00:00	0.502883055574
2/14/1966 16:00:00	0.498683140154
2/15/1966 16:00:00	0.49338480819
2/16/1966 16:00:00	0.493165917628
2/17/1966 16:00:00	0.485105120127
2/18/1966 16:00:00	0.481563523835
2/21/1966 16:00:00	0.473083239983
2/23/1966 16:00:00	0.466882375932
2/24/1966 16:00:00	0.458041102302
2/25/1966 16:00:00	0.462092362795
2/28/1966 16:00:00	0.462953485244
3/1/1966 16:00:00	0.445590275992
3/2/1966 16:00:00	0.432328488167
3/3/1966 16:00:00	0.43673872404
3/4/1966 16:00:00	0.433444951474
3/7/1966 16:00:00	0.416329961655
3/8/1966 16:00:00	0.418136152579
3/9/1966 16:00:00	0.429454391968
3/10/1966 16:00:00	0.429259433307
3/11/1966 16:00:00	0.428046958806
3/14/1966 16:00:00	0.413635183741
3/15/1966 16:00:00	0.406501113929
3/16/1966 16:00:00	0.41367184277
3/17/1966 16:00:00	0.417960609337
3/18/1966 16:00:00	0.423259799146
3/21/1966 16:00:00	0.433137275135
3/22/1966 16:00:00	0.437030060221
3/23/1966 16:00:00	0.432200123148
3/24/1966 16:00:00	0.434551160282
3/25/1966 16:00:00	0.438446068139
3/28/1966 16:00:00	0.439272873953
3/29/1966 16:00:00	0.434433251598
3/30/1966 16:00:00	0.427583933434
3/31/1966 16:00:00	0.433975045824
4/1/1966 16:00:00	0.444508266926
4/4/1966 16:00:00	0.456765089477
4/5/1966 16:00:00	0.465011995251
4/6/1966 16:00:00	0.469075717372
4/7/1966 16:00:00	0.472085889711
4/11/1966 16:00:00	0.472407225687
4/12/1966 16:00:00	0.467325517984
4/13/1966 16:00:00	0.468722368435
4/14/1966 16:00:00	0.473887621927
4/15/1966 16:00:00	0.475832672899
4/18/1966 16:00:00	0.469643873497
4/19/1966 16:00:00	0.469426197289
4/20/1966 16:00:00	0.477271285666
4/21/1966 16:00:00	0.483022361533
4/22/1966 16:00:00	0.480602923335
4/25/1966 16:00:00	0.477651536411
4/26/1966 16:00:00	0.476343342033
4/27/1966 16:00:00	0.472878053618
4/28/1966 16:00:00	0.463011579523
4/29/1966 16:00:00	0.462264983942
5/2/1966 16:00:00	0.459929774066
5/3/1966 16:00:00	0.443832609604
5/4/1966 16:00:00	0.437419687849
5/5/1966 16:00:00	0.415716770948
5/6/1966 16:00:00	0.414530783481
5/9/1966 16:00:00	0.393110398734
5/10/1966 16:00:00	0.403398619023
5/11/1966 16:00:00	0.405641011164
5/12/1966 16:00:00	0.39186133109
5/13/1966 16:00:00	0.38170503993
5/16/1966 16:00:00	0.367527289041
5/17/1966 16:00:00	0.357346846283
5/18/1966 16:00:00	0.376357542362
5/19/1966 16:00:00	0.375252437012
5/20/1966 16:00:00	0.380594643321
5/23/1966 16:00:00	0.391099364423
5/24/1966 16:00:00	0.398960071367
5/25/1966 16:00:00	0.403106662138
5/26/1966 16:00:00	0.402935821696
5/27/1966 16:00:00	0.40659737507
5/31/1966 16:00:00	0.389893302499
6/1/1966 16:00:00	0.389712590047
6/2/1966 16:00:00	0.388132576075
6/3/1966 16:00:00	0.389351795278
6/6/1966 16:00:00	0.380674642139
6/7/1966 16:00:00	0.373073422771
6/8/1966 16:00:00	0.374288587104
6/9/1966 16:00:00	0.381905359852
6/10/1966 16:00:00	0.394262620392
6/13/1966 16:00:00	0.399759845133
6/14/1966 16:00:00	0.403398191885
6/15/1966 16:00:00	0.398385562527
6/16/1966 16:00:00	0.394841341315
6/17/1966 16:00:00	0.395592185436
6/20/1966 16:00:00	0.395396901039
6/21/1966 16:00:00	0.398531116895
6/22/1966 16:00:00	0.40024047969
6/23/1966 16:00:00	0.395726150388
6/24/1966 16:00:00	0.396948132366
6/27/1966 16:00:00	0.390077124286
6/28/1966 16:00:00	0.384232620016
6/29/1966 16:00:00	0.373793254623
6/30/1966 16:00:00	0.372230434846
7/1/1966 16:00:00	0.383425912605
7/5/1966 16:00:00	0.386477371602
7/6/1966 16:00:00	0.403093037351
7/7/1966 16:00:00	0.407706838575
7/8/1966 16:00:00	0.410879067464
7/11/1966 16:00:00	0.408715709245
7/12/1966 16:00:00	0.400749562429
7/13/1966 16:00:00	0.392890368679
7/14/1966 16:00:00	0.399788089191
7/15/1966 16:00:00	0.403389944082
7/18/1966 16:00:00	0.402227658295
7/19/1966 16:00:00	0.39344942593
7/20/1966 16:00:00	0.382428683051
7/21/1966 16:00:00	0.382304545487
7/22/1966 16:00:00	0.381194834604
7/25/1966 16:00:00	0.359766695626
7/26/1966 16:00:00	0.358247158471
7/27/1966 16:00:00	0.363369339832
7/28/1966 16:00:00	0.359152839185
7/29/1966 16:00:00	0.357185734781
8/1/1966 16:00:00	0.340662502586
8/2/1966 16:00:00	0.340908246913
8/3/1966 16:00:00	0.350991398737
8/4/1966 16:00:00	0.36083896366
8/5/1966 16:00:00	0.361974588742
8/8/1966 16:00:00	0.358661550004
8/9/1966 16:00:00	0.355373668328
8/10/1966 16:00:00	0.350354098202
8/11/1966 16:00:00	0.3497359951
8/12/1966 16:00:00	0.351279629343
8/15/1966 16:00:00	0.345859662995
8/16/1966 16:00:00	0.332314373788
8/17/1966 16:00:00	0.326707988353
8/18/1966 16:00:00	0.314565455962
8/19/1966 16:00:00	0.307925004419
8/22/1966 16:00:00	0.2922189952
8/23/1966 16:00:00	0.290533963312
8/24/1966 16:00:00	0.30148765742
8/25/1966 16:00:00	0.289944632086
8/26/1966 16:00:00	0.271439766236
8/29/1966 16:00:00	0.251561155244
8/30/1966 16:00:00	0.264973055896
8/31/1966 16:00:00	0.278130288149
9/1/1966 16:00:00	0.284682022342
9/2/1966 16:00:00	0.281512035304
9/6/1966 16:00:00	0.276498358944
9/7/1966 16:00:00	0.270069743387
9/8/1966 16:00:00	0.266647872848
9/9/1966 16:00:00	0.2693792123
9/12/1966 16:00:00	0.286627548474
9/13/1966 16:00:00	0.291000654239
9/14/1966 16:00:00	0.299993042717
9/15/1966 16:00:00	0.310754639536
9/16/1966 16:00:00	0.309783311995
9/19/1966 16:00:00	0.30525068361
9/20/1966 16:00:00	0.299196624973
9/21/1966 16:00:00	0.283923490083
9/22/1966 16:00:00	0.286419511939
9/23/1966 16:00:00	0.283638475005
9/26/1966 16:00:00	0.285752170256
9/27/1966 16:00:00	0.28863331366
9/28/1966 16:00:00	0.277541584594
9/29/1966 16:00:00	0.268963114362
9/30/1966 16:00:00	0.271704008651
10/3/1966 16:00:00	0.254120960832
10/4/1966 16:00:00	0.256060926066
10/5/1966 16:00:00	0.252079415667
10/6/1966 16:00:00	0.245379594397
10/7/1966 16:00:00	0.237112258131
10/10/1966 16:00:00	0.249894167935
10/11/1966 16:00:00	0.253881911782
10/12/1966 16:00:00	0.275584922263
10/13/1966 16:00:00	0.273995201861
10/14/1966 16:00:00	0.270934200827
10/17/1966 16:00:00	0.280174132211
10/18/1966 16:00:00	0.293316768033
10/19/1966 16:00:00	0.286324174095
10/20/1966 16:00:00	0.283939125344
10/21/1966 16:00:00	0.287880262808
10/24/1966 16:00:00	0.290365024047
10/25/1966 16:00:00	0.295879431767
10/26/1966 16:00:00	0.303408663261
10/27/1966 16:00:00	0.311056461852
10/28/1966 16:00:00	0.311282845911
10/31/1966 16:00:00	0.310718500315
11/1/1966 16:00:00	0.318051287717
11/2/1966 16:00:00	0.318674130731
11/3/1966 16:00:00	0.314876315119
11/4/1966 16:00:00	0.317883724502
11/7/1966 16:00:00	0.31690380087
11/9/1966 16:00:00	0.324724297035
11/10/1966 16:00:00	0.330645579608
11/11/1966 16:00:00	0.331281345865
11/14/1966 16:00:00	0.324513185784
11/15/1966 16:00:00	0.328393436305
11/16/1966 16:00:00	0.336793208548
11/17/1966 16:00:00	0.329538103757
11/18/1966 16:00:00	0.323216206395
11/21/1966 16:00:00	0.309304744411
11/22/1966 16:00:00	0.304434740224
11/23/1966 16:00:00	0.310491869837
11/25/1966 16:00:00	0.318193349417
11/28/1966 16:00:00	0.316422323631
11/29/1966 16:00:00	0.31306014928
11/30/1966 16:00:00	0.313303948548
12/1/1966 16:00:00	0.309181338372
12/2/1966 16:00:00	0.309803030286
12/5/1966 16:00:00	0.311209621322
12/6/1966 16:00:00	0.318131933157
12/7/1966 16:00:00	0.328751031674
12/8/1966 16:00:00	0.332662723273
12/9/1966 16:00:00	0.333714726337
12/12/1966 16:00:00	0.344243209889
12/13/1966 16:00:00	0.341122112579
12/14/1966 16:00:00	0.340115408344
12/15/1966 16:00:00	0.327451882133
12/16/1966 16:00:00	0.326874519705
12/19/1966 16:00:00	0.323465632642
12/20/1966 16:00:00	0.31968540209
12/21/1966 16:00:00	0.324710925699
12/22/1966 16:00:00	0.328185794427
12/23/1966 16:00:00	0.325576119034
12/27/1966 16:00:00	0.320152437207
12/28/1966 16:00:00	0.315583868777
12/29/1966 16:00:00	0.312643115445
12/30/1966 16:00:00	0.31246719166
1/3/1967 16:00:00	0.313101917381
1/4/1967 16:00:00	0.315298224812
1/5/1967 16:00:00	0.327801880341
1/6/1967 16:00:00	0.334926931679
1/9/1967 16:00:00	0.342967542966
1/10/1967 16:00:00	0.34321934944
1/11/1967 16:00:00	0.351407683603
1/12/1967 16:00:00	0.357177121349
1/13/1967 16:00:00	0.36556599323
1/16/1967 16:00:00	0.362777080738
1/17/1967 16:00:00	0.37518266623
1/18/1967 16:00:00	0.382550928527
1/19/1967 16:00:00	0.383270573319
1/20/1967 16:00:00	0.386669479894
1/23/1967 16:00:00	0.390982654103
1/24/1967 16:00:00	0.393075473121
1/25/1967 16:00:00	0.384678860237
1/26/1967 16:00:00	0.384043190664
1/27/1967 16:00:00	0.389255269562
1/30/1967 16:00:00	0.395887539336
1/31/1967 16:00:00	0.395727613338
2/1/1967 16:00:00	0.39327766159
2/2/1967 16:00:00	0.397679412183
2/3/1967 16:00:00	0.406690799929
2/6/1967 16:00:00	0.404637460703
2/7/1967 16:00:00	0.401646458139
2/8/1967 16:00:00	0.412529043135
2/9/1967 16:00:00	0.407625788155
2/10/1967 16:00:00	0.411627890077
2/13/1967 16:00:00	0.411420769377
2/14/1967 16:00:00	0.419661175536
2/15/1967 16:00:00	0.421360127106
2/16/1967 16:00:00	0.415904940389
2/17/1967 16:00:00	0.416640548177
2/20/1967 16:00:00	0.409810056569
2/21/1967 16:00:00	0.409136208803
2/23/1967 16:00:00	0.410806661502
2/24/1967 16:00:00	0.410599954023
2/27/1967 16:00:00	0.397773399417
2/28/1967 16:00:00	0.402169918282
3/1/1967 16:00:00	0.414902167011
3/2/1967 16:00:00	0.422277905029
3/3/1967 16:00:00	0.423996290646
3/6/1967 16:00:00	0.421889161333
3/7/1967 16:00:00	0.422645606632
3/8/1967 16:00:00	0.424832157979
3/9/1967 16:00:00	0.428937752871
3/10/1967 16:00:00	0.434511563852
3/13/1967 16:00:00	0.428012148987
3/14/1967 16:00:00	0.426861874784
3/15/1967 16:00:00	0.439133285436
3/16/1967 16:00:00	0.453098803054
3/17/1967 16:00:00	0.455888536586
3/20/1967 16:00:00	0.455176809373
3/21/1967 16:00:00	0.452466697926
3/22/1967 16:00:00	0.456736851499
3/23/1967 16:00:00	0.46754293252
3/27/1967 16:00:00	0.466817662714
3/28/1967 16:00:00	0.46762648396
3/29/1967 16:00:00	0.464876651669
3/30/1967 16:00:00	0.465250600299
3/31/1967 16:00:00	0.457435585742
4/3/1967 16:00:00	0.44320907138
4/4/1967 16:00:00	0.443012441324
4/5/1967 16:00:00	0.452122429935
4/6/1967 16:00:00	0.454405125009
4/7/1967 16:00:00	0.446231508078
4/10/1967 16:00:00	0.429809730266
4/11/1967 16:00:00	0.439250694428
4/12/1967 16:00:00	0.438117093139
4/13/1967 16:00:00	0.448629840883
4/14/1967 16:00:00	0.463254874045
4/17/1967 16:00:00	0.473653536128
4/18/1967 16:00:00	0.486249817601
4/19/1967 16:00:00	0.488135085511
4/20/1967 16:00:00	0.491087450672
4/21/1967 16:00:00	0.494555201473
4/24/1967 16:00:00	0.500142764975
4/25/1967 16:00:00	0.507890714141
4/26/1967 16:00:00	0.50715016921
4/27/1967 16:00:00	0.520314809011
4/28/1967 16:00:00	0.524455682951
5/1/1967 16:00:00	0.521510381269
5/2/1967 16:00:00	0.51912145334
5/3/1967 16:00:00	0.523797167981
5/4/1967 16:00:00	0.530683586381
5/5/1967 16:00:00	0.533217192076
5/8/1967 16:00:00	0.535763618637
5/9/1967 16:00:00	0.519490449286
5/10/1967 16:00:00	0.516035039625
5/11/1967 16:00:00	0.522879403973
5/12/1967 16:00:00	0.518854190672
5/15/1967 16:00:00	0.506179081987
5/16/1967 16:00:00	0.513969708303
5/17/1967 16:00:00	0.508373017084
5/18/1967 16:00:00	0.504426994126
5/19/1967 16:00:00	0.497313262811
5/22/1967 16:00:00	0.491321489773
5/23/1967 16:00:00	0.484345109169
5/24/1967 16:00:00	0.46811952202
5/25/1967 16:00:00	0.484110800079
5/26/1967 16:00:00	0.480815272251
5/29/1967 16:00:00	0.473935906017
5/31/1967 16:00:00	0.45185638601
6/1/1967 16:00:00	0.469914389836
6/2/1967 16:00:00	0.463146432563
6/5/1967 16:00:00	0.442415877324
6/6/1967 16:00:00	0.469937410396
6/7/1967 16:00:00	0.4808683555
6/8/1967 16:00:00	0.488894840229
6/9/1967 16:00:00	0.491810220595
6/12/1967 16:00:00	0.499944368948
6/13/1967 16:00:00	0.509744804286
6/14/1967 16:00:00	0.506339648394
6/15/1967 16:00:00	0.508258120644
6/16/1967 16:00:00	0.509643621843
6/19/1967 16:00:00	0.509437741999
6/20/1967 16:00:00	0.509242053216
6/21/1967 16:00:00	0.505308875461
6/22/1967 16:00:00	0.501397029601
6/23/1967 16:00:00	0.50224303203
6/26/1967 16:00:00	0.49676114439
6/27/1967 16:00:00	0.491849351377
6/28/1967 16:00:00	0.492170585172
6/29/1967 16:00:00	0.485210702653
6/30/1967 16:00:00	0.482434258433
7/3/1967 16:00:00	0.486875928554
7/5/1967 16:00:00	0.494421089522
7/6/1967 16:00:00	0.494240978982
7/7/1967 16:00:00	0.5008114059
7/10/1967 16:00:00	0.506917425206
7/11/1967 16:00:00	0.514130950442
7/12/1967 16:00:00	0.513388447578
7/13/1967 16:00:00	0.514259687523
7/14/1967 16:00:00	0.519934289448
7/17/1967 16:00:00	0.52027317462
7/18/1967 16:00:00	0.533542598109
7/19/1967 16:00:00	0.536076575042
7/20/1967 16:00:00	0.540340680151
7/21/1967 16:00:00	0.543999272089
7/24/1967 16:00:00	0.53878699824
7/25/1967 16:00:00	0.530864708671
7/26/1967 16:00:00	0.54538134265
7/27/1967 16:00:00	0.550714807395
7/28/1967 16:00:00	0.553286897026
7/31/1967 16:00:00	0.558680108237
8/1/1967 16:00:00	0.569748172087
8/2/1967 16:00:00	0.578101254836
8/3/1967 16:00:00	0.576159818727
8/4/1967 16:00:00	0.579380573858
8/7/1967 16:00:00	0.575102989083
8/8/1967 16:00:00	0.577744264945
8/9/1967 16:00:00	0.579816471936
8/10/1967 16:00:00	0.575532374539
8/11/1967 16:00:00	0.5695462795
8/14/1967 16:00:00	0.560755886062
8/15/1967 16:00:00	0.563352902725
8/16/1967 16:00:00	0.559721272295
8/17/1967 16:00:00	0.56174481264
8/18/1967 16:00:00	0.564908699327
8/21/1967 16:00:00	0.555605655603
8/22/1967 16:00:00	0.547534737746
8/23/1967 16:00:00	0.545092314835
8/24/1967 16:00:00	0.536568406595
8/25/1967 16:00:00	0.530332004327
8/28/1967 16:00:00	0.529584916538
8/29/1967 16:00:00	0.534277132207
8/30/1967 16:00:00	0.537903967182
8/31/1967 16:00:00	0.548147481497
9/1/1967 16:00:00	0.549591586591
9/5/1967 16:00:00	0.559378994223
9/6/1967 16:00:00	0.562528424106
9/7/1967 16:00:00	0.562295376616
9/8/1967 16:00:00	0.563196956563
9/11/1967 16:00:00	0.566923684292
9/12/1967 16:00:00	0.575198344192
9/13/1967 16:00:00	0.593865629209
9/14/1967 16:00:00	0.598316687039
9/15/1967 16:00:00	0.599838198333
9/18/1967 16:00:00	0.605482420509
9/19/1967 16:00:00	0.598723015613
9/20/1967 16:00:00	0.598481150522
9/21/1967 16:00:00	0.610577181724
9/22/1967 16:00:00	0.615688208753
9/25/1967 16:00:00	0.627410097043
9/26/1967 16:00:00	0.612006689232
9/27/1967 16:00:00	0.612951291823
9/28/1967 16:00:00	0.613300128481
9/29/1967 16:00:00	0.612449451544
10/2/1967 16:00:00	0.605658620072
10/3/1967 16:00:00	0.612505266312
10/4/1967 16:00:00	0.608676580669
10/5/1967 16:00:00	0.613170430881
10/6/1967 16:00:00	0.625434140378
10/9/1967 16:00:00	0.630616541741
10/10/1967 16:00:00	0.618218983787
10/11/1967 16:00:00	0.609576172853
10/12/1967 16:00:00	0.598056126593
10/13/1967 16:00:00	0.603672083564
10/16/1967 16:00:00	0.589278030539
10/17/1967 16:00:00	0.585555054054
10/18/1967 16:00:00	0.590514034678
10/19/1967 16:00:00	0.594350372266
10/20/1967 16:00:00	0.594110273584
10/23/1967 16:00:00	0.586307590797
10/24/1967 16:00:00	0.576854754409
10/25/1967 16:00:00	0.578917742217
10/26/1967 16:00:00	0.587362222532
10/27/1967 16:00:00	0.588292446485
10/30/1967 16:00:00	0.585752632884
10/31/1967 16:00:00	0.558410289911
11/1/1967 16:00:00	0.548127563287
11/2/1967 16:00:00	0.541834683884
11/3/1967 16:00:00	0.532861823156
11/6/1967 16:00:00	0.527777775664
11/8/1967 16:00:00	0.522190051097
11/9/1967 16:00:00	0.530526630855
11/10/1967 16:00:00	0.541634529621
11/13/1967 16:00:00	0.538130817106
11/14/1967 16:00:00	0.528113787501
11/15/1967 16:00:00	0.534879208325
11/16/1967 16:00:00	0.550373630771
11/17/1967 16:00:00	0.554009826878
11/20/1967 16:00:00	0.533828365622
11/21/1967 16:00:00	0.559554617206
11/22/1967 16:00:00	0.569924791908
11/24/1967 16:00:00	0.574786082804
11/27/1967 16:00:00	0.580207043771
11/28/1967 16:00:00	0.586796487292
11/29/1967 16:00:00	0.587111445238
11/30/1967 16:00:00	0.578231450619
12/1/1967 16:00:00	0.588225902128
12/4/1967 16:00:00	0.599483719224
12/5/1967 16:00:00	0.602728584527
12/6/1967 16:00:00	0.610665569776
12/7/1967 16:00:00	0.609238470021
12/8/1967 16:00:00	0.607789769923
12/11/1967 16:00:00	0.602226470674
12/12/1967 16:00:00	0.60079029895
12/13/1967 16:00:00	0.607519323799
12/14/1967 16:00:00	0.610188459044
12/15/1967 16:00:00	0.602249717535
12/18/1967 16:00:00	0.597893539617
12/19/1967 16:00:00	0.595303357402
12/20/1967 16:00:00	0.60605474863
12/21/1967 16:00:00	0.611068483062
12/22/1967 16:00:00	0.607843801728
12/26/1967 16:00:00	0.609329726031
12/27/1967 16:00:00	0.622580700122
12/28/1967 16:00:00	0.622298068248
12/29/1967 16:00:00	0.633928443973
1/2/1968 16:00:00	0.627611703394
1/3/1968 16:00:00	0.618934654035
1/4/1968 16:00:00	0.613921965733
1/5/1968 16:00:00	0.625453241548
1/8/1968 16:00:00	0.63891176361
1/9/1968 16:00:00	0.636803183521
1/10/1968 16:00:00	0.637723597814
1/11/1968 16:00:00	0.640479535795
1/12/1968 16:00:00	0.642616369837
1/15/1968 16:00:00	0.637466038228
1/16/1968 16:00:00	0.625691902645
1/17/1968 16:00:00	0.622415778338
1/18/1968 16:00:00	0.62152582805
1/19/1968 16:00:00	0.615293932095
1/22/1968 16:00:00	0.5925771818
1/23/1968 16:00:00	0.585977627678
1/24/1968 16:00:00	0.577144688056
1/25/1968 16:00:00	0.580274326302
1/26/1968 16:00:00	0.582847040582
1/29/1968 16:00:00	0.581450827549
1/30/1968 16:00:00	0.573243343395
1/31/1968 16:00:00	0.561741606722
2/1/1968 16:00:00	0.568137826513
2/2/1968 16:00:00	0.562845082315
2/5/1968 16:00:00	0.555921129177
2/6/1968 16:00:00	0.557315260172
2/7/1968 16:00:00	0.560365548801
2/8/1968 16:00:00	0.539083618642
2/9/1968 16:00:00	0.521043998248
2/13/1968 16:00:00	0.507631517746
2/14/1968 16:00:00	0.52655371989
2/15/1968 16:00:00	0.529512154882
2/16/1968 16:00:00	0.523945000001
2/19/1968 16:00:00	0.530570678341
2/20/1968 16:00:00	0.547376263593
2/21/1968 16:00:00	0.547671523402
2/23/1968 16:00:00	0.541440388723
2/26/1968 16:00:00	0.529311734275
2/27/1968 16:00:00	0.535975089782
2/28/1968 16:00:00	0.528225518708
2/29/1968 16:00:00	0.515789108503
3/1/1968 16:00:00	0.51189566807
3/4/1968 16:00:00	0.49192350617
3/5/1968 16:00:00	0.488656984102
3/6/1968 16:00:00	0.514594519859
3/7/1968 16:00:00	0.512263123209
3/8/1968 16:00:00	0.51149651911
3/11/1968 16:00:00	0.530948823893
3/12/1968 16:00:00	0.532817410732
3/13/1968 16:00:00	0.529918713686
3/14/1968 16:00:00	0.500041547269
3/15/1968 16:00:00	0.513551988133
3/18/1968 16:00:00	0.522122984712
3/19/1968 16:00:00	0.512414824757
3/20/1968 16:00:00	0.51214682367
3/21/1968 16:00:00	0.501572909014
3/22/1968 16:00:00	0.50335295199
3/25/1968 16:00:00	0.502066268613
3/26/1968 16:00:00	0.512534190603
3/27/1968 16:00:00	0.525746959639
3/28/1968 16:00:00	0.524424094965
3/29/1968 16:00:00	0.53569985859
4/1/1968 16:00:00	0.576993228089
4/2/1968 16:00:00	0.580048231726
4/3/1968 16:00:00	0.596012121356
4/4/1968 16:00:00	0.60368258529
4/5/1968 16:00:00	0.592976750445
4/8/1968 16:00:00	0.625102536565
4/10/1968 16:00:00	0.640098664594
4/11/1968 16:00:00	0.657721763073
4/15/1968 16:00:00	0.659192847491
4/16/1968 16:00:00	0.660055350789
4/17/1968 16:00:00	0.664581810981
4/18/1968 16:00:00	0.670366938488
4/19/1968 16:00:00	0.645334508412
4/22/1968 16:00:00	0.635367277288
4/23/1968 16:00:00	0.661778548476
4/24/1968 16:00:00	0.668152025359
4/25/1968 16:00:00	0.662297007727
4/26/1968 16:00:00	0.674761118929
4/29/1968 16:00:00	0.691073416212
4/30/1968 16:00:00	0.680625443212
5/1/1968 16:00:00	0.692042487286
5/2/1968 16:00:00	0.70483192542
5/3/1968 16:00:00	0.70696585244
5/6/1968 16:00:00	0.70082514942
5/7/1968 16:00:00	0.713092896297
5/8/1968 16:00:00	0.713332334482
5/9/1968 16:00:00	0.702707767697
5/10/1968 16:00:00	0.705469476471
5/13/1968 16:00:00	0.699336771483
5/14/1968 16:00:00	0.698290233866
5/15/1968 16:00:00	0.697238421865
5/16/1968 16:00:00	0.687992615912
5/17/1968 16:00:00	0.673216850043
5/20/1968 16:00:00	0.664815455795
5/21/1968 16:00:00	0.674809532989
5/22/1968 16:00:00	0.680598889631
5/23/1968 16:00:00	0.676551942601
5/24/1968 16:00:00	0.68047755389
5/27/1968 16:00:00	0.677610162628
5/28/1968 16:00:00	0.691431515607
5/29/1968 16:00:00	0.697939195732
5/31/1968 16:00:00	0.714557631007
6/3/1968 16:00:00	0.743557349952
6/4/1968 16:00:00	0.75297537533
6/5/1968 16:00:00	0.741979968758
6/6/1968 16:00:00	0.759278887175
6/7/1968 16:00:00	0.77413299847
6/10/1968 16:00:00	0.77773070553
6/11/1968 16:00:00	0.784032690297
6/13/1968 16:00:00	0.774740713029
6/14/1968 16:00:00	0.772942411097
6/17/1968 16:00:00	0.750312985373
6/18/1968 16:00:00	0.747255025545
6/20/1968 16:00:00	0.782306119713
6/21/1968 16:00:00	0.762882798825
6/24/1968 16:00:00	0.757104983936
6/25/1968 16:00:00	0.750689199783
6/27/1968 16:00:00	0.748965069167
6/28/1968 16:00:00	0.73997057909
7/1/1968 16:00:00	0.736976502559
7/2/1968 16:00:00	0.744352896474
7/3/1968 16:00:00	0.771435311865
7/8/1968 16:00:00	0.795808841156
7/9/1968 16:00:00	0.802879418041
7/11/1968 16:00:00	0.807231132725
7/12/1968 16:00:00	0.806087160417
7/15/1968 16:00:00	0.804944613066
7/16/1968 16:00:00	0.792088408466
7/18/1968 16:00:00	0.786854030446
7/19/1968 16:00:00	0.764044210007
7/22/1968 16:00:00	0.73903123181
7/23/1968 16:00:00	0.736659518193
7/25/1968 16:00:00	0.70903330381
7/26/1968 16:00:00	0.718097630503
7/29/1968 16:00:00	0.703044087548
7/30/1968 16:00:00	0.705786141606
8/1/1968 16:00:00	0.695960075033
8/2/1968 16:00:00	0.682484160768
8/5/1968 16:00:00	0.687626741868
8/6/1968 16:00:00	0.696499927594
8/8/1968 16:00:00	0.69235626427
8/9/1968 16:00:00	0.691959533141
8/12/1968 16:00:00	0.713884304608
8/13/1968 16:00:00	0.726132760701
8/15/1968 16:00:00	0.716110472176
8/16/1968 16:00:00	0.73028013027
8/19/1968 16:00:00	0.73756685125
8/20/1968 16:00:00	0.737151823553
8/22/1968 16:00:00	0.731570077358
8/23/1968 16:00:00	0.731800903613
8/26/1968 16:00:00	0.737821032024
8/27/1968 16:00:00	0.735475219861
8/29/1968 16:00:00	0.734416969105
8/30/1968 16:00:00	0.73787267307
9/3/1968 16:00:00	0.74844659782
9/4/1968 16:00:00	0.76498134137
9/5/1968 16:00:00	0.781736528317
9/6/1968 16:00:00	0.792694177272
9/9/1968 16:00:00	0.794277787438
9/10/1968 16:00:00	0.78299363034
9/12/1968 16:00:00	0.778535973493
9/13/1968 16:00:00	0.786798380573
9/16/1968 16:00:00	0.796461294831
9/17/1968 16:00:00	0.802809247621
9/19/1968 16:00:00	0.805107090321
9/20/1968 16:00:00	0.80741672589
9/23/1968 16:00:00	0.822031135795
9/24/1968 16:00:00	0.831272125929
9/26/1968 16:00:00	0.825933384381
9/27/1968 16:00:00	0.825468632977
9/30/1968 16:00:00	0.834712819252
10/1/1968 16:00:00	0.839864286808
10/3/1968 16:00:00	0.849209202782
10/4/1968 16:00:00	0.861444771619
10/7/1968 16:00:00	0.861681162061
10/8/1968 16:00:00	0.86333505177
10/10/1968 16:00:00	0.852865723597
10/11/1968 16:00:00	0.850970272639
10/14/1968 16:00:00	0.854722195072
10/15/1968 16:00:00	0.860609187021
10/17/1968 16:00:00	0.872934431894
10/18/1968 16:00:00	0.893999571659
10/21/1968 16:00:00	0.898621436878
10/22/1968 16:00:00	0.888617937451
10/24/1968 16:00:00	0.870693000147
10/25/1968 16:00:00	0.880232987428
10/28/1968 16:00:00	0.873244159685
10/29/1968 16:00:00	0.858410336395
10/31/1968 16:00:00	0.86219089349
11/1/1968 16:00:00	0.853882726711
11/4/1968 16:00:00	0.855521648295
11/6/1968 16:00:00	0.859982083422
11/7/1968 16:00:00	0.866576671476
11/8/1968 16:00:00	0.878201724825
11/12/1968 16:00:00	0.895679699594
11/13/1968 16:00:00	0.909738256455
11/14/1968 16:00:00	0.912224636021
11/15/1968 16:00:00	0.927193589461
11/18/1968 16:00:00	0.931887788749
11/19/1968 16:00:00	0.938090949134
11/21/1968 16:00:00	0.934587942206
11/22/1968 16:00:00	0.943831829398
11/25/1968 16:00:00	0.949347128238
11/26/1968 16:00:00	0.970753253432
11/27/1968 16:00:00	0.984806756742
11/29/1968 16:00:00	1.0020885255
12/2/1968 16:00:00	0.996040195519
12/3/1968 16:00:00	0.993909072392
12/5/1968 16:00:00	0.984791085476
12/6/1968 16:00:00	0.992760368025
12/9/1968 16:00:00	0.985986995268
12/10/1968 16:00:00	0.979246889611
12/12/1968 16:00:00	0.977934539102
12/13/1968 16:00:00	0.985091821974
12/16/1968 16:00:00	0.972925900938
12/17/1968 16:00:00	0.961641997814
12/19/1968 16:00:00	0.971000347241
12/20/1968 16:00:00	0.954366938938
12/23/1968 16:00:00	0.924302279402
12/24/1968 16:00:00	0.920052154882
12/26/1968 16:00:00	0.923944246492
12/27/1968 16:00:00	0.913768399347
12/30/1968 16:00:00	0.889691404751
12/31/1968 16:00:00	0.891319001085
1/2/1969 16:00:00	0.893846579057
1/3/1969 16:00:00	0.896200850279
1/6/1969 16:00:00	0.857255300618
1/7/1969 16:00:00	0.826507068002
1/8/1969 16:00:00	0.816400752268
1/9/1969 16:00:00	0.827565414086
1/10/1969 16:00:00	0.820892749655
1/13/1969 16:00:00	0.809483342052
1/14/1969 16:00:00	0.826555458781
1/15/1969 16:00:00	0.839080252995
1/16/1969 16:00:00	0.85316793435
1/17/1969 16:00:00	0.849847927795
1/20/1969 16:00:00	0.84235363929
1/21/1969 16:00:00	0.841169829844
1/22/1969 16:00:00	0.850372306905
1/23/1969 16:00:00	0.861729619909
1/24/1969 16:00:00	0.8612105304
1/27/1969 16:00:00	0.862105631098
1/28/1969 16:00:00	0.863000896956
1/29/1969 16:00:00	0.866024050443
1/30/1969 16:00:00	0.867669042899
1/31/1969 16:00:00	0.879868072898
2/3/1969 16:00:00	0.877209682197
2/4/1969 16:00:00	0.878110971912
2/5/1969 16:00:00	0.886131689784
2/6/1969 16:00:00	0.895628270366
2/7/1969 16:00:00	0.895791141937
2/11/1969 16:00:00	0.898834207494
2/12/1969 16:00:00	0.89899650168
2/13/1969 16:00:00	0.902044656182
2/14/1969 16:00:00	0.900037413357
2/17/1969 16:00:00	0.869849425752
2/18/1969 16:00:00	0.84319544442
2/19/1969 16:00:00	0.825406345488
2/20/1969 16:00:00	0.804587780865
2/24/1969 16:00:00	0.776658019575
2/25/1969 16:00:00	0.762472918713
2/26/1969 16:00:00	0.773624882272
2/27/1969 16:00:00	0.76669292052
2/28/1969 16:00:00	0.766870349278
3/3/1969 16:00:00	0.773496597538
3/4/1969 16:00:00	0.79579072937
3/5/1969 16:00:00	0.805910746157
3/6/1969 16:00:00	0.781377582866
3/7/1969 16:00:00	0.780883330538
3/10/1969 16:00:00	0.789548033648
3/11/1969 16:00:00	0.798288483943
3/12/1969 16:00:00	0.791827140809
3/13/1969 16:00:00	0.776173472356
3/14/1969 16:00:00	0.767870869396
3/17/1969 16:00:00	0.773846907046
3/18/1969 16:00:00	0.779851238368
3/19/1969 16:00:00	0.797638662597
3/20/1969 16:00:00	0.813045323947
3/21/1969 16:00:00	0.808499427051
3/24/1969 16:00:00	0.805976327116
3/25/1969 16:00:00	0.810140074083
3/26/1969 16:00:00	0.828357243108
3/27/1969 16:00:00	0.846845617235
3/28/1969 16:00:00	0.857322847201
4/1/1969 16:00:00	0.855392928456
4/2/1969 16:00:00	0.8396310618
4/3/1969 16:00:00	0.837774094795
4/7/1969 16:00:00	0.818809042654
4/8/1969 16:00:00	0.824997437368
4/9/1969 16:00:00	0.847409487474
4/10/1969 16:00:00	0.861310135197
4/11/1969 16:00:00	0.864205101982
4/14/1969 16:00:00	0.862214635169
4/15/1969 16:00:00	0.861626823763
4/16/1969 16:00:00	0.839484331713
4/17/1969 16:00:00	0.843671618894
4/18/1969 16:00:00	0.855399414148
4/21/1969 16:00:00	0.838907092896
4/22/1969 16:00:00	0.844468529427
4/23/1969 16:00:00	0.845311750947
4/24/1969 16:00:00	0.85847873412
4/25/1969 16:00:00	0.86963326111
4/28/1969 16:00:00	0.878089081639
4/29/1969 16:00:00	0.898524708321
4/30/1969 16:00:00	0.922826950729
5/1/1969 16:00:00	0.917811659133
5/2/1969 16:00:00	0.931573668013
5/5/1969 16:00:00	0.941801452769
5/6/1969 16:00:00	0.955788377593
5/7/1969 16:00:00	0.95066012134
5/8/1969 16:00:00	0.963285653262
5/9/1969 16:00:00	0.962561659997
5/12/1969 16:00:00	0.958069603201
5/13/1969 16:00:00	0.970729587918
5/14/1969 16:00:00	0.993986383898
5/15/1969 16:00:00	0.985750833372
5/16/1969 16:00:00	0.988777390576
5/19/1969 16:00:00	0.962237574035
5/20/1969 16:00:00	0.936962154656
5/21/1969 16:00:00	0.948632474365
5/22/1969 16:00:00	0.953058077727
5/23/1969 16:00:00	0.953032345654
5/26/1969 16:00:00	0.947089429054
5/27/1969 16:00:00	0.925798127963
5/28/1969 16:00:00	0.917847972048
5/29/1969 16:00:00	0.924351381747
6/2/1969 16:00:00	0.910594745759
6/3/1969 16:00:00	0.902696165313
6/4/1969 16:00:00	0.901973291955
6/5/1969 16:00:00	0.90696106503
6/6/1969 16:00:00	0.889820002866
6/9/1969 16:00:00	0.866565631268
6/10/1969 16:00:00	0.846518961389
6/11/1969 16:00:00	0.812560071116
6/12/1969 16:00:00	0.793610553883
6/13/1969 16:00:00	0.803343026205
6/16/1969 16:00:00	0.795477925486
6/17/1969 16:00:00	0.786414561524
6/18/1969 16:00:00	0.783926371329
6/19/1969 16:00:00	0.770590299419
6/20/1969 16:00:00	0.75724319964
6/23/1969 16:00:00	0.747217735742
6/24/1969 16:00:00	0.772786091912
6/25/1969 16:00:00	0.765857715565
6/26/1969 16:00:00	0.772391030043
6/27/1969 16:00:00	0.774272872608
6/30/1969 16:00:00	0.783759648518
7/1/1969 16:00:00	0.792861712609
7/2/1969 16:00:00	0.814248483104
7/3/1969 16:00:00	0.830946204549
7/7/1969 16:00:00	0.817566707312
7/8/1969 16:00:00	0.782590044282
7/9/1969 16:00:00	0.765303410244
7/10/1969 16:00:00	0.730071644952
7/11/1969 16:00:00	0.739252996837
7/14/1969 16:00:00	0.711547532993
7/15/1969 16:00:00	0.704372647661
7/16/1969 16:00:00	0.725841972148
7/17/1969 16:00:00	0.739803891387
7/18/1969 16:00:00	0.72131362808
7/22/1969 16:00:00	0.688678485706
7/23/1969 16:00:00	0.679957799958
7/24/1969 16:00:00	0.673734945003
7/25/1969 16:00:00	0.657612182336
7/28/1969 16:00:00	0.618473162596
7/29/1969 16:00:00	0.603848768088
7/30/1969 16:00:00	0.613066134179
7/31/1969 16:00:00	0.652256346403
8/1/1969 16:00:00	0.687847633607
8/4/1969 16:00:00	0.677340210535
8/5/1969 16:00:00	0.68659582288
8/6/1969 16:00:00	0.698234797668
8/7/1969 16:00:00	0.699963960231
8/8/1969 16:00:00	0.69934788084
8/11/1969 16:00:00	0.686321534885
8/12/1969 16:00:00	0.67059591517
8/13/1969 16:00:00	0.672430721687
8/14/1969 16:00:00	0.687000678762
8/15/1969 16:00:00	0.702124707855
8/18/1969 16:00:00	0.715098742026
8/19/1969 16:00:00	0.726445901384
8/20/1969 16:00:00	0.727157704718
8/21/1969 16:00:00	0.734022802752
8/22/1969 16:00:00	0.747377618447
8/25/1969 16:00:00	0.724697298886
8/26/1969 16:00:00	0.710330596271
8/27/1969 16:00:00	0.71506329423
8/28/1969 16:00:00	0.724583807069
8/29/1969 16:00:00	0.738993294036
9/2/1969 16:00:00	0.739575646016
9/3/1969 16:00:00	0.72678461163
9/4/1969 16:00:00	0.709949279259
9/5/1969 16:00:00	0.697517725233
9/8/1969 16:00:00	0.676458783243
9/9/1969 16:00:00	0.691968643692
9/10/1969 16:00:00	0.726932522894
9/11/1969 16:00:00	0.710927983737
9/12/1969 16:00:00	0.709188889441
9/15/1969 16:00:00	0.725769018747
9/16/1969 16:00:00	0.728186873057
9/17/1969 16:00:00	0.723940075798
9/18/1969 16:00:00	0.727520858544
9/19/1969 16:00:00	0.734698401199
9/22/1969 16:00:00	0.744938816693
9/23/1969 16:00:00	0.745531593338
9/24/1969 16:00:00	0.742466621896
9/25/1969 16:00:00	0.726055855415
9/26/1969 16:00:00	0.712277256045
9/29/1969 16:00:00	0.695136914862
9/30/1969 16:00:00	0.689336955327
10/1/1969 16:00:00	0.676103846649
10/2/1969 16:00:00	0.69214813623
10/3/1969 16:00:00	0.691566402201
10/6/1969 16:00:00	0.696190702927
10/7/1969 16:00:00	0.689797528645
10/8/1969 16:00:00	0.6811250274
10/9/1969 16:00:00	0.689173903605
10/10/1969 16:00:00	0.70127531547
10/13/1969 16:00:00	0.723989546046
10/14/1969 16:00:00	0.750151719102
10/15/1969 16:00:00	0.751348891582
10/16/1969 16:00:00	0.767164289122
10/17/1969 16:00:00	0.764650235255
10/20/1969 16:00:00	0.769540782544
10/21/1969 16:00:00	0.788157286933
10/22/1969 16:00:00	0.803337006245
10/23/1969 16:00:00	0.795246266082
10/24/1969 16:00:00	0.811677521534
10/27/1969 16:00:00	0.808481122214
10/28/1969 16:00:00	0.800871293271
10/29/1969 16:00:00	0.780620772162
10/30/1969 16:00:00	0.783830577434
10/31/1969 16:00:00	0.788845517152
11/3/1969 16:00:00	0.790097000255
11/4/1969 16:00:00	0.791961517026
11/5/1969 16:00:00	0.802634327994
11/6/1969 16:00:00	0.803879138856
11/7/1969 16:00:00	0.818458862517
11/10/1969 16:00:00	0.820983129271
11/11/1969 16:00:00	0.814500966041
11/12/1969 16:00:00	0.810616419769
11/13/1969 16:00:00	0.799157216823
11/14/1969 16:00:00	0.790922459565
11/17/1969 16:00:00	0.775224136417
11/18/1969 16:00:00	0.775206490315
11/19/1969 16:00:00	0.76344000429
11/20/1969 16:00:00	0.740370332191
11/21/1969 16:00:00	0.727191552235
11/24/1969 16:00:00	0.70235104214
11/25/1969 16:00:00	0.696034221592
11/26/1969 16:00:00	0.703604127159
11/28/1969 16:00:00	0.716460670383
12/1/1969 16:00:00	0.703577151888
12/2/1969 16:00:00	0.690834618512
12/3/1969 16:00:00	0.668552377411
12/4/1969 16:00:00	0.67586286082
12/5/1969 16:00:00	0.670795311082
12/8/1969 16:00:00	0.651769267326
12/9/1969 16:00:00	0.645773993271
12/10/1969 16:00:00	0.644737377216
12/11/1969 16:00:00	0.646007749841
12/12/1969 16:00:00	0.652562625202
12/15/1969 16:00:00	0.647090379101
12/16/1969 16:00:00	0.629667865915
12/17/1969 16:00:00	0.618980815903
12/18/1969 16:00:00	0.648652897008
12/19/1969 16:00:00	0.665578026883
12/22/1969 16:00:00	0.648387756286
12/23/1969 16:00:00	0.641315470734
12/24/1969 16:00:00	0.661883902344
12/26/1969 16:00:00	0.677380322752
12/29/1969 16:00:00	0.663370266118
12/30/1969 16:00:00	0.671642037733
12/31/1969 16:00:00	0.682205634054
1/2/1970 16:00:00	0.70269658469
1/5/1970 16:00:00	0.713000668846
1/6/1970 16:00:00	0.697907150857
1/7/1970 16:00:00	0.693324924886
1/8/1970 16:00:00	0.694071079828
1/9/1970 16:00:00	0.687817053034
1/12/1970 16:00:00	0.671987609247
1/13/1970 16:00:00	0.676479920751
1/14/1970 16:00:00	0.669823686077
1/15/1970 16:00:00	0.670449435744
1/16/1970 16:00:00	0.653792672777
1/19/1970 16:00:00	0.625979094168
1/20/1970 16:00:00	0.629159080488
1/21/1970 16:00:00	0.631841765835
1/22/1970 16:00:00	0.633490667752
1/23/1970 16:00:00	0.618560718753
1/26/1970 16:00:00	0.593394621255
1/27/1970 16:00:00	0.58221950025
1/28/1970 16:00:00	0.565687313643
1/29/1970 16:00:00	0.543991300521
1/30/1970 16:00:00	0.530562178863
2/2/1970 16:00:00	0.54430324818
2/3/1970 16:00:00	0.563078626567
2/4/1970 16:00:00	0.552786833325
2/5/1970 16:00:00	0.546056857196
2/6/1970 16:00:00	0.553779137293
2/9/1970 16:00:00	0.566922303729
2/10/1970 16:00:00	0.548716037374
2/11/1970 16:00:00	0.564686296182
2/12/1970 16:00:00	0.560291223548
2/13/1970 16:00:00	0.556398935059
2/16/1970 16:00:00	0.554472206886
2/17/1970 16:00:00	0.552550878568
2/18/1970 16:00:00	0.572902766826
2/19/1970 16:00:00	0.578884810886
2/20/1970 16:00:00	0.583890057075
2/24/1970 16:00:00	0.582944171713
2/25/1970 16:00:00	0.609567420913
2/26/1970 16:00:00	0.600384806618
2/27/1970 16:00:00	0.612153301414
3/2/1970 16:00:00	0.616339267408
3/3/1970 16:00:00	0.626771168069
3/4/1970 16:00:00	0.622657921088
3/5/1970 16:00:00	0.621711062494
3/6/1970 16:00:00	0.609772464141
3/9/1970 16:00:00	0.590282530542
3/10/1970 16:00:00	0.595420302168
3/11/1970 16:00:00	0.594001470073
3/12/1970 16:00:00	0.586554404834
3/13/1970 16:00:00	0.576620356212
3/16/1970 16:00:00	0.557886809115
3/17/1970 16:00:00	0.564750587296
3/18/1970 16:00:00	0.569713986997
3/19/1970 16:00:00	0.566859324609
3/20/1970 16:00:00	0.560101579099
3/23/1970 16:00:00	0.558749299072
3/24/1970 16:00:00	0.577257038499
3/25/1970 16:00:00	0.612505452807
3/26/1970 16:00:00	0.615186566168
3/30/1970 16:00:00	0.609068869078
3/31/1970 16:00:00	0.609141722437
4/1/1970 16:00:00	0.617433344908
4/2/1970 16:00:00	0.611821104619
4/3/1970 16:00:00	0.603165058408
4/6/1970 16:00:00	0.59053961398
4/7/1970 16:00:00	0.585626529498
4/8/1970 16:00:00	0.58472901673
4/9/1970 16:00:00	0.585325663476
4/10/1970 16:00:00	0.579444043699
4/13/1970 16:00:00	0.567160267876
4/14/1970 16:00:00	0.552609567486
4/15/1970 16:00:00	0.549327577702
4/16/1970 16:00:00	0.532723173845
4/17/1970 16:00:00	0.529049471988
4/20/1970 16:00:00	0.531445034979
4/21/1970 16:00:00	0.52315175418
4/22/1970 16:00:00	0.502493564708
4/23/1970 16:00:00	0.480133558755
4/24/1970 16:00:00	0.47541908791
4/27/1970 16:00:00	0.452596496849
4/28/1970 16:00:00	0.432620606129
4/29/1970 16:00:00	0.45742243789
4/30/1970 16:00:00	0.452455386051
5/1/1970 16:00:00	0.450859604053
5/4/1970 16:00:00	0.41639569146
5/5/1970 16:00:00	0.403858888204
5/6/1970 16:00:00	0.417446881004
5/7/1970 16:00:00	0.422677877344
5/8/1970 16:00:00	0.416398277777
5/11/1970 16:00:00	0.403101638766
5/12/1970 16:00:00	0.3912569611
5/13/1970 16:00:00	0.371352672303
5/14/1970 16:00:00	0.355441569805
5/15/1970 16:00:00	0.375691137508
5/18/1970 16:00:00	0.376516526468
5/19/1970 16:00:00	0.354579283819
5/20/1970 16:00:00	0.32718878893
5/21/1970 16:00:00	0.308622568681
5/22/1970 16:00:00	0.309683618268
5/25/1970 16:00:00	0.284058162534
5/26/1970 16:00:00	0.272331872372
5/27/1970 16:00:00	0.31311928805
5/28/1970 16:00:00	0.336803703185
5/29/1970 16:00:00	0.362970108344
6/1/1970 16:00:00	0.381197942901
6/2/1970 16:00:00	0.381297624089
6/3/1970 16:00:00	0.390934325433
6/4/1970 16:00:00	0.373495260257
6/5/1970 16:00:00	0.356221343945
6/8/1970 16:00:00	0.357716263939
6/9/1970 16:00:00	0.357106921006
6/10/1970 16:00:00	0.346321829836
6/11/1970 16:00:00	0.331992351838
6/12/1970 16:00:00	0.324073502716
6/15/1970 16:00:00	0.333364840189
6/16/1970 16:00:00	0.354203616878
6/17/1970 16:00:00	0.351862445479
6/18/1970 16:00:00	0.35892103152
6/19/1970 16:00:00	0.366392982351
6/22/1970 16:00:00	0.360449811397
6/23/1970 16:00:00	0.333805382712
6/24/1970 16:00:00	0.323236188352
6/25/1970 16:00:00	0.323720793361
6/26/1970 16:00:00	0.316624557421
6/29/1970 16:00:00	0.308672404585
6/30/1970 16:00:00	0.306567920729
7/1/1970 16:00:00	0.309238144428
7/2/1970 16:00:00	0.309039593905
7/6/1970 16:00:00	0.294258540474
7/7/1970 16:00:00	0.287629098033
7/8/1970 16:00:00	0.308862782218
7/9/1970 16:00:00	0.322258228726
7/10/1970 16:00:00	0.32723973926
7/13/1970 16:00:00	0.328654939516
7/14/1970 16:00:00	0.326784862254
7/15/1970 16:00:00	0.337378673392
7/16/1970 16:00:00	0.352211716167
7/17/1970 16:00:00	0.370562489609
7/20/1970 16:00:00	0.372090269246
7/21/1970 16:00:00	0.360067244291
7/22/1970 16:00:00	0.36089058616
7/23/1970 16:00:00	0.37432141692
7/24/1970 16:00:00	0.37156703516
7/27/1970 16:00:00	0.369183603035
7/28/1970 16:00:00	0.370727104946
7/29/1970 16:00:00	0.374414909549
7/30/1970 16:00:00	0.374919897297
7/31/1970 16:00:00	0.374679174918
8/3/1970 16:00:00	0.359773790807
8/4/1970 16:00:00	0.361979970483
8/5/1970 16:00:00	0.361747556359
8/6/1970 16:00:00	0.360110955681
8/7/1970 16:00:00	0.363013159502
8/10/1970 16:00:00	0.347735757276
8/11/1970 16:00:00	0.34207711819
8/12/1970 16:00:00	0.336818660813
8/13/1970 16:00:00	0.327971228412
8/14/1970 16:00:00	0.333320455118
8/17/1970 16:00:00	0.335423960166
8/18/1970 16:00:00	0.346819077472
8/19/1970 16:00:00	0.357109406527
8/20/1970 16:00:00	0.369334585638
8/21/1970 16:00:00	0.389234558195
8/24/1970 16:00:00	0.414952768253
8/25/1970 16:00:00	0.416616826099
8/26/1970 16:00:00	0.41790649973
8/27/1970 16:00:00	0.415748977039
8/28/1970 16:00:00	0.427707971844
8/31/1970 16:00:00	0.422407146019
9/1/1970 16:00:00	0.413291007622
9/2/1970 16:00:00	0.413413479215
9/3/1970 16:00:00	0.430614807107
9/4/1970 16:00:00	0.442430315396
9/8/1970 16:00:00	0.445334576236
9/9/1970 16:00:00	0.441474598265
9/10/1970 16:00:00	0.433681276166
9/11/1970 16:00:00	0.436938242182
9/14/1970 16:00:00	0.429587262064
9/15/1970 16:00:00	0.418447109103
9/16/1970 16:00:00	0.425077744347
9/17/1970 16:00:00	0.432563981703
9/18/1970 16:00:00	0.437775962103
9/21/1970 16:00:00	0.426131750839
9/22/1970 16:00:00	0.425514200043
9/23/1970 16:00:00	0.426050374328
9/24/1970 16:00:00	0.422344804092
9/25/1970 16:00:00	0.440141862843
9/28/1970 16:00:00	0.457632010939
9/29/1970 16:00:00	0.45654732856
9/30/1970 16:00:00	0.463540460475
10/1/1970 16:00:00	0.464132029632
10/2/1970 16:00:00	0.477727435673
10/5/1970 16:00:00	0.499898119275
10/6/1970 16:00:00	0.506029012638
10/7/1970 16:00:00	0.506592786132
10/8/1970 16:00:00	0.490329209026
10/9/1970 16:00:00	0.475249157015
10/12/1970 16:00:00	0.459659487981
10/13/1970 16:00:00	0.457782318992
10/14/1970 16:00:00	0.459940708022
10/15/1970 16:00:00	0.46735618735
10/16/1970 16:00:00	0.461354714151
10/19/1970 16:00:00	0.442442632988
10/20/1970 16:00:00	0.450462744175
10/21/1970 16:00:00	0.450603261469
10/22/1970 16:00:00	0.445968889301
10/23/1970 16:00:00	0.452042380728
10/26/1970 16:00:00	0.444595400218
10/27/1970 16:00:00	0.441581312526
10/28/1970 16:00:00	0.446437051655
10/29/1970 16:00:00	0.44499850965
10/30/1970 16:00:00	0.443168700611
11/2/1970 16:00:00	0.447245396679
11/3/1970 16:00:00	0.458869898871
11/4/1970 16:00:00	0.46143096439
11/5/1970 16:00:00	0.456321240628
11/6/1970 16:00:00	0.458466377878
11/9/1970 16:00:00	0.465449459652
11/10/1970 16:00:00	0.467634404276
11/11/1970 16:00:00	0.471473756058
11/12/1970 16:00:00	0.456890433254
11/13/1970 16:00:00	0.443809908016
11/16/1970 16:00:00	0.441602902123
11/17/1970 16:00:00	0.445281567931
11/18/1970 16:00:00	0.434403510121
11/19/1970 16:00:00	0.436117442803
11/20/1970 16:00:00	0.449088758726
11/23/1970 16:00:00	0.457185713794
11/24/1970 16:00:00	0.466177887384
11/25/1970 16:00:00	0.471226991515
11/27/1970 16:00:00	0.484872195075
11/30/1970 16:00:00	0.506271775274
12/1/1970 16:00:00	0.511146802077
12/2/1970 16:00:00	0.528544526777
12/3/1970 16:00:00	0.536187973388
12/4/1970 16:00:00	0.546136172839
12/7/1970 16:00:00	0.554868816891
12/8/1970 16:00:00	0.546414041195
12/9/1970 16:00:00	0.547521905987
12/10/1970 16:00:00	0.554510889536
12/11/1970 16:00:00	0.56061537974
12/14/1970 16:00:00	0.552112141091
12/15/1970 16:00:00	0.549569721368
12/16/1970 16:00:00	0.550185195218
12/17/1970 16:00:00	0.556226647248
12/18/1970 16:00:00	0.559586200932
12/21/1970 16:00:00	0.554303348423
12/22/1970 16:00:00	0.555855622862
12/23/1970 16:00:00	0.5569614934
12/24/1970 16:00:00	0.566259058064
12/28/1970 16:00:00	0.575634114819
12/29/1970 16:00:00	0.593943310895
12/30/1970 16:00:00	0.597951642688
12/31/1970 16:00:00	0.595374002067
1/4/1971 16:00:00	0.576169331385
1/5/1971 16:00:00	0.58795545417
1/6/1971 16:00:00	0.598483661639
1/7/1971 16:00:00	0.599207020363
1/8/1971 16:00:00	0.595125589098
1/11/1971 16:00:00	0.591063897202
1/12/1971 16:00:00	0.604981494593
1/13/1971 16:00:00	0.601366754722
1/14/1971 16:00:00	0.605937425187
1/15/1971 16:00:00	0.610487799873
1/18/1971 16:00:00	0.617960732865
1/19/1971 16:00:00	0.624525573183
1/20/1971 16:00:00	0.624756537114
1/21/1971 16:00:00	0.633282450303
1/22/1971 16:00:00	0.646829999401
1/25/1971 16:00:00	0.654572350026
1/26/1971 16:00:00	0.66086540807
1/27/1971 16:00:00	0.646378004966
1/28/1971 16:00:00	0.652611224935
1/29/1971 16:00:00	0.666437894692
2/1/1971 16:00:00	0.677403643279
2/2/1971 16:00:00	0.677625746687
2/3/1971 16:00:00	0.681468328293
2/4/1971 16:00:00	0.681206557919
2/5/1971 16:00:00	0.698008441301
2/8/1971 16:00:00	0.714573731574
2/9/1971 16:00:00	0.714313422571
2/10/1971 16:00:00	0.711958663709
2/11/1971 16:00:00	0.728784717569
2/12/1971 16:00:00	0.741481769878
2/16/1971 16:00:00	0.743372188323
2/17/1971 16:00:00	0.732105002098
2/18/1971 16:00:00	0.725238727311
2/19/1971 16:00:00	0.709840364676
2/22/1971 16:00:00	0.688302362664
2/23/1971 16:00:00	0.688065280739
2/24/1971 16:00:00	0.706574236653
2/25/1971 16:00:00	0.719095743059
2/26/1971 16:00:00	0.720990877698
3/1/1971 16:00:00	0.731466790149
3/2/1971 16:00:00	0.731192780368
3/3/1971 16:00:00	0.737416760195
3/4/1971 16:00:00	0.75240839433
3/5/1971 16:00:00	0.756548333857
3/8/1971 16:00:00	0.782865681087
3/9/1971 16:00:00	0.787134174402
3/10/1971 16:00:00	0.780050611839
3/11/1971 16:00:00	0.784285208615
3/12/1971 16:00:00	0.787967220781
3/15/1971 16:00:00	0.801285231258
3/16/1971 16:00:00	0.812449471543
3/17/1971 16:00:00	0.809801088391
3/18/1971 16:00:00	0.818765368185
3/19/1971 16:00:00	0.816094607626
3/22/1971 16:00:00	0.806476482058
3/23/1971 16:00:00	0.799267830015
3/24/1971 16:00:00	0.789810474441
3/25/1971 16:00:00	0.787232068756
3/26/1971 16:00:00	0.79827852418
3/29/1971 16:00:00	0.800262496553
3/30/1971 16:00:00	0.804519181861
3/31/1971 16:00:00	0.817973744388
4/1/1971 16:00:00	0.824592133423
4/2/1971 16:00:00	0.83829463516
4/5/1971 16:00:00	0.845058146305
4/6/1971 16:00:00	0.854225159473
4/7/1971 16:00:00	0.865832656537
4/8/1971 16:00:00	0.872728349191
4/12/1971 16:00:00	0.884504875828
4/13/1971 16:00:00	0.884130014238
4/14/1971 16:00:00	0.888633736108
4/15/1971 16:00:00	0.902413928167
4/16/1971 16:00:00	0.909464755028
4/19/1971 16:00:00	0.91406609933
4/20/1971 16:00:00	0.896168663267
4/21/1971 16:00:00	0.895797393392
4/22/1971 16:00:00	0.907744478693
4/23/1971 16:00:00	0.924780498166
4/26/1971 16:00:00	0.934474438134
4/27/1971 16:00:00	0.949315705009
4/28/1971 16:00:00	0.966872035948
4/29/1971 16:00:00	0.969046179469
4/30/1971 16:00:00	0.963440690991
5/3/1971 16:00:00	0.937162408562
5/4/1971 16:00:00	0.949451371529
5/5/1971 16:00:00	0.946459456961
5/6/1971 16:00:00	0.930680288594
5/7/1971 16:00:00	0.920144276526
5/10/1971 16:00:00	0.904686744592
5/11/1971 16:00:00	0.909241435721
5/12/1971 16:00:00	0.911324014318
5/13/1971 16:00:00	0.91589848374
5/14/1971 16:00:00	0.91798948203
5/17/1971 16:00:00	0.878203895118
5/18/1971 16:00:00	0.860815553024
5/19/1971 16:00:00	0.858013210436
5/20/1971 16:00:00	0.867171127682
5/21/1971 16:00:00	0.869174668507
5/24/1971 16:00:00	0.85914489817
5/25/1971 16:00:00	0.837238195964
5/26/1971 16:00:00	0.836850142705
5/27/1971 16:00:00	0.838817645037
5/28/1971 16:00:00	0.854875292166
6/1/1971 16:00:00	0.86875122347
6/2/1971 16:00:00	0.884585031431
6/3/1971 16:00:00	0.898787934466
6/4/1971 16:00:00	0.910669477922
6/7/1971 16:00:00	0.912728214758
6/8/1971 16:00:00	0.892431752512
6/9/1971 16:00:00	0.887124728841
6/10/1971 16:00:00	0.894014194753
6/11/1971 16:00:00	0.896048621142
6/14/1971 16:00:00	0.880911293797
6/15/1971 16:00:00	0.875637578925
6/16/1971 16:00:00	0.875214354095
6/17/1971 16:00:00	0.874799669199
6/18/1971 16:00:00	0.846049147392
6/21/1971 16:00:00	0.805566064326
6/22/1971 16:00:00	0.782358597103
6/23/1971 16:00:00	0.793146810217
6/24/1971 16:00:00	0.801796862452
6/25/1971 16:00:00	0.805945959069
6/28/1971 16:00:00	0.800988295801
6/29/1971 16:00:00	0.818754171279
6/30/1971 16:00:00	0.832168628434
7/1/1971 16:00:00	0.848077135786
7/2/1971 16:00:00	0.854720987793
7/6/1971 16:00:00	0.863765880969
7/7/1971 16:00:00	0.881823197611
7/8/1971 16:00:00	0.891075820834
7/9/1971 16:00:00	0.902797850026
7/12/1971 16:00:00	0.909716951472
7/13/1971 16:00:00	0.899399752893
7/14/1971 16:00:00	0.886725536282
7/15/1971 16:00:00	0.886287803517
7/16/1971 16:00:00	0.878572226289
7/19/1971 16:00:00	0.863660537142
7/20/1971 16:00:00	0.872723397579
7/21/1971 16:00:00	0.869878218063
7/22/1971 16:00:00	0.864640422384
7/23/1971 16:00:00	0.866569584566
7/26/1971 16:00:00	0.85956721372
7/27/1971 16:00:00	0.842536162029
7/28/1971 16:00:00	0.814031983747
7/29/1971 16:00:00	0.777045397774
7/30/1971 16:00:00	0.765564709493
8/2/1971 16:00:00	0.771741951281
8/3/1971 16:00:00	0.745434207279
8/4/1971 16:00:00	0.721354978022
8/5/1971 16:00:00	0.716752118117
8/6/1971 16:00:00	0.731043790832
8/9/1971 16:00:00	0.717912396831
8/10/1971 16:00:00	0.713341665846
8/11/1971 16:00:00	0.735932941742
8/12/1971 16:00:00	0.758462676158
8/13/1971 16:00:00	0.762406730392
8/16/1971 16:00:00	0.81653564497
8/17/1971 16:00:00	0.838927465422
8/18/1971 16:00:00	0.826865905478
8/19/1971 16:00:00	0.817233264511
8/20/1971 16:00:00	0.81452412631
8/23/1971 16:00:00	0.823203184348
8/24/1971 16:00:00	0.829648579087
8/25/1971 16:00:00	0.833821685601
8/26/1971 16:00:00	0.83801516923
8/27/1971 16:00:00	0.844531356727
8/30/1971 16:00:00	0.83011120338
8/31/1971 16:00:00	0.822760478486
9/1/1971 16:00:00	0.82689108592
9/2/1971 16:00:00	0.835625629334
9/3/1971 16:00:00	0.85771758304
9/7/1971 16:00:00	0.869009574012
9/8/1971 16:00:00	0.870909469098
9/9/1971 16:00:00	0.870436689672
9/10/1971 16:00:00	0.865217409217
9/13/1971 16:00:00	0.860020832031
9/14/1971 16:00:00	0.850148015158
9/15/1971 16:00:00	0.849711470899
9/16/1971 16:00:00	0.849292010157
9/17/1971 16:00:00	0.85584587426
9/20/1971 16:00:00	0.853058080739
9/21/1971 16:00:00	0.847942547568
9/22/1971 16:00:00	0.829449470565
9/23/1971 16:00:00	0.824426723262
9/24/1971 16:00:00	0.826280320376
9/27/1971 16:00:00	0.809833500236
9/28/1971 16:00:00	0.813931359903
9/29/1971 16:00:00	0.818041542567
9/30/1971 16:00:00	0.826715069226
10/1/1971 16:00:00	0.839440244039
10/4/1971 16:00:00	0.848248622973
10/5/1971 16:00:00	0.847813054037
10/6/1971 16:00:00	0.863648281424
10/7/1971 16:00:00	0.87028904396
10/8/1971 16:00:00	0.862757995211
10/11/1971 16:00:00	0.862323877299
10/12/1971 16:00:00	0.866588223694
10/13/1971 16:00:00	0.861439258189
10/14/1971 16:00:00	0.842215007178
10/15/1971 16:00:00	0.834849140559
10/18/1971 16:00:00	0.823517256224
10/19/1971 16:00:00	0.798075194766
10/20/1971 16:00:00	0.766494336802
10/21/1971 16:00:00	0.76613907276
10/22/1971 16:00:00	0.770103363851
10/25/1971 16:00:00	0.758859099735
10/26/1971 16:00:00	0.745575567203
10/27/1971 16:00:00	0.715966520803
10/28/1971 16:00:00	0.719199943588
10/29/1971 16:00:00	0.731298588642
11/1/1971 16:00:00	0.702084338341
11/2/1971 16:00:00	0.697654879094
11/3/1971 16:00:00	0.727289824156
11/4/1971 16:00:00	0.739449843708
11/5/1971 16:00:00	0.736980734686
11/8/1971 16:00:00	0.734517864916
11/9/1971 16:00:00	0.740474717733
11/10/1971 16:00:00	0.723222881629
11/11/1971 16:00:00	0.69845680957
11/12/1971 16:00:00	0.702194859744
11/15/1971 16:00:00	0.691673110427
11/16/1971 16:00:00	0.697389890937
11/17/1971 16:00:00	0.695025031735
11/18/1971 16:00:00	0.690657149573
11/19/1971 16:00:00	0.680266700356
11/22/1971 16:00:00	0.658023391286
11/23/1971 16:00:00	0.628473348804
11/24/1971 16:00:00	0.630059258493
11/26/1971 16:00:00	0.652458750697
11/29/1971 16:00:00	0.694747677154
11/30/1971 16:00:00	0.69846858109
12/1/1971 16:00:00	0.734116948032
12/2/1971 16:00:00	0.740112438494
12/3/1971 16:00:00	0.765027145087
12/6/1971 16:00:00	0.756087903427
12/7/1971 16:00:00	0.76427597978
12/8/1971 16:00:00	0.772513136676
12/9/1971 16:00:00	0.778643760738
12/10/1971 16:00:00	0.795690078666
12/13/1971 16:00:00	0.80415765299
12/14/1971 16:00:00	0.801596435624
12/15/1971 16:00:00	0.807356626275
12/16/1971 16:00:00	0.8204484903
12/17/1971 16:00:00	0.831355313861
12/20/1971 16:00:00	0.853699691607
12/21/1971 16:00:00	0.857989475523
12/22/1971 16:00:00	0.86462576836
12/23/1971 16:00:00	0.861982884325
12/27/1971 16:00:00	0.85700600896
12/28/1971 16:00:00	0.861304063868
12/29/1971 16:00:00	0.877211697884
12/30/1971 16:00:00	0.886184311538
12/31/1971 16:00:00	0.911811676208
1/3/1972 16:00:00	0.899467978351
1/4/1972 16:00:00	0.906249094923
1/5/1972 16:00:00	0.926892852013
1/6/1972 16:00:00	0.948459914347
1/7/1972 16:00:00	0.957983959733
1/10/1972 16:00:00	0.957606088282
1/11/1972 16:00:00	0.969674688648
1/12/1972 16:00:00	0.976834783533
1/13/1972 16:00:00	0.963899417314
1/14/1972 16:00:00	0.97102978378
1/17/1972 16:00:00	0.975694293279
1/18/1972 16:00:00	0.995473567752
1/19/1972 16:00:00	0.987449710484
1/20/1972 16:00:00	0.984553738843
1/21/1972 16:00:00	0.981664093506
1/24/1972 16:00:00	0.963626430728
1/25/1972 16:00:00	0.958295997642
1/26/1972 16:00:00	0.960440808596
1/27/1972 16:00:00	0.984991876329
1/28/1972 16:00:00	1.00994188761
1/31/1972 16:00:00	1.02245405975
2/1/1972 16:00:00	1.039613474
2/2/1972 16:00:00	1.06284821013
2/3/1972 16:00:00	1.06781202282
2/4/1972 16:00:00	1.08078353412
2/7/1972 16:00:00	1.07772219054
2/8/1972 16:00:00	1.08271834025
2/9/1972 16:00:00	1.10657030154
2/10/1972 16:00:00	1.11984208356
2/11/1972 16:00:00	1.12496039663
2/14/1972 16:00:00	1.10800085607
2/15/1972 16:00:00	1.11580338895
2/16/1972 16:00:00	1.13460730605
2/17/1972 16:00:00	1.13694613909
2/18/1972 16:00:00	1.13653196586
2/22/1972 16:00:00	1.13335165835
2/23/1972 16:00:00	1.14127606864
2/24/1972 16:00:00	1.15133445444
2/25/1972 16:00:00	1.17333920262
2/28/1972 16:00:00	1.1757815212
2/29/1972 16:00:00	1.18958227323
3/1/1972 16:00:00	1.21491899827
3/2/1972 16:00:00	1.22320269169
3/3/1972 16:00:00	1.24025000715
3/6/1972 16:00:00	1.26039100947
3/7/1972 16:00:00	1.25696041475
3/8/1972 16:00:00	1.27429669227
3/9/1972 16:00:00	1.28804675258
3/10/1972 16:00:00	1.27927694985
3/13/1972 16:00:00	1.23977914488
3/14/1972 16:00:00	1.25103694263
3/15/1972 16:00:00	1.26233482537
3/16/1972 16:00:00	1.25292280992
3/17/1972 16:00:00	1.25834093876
3/20/1972 16:00:00	1.24302314513
3/21/1972 16:00:00	1.18961739036
3/22/1972 16:00:00	1.20911440383
3/23/1972 16:00:00	1.23747163166
3/24/1972 16:00:00	1.24282958628
3/27/1972 16:00:00	1.24232752258
3/28/1972 16:00:00	1.24476144947
3/29/1972 16:00:00	1.23836731418
3/30/1972 16:00:00	1.25539032908
4/3/1972 16:00:00	1.2548582827
4/4/1972 16:00:00	1.27426438274
4/5/1972 16:00:00	1.30952805855
4/6/1972 16:00:00	1.33629940443
4/7/1972 16:00:00	1.3634390261
4/10/1972 16:00:00	1.36285469509
4/11/1972 16:00:00	1.38409707674
4/12/1972 16:00:00	1.40555944101
4/13/1972 16:00:00	0.834710053473
4/14/1972 16:00:00	1.2407937475
4/17/1972 16:00:00	1.23467872627
4/18/1972 16:00:00	1.24531403427
4/19/1972 16:00:00	1.20631517795
4/20/1972 16:00:00	1.21135794708
4/21/1972 16:00:00	1.21360450025
4/24/1972 16:00:00	1.18284864762
4/25/1972 16:00:00	1.15262495387
4/26/1972 16:00:00	1.15479380903
4/27/1972 16:00:00	1.15689596311
4/28/1972 16:00:00	1.16438302983
5/1/1972 16:00:00	1.1344680162
5/2/1972 16:00:00	1.11033878208
5/3/1972 16:00:00	1.09692494003
5/4/1972 16:00:00	1.09905022679
5/5/1972 16:00:00	1.11144133367
5/8/1972 16:00:00	1.09089570811
5/9/1972 16:00:00	1.01882575898
5/10/1972 16:00:00	1.04283669692
5/11/1972 16:00:00	1.06967464638
5/12/1972 16:00:00	1.10641824569
5/15/1972 16:00:00	1.12915113005
5/16/1972 16:00:00	1.13128585671
5/17/1972 16:00:00	1.11510385636
5/18/1972 16:00:00	1.14051668326
5/19/1972 16:00:00	1.17683995625
5/22/1972 16:00:00	1.1817097916
5/23/1972 16:00:00	1.1839002827
5/24/1972 16:00:00	1.21034107837
5/25/1972 16:00:00	1.21735729781
5/26/1972 16:00:00	1.21957942892
5/30/1972 16:00:00	1.20600944957
5/31/1972 16:00:00	1.18095896235
6/1/1972 16:00:00	1.19653696142
6/2/1972 16:00:00	1.20685451318
6/5/1972 16:00:00	1.18451257263
6/6/1972 16:00:00	1.16515175338
6/7/1972 16:00:00	1.13801800242
6/8/1972 16:00:00	1.14013276611
6/9/1972 16:00:00	1.12651443505
6/12/1972 16:00:00	1.12081235731
6/13/1972 16:00:00	1.13068833752
6/14/1972 16:00:00	1.1458381208
6/15/1972 16:00:00	1.14271110468
6/16/1972 16:00:00	1.14220958147
6/19/1972 16:00:00	1.1285974352
6/20/1972 16:00:00	1.13590796754
6/21/1972 16:00:00	1.1432531921
6/22/1972 16:00:00	1.12701500664
6/23/1972 16:00:00	1.11093053933
6/26/1972 16:00:00	1.08728517653
6/27/1972 16:00:00	1.09948251211
6/28/1972 16:00:00	1.09388056855
6/29/1972 16:00:00	1.08829320514
6/30/1972 16:00:00	1.1055534038
7/3/1972 16:00:00	1.11787598272
7/5/1972 16:00:00	1.13542627681
7/6/1972 16:00:00	1.15055689477
7/7/1972 16:00:00	1.13951319707
7/10/1972 16:00:00	1.1233066641
7/11/1972 16:00:00	1.11244030018
7/12/1972 16:00:00	1.10166424361
7/13/1972 16:00:00	1.0731077824
7/14/1972 16:00:00	1.08265553173
7/17/1972 16:00:00	1.05756902646
7/18/1972 16:00:00	1.03474304666
7/19/1972 16:00:00	1.04161480197
7/20/1972 16:00:00	1.02401145655
7/21/1972 16:00:00	1.03569950642
7/24/1972 16:00:00	1.06398743145
7/25/1972 16:00:00	1.05665928496
7/26/1972 16:00:00	1.05866994803
7/27/1972 16:00:00	1.053256819
7/28/1972 16:00:00	1.04536432067
7/31/1972 16:00:00	1.03751860682
8/1/1972 16:00:00	1.05174595139
8/2/1972 16:00:00	1.0753495638
8/3/1972 16:00:00	1.09740654748
8/4/1972 16:00:00	1.11214717777
8/7/1972 16:00:00	1.11420435741
8/8/1972 16:00:00	1.10343392325
8/9/1972 16:00:00	1.10801820218
8/10/1972 16:00:00	1.1074932126
8/11/1972 16:00:00	1.12995958454
8/14/1972 16:00:00	1.12943047648
8/15/1972 16:00:00	1.12372963918
8/16/1972 16:00:00	1.12320344832
8/17/1972 16:00:00	1.10460864402
8/18/1972 16:00:00	1.11936515894
8/21/1972 16:00:00	1.11627218753
8/22/1972 16:00:00	1.11576011982
8/23/1972 16:00:00	1.11014008939
8/24/1972 16:00:00	1.09175095224
8/25/1972 16:00:00	1.08872016821
8/28/1972 16:00:00	1.07561705745
8/29/1972 16:00:00	1.06511734152
8/30/1972 16:00:00	1.07453177007
8/31/1972 16:00:00	1.07646626491
9/1/1972 16:00:00	1.09592727535
9/5/1972 16:00:00	1.08526674457
9/6/1972 16:00:00	1.06719211873
9/7/1972 16:00:00	1.05684903781
9/8/1972 16:00:00	1.05389232477
9/11/1972 16:00:00	1.03433427534
9/12/1972 16:00:00	1.00712517393
9/13/1972 16:00:00	1.01382566166
9/14/1972 16:00:00	1.0157429971
9/15/1972 16:00:00	1.01767738308
9/18/1972 16:00:00	1.01479218159
9/19/1972 16:00:00	1.00951034901
9/20/1972 16:00:00	1.01140137703
9/21/1972 16:00:00	1.00611817341
9/22/1972 16:00:00	1.01038795247
9/25/1972 16:00:00	0.993162215041
9/26/1972 16:00:00	0.999772496588
9/27/1972 16:00:00	1.03488820238
9/28/1972 16:00:00	1.04593425846
9/29/1972 16:00:00	1.05764520313
10/2/1972 16:00:00	1.04976086817
10/3/1972 16:00:00	1.05413449772
10/4/1972 16:00:00	1.04867355717
10/5/1972 16:00:00	1.01691923268
10/6/1972 16:00:00	1.0188031142
10/9/1972 16:00:00	1.02789267819
10/10/1972 16:00:00	1.03884202051
10/11/1972 16:00:00	1.02923259015
10/12/1972 16:00:00	1.01185248415
10/13/1972 16:00:00	0.994664874244
10/16/1972 16:00:00	0.963535414651
10/17/1972 16:00:00	0.974604463886
10/18/1972 16:00:00	0.990418387798
10/19/1972 16:00:00	0.985269275162
10/20/1972 16:00:00	1.01055132657
10/23/1972 16:00:00	1.0267364972
10/24/1972 16:00:00	1.03045959922
10/25/1972 16:00:00	1.02996154374
10/26/1972 16:00:00	1.04146091344
10/27/1972 16:00:00	1.04337397177
10/30/1972 16:00:00	1.04286967435
10/31/1972 16:00:00	1.05937059693
11/1/1972 16:00:00	1.09321999083
11/2/1972 16:00:00	1.10517317635
11/3/1972 16:00:00	1.13490670405
11/6/1972 16:00:00	1.14205429615
11/8/1972 16:00:00	1.12859206439
11/9/1972 16:00:00	1.12028675742
11/10/1972 16:00:00	1.12736481936
11/13/1972 16:00:00	1.11913564872
11/14/1972 16:00:00	1.12113048772
11/15/1972 16:00:00	1.1078870739
11/16/1972 16:00:00	1.10496030467
11/17/1972 16:00:00	1.10443676396
11/20/1972 16:00:00	1.09887900172
11/21/1972 16:00:00	1.10085102304
11/22/1972 16:00:00	1.10783001225
11/24/1972 16:00:00	1.11990025058
11/27/1972 16:00:00	1.10919772631
11/28/1972 16:00:00	1.11117866925
11/29/1972 16:00:00	1.11062484369
11/30/1972 16:00:00	1.1176810861
12/1/1972 16:00:00	1.13929604196
12/4/1972 16:00:00	1.14385474128
12/5/1972 16:00:00	1.14842395657
12/6/1972 16:00:00	1.15816128404
12/7/1972 16:00:00	1.16799607906
12/8/1972 16:00:00	1.16741393499
12/11/1972 16:00:00	1.15901457703
12/12/1972 16:00:00	1.14546702146
12/13/1972 16:00:00	1.12943498511
12/14/1972 16:00:00	1.11929078127
12/15/1972 16:00:00	1.12378596209
12/18/1972 16:00:00	1.09782695408
12/19/1972 16:00:00	1.09474917191
12/20/1972 16:00:00	1.08172072394
12/21/1972 16:00:00	1.0613926251
12/22/1972 16:00:00	1.06572027219
12/26/1972 16:00:00	1.06272544606
12/27/1972 16:00:00	1.07928876314
12/29/1972 16:00:00	1.12255260056
1/2/1973 16:00:00	1.14475414955
1/3/1973 16:00:00	1.16462836982
1/4/1973 16:00:00	1.16401925069
1/5/1973 16:00:00	1.17634970699
1/8/1973 16:00:00	1.17832136058
1/9/1973 16:00:00	1.17769292252
1/10/1973 16:00:00	1.17968826294
1/11/1973 16:00:00	1.19736776173
1/12/1973 16:00:00	1.17560326812
1/15/1973 16:00:00	1.13847185566
1/16/1973 16:00:00	1.12253775528
1/17/1973 16:00:00	1.12438790145
1/18/1973 16:00:00	1.12884544485
1/19/1973 16:00:00	1.1180933127
1/22/1973 16:00:00	1.09794789495
1/23/1973 16:00:00	1.07991878763
1/24/1973 16:00:00	1.03255948074
1/26/1973 16:00:00	1.01526059997
1/29/1973 16:00:00	0.984584180116
1/30/1973 16:00:00	0.977079641002
1/31/1973 16:00:00	0.981106672739
2/1/1973 16:00:00	0.945956142221
2/2/1973 16:00:00	0.93639955451
2/5/1973 16:00:00	0.924679043769
2/6/1973 16:00:00	0.930779481169
2/7/1973 16:00:00	0.901384109542
2/8/1973 16:00:00	0.879148487353
2/9/1973 16:00:00	0.919261775128
2/12/1973 16:00:00	0.940735030329
2/13/1973 16:00:00	0.946879059075
2/14/1973 16:00:00	0.905885726161
2/15/1973 16:00:00	0.88348331508
2/16/1973 16:00:00	0.887199618165
2/20/1973 16:00:00	0.895201642683
2/21/1973 16:00:00	0.870923293168
2/22/1973 16:00:00	0.866775251441
2/23/1973 16:00:00	0.836682209912
2/26/1973 16:00:00	0.815557069596
2/27/1973 16:00:00	0.784637291058
2/28/1973 16:00:00	0.795953402932
3/1/1973 16:00:00	0.777468170929
3/2/1973 16:00:00	0.788741375708
3/5/1973 16:00:00	0.79811375726
3/6/1973 16:00:00	0.82554111985
3/7/1973 16:00:00	0.83114886698
3/8/1973 16:00:00	0.826566154174
3/9/1973 16:00:00	0.823994122113
3/12/1973 16:00:00	0.821419915337
3/13/1973 16:00:00	0.824940134006
3/14/1973 16:00:00	0.824377734343
3/15/1973 16:00:00	0.813685190737
3/16/1973 16:00:00	0.805075335819
3/19/1973 16:00:00	0.778502280033
3/20/1973 16:00:00	0.76625391733
3/21/1973 16:00:00	0.739143074262
3/22/1973 16:00:00	0.697138546754
3/23/1973 16:00:00	0.693049662326
3/26/1973 16:00:00	0.69260468044
3/27/1973 16:00:00	0.717469980705
3/28/1973 16:00:00	0.720696562742
3/29/1973 16:00:00	0.740634111003
3/30/1973 16:00:00	0.726903577512
4/2/1973 16:00:00	0.69470229139
4/3/1973 16:00:00	0.670716729916
4/4/1973 16:00:00	0.642468624671
4/5/1973 16:00:00	0.626644462701
4/6/1973 16:00:00	0.648168910974
4/9/1973 16:00:00	0.659821060921
4/10/1973 16:00:00	0.672935601179
4/11/1973 16:00:00	0.681362203551
4/12/1973 16:00:00	0.686325148966
4/13/1973 16:00:00	0.678729367346
4/16/1973 16:00:00	0.667639373396
4/17/1973 16:00:00	0.650073597421
4/18/1973 16:00:00	0.651342991406
4/19/1973 16:00:00	0.657769444211
4/23/1973 16:00:00	0.638206914358
4/24/1973 16:00:00	0.607148855024
4/25/1973 16:00:00	0.577109883654
4/26/1973 16:00:00	0.581489231497
4/27/1973 16:00:00	0.56071624474
4/30/1973 16:00:00	0.550981050479
5/1/1973 16:00:00	0.55368214808
5/2/1973 16:00:00	0.570292642582
5/3/1973 16:00:00	0.58056528643
5/4/1973 16:00:00	0.597712792614
5/7/1973 16:00:00	0.590797842591
5/8/1973 16:00:00	0.593601983161
5/9/1973 16:00:00	0.589951365723
5/10/1973 16:00:00	0.586340762034
5/11/1973 16:00:00	0.567095537042
5/14/1973 16:00:00	0.525942439122
5/15/1973 16:00:00	0.51961656939
5/16/1973 16:00:00	0.519256961732
5/17/1973 16:00:00	0.505599609337
5/18/1973 16:00:00	0.472255751264
5/21/1973 16:00:00	0.442853160086
5/22/1973 16:00:00	0.453137218504
5/23/1973 16:00:00	0.459528246378
5/24/1973 16:00:00	0.489046203394
5/25/1973 16:00:00	0.501058823095
5/29/1973 16:00:00	0.4949518066
5/30/1973 16:00:00	0.472166380559
5/31/1973 16:00:00	0.463562041588
6/1/1973 16:00:00	0.459135583925
6/4/1973 16:00:00	0.438487554352
6/5/1973 16:00:00	0.449955988079
6/6/1973 16:00:00	0.449606736527
6/7/1973 16:00:00	0.461271857291
6/8/1973 16:00:00	0.47583331432
6/11/1973 16:00:00	0.46579559261
6/12/1973 16:00:00	0.489647841112
6/13/1973 16:00:00	0.482591851891
6/14/1973 16:00:00	0.472506651013
6/15/1973 16:00:00	0.454273510449
6/18/1973 16:00:00	0.433841972552
6/19/1973 16:00:00	0.436101141619
6/20/1973 16:00:00	0.438366880791
6/21/1973 16:00:00	0.42757844621
6/22/1973 16:00:00	0.43495260848
6/25/1973 16:00:00	0.414165137438
6/26/1973 16:00:00	0.421073722287
6/27/1973 16:00:00	0.423284659919
6/28/1973 16:00:00	0.435702437879
6/29/1973 16:00:00	0.43276099269
7/2/1973 16:00:00	0.420789254377
7/3/1973 16:00:00	0.411861541897
7/5/1973 16:00:00	0.411400976094
7/6/1973 16:00:00	0.412294970811
7/9/1973 16:00:00	0.41787874169
7/10/1973 16:00:00	0.432642263923
7/11/1973 16:00:00	0.451617006295
7/12/1973 16:00:00	0.457894366393
7/13/1973 16:00:00	0.454824643028
7/16/1973 16:00:00	0.467750703657
7/17/1973 16:00:00	0.47509961429
7/18/1973 16:00:00	0.491053318224
7/19/1973 16:00:00	0.500418851775
7/20/1973 16:00:00	0.51695000882
7/23/1973 16:00:00	0.517915295956
7/24/1973 16:00:00	0.524669724305
7/25/1973 16:00:00	0.53732637614
7/26/1973 16:00:00	0.536861972629
7/27/1973 16:00:00	0.538954182156
7/30/1973 16:00:00	0.531390872912
7/31/1973 16:00:00	0.526462820531
8/1/1973 16:00:00	0.50402267469
8/2/1973 16:00:00	0.50221034107
8/3/1973 16:00:00	0.498904152571
8/6/1973 16:00:00	0.504071607066
8/7/1973 16:00:00	0.505023463803
8/8/1973 16:00:00	0.487542516183
8/9/1973 16:00:00	0.487150160539
8/10/1973 16:00:00	0.475625220444
8/13/1973 16:00:00	0.461905784203
8/14/1973 16:00:00	0.452132271879
8/15/1973 16:00:00	0.447772533414
8/16/1973 16:00:00	0.447388017635
8/17/1973 16:00:00	0.452200545319
8/20/1973 16:00:00	0.438638196031
8/21/1973 16:00:00	0.430504517285
8/22/1973 16:00:00	0.419928420403
8/23/1973 16:00:00	0.434543983577
8/24/1973 16:00:00	0.432855886809
8/27/1973 16:00:00	0.438819386073
8/28/1973 16:00:00	0.439692256234
8/29/1973 16:00:00	0.449583809302
8/30/1973 16:00:00	0.451768665812
8/31/1973 16:00:00	0.462800871895
9/4/1973 16:00:00	0.470331871514
9/5/1973 16:00:00	0.47660840387
9/6/1973 16:00:00	0.48165196065
9/7/1973 16:00:00	0.48939071125
9/10/1973 16:00:00	0.479274795411
9/11/1973 16:00:00	0.472010990132
9/12/1973 16:00:00	0.46483408376
9/13/1973 16:00:00	0.468417650432
9/14/1973 16:00:00	0.474659290587
9/17/1973 16:00:00	0.47690882989
9/18/1973 16:00:00	0.476457280498
9/19/1973 16:00:00	0.497638638648
9/20/1973 16:00:00	0.509688891636
9/21/1973 16:00:00	0.518742923719
9/24/1973 16:00:00	0.521113313509
9/25/1973 16:00:00	0.52205872784
9/26/1973 16:00:00	0.533048051353
9/27/1973 16:00:00	0.542683986256
9/28/1973 16:00:00	0.540696357412
10/1/1973 16:00:00	0.537252680204
10/2/1973 16:00:00	0.548418199273
10/3/1973 16:00:00	0.552341369606
10/4/1973 16:00:00	0.542938745218
10/5/1973 16:00:00	0.558578736536
10/8/1973 16:00:00	0.567034767847
10/9/1973 16:00:00	0.564997371059
10/10/1973 16:00:00	0.550974099767
10/11/1973 16:00:00	0.571374018398
10/12/1973 16:00:00	0.57845042402
10/15/1973 16:00:00	0.562651092496
10/16/1973 16:00:00	0.562155870225
10/17/1973 16:00:00	0.555661625213
10/18/1973 16:00:00	0.556658392847
10/19/1973 16:00:00	0.563608302613
10/22/1973 16:00:00	0.548119391843
10/23/1973 16:00:00	0.540284531435
10/24/1973 16:00:00	0.544186822034
10/25/1973 16:00:00	0.546611368316
10/26/1973 16:00:00	0.553477213216
10/29/1973 16:00:00	0.542646351951
10/30/1973 16:00:00	0.520281734377
10/31/1973 16:00:00	0.514151357399
11/1/1973 16:00:00	0.505231765179
11/2/1973 16:00:00	0.4954078586
11/5/1973 16:00:00	0.470292845476
11/6/1973 16:00:00	0.459295815517
11/7/1973 16:00:00	0.464112178197
11/8/1973 16:00:00	0.471593958061
11/9/1973 16:00:00	0.451307650002
11/12/1973 16:00:00	0.441914668944
11/13/1973 16:00:00	0.436461238538
11/14/1973 16:00:00	0.402445343104
11/15/1973 16:00:00	0.39728758387
11/16/1973 16:00:00	0.394579534741
11/19/1973 16:00:00	0.366356362147
11/20/1973 16:00:00	0.33923013834
11/21/1973 16:00:00	0.346323768708
11/23/1973 16:00:00	0.346034340987
11/26/1973 16:00:00	0.311675756938
11/27/1973 16:00:00	0.301410782232
11/28/1973 16:00:00	0.31846758179
11/29/1973 16:00:00	0.315397490471
11/30/1973 16:00:00	0.304055621792
12/3/1973 16:00:00	0.289071384985
12/4/1973 16:00:00	0.28501656771
12/5/1973 16:00:00	0.267163044454
12/6/1973 16:00:00	0.281091543628
12/7/1973 16:00:00	0.29012339353
12/10/1973 16:00:00	0.301236112371
12/11/1973 16:00:00	0.288335673577
12/12/1973 16:00:00	0.274875616359
12/13/1973 16:00:00	0.259366987395
12/14/1973 16:00:00	0.263527315585
12/17/1973 16:00:00	0.2588594888
12/18/1973 16:00:00	0.271543686137
12/19/1973 16:00:00	0.267682227374
12/20/1973 16:00:00	0.268336959549
12/21/1973 16:00:00	0.26115246853
12/24/1973 16:00:00	0.253884046018
12/26/1973 16:00:00	0.266397601811
12/27/1973 16:00:00	0.276020390471
12/28/1973 16:00:00	0.279427139028
12/31/1973 16:00:00	0.283776889253
1/2/1974 16:00:00	0.286315350485
1/3/1974 16:00:00	0.301937227479
1/4/1974 16:00:00	0.300709810597
1/7/1974 16:00:00	0.304303181311
1/8/1974 16:00:00	0.299186531751
1/9/1974 16:00:00	0.28165904462
1/10/1974 16:00:00	0.274048190006
1/11/1974 16:00:00	0.28104733289
1/14/1974 16:00:00	0.282643955606
1/15/1974 16:00:00	0.288857487057
1/16/1974 16:00:00	0.301705364469
1/17/1974 16:00:00	0.314678659615
1/18/1974 16:00:00	0.308471851595
1/21/1974 16:00:00	0.300644280743
1/22/1974 16:00:00	0.307823858791
1/23/1974 16:00:00	0.312436748062
1/24/1974 16:00:00	0.310205095774
1/25/1974 16:00:00	0.307987984418
1/28/1974 16:00:00	0.303834653864
1/29/1974 16:00:00	0.299962691136
1/30/1974 16:00:00	0.3052131413
1/31/1974 16:00:00	0.302054026187
2/1/1974 16:00:00	0.294365351467
2/4/1974 16:00:00	0.282803662116
2/5/1974 16:00:00	0.278902271091
2/6/1974 16:00:00	0.280501788659
2/7/1974 16:00:00	0.281194955713
2/8/1974 16:00:00	0.27549196628
2/11/1974 16:00:00	0.265364104777
2/12/1974 16:00:00	0.259883450014
2/13/1974 16:00:00	0.256210774081
2/14/1974 16:00:00	0.256855687756
2/15/1974 16:00:00	0.263523127585
2/19/1974 16:00:00	0.26156567692
2/20/1974 16:00:00	0.268302882858
2/21/1974 16:00:00	0.273376764827
2/22/1974 16:00:00	0.279418629407
2/25/1974 16:00:00	0.277384283248
2/26/1974 16:00:00	0.280776668135
2/27/1974 16:00:00	0.289651153244
2/28/1974 16:00:00	0.291281881502
3/1/1974 16:00:00	0.289188916239
3/4/1974 16:00:00	0.28617810398
3/5/1974 16:00:00	0.294226807453
3/6/1974 16:00:00	0.297500846187
3/7/1974 16:00:00	0.291840848411
3/8/1974 16:00:00	0.297893859203
3/11/1974 16:00:00	0.304263081914
3/12/1974 16:00:00	0.303063835219
3/13/1974 16:00:00	0.307587449999
3/14/1974 16:00:00	0.305405180389
3/15/1974 16:00:00	0.308990758298
3/18/1974 16:00:00	0.298113180067
3/19/1974 16:00:00	0.292207737575
3/20/1974 16:00:00	0.292896161278
3/21/1974 16:00:00	0.297309173448
3/22/1974 16:00:00	0.297059528126
3/25/1974 16:00:00	0.295867249026
3/26/1974 16:00:00	0.295609891482
3/27/1974 16:00:00	0.285304854639
3/28/1974 16:00:00	0.273193667788
3/29/1974 16:00:00	0.267630747579
4/1/1974 16:00:00	0.263898763397
4/2/1974 16:00:00	0.264532232797
4/3/1974 16:00:00	0.26516984347
4/4/1974 16:00:00	0.263205266773
4/5/1974 16:00:00	0.252611789956
4/8/1974 16:00:00	0.245670938302
4/9/1974 16:00:00	0.247923510268
4/10/1974 16:00:00	0.245215709759
4/11/1974 16:00:00	0.244381148372
4/15/1974 16:00:00	0.24087908583
4/16/1974 16:00:00	0.2477687651
4/17/1974 16:00:00	0.250849893639
4/18/1974 16:00:00	0.252286318337
4/19/1974 16:00:00	0.247028639566
4/22/1974 16:00:00	0.24679533474
4/23/1974 16:00:00	0.231928023229
4/24/1974 16:00:00	0.219060574531
4/25/1974 16:00:00	0.21202086708
4/26/1974 16:00:00	0.213300217392
4/29/1974 16:00:00	0.215328175946
4/30/1974 16:00:00	0.218119440834
5/1/1974 16:00:00	0.223208597993
5/2/1974 16:00:00	0.226075481712
5/3/1974 16:00:00	0.221980166671
5/6/1974 16:00:00	0.220227815775
5/7/1974 16:00:00	0.215443980032
5/8/1974 16:00:00	0.207738765106
5/9/1974 16:00:00	0.208280207773
5/10/1974 16:00:00	0.197273568814
5/13/1974 16:00:00	0.189315338475
5/14/1974 16:00:00	0.189125422136
5/15/1974 16:00:00	0.190994279792
5/16/1974 16:00:00	0.190805559254
5/17/1974 16:00:00	0.179590025862
5/20/1974 16:00:00	0.176106079163
5/21/1974 16:00:00	0.175282279042
5/22/1974 16:00:00	0.17122612515
5/23/1974 16:00:00	0.170437830856
5/24/1974 16:00:00	0.175373425426
5/28/1974 16:00:00	0.173251640486
5/29/1974 16:00:00	0.164861077795
5/30/1974 16:00:00	0.166550526476
5/31/1974 16:00:00	0.166853633773
6/3/1974 16:00:00	0.172332251504
6/4/1974 16:00:00	0.176644833907
6/5/1974 16:00:00	0.179078277039
6/6/1974 16:00:00	0.18547697074
6/7/1974 16:00:00	0.188654217889
6/10/1974 16:00:00	0.189826771956
6/11/1974 16:00:00	0.185544248143
6/12/1974 16:00:00	0.184012746489
6/13/1974 16:00:00	0.184482434606
6/14/1974 16:00:00	0.181620265069
6/17/1974 16:00:00	0.172831282609
6/18/1974 16:00:00	0.171374328702
6/19/1974 16:00:00	0.167387661748
6/20/1974 16:00:00	0.161748010382
6/21/1974 16:00:00	0.157303542581
6/24/1974 16:00:00	0.155940857059
6/25/1974 16:00:00	0.158164022503
6/26/1974 16:00:00	0.151985740971
6/27/1974 16:00:00	0.143048421808
6/28/1974 16:00:00	0.13839195138
7/1/1974 16:00:00	0.134938742688
7/2/1974 16:00:00	0.12627246258
7/3/1974 16:00:00	0.125606715041
7/5/1974 16:00:00	0.12494736639
7/8/1974 16:00:00	0.111495150533
7/9/1974 16:00:00	0.109467810358
7/10/1974 16:00:00	0.105713072009
7/11/1974 16:00:00	0.104688701505
7/12/1974 16:00:00	0.113978871421
7/15/1974 16:00:00	0.115284205729
7/16/1974 16:00:00	0.113220806227
7/17/1974 16:00:00	0.118346777443
7/18/1974 16:00:00	0.118719232463
7/19/1974 16:00:00	0.121544010896
7/22/1974 16:00:00	0.121414074561
7/23/1974 16:00:00	0.126273152051
7/24/1974 16:00:00	0.127162251933
7/25/1974 16:00:00	0.121354483275
7/26/1974 16:00:00	0.117737193586
7/29/1974 16:00:00	0.111269263528
7/30/1974 16:00:00	0.110215369282
7/31/1974 16:00:00	0.104160778763
8/1/1974 16:00:00	0.102257485002
8/2/1974 16:00:00	0.101263236489
8/5/1974 16:00:00	0.102476537385
8/6/1974 16:00:00	0.105805499858
8/7/1974 16:00:00	0.111128061649
8/8/1974 16:00:00	0.106338808613
8/9/1974 16:00:00	0.106227574843
8/12/1974 16:00:00	0.104871034194
8/13/1974 16:00:00	0.0975758946239
8/14/1974 16:00:00	0.0910590495538
8/15/1974 16:00:00	0.0893328288477
8/16/1974 16:00:00	0.0852115084927
8/19/1974 16:00:00	0.082098375314
8/20/1974 16:00:00	0.0841971363639
8/21/1974 16:00:00	0.0811121232145
8/22/1974 16:00:00	0.0761304508678
8/23/1974 16:00:00	0.0724410705208
8/26/1974 16:00:00	0.0734123301758
8/27/1974 16:00:00	0.0747433658944
8/28/1974 16:00:00	0.071463411247
8/29/1974 16:00:00	0.0679421322106
8/30/1974 16:00:00	0.0712106404056
9/3/1974 16:00:00	0.0659766515757
9/4/1974 16:00:00	0.0594551783234
9/5/1974 16:00:00	0.0633528736766
9/6/1974 16:00:00	0.0648754336741
9/9/1974 16:00:00	0.0606214270975
9/10/1974 16:00:00	0.0593282298211
9/11/1974 16:00:00	0.0583580923001
9/12/1974 16:00:00	0.0553064722793
9/13/1974 16:00:00	0.052360276374
9/16/1974 16:00:00	0.0537000610817
9/17/1974 16:00:00	0.0550618336307
9/18/1974 16:00:00	0.0561592012663
9/19/1974 16:00:00	0.0601874692805
9/20/1974 16:00:00	0.0613489221867
9/23/1974 16:00:00	0.0606716221125
9/24/1974 16:00:00	0.0578545940477
9/25/1974 16:00:00	0.0577992648526
9/26/1974 16:00:00	0.0550762384488
9/27/1974 16:00:00	0.052728548218
9/30/1974 16:00:00	0.0488478826732
10/1/1974 16:00:00	0.0482717857045
10/2/1974 16:00:00	0.0487487742462
10/3/1974 16:00:00	0.0465937218423
10/4/1974 16:00:00	0.0473168018759
10/7/1974 16:00:00	0.0508258324113
10/8/1974 16:00:00	0.0494251709004
10/9/1974 16:00:00	0.0533674521048
10/10/1974 16:00:00	0.0558384383163
10/11/1974 16:00:00	0.0612579160259
10/14/1974 16:00:00	0.0651026450417
10/15/1974 16:00:00	0.0640906307068
10/16/1974 16:00:00	0.0634028149668
10/17/1974 16:00:00	0.0658447575122
10/18/1974 16:00:00	0.0683488551705
10/21/1974 16:00:00	0.0715720570832
10/22/1974 16:00:00	0.0725259706699
10/23/1974 16:00:00	0.0700758815259
10/24/1974 16:00:00	0.067347598038
10/25/1974 16:00:00	0.0682632877517
10/28/1974 16:00:00	0.0668956921384
10/29/1974 16:00:00	0.0707115268981
10/30/1974 16:00:00	0.0746683960382
10/31/1974 16:00:00	0.0756438838525
11/1/1974 16:00:00	0.0752295481051
11/4/1974 16:00:00	0.0734233270413
11/5/1974 16:00:00	0.0780721586305
11/6/1974 16:00:00	0.0783608897068
11/7/1974 16:00:00	0.0800851556067
11/8/1974 16:00:00	0.0796544970229
11/11/1974 16:00:00	0.0803097229943
11/12/1974 16:00:00	0.0756121441699
11/13/1974 16:00:00	0.0741548863682
11/14/1974 16:00:00	0.0740990347911
11/15/1974 16:00:00	0.0719755301796
11/18/1974 16:00:00	0.0641655713958
11/19/1974 16:00:00	0.0603724815934
11/20/1974 16:00:00	0.0600227429402
11/21/1974 16:00:00	0.0620576386016
11/22/1974 16:00:00	0.0638319437226
11/25/1974 16:00:00	0.0625387936176
11/26/1974 16:00:00	0.0652374286887
11/27/1974 16:00:00	0.0658109849228
11/29/1974 16:00:00	0.0660713781066
12/2/1974 16:00:00	0.0622148540003
12/3/1974 16:00:00	0.0585897722747
12/4/1974 16:00:00	0.0582513898458
12/5/1974 16:00:00	0.0538529585999
12/6/1974 16:00:00	0.0518804194556
12/9/1974 16:00:00	0.0510329778287
12/10/1974 16:00:00	0.0533846868035
12/11/1974 16:00:00	0.0547109866524
12/12/1974 16:00:00	0.0549466685417
12/13/1974 16:00:00	0.0543460544371
12/16/1974 16:00:00	0.0531963926322
12/17/1974 16:00:00	0.0542459723979
12/18/1974 16:00:00	0.05530973713
12/19/1974 16:00:00	0.0549865979966
12/20/1974 16:00:00	0.0527152551995
12/23/1974 16:00:00	0.0505081669574
12/24/1974 16:00:00	0.0515209358766
12/26/1974 16:00:00	0.0530829381353
12/27/1974 16:00:00	0.0524978873178
12/30/1974 16:00:00	0.0527264032358
12/31/1974 16:00:00	0.0553898977746
1/2/1975 16:00:00	0.0578815846569
1/3/1975 16:00:00	0.0592028843948
1/6/1975 16:00:00	0.0606172332179
1/7/1975 16:00:00	0.0611668159443
1/8/1975 16:00:00	0.059934041478
1/9/1975 16:00:00	0.0625497320139
1/10/1975 16:00:00	0.0664380568582
1/13/1975 16:00:00	0.0651361352109
1/14/1975 16:00:00	0.0644722757959
1/15/1975 16:00:00	0.0668953098602
1/16/1975 16:00:00	0.069692362065
1/17/1975 16:00:00	0.0683507315505
1/20/1975 16:00:00	0.0683071172742
1/21/1975 16:00:00	0.0676234132615
1/22/1975 16:00:00	0.0672615309546
1/23/1975 16:00:00	0.0684775953945
1/24/1975 16:00:00	0.0713143231112
1/27/1975 16:00:00	0.0764465628586
1/28/1975 16:00:00	0.0794932472285
1/29/1975 16:00:00	0.0836779521408
1/30/1975 16:00:00	0.0832617418708
1/31/1975 16:00:00	0.0861203637247
2/3/1975 16:00:00	0.0893217987127
2/4/1975 16:00:00	0.0870753905297
2/5/1975 16:00:00	0.0906739337485
2/6/1975 16:00:00	0.0921697355052
2/7/1975 16:00:00	0.0905612750152
2/10/1975 16:00:00	0.089356671035
2/11/1975 16:00:00	0.0893036952943
2/12/1975 16:00:00	0.0922934056191
2/13/1975 16:00:00	0.0972924580835
2/14/1975 16:00:00	0.0988449664584
2/18/1975 16:00:00	0.095534031858
2/19/1975 16:00:00	0.0970680813156
2/20/1975 16:00:00	0.0998217310679
2/21/1975 16:00:00	0.100582146299
2/24/1975 16:00:00	0.0976477202779
2/25/1975 16:00:00	0.0935646797213
2/26/1975 16:00:00	0.0939036756177
2/27/1975 16:00:00	0.0950239147583
3/3/1975 16:00:00	0.100108577752
3/4/1975 16:00:00	0.101687865351
3/5/1975 16:00:00	0.100391696118
3/6/1975 16:00:00	0.100752796162
3/7/1975 16:00:00	0.102340652437
3/10/1975 16:00:00	0.104358624501
3/11/1975 16:00:00	0.104722647546
3/12/1975 16:00:00	0.100879663846
3/13/1975 16:00:00	0.103302214555
3/14/1975 16:00:00	0.10898148863
3/17/1975 16:00:00	0.109788798411
3/18/1975 16:00:00	0.109297429307
3/19/1975 16:00:00	0.107077994336
3/20/1975 16:00:00	0.10745327044
3/21/1975 16:00:00	0.107824944702
3/24/1975 16:00:00	0.101448837933
3/25/1975 16:00:00	0.100983189137
3/26/1975 16:00:00	0.106156369882
3/27/1975 16:00:00	0.108640982844
3/31/1975 16:00:00	0.106434188139
4/1/1975 16:00:00	0.105107328786
4/2/1975 16:00:00	0.105893381452
4/3/1975 16:00:00	0.102986060067
4/4/1975 16:00:00	0.102103792639
4/7/1975 16:00:00	0.100403919447
4/8/1975 16:00:00	0.101167354275
4/9/1975 16:00:00	0.104699345348
4/10/1975 16:00:00	0.106322434485
4/11/1975 16:00:00	0.108383597234
4/14/1975 16:00:00	0.112611793747
4/15/1975 16:00:00	0.113431889071
4/16/1975 16:00:00	0.115579588534
4/17/1975 16:00:00	0.116857880627
4/18/1975 16:00:00	0.115895866703
4/21/1975 16:00:00	0.120309351348
4/22/1975 16:00:00	0.117494179619
4/23/1975 16:00:00	0.11608025407
4/24/1975 16:00:00	0.11557128713
4/25/1975 16:00:00	0.117741580548
4/28/1975 16:00:00	0.116325198041
4/29/1975 16:00:00	0.114024463417
4/30/1975 16:00:00	0.117058875787
5/1/1975 16:00:00	0.120580637613
5/2/1975 16:00:00	0.124987288271
5/5/1975 16:00:00	0.128677503727
5/6/1975 16:00:00	0.127175612672
5/7/1975 16:00:00	0.129484029148
5/8/1975 16:00:00	0.133262294559
5/9/1975 16:00:00	0.136620366277
5/12/1975 16:00:00	0.13406395479
5/13/1975 16:00:00	0.133996497213
5/14/1975 16:00:00	0.136876333273
5/15/1975 16:00:00	0.136312836544
5/16/1975 16:00:00	0.134260237477
5/19/1975 16:00:00	0.132228896306
5/20/1975 16:00:00	0.131191052142
5/21/1975 16:00:00	0.126774447938
5/22/1975 16:00:00	0.130017738393
5/23/1975 16:00:00	0.134759470966
5/27/1975 16:00:00	0.134201616045
5/28/1975 16:00:00	0.131682916009
5/29/1975 16:00:00	0.130645072239
5/30/1975 16:00:00	0.122512784412
6/2/1975 16:00:00	0.139859831466
6/3/1975 16:00:00	0.14079340736
6/4/1975 16:00:00	0.140721446285
6/5/1975 16:00:00	0.141156619354
6/6/1975 16:00:00	0.144119397724
6/9/1975 16:00:00	0.139948056203
6/10/1975 16:00:00	0.136864278368
6/11/1975 16:00:00	0.137787153987
6/12/1975 16:00:00	0.134241054645
6/13/1975 16:00:00	0.136615740032
6/16/1975 16:00:00	0.13951118424
6/17/1975 16:00:00	0.136435261378
6/18/1975 16:00:00	0.136857949624
6/19/1975 16:00:00	0.142221820918
6/20/1975 16:00:00	0.14506278146
6/23/1975 16:00:00	0.148067315106
6/24/1975 16:00:00	0.150067080533
6/25/1975 16:00:00	0.150508249554
6/26/1975 16:00:00	0.150947952064
6/27/1975 16:00:00	0.151386169035
6/30/1975 16:00:00	0.153932577444
7/1/1975 16:00:00	0.150111393778
7/2/1975 16:00:00	0.146353581421
7/3/1975 16:00:00	0.149365369633
7/7/1975 16:00:00	0.146143110562
7/8/1975 16:00:00	0.145027847274
7/9/1975 16:00:00	0.150582809668
7/10/1975 16:00:00	0.152080198514
7/11/1975 16:00:00	0.154109398951
7/14/1975 16:00:00	0.156156411448
7/15/1975 16:00:00	0.158219708292
7/16/1975 16:00:00	0.154878736282
7/17/1975 16:00:00	0.153185152279
7/18/1975 16:00:00	0.15256774592
7/21/1975 16:00:00	0.151423386676
7/22/1975 16:00:00	0.145550338539
7/23/1975 16:00:00	0.139961125931
7/24/1975 16:00:00	0.137382706256
7/25/1975 16:00:00	0.134839229907
7/28/1975 16:00:00	0.132328312194
7/29/1975 16:00:00	0.130330419443
7/30/1975 16:00:00	0.131681102331
7/31/1975 16:00:00	0.132562666903
8/1/1975 16:00:00	0.125759430193
8/4/1975 16:00:00	0.121977236257
8/5/1975 16:00:00	0.118272879432
8/6/1975 16:00:00	0.11820491946
8/7/1975 16:00:00	0.115588990403
8/8/1975 16:00:00	0.115522664339
8/11/1975 16:00:00	0.114582121481
8/12/1975 16:00:00	0.115386708068
8/13/1975 16:00:00	0.113135418486
8/14/1975 16:00:00	0.110052088026
8/15/1975 16:00:00	0.110836192356
8/18/1975 16:00:00	0.108222168477
8/19/1975 16:00:00	0.102302598268
8/20/1975 16:00:00	0.0978126566532
8/21/1975 16:00:00	0.0993172758196
8/22/1975 16:00:00	0.101231901067
8/25/1975 16:00:00	0.102770765505
8/26/1975 16:00:00	0.100289107314
8/27/1975 16:00:00	0.101818932444
8/28/1975 16:00:00	0.107776103538
8/29/1975 16:00:00	0.111459119541
9/2/1975 16:00:00	0.106715670342
9/3/1975 16:00:00	0.107479351284
9/4/1975 16:00:00	0.10742339378
9/5/1975 16:00:00	0.106117040516
9/8/1975 16:00:00	0.104821725153
9/9/1975 16:00:00	0.101090361776
9/10/1975 16:00:00	0.095560344999
9/11/1975 16:00:00	0.0939741835776
9/12/1975 16:00:00	0.0935408627602
9/15/1975 16:00:00	0.0927306545763
9/16/1975 16:00:00	0.0900483498376
9/17/1975 16:00:00	0.090363598413
9/18/1975 16:00:00	0.0936308862429
9/19/1975 16:00:00	0.09952021562
9/22/1975 16:00:00	0.0974983423004
9/23/1975 16:00:00	0.0974413135081
9/24/1975 16:00:00	0.0993203928778
9/25/1975 16:00:00	0.0980840863149
9/26/1975 16:00:00	0.0980259364637
9/29/1975 16:00:00	0.0952481642322
9/30/1975 16:00:00	0.0910957222406
10/1/1975 16:00:00	0.089194463965
10/2/1975 16:00:00	0.0906002990589
10/3/1975 16:00:00	0.0952413183102
10/6/1975 16:00:00	0.0970886555609
10/7/1975 16:00:00	0.0966485203223
10/8/1975 16:00:00	0.099283907446
10/9/1975 16:00:00	0.100402812637
10/10/1975 16:00:00	0.100741088556
10/13/1975 16:00:00	0.103447912133
10/14/1975 16:00:00	0.105398824325
10/15/1975 16:00:00	0.105341524171
10/16/1975 16:00:00	0.105282666684
10/17/1975 16:00:00	0.102789416805
10/20/1975 16:00:00	0.104731391582
10/21/1975 16:00:00	0.10588747608
10/22/1975 16:00:00	0.107866544037
10/23/1975 16:00:00	0.108632274358
10/24/1975 16:00:00	0.106503577715
10/27/1975 16:00:00	0.105220946779
10/28/1975 16:00:00	0.106785356731
10/29/1975 16:00:00	0.102227872265
10/30/1975 16:00:00	0.101378509058
10/31/1975 16:00:00	0.0997444352442
11/3/1975 16:00:00	0.0981285038786
11/4/1975 16:00:00	0.0992350109943
11/5/1975 16:00:00	0.100744147577
11/6/1975 16:00:00	0.101104545744
11/7/1975 16:00:00	0.100265363425
11/10/1975 16:00:00	0.101390135895
11/11/1975 16:00:00	0.103312252969
11/12/1975 16:00:00	0.108453082342
11/13/1975 16:00:00	0.107985281632
11/14/1975 16:00:00	0.10710889463
11/17/1975 16:00:00	0.107464407779
11/18/1975 16:00:00	0.105361581111
11/19/1975 16:00:00	0.102478326563
11/20/1975 16:00:00	0.101633137483
11/21/1975 16:00:00	0.101581594963
11/24/1975 16:00:00	0.102318873988
11/25/1975 16:00:00	0.103455121678
11/26/1975 16:00:00	0.104998692399
11/28/1975 16:00:00	0.105750726298
12/1/1975 16:00:00	0.10529252111
12/2/1975 16:00:00	0.0995911644994
12/3/1975 16:00:00	0.0933243830214
12/4/1975 16:00:00	0.0915134736223
12/5/1975 16:00:00	0.089632948907
12/8/1975 16:00:00	0.0903109968331
12/9/1975 16:00:00	0.0888108671127
12/10/1975 16:00:00	0.091641815901
12/11/1975 16:00:00	0.0908629993766
12/12/1975 16:00:00	0.0900877003045
12/15/1975 16:00:00	0.0885922091741
12/16/1975 16:00:00	0.0910576360458
12/17/1975 16:00:00	0.0931115478497
12/18/1975 16:00:00	0.0941784722698
12/19/1975 16:00:00	0.0933848474783
12/22/1975 16:00:00	0.0922249581972
12/23/1975 16:00:00	0.0932823822835
12/24/1975 16:00:00	0.0759076795969
12/26/1975 16:00:00	0.0947607094775
12/29/1975 16:00:00	0.0939724971089
12/30/1975 16:00:00	0.0931892920621
12/31/1975 16:00:00	0.0964396869364
1/2/1976 16:00:00	0.0982640705761
1/5/1976 16:00:00	0.100870178321
1/6/1976 16:00:00	0.106512349458
1/7/1976 16:00:00	0.109260770501
1/8/1976 16:00:00	0.111655201946
1/9/1976 16:00:00	0.114491176965
1/12/1976 16:00:00	0.11611633157
1/13/1976 16:00:00	0.114792416962
1/14/1976 16:00:00	0.119780142311
1/15/1976 16:00:00	0.120156369343
1/16/1976 16:00:00	0.122697301261
1/19/1976 16:00:00	0.124395181222
1/20/1976 16:00:00	0.125222767737
1/21/1976 16:00:00	0.125164628595
1/22/1976 16:00:00	0.12377231217
1/23/1976 16:00:00	0.126692341713
1/26/1976 16:00:00	0.12573804262
1/27/1976 16:00:00	0.124454119853
1/28/1976 16:00:00	0.12351103419
1/29/1976 16:00:00	0.129943018943
1/30/1976 16:00:00	0.134433488707
2/2/1976 16:00:00	0.13530109201
2/3/1976 16:00:00	0.135704453731
2/4/1976 16:00:00	0.140323064397
2/5/1976 16:00:00	0.138343887076
2/6/1976 16:00:00	0.134961189103
2/9/1976 16:00:00	0.13722946446
2/10/1976 16:00:00	0.137637713233
2/11/1976 16:00:00	0.141352594423
2/12/1976 16:00:00	0.142248116086
2/13/1976 16:00:00	0.142664767694
2/17/1976 16:00:00	0.141631404955
2/18/1976 16:00:00	0.143488434585
2/19/1976 16:00:00	0.147673127378
2/20/1976 16:00:00	0.152052943449
2/23/1976 16:00:00	0.15349442059
2/24/1976 16:00:00	0.155450670293
2/25/1976 16:00:00	0.157422352798
2/26/1976 16:00:00	0.153738597131
2/27/1976 16:00:00	0.148086629771
3/1/1976 16:00:00	0.148016347387
3/2/1976 16:00:00	0.148931037331
3/3/1976 16:00:00	0.147370039006
3/4/1976 16:00:00	0.14446614539
3/5/1976 16:00:00	0.143910748176
3/8/1976 16:00:00	0.146144429143
3/9/1976 16:00:00	0.146075416496
3/10/1976 16:00:00	0.146986366971
3/11/1976 16:00:00	0.151835835293
3/12/1976 16:00:00	0.150760467139
3/15/1976 16:00:00	0.144319712369
3/16/1976 16:00:00	0.145101073575
3/17/1976 16:00:00	0.14600715052
3/18/1976 16:00:00	0.143620226458
3/19/1976 16:00:00	0.143069449173
3/22/1976 16:00:00	0.143966541467
3/23/1976 16:00:00	0.147166167606
3/24/1976 16:00:00	0.14955312279
3/25/1976 16:00:00	0.148490284382
3/26/1976 16:00:00	0.14940821978
3/29/1976 16:00:00	0.148347478364
3/30/1976 16:00:00	0.147291497172
3/31/1976 16:00:00	0.147712544372
4/1/1976 16:00:00	0.146656944866
4/2/1976 16:00:00	0.147566567787
4/5/1976 16:00:00	0.151427354015
4/6/1976 16:00:00	0.152356534487
4/7/1976 16:00:00	0.148273598806
4/8/1976 16:00:00	0.144268905038
4/9/1976 16:00:00	0.139004972829
4/12/1976 16:00:00	0.13752668774
4/13/1976 16:00:00	0.137930879243
4/14/1976 16:00:00	0.138335836217
4/15/1976 16:00:00	0.140147898667
4/19/1976 16:00:00	0.141977676274
4/20/1976 16:00:00	0.146570252673
4/21/1976 16:00:00	0.147477749315
4/22/1976 16:00:00	0.148384945324
4/23/1976 16:00:00	0.146348236135
4/26/1976 16:00:00	0.146279127245
4/27/1976 16:00:00	0.143288061741
4/28/1976 16:00:00	0.144659971336
4/29/1976 16:00:00	0.146036600139
4/30/1976 16:00:00	0.143535448235
5/3/1976 16:00:00	0.138780513111
5/4/1976 16:00:00	0.13918242141
5/5/1976 16:00:00	0.139115370831
5/6/1976 16:00:00	0.139990175743
5/7/1976 16:00:00	0.142637998355
5/10/1976 16:00:00	0.145437292356
5/11/1976 16:00:00	0.145366305106
5/12/1976 16:00:00	0.145295467875
5/13/1976 16:00:00	0.143288695416
5/14/1976 16:00:00	0.141421362539
5/17/1976 16:00:00	0.139926150165
5/18/1976 16:00:00	0.139854521302
5/19/1976 16:00:00	0.138840286038
5/20/1976 16:00:00	0.139705472869
5/21/1976 16:00:00	0.139162084409
5/24/1976 16:00:00	0.13298764834
5/25/1976 16:00:00	0.131552772738
5/26/1976 16:00:00	0.132840241647
5/27/1976 16:00:00	0.131405691351
5/28/1976 16:00:00	0.132238431834
6/1/1976 16:00:00	0.13126122491
6/2/1976 16:00:00	0.132994985021
6/3/1976 16:00:00	0.133386443336
6/4/1976 16:00:00	0.131039165425
6/7/1976 16:00:00	0.128270961954
6/8/1976 16:00:00	0.127760794876
6/9/1976 16:00:00	0.126809508808
6/10/1976 16:00:00	0.128505020231
6/11/1976 16:00:00	0.130213660351
6/14/1976 16:00:00	0.133280258974
6/15/1976 16:00:00	0.133210233949
6/16/1976 16:00:00	0.135411636954
6/17/1976 16:00:00	0.13901625252
6/18/1976 16:00:00	0.140695188535
6/21/1976 16:00:00	0.140621714381
6/22/1976 16:00:00	0.137841751876
6/23/1976 16:00:00	0.136377301537
6/24/1976 16:00:00	0.139072585631
6/25/1976 16:00:00	0.140284285722
6/28/1976 16:00:00	0.139271773152
6/29/1976 16:00:00	0.140131280249
6/30/1976 16:00:00	0.140994216063
7/1/1976 16:00:00	0.140918123946
7/2/1976 16:00:00	0.143667380117
7/6/1976 16:00:00	0.142162888511
7/7/1976 16:00:00	0.142089776168
7/8/1976 16:00:00	0.14296908065
7/9/1976 16:00:00	0.146219495785
7/12/1976 16:00:00	0.148073445405
7/13/1976 16:00:00	0.148484706062
7/14/1976 16:00:00	0.150357272202
7/15/1976 16:00:00	0.150772192386
7/16/1976 16:00:00	0.150204812758
7/19/1976 16:00:00	0.14865828212
7/20/1976 16:00:00	0.146634872252
7/21/1976 16:00:00	0.145595952314
7/22/1976 16:00:00	0.146481477366
7/23/1976 16:00:00	0.14592582418
7/26/1976 16:00:00	0.14537209959
7/27/1976 16:00:00	0.144340371808
7/28/1976 16:00:00	0.14283710703
7/29/1976 16:00:00	0.141816696402
7/30/1976 16:00:00	0.144099994684
8/2/1976 16:00:00	0.14402668667
8/3/1976 16:00:00	0.147282941218
8/4/1976 16:00:00	0.146724666501
8/5/1976 16:00:00	0.1447218578
8/6/1976 16:00:00	0.145125092556
8/9/1976 16:00:00	0.143618850227
8/10/1976 16:00:00	0.146392642951
8/11/1976 16:00:00	0.145839077006
8/12/1976 16:00:00	0.146245234643
8/13/1976 16:00:00	0.145691761834
8/16/1976 16:00:00	0.145618569068
8/17/1976 16:00:00	0.146500500716
8/18/1976 16:00:00	0.145465691145
8/19/1976 16:00:00	0.140134523462
8/20/1976 16:00:00	0.13773348179
8/23/1976 16:00:00	0.135015539134
8/24/1976 16:00:00	0.132675567215
8/25/1976 16:00:00	0.134854268185
8/26/1976 16:00:00	0.132971747609
8/27/1976 16:00:00	0.132455146572
8/30/1976 16:00:00	0.133284664671
8/31/1976 16:00:00	0.135017200835
9/1/1976 16:00:00	0.138919714812
9/2/1976 16:00:00	0.139312237401
9/3/1976 16:00:00	0.140631123883
9/7/1976 16:00:00	0.141491907368
9/8/1976 16:00:00	0.14188757231
9/9/1976 16:00:00	0.139945694621
9/10/1976 16:00:00	0.141268156961
9/13/1976 16:00:00	0.140263149049
9/14/1976 16:00:00	0.137868188013
9/15/1976 16:00:00	0.138258796345
9/16/1976 16:00:00	0.140031219143
9/17/1976 16:00:00	0.142745252279
9/20/1976 16:00:00	0.144084162465
9/21/1976 16:00:00	0.146375521754
9/22/1976 16:00:00	0.146302217822
9/23/1976 16:00:00	0.145751140577
9/24/1976 16:00:00	0.145677802305
9/27/1976 16:00:00	0.146080211336
9/28/1976 16:00:00	0.142191418966
9/29/1976 16:00:00	0.140713932257
9/30/1976 16:00:00	0.140641006703
10/1/1976 16:00:00	0.136388664765
10/4/1976 16:00:00	0.136774287794
10/5/1976 16:00:00	0.13362868247
10/6/1976 16:00:00	0.129973149807
10/7/1976 16:00:00	0.132557516135
10/8/1976 16:00:00	0.131600041651
10/11/1976 16:00:00	0.129761054976
10/12/1976 16:00:00	0.128819097912
10/13/1976 16:00:00	0.13094299667
10/14/1976 16:00:00	0.12822757483
10/15/1976 16:00:00	0.129909304353
10/18/1976 16:00:00	0.131605738156
10/19/1976 16:00:00	0.131098449603
10/20/1976 16:00:00	0.131919704066
10/21/1976 16:00:00	0.1314122273
10/22/1976 16:00:00	0.130463492285
10/25/1976 16:00:00	0.130840941938
10/26/1976 16:00:00	0.130777598308
10/27/1976 16:00:00	0.131596531451
10/28/1976 16:00:00	0.132419123587
10/29/1976 16:00:00	0.134467219852
11/1/1976 16:00:00	0.134851111233
11/3/1976 16:00:00	0.130399188719
11/4/1976 16:00:00	0.133301569805
11/5/1976 16:00:00	0.13067118642
11/8/1976 16:00:00	0.127086704627
11/9/1976 16:00:00	0.124433949535
11/10/1976 16:00:00	0.123096796052
11/11/1976 16:00:00	0.12430492812
11/12/1976 16:00:00	0.124244156822
11/15/1976 16:00:00	0.124183612447
11/16/1976 16:00:00	0.125822878299
11/17/1976 16:00:00	0.127905654028
11/18/1976 16:00:00	0.131311821959
11/19/1976 16:00:00	0.132020433648
11/22/1976 16:00:00	0.134169686638
11/23/1976 16:00:00	0.132765217422
11/24/1976 16:00:00	0.134922163643
11/26/1976 16:00:00	0.137997605493
11/29/1976 16:00:00	0.136567159833
11/30/1976 16:00:00	0.136504295585
12/1/1976 16:00:00	0.139604810969
12/2/1976 16:00:00	0.139540991627
12/3/1976 16:00:00	0.141769031446
12/6/1976 16:00:00	0.143094186863
12/7/1976 16:00:00	0.144892458669
12/8/1976 16:00:00	0.146705515175
12/9/1976 16:00:00	0.14995301364
12/10/1976 16:00:00	0.152286677157
12/13/1976 16:00:00	0.152217422977
12/14/1976 16:00:00	0.152147113025
12/15/1976 16:00:00	0.153410878909
12/16/1976 16:00:00	0.153340017693
12/17/1976 16:00:00	0.151930062006
12/20/1976 16:00:00	0.151377695396
12/21/1976 16:00:00	0.152274718144
12/22/1976 16:00:00	0.154507893642
12/23/1976 16:00:00	0.154436280459
12/27/1976 16:00:00	0.1568127314
12/28/1976 16:00:00	0.15921195887
12/29/1976 16:00:00	0.159637515158
12/30/1976 16:00:00	0.16355950002
12/31/1976 16:00:00	0.167545334415
1/3/1977 16:00:00	0.166443284104
1/4/1977 16:00:00	0.163795720394
1/5/1977 16:00:00	0.162195853404
1/6/1977 16:00:00	0.164145505142
1/7/1977 16:00:00	0.165088940208
1/10/1977 16:00:00	0.16399295739
1/11/1977 16:00:00	0.159343935606
1/12/1977 16:00:00	0.157276837124
1/13/1977 16:00:00	0.161164935416
1/14/1977 16:00:00	0.163100441177
1/17/1977 16:00:00	0.162520787789
1/18/1977 16:00:00	0.16244481577
1/19/1977 16:00:00	0.164892474612
1/20/1977 16:00:00	0.162270230207
1/21/1977 16:00:00	0.163204325517
1/24/1977 16:00:00	0.163635386827
1/25/1977 16:00:00	0.162039190332
1/26/1977 16:00:00	0.158945365671
1/27/1977 16:00:00	0.156386408358
1/28/1977 16:00:00	0.154840746467
1/31/1977 16:00:00	0.153794689515
2/1/1977 16:00:00	0.157609967015
2/2/1977 16:00:00	0.158526161321
2/3/1977 16:00:00	0.157466174885
2/4/1977 16:00:00	0.159367751535
2/7/1977 16:00:00	0.158798794252
2/8/1977 16:00:00	0.158725318302
2/9/1977 16:00:00	0.155679755316
2/10/1977 16:00:00	0.157073626042
2/11/1977 16:00:00	0.156018061294
2/14/1977 16:00:00	0.155946614928
2/15/1977 16:00:00	0.157342699112
2/16/1977 16:00:00	0.15825506345
2/17/1977 16:00:00	0.158181211087
2/18/1977 16:00:00	0.157121044779
2/22/1977 16:00:00	0.15557404874
2/23/1977 16:00:00	0.154037208686
2/24/1977 16:00:00	0.149115693186
2/25/1977 16:00:00	0.14952132143
2/28/1977 16:00:00	0.148146359843
3/1/1977 16:00:00	0.150320783591
3/2/1977 16:00:00	0.150728411999
3/3/1977 16:00:00	0.152092223822
3/4/1977 16:00:00	0.154904322639
3/7/1977 16:00:00	0.155319733605
3/8/1977 16:00:00	0.15524836049
3/9/1977 16:00:00	0.153231194757
3/10/1977 16:00:00	0.153164308124
3/11/1977 16:00:00	0.154540995784
3/14/1977 16:00:00	0.154955923013
3/15/1977 16:00:00	0.155856596509
3/16/1977 16:00:00	0.156761209431
3/17/1977 16:00:00	0.15571205326
3/18/1977 16:00:00	0.155640870607
3/21/1977 16:00:00	0.155082959127
3/22/1977 16:00:00	0.154040156632
3/23/1977 16:00:00	0.152519324928
3/24/1977 16:00:00	0.151001120274
3/25/1977 16:00:00	0.149977321325
3/28/1977 16:00:00	0.147534749145
3/29/1977 16:00:00	0.147935842684
3/30/1977 16:00:00	0.14469480299
3/31/1977 16:00:00	0.144164706059
4/1/1977 16:00:00	0.145946002045
4/4/1977 16:00:00	0.143084737121
4/5/1977 16:00:00	0.142099717665
4/6/1977 16:00:00	0.142951460295
4/7/1977 16:00:00	0.143351840813
4/11/1977 16:00:00	0.14512585401
4/12/1977 16:00:00	0.148188618996
4/13/1977 16:00:00	0.148120993237
4/14/1977 16:00:00	0.152279895108
4/15/1977 16:00:00	0.153645742501
4/18/1977 16:00:00	0.153093993292
4/19/1977 16:00:00	0.152542995464
4/20/1977 16:00:00	0.153909335748
4/21/1977 16:00:00	0.151430292524
4/22/1977 16:00:00	0.147551019409
4/25/1977 16:00:00	0.143856010426
4/26/1977 16:00:00	0.14286825008
4/27/1977 16:00:00	0.145890291881
4/28/1977 16:00:00	0.147212851139
4/29/1977 16:00:00	0.149010026406
5/2/1977 16:00:00	0.150348259685
5/3/1977 16:00:00	0.152164691862
5/4/1977 16:00:00	0.153996993028
5/5/1977 16:00:00	0.15536160293
5/6/1977 16:00:00	0.155283922128
5/9/1977 16:00:00	0.154721182829
5/10/1977 16:00:00	0.156570706903
5/11/1977 16:00:00	0.15503519677
5/12/1977 16:00:00	0.155438431237
5/13/1977 16:00:00	0.15729214479
5/16/1977 16:00:00	0.159159891035
5/17/1977 16:00:00	0.15956889306
5/18/1977 16:00:00	0.162436120765
5/19/1977 16:00:00	0.161856617934
5/20/1977 16:00:00	0.159789306728
5/23/1977 16:00:00	0.15528067292
5/24/1977 16:00:00	0.153270382966
5/25/1977 16:00:00	0.150801444075
5/26/1977 16:00:00	0.1507249662
5/27/1977 16:00:00	0.149229974331
5/31/1977 16:00:00	0.14774575285
6/1/1977 16:00:00	0.149067056043
6/2/1977 16:00:00	0.148523403266
6/3/1977 16:00:00	0.150317434817
6/6/1977 16:00:00	0.149769749276
6/7/1977 16:00:00	0.15016354564
6/8/1977 16:00:00	0.151971153985
6/9/1977 16:00:00	0.151894082899
6/10/1977 16:00:00	0.154187564631
6/13/1977 16:00:00	0.155066566761
6/14/1977 16:00:00	0.15690937719
6/15/1977 16:00:00	0.15682980172
6/16/1977 16:00:00	0.159167492362
6/17/1977 16:00:00	0.161040735435
6/20/1977 16:00:00	0.161450649419
6/21/1977 16:00:00	0.161860847746
6/22/1977 16:00:00	0.161777990408
6/23/1977 16:00:00	0.163664820623
6/24/1977 16:00:00	0.16594346219
6/27/1977 16:00:00	0.165481114294
6/28/1977 16:00:00	0.163892759988
6/29/1977 16:00:00	0.163809773019
6/30/1977 16:00:00	0.165587650668
7/1/1977 16:00:00	0.166500996512
7/5/1977 16:00:00	0.167421052895
7/6/1977 16:00:00	0.166831208121
7/7/1977 16:00:00	0.168259183853
7/8/1977 16:00:00	0.170702764026
7/11/1977 16:00:00	0.170615515946
7/12/1977 16:00:00	0.170528583279
7/13/1977 16:00:00	0.170951877653
7/15/1977 16:00:00	0.17342042138
7/18/1977 16:00:00	0.176426687972
7/19/1977 16:00:00	0.178422020847
7/20/1977 16:00:00	0.178330260951
7/21/1977 16:00:00	0.179813415098
7/22/1977 16:00:00	0.181832054789
7/25/1977 16:00:00	0.18120616166
7/26/1977 16:00:00	0.177929317537
7/27/1977 16:00:00	0.172073928624
7/28/1977 16:00:00	0.168909600823
7/29/1977 16:00:00	0.168313135906
8/1/1977 16:00:00	0.169229418491
8/2/1977 16:00:00	0.167111158545
8/3/1977 16:00:00	0.165011801584
8/4/1977 16:00:00	0.166913208862
8/5/1977 16:00:00	0.169329298036
8/8/1977 16:00:00	0.167719375025
8/9/1977 16:00:00	0.167125812546
8/10/1977 16:00:00	0.168540391382
8/11/1977 16:00:00	0.168955674038
8/12/1977 16:00:00	0.168357775045
8/15/1977 16:00:00	0.168767797514
8/16/1977 16:00:00	0.167159462655
8/17/1977 16:00:00	0.167565708854
8/18/1977 16:00:00	0.16847625468
8/19/1977 16:00:00	0.167877110604
8/22/1977 16:00:00	0.164267295121
8/23/1977 16:00:00	0.168134104035
8/24/1977 16:00:00	0.167537110811
8/25/1977 16:00:00	0.163934340318
8/26/1977 16:00:00	0.162854160409
8/29/1977 16:00:00	0.165220698637
8/30/1977 16:00:00	0.163638226228
8/31/1977 16:00:00	0.163545627771
9/1/1977 16:00:00	0.164931404482
9/2/1977 16:00:00	0.166819466376
9/6/1977 16:00:00	0.166725332534
9/7/1977 16:00:00	0.168626733597
9/8/1977 16:00:00	0.169039421574
9/9/1977 16:00:00	0.166931295911
9/12/1977 16:00:00	0.165340330185
9/13/1977 16:00:00	0.164749282185
9/14/1977 16:00:00	0.165148465151
9/15/1977 16:00:00	0.167037274503
9/16/1977 16:00:00	0.165445331108
9/19/1977 16:00:00	0.163369177839
9/20/1977 16:00:00	0.162785000236
9/21/1977 16:00:00	0.160732836889
9/22/1977 16:00:00	0.15930487691
9/23/1977 16:00:00	0.159695323279
9/26/1977 16:00:00	0.159964111639
9/27/1977 16:00:00	0.159869021861
9/28/1977 16:00:00	0.161225159466
9/29/1977 16:00:00	0.162586085247
9/30/1977 16:00:00	0.164932953566
10/3/1977 16:00:00	0.166807892275
10/4/1977 16:00:00	0.164717812647
10/5/1977 16:00:00	0.164619504873
10/6/1977 16:00:00	0.166989002429
10/7/1977 16:00:00	0.168380947326
10/10/1977 16:00:00	0.168780624519
10/11/1977 16:00:00	0.166177986557
10/12/1977 16:00:00	0.159142962172
10/13/1977 16:00:00	0.15532379129
10/14/1977 16:00:00	0.155702924763
10/17/1977 16:00:00	0.155609379434
10/18/1977 16:00:00	0.156462556367
10/19/1977 16:00:00	0.152093004405
10/20/1977 16:00:00	0.152932432913
10/21/1977 16:00:00	0.152372504673
10/24/1977 16:00:00	0.149482765304
10/25/1977 16:00:00	0.1443284645
10/26/1977 16:00:00	0.144691145167
10/27/1977 16:00:00	0.145503290094
10/28/1977 16:00:00	0.147222327619
10/31/1977 16:00:00	0.147133760536
11/1/1977 16:00:00	0.143403539292
11/2/1977 16:00:00	0.142421039777
11/3/1977 16:00:00	0.142338412968
11/4/1977 16:00:00	0.145364968199
11/7/1977 16:00:00	0.147982343062
11/8/1977 16:00:00	0.14971685683
11/9/1977 16:00:00	0.151924340802
11/10/1977 16:00:00	0.157750809452
11/11/1977 16:00:00	0.16193715882
11/14/1977 16:00:00	0.162323221885
11/15/1977 16:00:00	0.164648263632
11/16/1977 16:00:00	0.165037996639
11/17/1977 16:00:00	0.166418210917
11/18/1977 16:00:00	0.167796205199
11/21/1977 16:00:00	0.168191022752
11/22/1977 16:00:00	0.171063812319
11/23/1977 16:00:00	0.174971189676
11/25/1977 16:00:00	0.177914048071
11/28/1977 16:00:00	0.17677850579
11/29/1977 16:00:00	0.172063603619
11/30/1977 16:00:00	0.171457213331
12/1/1977 16:00:00	0.174361868723
12/2/1977 16:00:00	0.176284514547
12/5/1977 16:00:00	0.176177904388
12/6/1977 16:00:00	0.17045732078
12/7/1977 16:00:00	0.169355786459
12/8/1977 16:00:00	0.170747024568
12/9/1977 16:00:00	0.17314107975
12/12/1977 16:00:00	0.174548565271
12/13/1977 16:00:00	0.178875452875
12/14/1977 16:00:00	0.174778676977
12/15/1977 16:00:00	0.174167498652
12/16/1977 16:00:00	0.175073194549
12/19/1977 16:00:00	0.170910310436
12/20/1977 16:00:00	0.166815448886
12/21/1977 16:00:00	0.169168599824
12/22/1977 16:00:00	0.171046749662
12/23/1977 16:00:00	0.173436762878
12/27/1977 16:00:00	0.173835060416
12/28/1977 16:00:00	0.173727724164
12/29/1977 16:00:00	0.175629522274
12/30/1977 16:00:00	0.178940442203
1/3/1978 16:00:00	0.173312542186
1/4/1978 16:00:00	0.171693147084
1/5/1978 16:00:00	0.169091125028
1/6/1978 16:00:00	0.161577602441
1/9/1978 16:00:00	0.154293721026
1/10/1978 16:00:00	0.151528450703
1/11/1978 16:00:00	0.14914180006
1/12/1978 16:00:00	0.150864824102
1/13/1978 16:00:00	0.152028039789
1/16/1978 16:00:00	0.150210276803
1/17/1978 16:00:00	0.152734613458
1/18/1978 16:00:00	0.154481824578
1/19/1978 16:00:00	0.155314611797
1/20/1978 16:00:00	0.155217848328
1/23/1978 16:00:00	0.153726709711
1/24/1978 16:00:00	0.154555375779
1/25/1978 16:00:00	0.156314336281
1/26/1978 16:00:00	0.15434682115
1/27/1978 16:00:00	0.154712959401
1/30/1978 16:00:00	0.156472594427
1/31/1978 16:00:00	0.155441209076
2/1/1978 16:00:00	0.158599309916
2/2/1978 16:00:00	0.16038002816
2/3/1978 16:00:00	0.16170356942
2/6/1978 16:00:00	0.162079687822
2/7/1978 16:00:00	0.164367246555
2/8/1978 16:00:00	0.166193506438
2/9/1978 16:00:00	0.166092207539
2/10/1978 16:00:00	0.167930173023
2/13/1978 16:00:00	0.166359932905
2/14/1978 16:00:00	0.163829058816
2/15/1978 16:00:00	0.16276497143
2/16/1978 16:00:00	0.160748024363
2/17/1978 16:00:00	0.161121282303
2/21/1978 16:00:00	0.159596227744
2/22/1978 16:00:00	0.159965459371
2/23/1978 16:00:00	0.160340030953
2/24/1978 16:00:00	0.162605615265
2/27/1978 16:00:00	0.160117145961
2/28/1978 16:00:00	0.156708798815
3/1/1978 16:00:00	0.156610296141
3/2/1978 16:00:00	0.15744207104
3/3/1978 16:00:00	0.15827741389
3/6/1978 16:00:00	0.157241895224
3/7/1978 16:00:00	0.158542048892
3/8/1978 16:00:00	0.160318628528
3/9/1978 16:00:00	0.162107672173
3/10/1978 16:00:00	0.16485970815
3/13/1978 16:00:00	0.165237624444
3/14/1978 16:00:00	0.16609680603
3/15/1978 16:00:00	0.166476413454
3/16/1978 16:00:00	0.169274113572
3/17/1978 16:00:00	0.171490825068
3/20/1978 16:00:00	0.173849248919
3/21/1978 16:00:00	0.172744988785
3/22/1978 16:00:00	0.172637365915
3/23/1978 16:00:00	0.173519334631
3/27/1978 16:00:00	0.172914612834
3/28/1978 16:00:00	0.174785983639
3/29/1978 16:00:00	0.176670683965
3/30/1978 16:00:00	0.177061075856
3/31/1978 16:00:00	0.176948656126
4/3/1978 16:00:00	0.17532809374
4/4/1978 16:00:00	0.176714037219
4/5/1978 16:00:00	0.180117039036
4/6/1978 16:00:00	0.183056922356
4/7/1978 16:00:00	0.186537405843
4/10/1978 16:00:00	0.187981018592
4/11/1978 16:00:00	0.187341044507
4/12/1978 16:00:00	0.189830351922
4/13/1978 16:00:00	0.19536322284
4/14/1978 16:00:00	0.202204264702
4/17/1978 16:00:00	0.205365420107
4/18/1978 16:00:00	0.202468900803
4/19/1978 16:00:00	0.203438914126
4/20/1978 16:00:00	0.21045808976
4/21/1978 16:00:00	0.212572515292
4/24/1978 16:00:00	0.214133722116
4/25/1978 16:00:00	0.217832737987
4/26/1978 16:00:00	0.21999259333
4/27/1978 16:00:00	0.219269780875
4/28/1978 16:00:00	0.222588017763
5/1/1978 16:00:00	0.227102214862
5/2/1978 16:00:00	0.227541921385
5/3/1978 16:00:00	0.227982147693
5/4/1978 16:00:00	0.229602393038
5/5/1978 16:00:00	0.234204546712
5/8/1978 16:00:00	0.232844645613
5/9/1978 16:00:00	0.232688122268
5/10/1978 16:00:00	0.235527134529
5/11/1978 16:00:00	0.239597152694
5/12/1978 16:00:00	0.246001283017
5/15/1978 16:00:00	0.24832149519
5/16/1978 16:00:00	0.254404989816
5/17/1978 16:00:00	0.260587461012
5/18/1978 16:00:00	0.259769411756
5/19/1978 16:00:00	0.25895236855
5/22/1978 16:00:00	0.26070355194
5/23/1978 16:00:00	0.254721450709
5/24/1978 16:00:00	0.246930159753
5/25/1978 16:00:00	0.246764559764
5/26/1978 16:00:00	0.247218098566
5/30/1978 16:00:00	0.247676265696
5/31/1978 16:00:00	0.248754047501
6/1/1978 16:00:00	0.24920993784
6/2/1978 16:00:00	0.253413453026
6/5/1978 16:00:00	0.260188251737
6/6/1978 16:00:00	0.264508462841
6/7/1978 16:00:00	0.266277261992
6/8/1978 16:00:00	0.271805581875
6/9/1978 16:00:00	0.274264517019
6/12/1978 16:00:00	0.273412872266
6/13/1978 16:00:00	0.272563118996
6/14/1978 16:00:00	0.274364300506
6/15/1978 16:00:00	0.272183270376
6/16/1978 16:00:00	0.268858189271
6/19/1978 16:00:00	0.263432293037
6/20/1978 16:00:00	0.257435752143
6/21/1978 16:00:00	0.248351863579
6/22/1978 16:00:00	0.248798632101
6/23/1978 16:00:00	0.248624473059
6/26/1978 16:00:00	0.240997149817
6/27/1978 16:00:00	0.239002911375
6/28/1978 16:00:00	0.240648724756
6/29/1978 16:00:00	0.243510353921
6/30/1978 16:00:00	0.245169988387
7/3/1978 16:00:00	0.243763742205
7/5/1978 16:00:00	0.238086063621
7/6/1978 16:00:00	0.235679984908
7/7/1978 16:00:00	0.237758343031
7/10/1978 16:00:00	0.238795556551
7/11/1978 16:00:00	0.241040036088
7/12/1978 16:00:00	0.243904974987
7/13/1978 16:00:00	0.244346047018
7/14/1978 16:00:00	0.251518768629
7/17/1978 16:00:00	0.256331739998
7/18/1978 16:00:00	0.254254180154
7/19/1978 16:00:00	0.258466376815
7/20/1978 16:00:00	0.264613615277
7/21/1978 16:00:00	0.263134591266
7/24/1978 16:00:00	0.262945802639
7/25/1978 16:00:00	0.264041324791
7/26/1978 16:00:00	0.268195665222
7/27/1978 16:00:00	0.271907509143
7/28/1978 16:00:00	0.274992110366
7/31/1978 16:00:00	0.279419149552
8/1/1978 16:00:00	0.282553252831
8/2/1978 16:00:00	0.29175732625
8/3/1978 16:00:00	0.296867354801
8/4/1978 16:00:00	0.301514865251
8/7/1978 16:00:00	0.304807197947
8/8/1978 16:00:00	0.306709114207
8/9/1978 16:00:00	0.314288414815
8/10/1978 16:00:00	0.314064172525
8/11/1978 16:00:00	0.316720406787
8/14/1978 16:00:00	0.317219456401
8/15/1978 16:00:00	0.315544404181
8/16/1978 16:00:00	0.321811701579
8/17/1978 16:00:00	0.330897728358
8/18/1978 16:00:00	0.335124158789
8/21/1978 16:00:00	0.328128825053
8/22/1978 16:00:00	0.328625437599
8/23/1978 16:00:00	0.334303277343
8/24/1978 16:00:00	0.338542660284
8/25/1978 16:00:00	0.342065815916
8/28/1978 16:00:00	0.337256108629
8/29/1978 16:00:00	0.332491040214
8/30/1978 16:00:00	0.333731285753
8/31/1978 16:00:00	0.334971808352
9/1/1978 16:00:00	0.33771256278
9/5/1978 16:00:00	0.338212226227
9/6/1978 16:00:00	0.345485276964
9/7/1978 16:00:00	0.349815367582
9/8/1978 16:00:00	0.359557557036
9/11/1978 16:00:00	0.363010227222
9/12/1978 16:00:00	0.36510012432
9/13/1978 16:00:00	0.365616693072
9/14/1978 16:00:00	0.357626602693
9/15/1978 16:00:00	0.350340716445
9/18/1978 16:00:00	0.336238883661
9/19/1978 16:00:00	0.324769632791
9/20/1978 16:00:00	0.314484031829
9/21/1978 16:00:00	0.309960063055
9/22/1978 16:00:00	0.311139468531
9/25/1978 16:00:00	0.309484357253
9/26/1978 16:00:00	0.314894763009
9/27/1978 16:00:00	0.308214527715
9/28/1978 16:00:00	0.308679627162
9/29/1978 16:00:00	0.314074004755
10/2/1978 16:00:00	0.316675348594
10/3/1978 16:00:00	0.314990112282
10/4/1978 16:00:00	0.314742120067
10/5/1978 16:00:00	0.3173501791
10/6/1978 16:00:00	0.320507004028
10/9/1978 16:00:00	0.324585647339
10/10/1978 16:00:00	0.326514872811
10/11/1978 16:00:00	0.329171503032
10/12/1978 16:00:00	0.331127190051
10/13/1978 16:00:00	0.330867018687
10/16/1978 16:00:00	0.318100466087
10/17/1978 16:00:00	0.297252051003
10/18/1978 16:00:00	0.28265030711
10/19/1978 16:00:00	0.271350341209
10/20/1978 16:00:00	0.249423950854
10/23/1978 16:00:00	0.237680579055
10/24/1978 16:00:00	0.232780951441
10/25/1978 16:00:00	0.233162191291
10/26/1978 16:00:00	0.214546307507
10/27/1978 16:00:00	0.199569347334
10/30/1978 16:00:00	0.184400308289
10/31/1978 16:00:00	0.177818144851
11/1/1978 16:00:00	0.194443070934
11/2/1978 16:00:00	0.194273936326
11/3/1978 16:00:00	0.198705865275
11/6/1978 16:00:00	0.196456661713
11/7/1978 16:00:00	0.184575430022
11/8/1978 16:00:00	0.185409457089
11/9/1978 16:00:00	0.189707450408
11/10/1978 16:00:00	0.193938524215
11/13/1978 16:00:00	0.18472980143
11/14/1978 16:00:00	0.174218372042
11/15/1978 16:00:00	0.176437057287
11/16/1978 16:00:00	0.180110205461
11/17/1978 16:00:00	0.187216564083
11/20/1978 16:00:00	0.190904898682
11/21/1978 16:00:00	0.191244239808
11/22/1978 16:00:00	0.195107573164
11/24/1978 16:00:00	0.199018158139
11/27/1978 16:00:00	0.197813657222
11/28/1978 16:00:00	0.195583974989
11/29/1978 16:00:00	0.187887030187
11/30/1978 16:00:00	0.19057658272
12/1/1978 16:00:00	0.1979259193
12/4/1978 16:00:00	0.199807092812
12/5/1978 16:00:00	0.205317301076
12/6/1978 16:00:00	0.208822209454
12/7/1978 16:00:00	0.209707658223
12/8/1978 16:00:00	0.210592721016
12/11/1978 16:00:00	0.211880247515
12/12/1978 16:00:00	0.208609784661
12/13/1978 16:00:00	0.206303913512
12/14/1978 16:00:00	0.206132321051
12/15/1978 16:00:00	0.202269442428
12/18/1978 16:00:00	0.185988784243
12/19/1978 16:00:00	0.187788469735
12/20/1978 16:00:00	0.190586562737
12/21/1978 16:00:00	0.192926658382
12/22/1978 16:00:00	0.198283550318
12/26/1978 16:00:00	0.2022007079
12/27/1978 16:00:00	0.199936374347
12/28/1978 16:00:00	0.199747386869
12/29/1978 16:00:00	0.203154747841
1/2/1979 16:00:00	0.201924126186
1/3/1979 16:00:00	0.208308937193
1/4/1979 16:00:00	0.216592647015
1/5/1979 16:00:00	0.22397750305
1/8/1979 16:00:00	0.222675144479
1/9/1979 16:00:00	0.226885660175
1/10/1979 16:00:00	0.224455493562
1/11/1979 16:00:00	0.227026610338
1/12/1979 16:00:00	0.231843953544
1/15/1979 16:00:00	0.23601945568
1/16/1979 16:00:00	0.231377812164
1/17/1979 16:00:00	0.230608334401
1/18/1979 16:00:00	0.234201819801
1/19/1979 16:00:00	0.235700348493
1/22/1979 16:00:00	0.23606280639
1/23/1979 16:00:00	0.240419339343
1/24/1979 16:00:00	0.239051188
1/25/1979 16:00:00	0.245169077208
1/26/1979 16:00:00	0.248462278788
1/29/1979 16:00:00	0.247062730308
1/30/1979 16:00:00	0.245080679662
1/31/1979 16:00:00	0.240775228751
2/1/1979 16:00:00	0.240552416119
2/2/1979 16:00:00	0.240339737237
2/5/1979 16:00:00	0.231484241607
2/6/1979 16:00:00	0.231275722072
2/7/1979 16:00:00	0.222790659545
2/8/1979 16:00:00	0.225886129928
2/9/1979 16:00:00	0.227894223696
2/12/1979 16:00:00	0.229220027734
2/13/1979 16:00:00	0.233475105922
2/14/1979 16:00:00	0.231568251626
2/15/1979 16:00:00	0.233036844676
2/16/1979 16:00:00	0.236769091509
2/20/1979 16:00:00	0.237698019368
2/21/1979 16:00:00	0.237487864135
2/22/1979 16:00:00	0.235006209782
2/23/1979 16:00:00	0.232538972752
2/26/1979 16:00:00	0.231772921645
2/27/1979 16:00:00	0.21883608051
2/28/1979 16:00:00	0.218643296344
3/1/1979 16:00:00	0.222210994428
3/2/1979 16:00:00	0.224188187231
3/5/1979 16:00:00	0.22931696448
3/6/1979 16:00:00	0.227448672723
3/7/1979 16:00:00	0.233866073023
3/8/1979 16:00:00	0.242082038973
3/9/1979 16:00:00	0.24301725332
3/12/1979 16:00:00	0.242224437837
3/13/1979 16:00:00	0.244876566352
3/14/1979 16:00:00	0.244078539545
3/15/1979 16:00:00	0.245009738
3/16/1979 16:00:00	0.249416011318
3/19/1979 16:00:00	0.251970511365
3/20/1979 16:00:00	0.249980732942
3/21/1979 16:00:00	0.253274023443
3/22/1979 16:00:00	0.257184784956
3/23/1979 16:00:00	0.259938918025
3/26/1979 16:00:00	0.256708897647
3/27/1979 16:00:00	0.260646582473
3/28/1979 16:00:00	0.261017465832
3/29/1979 16:00:00	0.263196479791
3/30/1979 16:00:00	0.265986968146
4/2/1979 16:00:00	0.263317180552
4/3/1979 16:00:00	0.268523357522
4/4/1979 16:00:00	0.271352437431
4/5/1979 16:00:00	0.27481854765
4/6/1979 16:00:00	0.276906073133
4/9/1979 16:00:00	0.276037561641
4/10/1979 16:00:00	0.278907372199
4/11/1979 16:00:00	0.275057366072
4/12/1979 16:00:00	0.274208026285
4/16/1979 16:00:00	0.267772951927
4/17/1979 16:00:00	0.266317866102
4/18/1979 16:00:00	0.269725840558
4/19/1979 16:00:00	0.271320496208
4/20/1979 16:00:00	0.273998685128
4/23/1979 16:00:00	0.274992084872
4/24/1979 16:00:00	0.277222652908
4/25/1979 16:00:00	0.280085682306
4/26/1979 16:00:00	0.278586871822
4/27/1979 16:00:00	0.277092230154
4/30/1979 16:00:00	0.273114340107
5/1/1979 16:00:00	0.272864635568
5/2/1979 16:00:00	0.273846285562
5/3/1979 16:00:00	0.274833527036
5/4/1979 16:00:00	0.272115981257
5/7/1979 16:00:00	0.252397713076
5/8/1979 16:00:00	0.246341828998
5/9/1979 16:00:00	0.250133452087
5/10/1979 16:00:00	0.246434926281
5/11/1979 16:00:00	0.246213526014
5/14/1979 16:00:00	0.241984387884
5/15/1979 16:00:00	0.241765065526
5/16/1979 16:00:00	0.243807708495
5/17/1979 16:00:00	0.249272663162
5/18/1979 16:00:00	0.252507299904
5/21/1979 16:00:00	0.253442555361
5/22/1979 16:00:00	0.257290251555
5/23/1979 16:00:00	0.258236527804
5/24/1979 16:00:00	0.258016206957
5/25/1979 16:00:00	0.261319222047
5/29/1979 16:00:00	0.259900592947
5/30/1979 16:00:00	0.253155797808
5/31/1979 16:00:00	0.252919920898
6/1/1979 16:00:00	0.255012786084
6/4/1979 16:00:00	0.255366918995
6/5/1979 16:00:00	0.26155937129
6/6/1979 16:00:00	0.264883171951
6/7/1979 16:00:00	0.270475183949
6/8/1979 16:00:00	0.272655516384
6/11/1979 16:00:00	0.272409910026
6/12/1979 16:00:00	0.277640039278
6/13/1979 16:00:00	0.278006448768
6/14/1979 16:00:00	0.277761538325
6/15/1979 16:00:00	0.279358308885
6/18/1979 16:00:00	0.276633358706
6/19/1979 16:00:00	0.277608758263
6/20/1979 16:00:00	0.27920438833
6/21/1979 16:00:00	0.280807524336
6/22/1979 16:00:00	0.283652607966
6/25/1979 16:00:00	0.281526858522
6/26/1979 16:00:00	0.278789049687
6/27/1979 16:00:00	0.284079967214
6/28/1979 16:00:00	0.288182725533
6/29/1979 16:00:00	0.287916728303
7/2/1979 16:00:00	0.280735946
7/3/1979 16:00:00	0.28047414859
7/5/1979 16:00:00	0.285164823545
7/6/1979 16:00:00	0.289742310766
7/9/1979 16:00:00	0.292632851092
7/10/1979 16:00:00	0.291733653671
7/11/1979 16:00:00	0.29083838262
7/12/1979 16:00:00	0.289313945713
7/13/1979 16:00:00	0.287794070837
7/16/1979 16:00:00	0.290040101375
7/17/1979 16:00:00	0.28363488854
7/18/1979 16:00:00	0.279655983533
7/19/1979 16:00:00	0.28124416552
7/20/1979 16:00:00	0.283452726415
7/23/1979 16:00:00	0.280712147612
7/24/1979 16:00:00	0.282904054569
7/25/1979 16:00:00	0.288664897249
7/26/1979 16:00:00	0.291531938634
7/27/1979 16:00:00	0.294412590642
7/30/1979 16:00:00	0.297307945616
7/31/1979 16:00:00	0.30212852736
8/1/1979 16:00:00	0.305711804411
8/2/1979 16:00:00	0.309322398475
8/3/1979 16:00:00	0.309687496229
8/6/1979 16:00:00	0.308088271384
8/7/1979 16:00:00	0.313670954374
8/8/1979 16:00:00	0.318495781368
8/9/1979 16:00:00	0.31953311843
8/10/1979 16:00:00	0.324576880416
8/13/1979 16:00:00	0.331017761521
8/14/1979 16:00:00	0.332068411473
8/15/1979 16:00:00	0.337230590322
8/16/1979 16:00:00	0.338981659627
8/17/1979 16:00:00	0.3414280479
8/20/1979 16:00:00	0.341795639697
8/21/1979 16:00:00	0.342161254516
8/22/1979 16:00:00	0.347235760326
8/23/1979 16:00:00	0.349016271791
8/24/1979 16:00:00	0.350798851163
8/27/1979 16:00:00	0.351165050003
8/28/1979 16:00:00	0.350814999762
8/29/1979 16:00:00	0.354004637069
8/30/1979 16:00:00	0.354386200017
8/31/1979 16:00:00	0.356173086616
9/4/1979 16:00:00	0.342254633887
9/5/1979 16:00:00	0.324715302767
9/6/1979 16:00:00	0.330481495769
9/7/1979 16:00:00	0.338296755288
9/10/1979 16:00:00	0.343302804934
9/11/1979 16:00:00	0.339487922355
9/12/1979 16:00:00	0.341223520878
9/13/1979 16:00:00	0.345038750263
9/14/1979 16:00:00	0.353757643752
9/17/1979 16:00:00	0.352699755823
9/18/1979 16:00:00	0.343160019515
9/19/1979 16:00:00	0.344203520536
9/20/1979 16:00:00	0.349428450666
9/21/1979 16:00:00	0.35188437489
9/24/1979 16:00:00	0.348007023193
9/25/1979 16:00:00	0.34205938152
9/26/1979 16:00:00	0.345860626763
9/27/1979 16:00:00	0.348990372075
9/28/1979 16:00:00	0.345834429108
10/1/1979 16:00:00	0.342689709853
10/2/1979 16:00:00	0.345095223916
10/3/1979 16:00:00	0.348211060783
10/4/1979 16:00:00	0.354150175269
10/5/1979 16:00:00	0.360139780053
10/8/1979 16:00:00	0.350507386593
10/9/1979 16:00:00	0.309731128703
10/10/1979 16:00:00	0.271571929718
10/11/1979 16:00:00	0.275992327137
10/12/1979 16:00:00	0.279243702003
10/15/1979 16:00:00	0.265316539668
10/16/1979 16:00:00	0.264428129754
10/17/1979 16:00:00	0.268017401197
10/18/1979 16:00:00	0.270615769149
10/19/1979 16:00:00	0.253480375559
10/22/1979 16:00:00	0.2342701496
10/23/1979 16:00:00	0.230740711363
10/24/1979 16:00:00	0.232532991197
10/25/1979 16:00:00	0.230675161633
10/26/1979 16:00:00	0.236011311873
10/29/1979 16:00:00	0.236222967182
10/30/1979 16:00:00	0.244412106049
10/31/1979 16:00:00	0.244099607713
11/1/1979 16:00:00	0.248680618992
11/2/1979 16:00:00	0.251106790901
11/5/1979 16:00:00	0.246368118145
11/6/1979 16:00:00	0.243898197036
11/7/1979 16:00:00	0.234959134545
11/8/1979 16:00:00	0.238434307406
11/9/1979 16:00:00	0.244025348071
11/12/1979 16:00:00	0.250242047947
11/13/1979 16:00:00	0.249953872382
11/14/1979 16:00:00	0.253511911595
11/15/1979 16:00:00	0.259204652284
11/16/1979 16:00:00	0.260031499202
11/19/1979 16:00:00	0.264809756689
11/20/1979 16:00:00	0.261657201867
11/21/1979 16:00:00	0.257971157689
11/23/1979 16:00:00	0.263295930731
11/26/1979 16:00:00	0.274366918743
11/27/1979 16:00:00	0.278155511126
11/28/1979 16:00:00	0.283001327897
11/29/1979 16:00:00	0.286848551699
11/30/1979 16:00:00	0.287126763943
12/3/1979 16:00:00	0.284383583243
12/4/1979 16:00:00	0.289396020209
12/5/1979 16:00:00	0.295684177123
12/6/1979 16:00:00	0.302071712873
12/7/1979 16:00:00	0.304823940254
12/10/1979 16:00:00	0.307581640346
12/11/1979 16:00:00	0.305955821006
12/12/1979 16:00:00	0.309799995896
12/13/1979 16:00:00	0.312580338491
12/14/1979 16:00:00	0.318516579226
12/17/1979 16:00:00	0.321978178407
12/18/1979 16:00:00	0.315783550563
12/19/1979 16:00:00	0.31477951166
12/20/1979 16:00:00	0.318870214053
12/21/1979 16:00:00	0.317856407876
12/24/1979 16:00:00	0.316198409735
12/26/1979 16:00:00	0.31584080439
12/27/1979 16:00:00	0.316775837365
12/28/1979 16:00:00	0.32021566672
12/31/1979 16:00:00	0.321762547335
1/2/1980 16:00:00	0.302735654775
1/3/1980 16:00:00	0.288974075339
1/4/1980 16:00:00	0.300567484239
1/7/1980 16:00:00	0.303728598082
1/8/1980 16:00:00	0.316309140301
1/9/1980 16:00:00	0.321630249728
1/10/1980 16:00:00	0.330684826188
1/11/1980 16:00:00	0.335498008988
1/14/1980 16:00:00	0.338379796464
1/15/1980 16:00:00	0.341938054727
1/16/1980 16:00:00	0.34819324661
1/17/1980 16:00:00	0.34645003259
1/18/1980 16:00:00	0.348058586077
1/21/1980 16:00:00	0.356389612324
1/22/1980 16:00:00	0.352547402638
1/23/1980 16:00:00	0.362797302434
1/24/1980 16:00:00	0.36720654334
1/25/1980 16:00:00	0.370247859159
1/28/1980 16:00:00	0.376795748243
1/29/1980 16:00:00	0.373520499472
1/30/1980 16:00:00	0.380115737511
1/31/1980 16:00:00	0.383287150338
2/1/1980 16:00:00	0.386417922999
2/4/1980 16:00:00	0.383818569693
2/5/1980 16:00:00	0.384802958849
2/6/1980 16:00:00	0.389927975222
2/7/1980 16:00:00	0.395363570796
2/8/1980 16:00:00	0.405841944754
2/11/1980 16:00:00	0.39945458264
2/12/1980 16:00:00	0.399709411685
2/13/1980 16:00:00	0.402159245828
2/14/1980 16:00:00	0.390634326442
2/15/1980 16:00:00	0.383852767175
2/19/1980 16:00:00	0.372695239973
2/20/1980 16:00:00	0.37914537125
2/21/1980 16:00:00	0.373035840399
2/22/1980 16:00:00	0.364190720956
2/25/1980 16:00:00	0.349335979781
2/26/1980 16:00:00	0.35225066539
2/27/1980 16:00:00	0.346630210728
2/28/1980 16:00:00	0.344841115858
2/29/1980 16:00:00	0.347531752454
3/3/1980 16:00:00	0.339920435222
3/4/1980 16:00:00	0.329629514018
3/5/1980 16:00:00	0.313347325448
3/6/1980 16:00:00	0.286357093023
3/7/1980 16:00:00	0.27214273746
3/10/1980 16:00:00	0.258282907605
3/11/1980 16:00:00	0.262260149057
3/12/1980 16:00:00	0.261911717716
3/13/1980 16:00:00	0.263752364445
3/14/1980 16:00:00	0.260088571215
3/17/1980 16:00:00	0.234336551253
3/18/1980 16:00:00	0.22995793388
3/19/1980 16:00:00	0.23514298783
3/20/1980 16:00:00	0.232805700177
3/21/1980 16:00:00	0.228451313909
3/24/1980 16:00:00	0.207387816668
3/25/1980 16:00:00	0.197433481855
3/26/1980 16:00:00	0.195790817474
3/27/1980 16:00:00	0.159417428694
3/28/1980 16:00:00	0.179210983229
3/31/1980 16:00:00	0.186020884485
4/1/1980 16:00:00	0.194704112796
4/2/1980 16:00:00	0.206180595665
4/3/1980 16:00:00	0.206785531974
4/7/1980 16:00:00	0.194633577827
4/8/1980 16:00:00	0.194751129398
4/9/1980 16:00:00	0.205337056195
4/10/1980 16:00:00	0.210983057747
4/11/1980 16:00:00	0.212954580151
4/14/1980 16:00:00	0.207493777812
4/15/1980 16:00:00	0.205800688644
4/16/1980 16:00:00	0.2027533132
4/17/1980 16:00:00	0.197074590433
4/18/1980 16:00:00	0.197212386588
4/21/1980 16:00:00	0.189954797892
4/22/1980 16:00:00	0.200753273203
4/23/1980 16:00:00	0.205824045959
4/24/1980 16:00:00	0.213602090025
4/25/1980 16:00:00	0.209709936615
4/28/1980 16:00:00	0.212071309902
4/29/1980 16:00:00	0.215962049818
4/30/1980 16:00:00	0.218506937421
5/1/1980 16:00:00	0.21682215099
5/2/1980 16:00:00	0.219369550032
5/5/1980 16:00:00	0.222402168612
5/6/1980 16:00:00	0.22787387655
5/7/1980 16:00:00	0.234289057802
5/8/1980 16:00:00	0.23273180466
5/9/1980 16:00:00	0.231537027477
5/12/1980 16:00:00	0.230830663043
5/13/1980 16:00:00	0.235845346642
5/14/1980 16:00:00	0.243517703298
5/15/1980 16:00:00	0.247814275951
5/16/1980 16:00:00	0.250631928759
5/19/1980 16:00:00	0.250383087058
5/20/1980 16:00:00	0.248605713486
5/21/1980 16:00:00	0.247872645508
5/22/1980 16:00:00	0.253795003065
5/23/1980 16:00:00	0.261208269815
5/27/1980 16:00:00	0.264166064101
5/28/1980 16:00:00	0.267127312755
5/29/1980 16:00:00	0.263637789706
5/30/1980 16:00:00	0.264984471159
6/2/1980 16:00:00	0.263666356048
6/3/1980 16:00:00	0.261819835369
6/4/1980 16:00:00	0.268414832093
6/5/1980 16:00:00	0.273548330034
6/6/1980 16:00:00	0.276015785133
6/9/1980 16:00:00	0.277399414873
6/10/1980 16:00:00	0.283040978895
6/11/1980 16:00:00	0.28891975972
6/12/1980 16:00:00	0.289261690874
6/13/1980 16:00:00	0.296340067988
6/16/1980 16:00:00	0.297253400976
6/17/1980 16:00:00	0.298142602404
6/18/1980 16:00:00	0.29903654485
6/19/1980 16:00:00	0.295922435474
6/20/1980 16:00:00	0.294535296158
6/23/1980 16:00:00	0.297126909499
6/24/1980 16:00:00	0.300876797477
6/25/1980 16:00:00	0.306254011187
6/26/1980 16:00:00	0.307781367478
6/27/1980 16:00:00	0.308701173648
6/30/1980 16:00:00	0.300406990622
7/1/1980 16:00:00	0.302284692247
7/2/1980 16:00:00	0.307793725863
7/3/1980 16:00:00	0.317456393387
7/7/1980 16:00:00	0.333101769495
7/8/1980 16:00:00	0.332825770886
7/9/1980 16:00:00	0.335633368433
7/10/1980 16:00:00	0.333532889247
7/11/1980 16:00:00	0.339411353422
7/14/1980 16:00:00	0.349694406663
7/15/1980 16:00:00	0.353205926398
7/16/1980 16:00:00	0.352920558435
7/17/1980 16:00:00	0.362687082069
7/18/1980 16:00:00	0.370835308073
7/21/1980 16:00:00	0.37383500262
7/22/1980 16:00:00	0.36891844462
7/23/1980 16:00:00	0.368640877409
7/24/1980 16:00:00	0.369004450774
7/25/1980 16:00:00	0.366756725557
7/28/1980 16:00:00	0.369078449203
7/29/1980 16:00:00	0.375981495046
7/30/1980 16:00:00	0.383622598224
7/31/1980 16:00:00	0.379941273661
8/1/1980 16:00:00	0.384110254618
8/4/1980 16:00:00	0.379896295664
8/5/1980 16:00:00	0.383392447601
8/6/1980 16:00:00	0.389143387511
8/7/1980 16:00:00	0.401055337849
8/8/1980 16:00:00	0.405570623473
8/11/1980 16:00:00	0.413587402797
8/12/1980 16:00:00	0.409729076371
8/13/1980 16:00:00	0.412210076228
8/14/1980 16:00:00	0.424374039334
8/15/1980 16:00:00	0.431906667171
8/18/1980 16:00:00	0.412192966944
8/19/1980 16:00:00	0.405530602569
8/20/1980 16:00:00	0.414717566575
8/21/1980 16:00:00	0.429838909976
8/22/1980 16:00:00	0.442432331298
8/25/1980 16:00:00	0.441306938967
8/26/1980 16:00:00	0.446598488226
8/27/1980 16:00:00	0.444175212602
8/28/1980 16:00:00	0.435686817613
8/29/1980 16:00:00	0.43891249994
9/2/1980 16:00:00	0.444151643776
9/3/1980 16:00:00	0.459914472603
9/4/1980 16:00:00	0.464038849146
9/5/1980 16:00:00	0.467408423884
9/8/1980 16:00:00	0.457873887801
9/9/1980 16:00:00	0.460453980922
9/10/1980 16:00:00	0.471310959189
9/11/1980 16:00:00	0.48519610464
9/12/1980 16:00:00	0.495635312934
9/15/1980 16:00:00	0.495167999639
9/16/1980 16:00:00	0.508082686265
9/17/1980 16:00:00	0.528225127788
9/18/1980 16:00:00	0.525300733617
9/19/1980 16:00:00	0.538712364241
9/22/1980 16:00:00	0.543196790289
9/23/1980 16:00:00	0.535989237509
9/24/1980 16:00:00	0.53630294
9/25/1980 16:00:00	0.52667846592
9/26/1980 16:00:00	0.499364640698
9/29/1980 16:00:00	0.45958526839
9/30/1980 16:00:00	0.473790027775
10/1/1980 16:00:00	0.486947518573
10/2/1980 16:00:00	0.49569468582
10/3/1980 16:00:00	0.515295152164
10/6/1980 16:00:00	0.535596587426
10/7/1980 16:00:00	0.536692402348
10/8/1980 16:00:00	0.544189754654
10/9/1980 16:00:00	0.546158146473
10/10/1980 16:00:00	0.548073049184
10/13/1980 16:00:00	0.556660715782
10/14/1980 16:00:00	0.556891463535
10/15/1980 16:00:00	0.559636729813
10/16/1980 16:00:00	0.546374125196
10/17/1980 16:00:00	0.539941653947
10/20/1980 16:00:00	0.538541726212
10/21/1980 16:00:00	0.533228523126
10/22/1980 16:00:00	0.543899728369
10/23/1980 16:00:00	0.526089170597
10/24/1980 16:00:00	0.528734984509
10/27/1980 16:00:00	0.513508861587
10/28/1980 16:00:00	0.508144327963
10/29/1980 16:00:00	0.513110054031
10/30/1980 16:00:00	0.496619768952
10/31/1980 16:00:00	0.498368056187
11/3/1980 16:00:00	0.500118834543
11/5/1980 16:00:00	0.522167339083
11/6/1980 16:00:00	0.505443798367
11/7/1980 16:00:00	0.500855994878
11/10/1980 16:00:00	0.497093793029
11/11/1980 16:00:00	0.511225766256
11/12/1980 16:00:00	0.532528295475
11/13/1980 16:00:00	0.552229472802
11/14/1980 16:00:00	0.563830641019
11/17/1980 16:00:00	0.561670568597
11/18/1980 16:00:00	0.579170910606
11/19/1980 16:00:00	0.588614328974
11/20/1980 16:00:00	0.60056767647
11/21/1980 16:00:00	0.596415976628
11/24/1980 16:00:00	0.57895064311
11/25/1980 16:00:00	0.588373905141
11/26/1980 16:00:00	0.602011854969
11/28/1980 16:00:00	0.609850091342
12/1/1980 16:00:00	0.58084046171
12/2/1980 16:00:00	0.569716142664
12/3/1980 16:00:00	0.57903028705
12/4/1980 16:00:00	0.589342062926
12/5/1980 16:00:00	0.560865739524
12/8/1980 16:00:00	0.501218377868
12/9/1980 16:00:00	0.494255162152
12/10/1980 16:00:00	0.482033037501
12/11/1980 16:00:00	0.445430680064
12/12/1980 16:00:00	0.461755106269
12/15/1980 16:00:00	0.465372086455
12/16/1980 16:00:00	0.46533879851
12/17/1980 16:00:00	0.479715395093
12/18/1980 16:00:00	0.493815595252
12/19/1980 16:00:00	0.50720472077
12/22/1980 16:00:00	0.52103772317
12/23/1980 16:00:00	0.520962316437
12/24/1980 16:00:00	0.521710014279
12/26/1980 16:00:00	0.53041527685
12/29/1980 16:00:00	0.517724850443
12/30/1980 16:00:00	0.52241294476
12/31/1980 16:00:00	0.535447476918
1/2/1981 16:00:00	0.544842621634
1/5/1981 16:00:00	0.548770346798
1/6/1981 16:00:00	0.54706798537
1/7/1981 16:00:00	0.492201192493
1/8/1981 16:00:00	0.480329336083
1/9/1981 16:00:00	0.49266821384
1/12/1981 16:00:00	0.497120474951
1/13/1981 16:00:00	0.49402672518
1/14/1981 16:00:00	0.500721381328
1/15/1981 16:00:00	0.505974959733
1/16/1981 16:00:00	0.514306398302
1/19/1981 16:00:00	0.517308746631
1/20/1981 16:00:00	0.494009377053
1/21/1981 16:00:00	0.488725680934
1/22/1981 16:00:00	0.480559883518
1/23/1981 16:00:00	0.482732828453
1/26/1981 16:00:00	0.471839637562
1/27/1981 16:00:00	0.47889842618
1/28/1981 16:00:00	0.479638325028
1/29/1981 16:00:00	0.482688384357
1/30/1981 16:00:00	0.481260622763
2/2/1981 16:00:00	0.44625860812
2/3/1981 16:00:00	0.449083363383
2/4/1981 16:00:00	0.45540658838
2/5/1981 16:00:00	0.466773735167
2/6/1981 16:00:00	0.477403903501
2/9/1981 16:00:00	0.4694460351
2/10/1981 16:00:00	0.467517895869
2/11/1981 16:00:00	0.460406892779
2/12/1981 16:00:00	0.451334896166
2/13/1981 16:00:00	0.445873258425
2/17/1981 16:00:00	0.445954847761
2/18/1981 16:00:00	0.450186762678
2/19/1981 16:00:00	0.435676662022
2/20/1981 16:00:00	0.432371285556
2/23/1981 16:00:00	0.437256611649
2/24/1981 16:00:00	0.442167003795
2/25/1981 16:00:00	0.442288973296
2/26/1981 16:00:00	0.456147899483
2/27/1981 16:00:00	0.468708085518
3/2/1981 16:00:00	0.475942288977
3/3/1981 16:00:00	0.470252294547
3/4/1981 16:00:00	0.472454472848
3/5/1981 16:00:00	0.473969622492
3/6/1981 16:00:00	0.479065527329
3/9/1981 16:00:00	0.479863354989
3/10/1981 16:00:00	0.471270525476
3/11/1981 16:00:00	0.464950018777
3/12/1981 16:00:00	0.482080094247
3/13/1981 16:00:00	0.492162789728
3/16/1981 16:00:00	0.500370711835
3/17/1981 16:00:00	0.498280631279
3/18/1981 16:00:00	0.503588976477
3/19/1981 16:00:00	0.506003450157
3/20/1981 16:00:00	0.519619126138
3/23/1981 16:00:00	0.528714984951
3/24/1981 16:00:00	0.52887204137
3/25/1981 16:00:00	0.540537622749
3/26/1981 16:00:00	0.541417793011
3/27/1981 16:00:00	0.53527905451
3/30/1981 16:00:00	0.53613738175
3/31/1981 16:00:00	0.544725604136
4/1/1981 16:00:00	0.552641783665
4/2/1981 16:00:00	0.557280902695
4/3/1981 16:00:00	0.561331765107
4/6/1981 16:00:00	0.550428905057
4/7/1981 16:00:00	0.553412076428
4/8/1981 16:00:00	0.560558646436
4/9/1981 16:00:00	0.568616455165
4/10/1981 16:00:00	0.57748542301
4/13/1981 16:00:00	0.570245845239
4/14/1981 16:00:00	0.562268808248
4/15/1981 16:00:00	0.574266102338
4/16/1981 16:00:00	0.586238228657
4/20/1981 16:00:00	0.593620474661
4/21/1981 16:00:00	0.58543018905
4/22/1981 16:00:00	0.588716148475
4/23/1981 16:00:00	0.594445450198
4/24/1981 16:00:00	0.606807099826
4/27/1981 16:00:00	0.608516526105
4/28/1981 16:00:00	0.588495145138
4/29/1981 16:00:00	0.576430667305
4/30/1981 16:00:00	0.579329418338
5/1/1981 16:00:00	0.578409388048
5/4/1981 16:00:00	0.550284488605
5/5/1981 16:00:00	0.536196003752
5/6/1981 16:00:00	0.538423727017
5/7/1981 16:00:00	0.550670053665
5/8/1981 16:00:00	0.55836538583
5/11/1981 16:00:00	0.541836132403
5/12/1981 16:00:00	0.543306674269
5/13/1981 16:00:00	0.547861883368
5/14/1981 16:00:00	0.55783867125
5/15/1981 16:00:00	0.566922812406
5/18/1981 16:00:00	0.569200543322
5/19/1981 16:00:00	0.562181468354
5/20/1981 16:00:00	0.572866734687
5/21/1981 16:00:00	0.578229986038
5/22/1981 16:00:00	0.583636824669
5/26/1981 16:00:00	0.590721752438
5/27/1981 16:00:00	0.605804552848
5/28/1981 16:00:00	0.614048891202
5/29/1981 16:00:00	0.614810168553
6/1/1981 16:00:00	0.609752568138
6/2/1981 16:00:00	0.58095140355
6/3/1981 16:00:00	0.574420206994
6/4/1981 16:00:00	0.579773206748
6/5/1981 16:00:00	0.591333603914
6/8/1981 16:00:00	0.586516674123
6/9/1981 16:00:00	0.579186244255
6/10/1981 16:00:00	0.581467618669
6/11/1981 16:00:00	0.595492722008
6/12/1981 16:00:00	0.598593649023
6/15/1981 16:00:00	0.599291430003
6/16/1981 16:00:00	0.579096958557
6/17/1981 16:00:00	0.578155696199
6/18/1981 16:00:00	0.562094189194
6/19/1981 16:00:00	0.568098331033
6/22/1981 16:00:00	0.559319069829
6/23/1981 16:00:00	0.563067743834
6/24/1981 16:00:00	0.559172121898
6/25/1981 16:00:00	0.562250528238
6/26/1981 16:00:00	0.565245079332
6/29/1981 16:00:00	0.551963846521
6/30/1981 16:00:00	0.532986508558
7/1/1981 16:00:00	0.52321502402
7/2/1981 16:00:00	0.509060457887
7/6/1981 16:00:00	0.481675510077
7/7/1981 16:00:00	0.473230521882
7/8/1981 16:00:00	0.475193675619
7/9/1981 16:00:00	0.485406790965
7/10/1981 16:00:00	0.488066245583
7/13/1981 16:00:00	0.490082334296
7/14/1981 16:00:00	0.482316469203
7/15/1981 16:00:00	0.487835223387
7/16/1981 16:00:00	0.495306355077
7/17/1981 16:00:00	0.500160966299
7/20/1981 16:00:00	0.474777912764
7/21/1981 16:00:00	0.459671977935
7/22/1981 16:00:00	0.452380366529
7/23/1981 16:00:00	0.452861508398
7/24/1981 16:00:00	0.462521822481
7/27/1981 16:00:00	0.471185107119
7/28/1981 16:00:00	0.467072946461
7/29/1981 16:00:00	0.466359733486
7/30/1981 16:00:00	0.473076874699
7/31/1981 16:00:00	0.483074517822
8/3/1981 16:00:00	0.474273834638
8/4/1981 16:00:00	0.471485626525
8/5/1981 16:00:00	0.476789677095
8/6/1981 16:00:00	0.480626449351
8/7/1981 16:00:00	0.477807683792
8/10/1981 16:00:00	0.473145177492
8/11/1981 16:00:00	0.478346264175
8/12/1981 16:00:00	0.478990036089
8/13/1981 16:00:00	0.481688667625
8/14/1981 16:00:00	0.478910250272
8/17/1981 16:00:00	0.461349879914
8/18/1981 16:00:00	0.443382850704
8/19/1981 16:00:00	0.443941386249
8/20/1981 16:00:00	0.448410646193
8/21/1981 16:00:00	0.439916472411
8/24/1981 16:00:00	0.401096442733
8/25/1981 16:00:00	0.382421628134
8/26/1981 16:00:00	0.381866206245
8/27/1981 16:00:00	0.375533362134
8/28/1981 16:00:00	0.379593981475
8/31/1981 16:00:00	0.368791818098
9/1/1981 16:00:00	0.364859586907
9/2/1981 16:00:00	0.365447964667
9/3/1981 16:00:00	0.345710261892
9/4/1981 16:00:00	0.332313270989
9/8/1981 16:00:00	0.306614150995
9/9/1981 16:00:00	0.306181241015
9/10/1981 16:00:00	0.319631749916
9/11/1981 16:00:00	0.330488561429
9/14/1981 16:00:00	0.328986226753
9/15/1981 16:00:00	0.328537134443
9/16/1981 16:00:00	0.318691822874
9/17/1981 16:00:00	0.307647598397
9/18/1981 16:00:00	0.300239855971
9/21/1981 16:00:00	0.300330793086
9/22/1981 16:00:00	0.294534509735
9/23/1981 16:00:00	0.278297318803
9/24/1981 16:00:00	0.279822960086
9/25/1981 16:00:00	0.254791677267
9/28/1981 16:00:00	0.254039855855
9/29/1981 16:00:00	0.268928208065
9/30/1981 16:00:00	0.275394900653
10/1/1981 16:00:00	0.280083678392
10/2/1981 16:00:00	0.294955499387
10/5/1981 16:00:00	0.301777306081
10/6/1981 16:00:00	0.301394815321
10/7/1981 16:00:00	0.315105917078
10/8/1981 16:00:00	0.325816081159
10/9/1981 16:00:00	0.326955826108
10/12/1981 16:00:00	0.326545833882
10/13/1981 16:00:00	0.329224665248
10/14/1981 16:00:00	0.315874376354
10/15/1981 16:00:00	0.317953510666
10/16/1981 16:00:00	0.319057864625
10/19/1981 16:00:00	0.316624545128
10/20/1981 16:00:00	0.323253042275
10/21/1981 16:00:00	0.328811626178
10/22/1981 16:00:00	0.328374515484
10/23/1981 16:00:00	0.325495797427
10/26/1981 16:00:00	0.320477604145
10/27/1981 16:00:00	0.328044967579
10/28/1981 16:00:00	0.333800157639
10/29/1981 16:00:00	0.32975638957
10/30/1981 16:00:00	0.34016340387
11/2/1981 16:00:00	0.350647935007
11/3/1981 16:00:00	0.358237804107
11/4/1981 16:00:00	0.362666693868
11/5/1981 16:00:00	0.363832066951
11/6/1981 16:00:00	0.363379009401
11/9/1981 16:00:00	0.362401999714
11/10/1981 16:00:00	0.361982073587
11/11/1981 16:00:00	0.36263231485
11/12/1981 16:00:00	0.367107956494
11/13/1981 16:00:00	0.362275274447
11/16/1981 16:00:00	0.345497945281
11/17/1981 16:00:00	0.347744300293
11/18/1981 16:00:00	0.346820583117
11/19/1981 16:00:00	0.344847617011
11/20/1981 16:00:00	0.351315781748
11/23/1981 16:00:00	0.347739558532
11/24/1981 16:00:00	0.352670354391
11/25/1981 16:00:00	0.357648973756
11/27/1981 16:00:00	0.36264963348
11/30/1981 16:00:00	0.364441855198
12/1/1981 16:00:00	0.362413594938
12/2/1981 16:00:00	0.35820354533
12/3/1981 16:00:00	0.355124238936
12/4/1981 16:00:00	0.3600939811
12/7/1981 16:00:00	0.353238996624
12/8/1981 16:00:00	0.344340828894
12/9/1981 16:00:00	0.345032818138
12/10/1981 16:00:00	0.347815163261
12/11/1981 16:00:00	0.345863563902
12/14/1981 16:00:00	0.330399776486
12/15/1981 16:00:00	0.327503732789
12/16/1981 16:00:00	0.326651067213
12/17/1981 16:00:00	0.329331861052
12/18/1981 16:00:00	0.335449714461
12/21/1981 16:00:00	0.332141088642
12/22/1981 16:00:00	0.327707809951
12/23/1981 16:00:00	0.326342908981
12/24/1981 16:00:00	0.327490893547
12/28/1981 16:00:00	0.324115218706
12/29/1981 16:00:00	0.317748567589
12/30/1981 16:00:00	0.321347326417
12/31/1981 16:00:00	0.326466232433
1/4/1982 16:00:00	0.324589477755
1/5/1982 16:00:00	0.308197649527
1/6/1982 16:00:00	0.30217643131
1/7/1982 16:00:00	0.30138281871
1/8/1982 16:00:00	0.306175769095
1/11/1982 16:00:00	0.290113394648
1/12/1982 16:00:00	0.28284658951
1/13/1982 16:00:00	0.275360306097
1/14/1982 16:00:00	0.275954082623
1/15/1982 16:00:00	0.281805664806
1/18/1982 16:00:00	0.28104865578
1/19/1982 16:00:00	0.276321779649
1/20/1982 16:00:00	0.2737676828
1/21/1982 16:00:00	0.276546002577
1/22/1982 16:00:00	0.273541371629
1/25/1982 16:00:00	0.263007482446
1/26/1982 16:00:00	0.262241699513
1/27/1982 16:00:00	0.262789202111
1/28/1982 16:00:00	0.273697004001
1/29/1982 16:00:00	0.283008255754
2/1/1982 16:00:00	0.275529940962
2/2/1982 16:00:00	0.27816514727
2/3/1982 16:00:00	0.277355038082
2/4/1982 16:00:00	0.275647571095
2/5/1982 16:00:00	0.280176903778
2/8/1982 16:00:00	0.263764571946
2/9/1982 16:00:00	0.254381979831
2/10/1982 16:00:00	0.256156870593
2/11/1982 16:00:00	0.252865972746
2/12/1982 16:00:00	0.253362219105
2/16/1982 16:00:00	0.245596514022
2/17/1982 16:00:00	0.247715421281
2/18/1982 16:00:00	0.247813452515
2/19/1982 16:00:00	0.244200138975
2/22/1982 16:00:00	0.237787757708
2/23/1982 16:00:00	0.231100230658
2/24/1982 16:00:00	0.235158986673
2/25/1982 16:00:00	0.238082953438
2/26/1982 16:00:00	0.237811803407
3/1/1982 16:00:00	0.240330080514
3/2/1982 16:00:00	0.240040158512
3/3/1982 16:00:00	0.231300590547
3/4/1982 16:00:00	0.224436647206
3/5/1982 16:00:00	0.215331696907
3/8/1982 16:00:00	0.203965030823
3/9/1982 16:00:00	0.199049045635
3/10/1982 16:00:00	0.201286457097
3/11/1982 16:00:00	0.199957442677
3/12/1982 16:00:00	0.192974557787
3/15/1982 16:00:00	0.191694458004
3/16/1982 16:00:00	0.19282371135
3/17/1982 16:00:00	0.192225387432
3/18/1982 16:00:00	0.198529381834
3/19/1982 16:00:00	0.204259493268
3/22/1982 16:00:00	0.211080796002
3/23/1982 16:00:00	0.214849523499
3/24/1982 16:00:00	0.21422383159
3/25/1982 16:00:00	0.217673622508
3/26/1982 16:00:00	0.215170823299
3/29/1982 16:00:00	0.216017507526
3/30/1982 16:00:00	0.215364149124
3/31/1982 16:00:00	0.215821264355
4/1/1982 16:00:00	0.221815281462
4/2/1982 16:00:00	0.226333346896
4/5/1982 16:00:00	0.224497366749
4/6/1982 16:00:00	0.22611702648
4/7/1982 16:00:00	0.230421397137
4/8/1982 16:00:00	0.234785929853
4/12/1982 16:00:00	0.233711519506
4/13/1982 16:00:00	0.233035927816
4/14/1982 16:00:00	0.231188500841
4/15/1982 16:00:00	0.233575430447
4/16/1982 16:00:00	0.237831885474
4/19/1982 16:00:00	0.237916517242
4/20/1982 16:00:00	0.235746701996
4/21/1982 16:00:00	0.236923484713
4/22/1982 16:00:00	0.242121913419
4/23/1982 16:00:00	0.246585948463
4/26/1982 16:00:00	0.249897667426
4/27/1982 16:00:00	0.245131183976
4/28/1982 16:00:00	0.245639594946
4/29/1982 16:00:00	0.242099606751
4/30/1982 16:00:00	0.244152706024
5/3/1982 16:00:00	0.245031351267
5/4/1982 16:00:00	0.248307791399
5/5/1982 16:00:00	0.247972181742
5/6/1982 16:00:00	0.253171565972
5/7/1982 16:00:00	0.256104278499
5/10/1982 16:00:00	0.253726329866
5/11/1982 16:00:00	0.255857774545
5/12/1982 16:00:00	0.255123308173
5/13/1982 16:00:00	0.253153764268
5/14/1982 16:00:00	0.254866336811
5/17/1982 16:00:00	0.249343675666
5/18/1982 16:00:00	0.244606571357
5/19/1982 16:00:00	0.236757394165
5/20/1982 16:00:00	0.231798893965
5/21/1982 16:00:00	0.230368301144
5/24/1982 16:00:00	0.227529519193
5/25/1982 16:00:00	0.224996721517
5/26/1982 16:00:00	0.216111835396
5/27/1982 16:00:00	0.214407578942
5/28/1982 16:00:00	0.214518505502
6/1/1982 16:00:00	0.210285602813
6/2/1982 16:00:00	0.211467672561
6/3/1982 16:00:00	0.208809315521
6/4/1982 16:00:00	0.200389882428
6/7/1982 16:00:00	0.197045762199
6/8/1982 16:00:00	0.194766783053
6/9/1982 16:00:00	0.186490019303
6/10/1982 16:00:00	0.187914449659
6/11/1982 16:00:00	0.194880538531
6/14/1982 16:00:00	0.189652124438
6/15/1982 16:00:00	0.186430507721
6/16/1982 16:00:00	0.186856571463
6/17/1982 16:00:00	0.181692025398
6/18/1982 16:00:00	0.176952750714
6/21/1982 16:00:00	0.175155814098
6/22/1982 16:00:00	0.178403923137
6/23/1982 16:00:00	0.18391629732
6/24/1982 16:00:00	0.184340677598
6/25/1982 16:00:00	0.182160257678
6/28/1982 16:00:00	0.183862107321
6/29/1982 16:00:00	0.181683408127
6/30/1982 16:00:00	0.184026195603
7/1/1982 16:00:00	0.181529735499
7/2/1982 16:00:00	0.179697486634
7/6/1982 16:00:00	0.176606488401
7/7/1982 16:00:00	0.172925194412
7/8/1982 16:00:00	0.168768614641
7/9/1982 16:00:00	0.172458335903
7/12/1982 16:00:00	0.17473990775
7/13/1982 16:00:00	0.176102785578
7/14/1982 16:00:00	0.175275384626
7/15/1982 16:00:00	0.176330601271
7/16/1982 16:00:00	0.178013577696
7/19/1982 16:00:00	0.177504205501
7/20/1982 16:00:00	0.179521271383
7/21/1982 16:00:00	0.181564476448
7/22/1982 16:00:00	0.18330984534
7/23/1982 16:00:00	0.183133373243
7/26/1982 16:00:00	0.180716688442
7/27/1982 16:00:00	0.178320071567
7/28/1982 16:00:00	0.170899851274
7/29/1982 16:00:00	0.168350331723
7/30/1982 16:00:00	0.167573550849
8/2/1982 16:00:00	0.170350283147
8/3/1982 16:00:00	0.168968888557
8/4/1982 16:00:00	0.164641477789
8/5/1982 16:00:00	0.160017777367
8/6/1982 16:00:00	0.154606426024
8/9/1982 16:00:00	0.149106878037
8/10/1982 16:00:00	0.148684403796
8/11/1982 16:00:00	0.147152065228
8/12/1982 16:00:00	0.144251336918
8/13/1982 16:00:00	0.143842083013
8/16/1982 16:00:00	0.143711141053
8/17/1982 16:00:00	0.150641206249
8/18/1982 16:00:00	0.157998307627
8/19/1982 16:00:00	0.157581396257
8/20/1982 16:00:00	0.163505542118
8/23/1982 16:00:00	0.171865575824
8/24/1982 16:00:00	0.17874376958
8/25/1982 16:00:00	0.186972708223
8/26/1982 16:00:00	0.197366988761
8/27/1982 16:00:00	0.195199291126
8/30/1982 16:00:00	0.199669247082
8/31/1982 16:00:00	0.199492555645
9/1/1982 16:00:00	0.193677625738
9/2/1982 16:00:00	0.193487483497
9/3/1982 16:00:00	0.193308737917
9/7/1982 16:00:00	0.193134760053
9/8/1982 16:00:00	0.207667362442
9/9/1982 16:00:00	0.210848126009
9/10/1982 16:00:00	0.209619197922
9/13/1982 16:00:00	0.210818899203
9/14/1982 16:00:00	0.216532826709
9/15/1982 16:00:00	0.222348017009
9/16/1982 16:00:00	0.223940615516
9/17/1982 16:00:00	0.223007032575
9/20/1982 16:00:00	0.220642709096
9/21/1982 16:00:00	0.22715227479
9/22/1982 16:00:00	0.229502293057
9/23/1982 16:00:00	0.227463131582
9/24/1982 16:00:00	0.229079419678
9/27/1982 16:00:00	0.228873611818
9/28/1982 16:00:00	0.230132712327
9/29/1982 16:00:00	0.227365348794
9/30/1982 16:00:00	0.224618525729
10/1/1982 16:00:00	0.228353962689
10/4/1982 16:00:00	0.225582708675
10/5/1982 16:00:00	0.228262839178
10/6/1982 16:00:00	0.239632728006
10/7/1982 16:00:00	0.252982186743
10/8/1982 16:00:00	0.265535746699
10/11/1982 16:00:00	0.278896940794
10/12/1982 16:00:00	0.278243910055
10/13/1982 16:00:00	0.290466069477
10/14/1982 16:00:00	0.288937033228
10/15/1982 16:00:00	0.286991703071
10/18/1982 16:00:00	0.295533229833
10/19/1982 16:00:00	0.29916517627
10/20/1982 16:00:00	0.312828608689
10/21/1982 16:00:00	0.328563171746
10/22/1982 16:00:00	0.339729973185
10/25/1982 16:00:00	0.339446595247
10/26/1982 16:00:00	0.306816714955
10/27/1982 16:00:00	0.316588928191
10/28/1982 16:00:00	0.314975364457
10/29/1982 16:00:00	0.317849935166
11/1/1982 16:00:00	0.326151228685
11/2/1982 16:00:00	0.339978004914
11/3/1982 16:00:00	0.364081307709
11/4/1982 16:00:00	0.374611235627
11/5/1982 16:00:00	0.384210338712
11/8/1982 16:00:00	0.382359241502
11/9/1982 16:00:00	0.39984128848
11/10/1982 16:00:00	0.40055876549
11/11/1982 16:00:00	0.4058531745
11/12/1982 16:00:00	0.411323080387
11/15/1982 16:00:00	0.393509437942
11/16/1982 16:00:00	0.37104593157
11/17/1982 16:00:00	0.384531538273
11/18/1982 16:00:00	0.391846275733
11/19/1982 16:00:00	0.392032242959
11/22/1982 16:00:00	0.373293629236
11/23/1982 16:00:00	0.370009917925
11/24/1982 16:00:00	0.37802571797
11/26/1982 16:00:00	0.386283260423
11/29/1982 16:00:00	0.384968924638
11/30/1982 16:00:00	0.4043611345
12/1/1982 16:00:00	0.421361835213
12/2/1982 16:00:00	0.424121959535
12/3/1982 16:00:00	0.429194194861
12/6/1982 16:00:00	0.440311399772
12/7/1982 16:00:00	0.44703964476
12/8/1982 16:00:00	0.447259360207
12/9/1982 16:00:00	0.427439393953
12/10/1982 16:00:00	0.409305764203
12/13/1982 16:00:00	0.405817421828
12/14/1982 16:00:00	0.395002011618
12/15/1982 16:00:00	0.366117519968
12/16/1982 16:00:00	0.365331423017
12/17/1982 16:00:00	0.381031054653
12/20/1982 16:00:00	0.375712657045
12/21/1982 16:00:00	0.378406548992
12/22/1982 16:00:00	0.390481542337
12/23/1982 16:00:00	0.396811313842
12/27/1982 16:00:00	0.401141564557
12/28/1982 16:00:00	0.395642708525
12/29/1982 16:00:00	0.395840016058
12/30/1982 16:00:00	0.390370023637
12/31/1982 16:00:00	0.395601726808
1/3/1983 16:00:00	0.38610435643
1/4/1983 16:00:00	0.390711890856
1/5/1983 16:00:00	0.395980570934
1/6/1983 16:00:00	0.415564996311
1/7/1983 16:00:00	0.425842630773
1/10/1983 16:00:00	0.437770107089
1/11/1983 16:00:00	0.437442474382
1/12/1983 16:00:00	0.448062607159
1/13/1983 16:00:00	0.451045948412
1/14/1983 16:00:00	0.462287985512
1/17/1983 16:00:00	0.470453163283
1/18/1983 16:00:00	0.467797075464
1/19/1983 16:00:00	0.459011870689
1/20/1983 16:00:00	0.463033910593
1/21/1983 16:00:00	0.45147214875
1/24/1983 16:00:00	0.466061494521
1/25/1983 16:00:00	0.423263063131
1/26/1983 16:00:00	0.434544282337
1/27/1983 16:00:00	0.455784926024
1/28/1983 16:00:00	0.46384139718
1/31/1983 16:00:00	0.471990269406
2/1/1983 16:00:00	0.469909852099
2/2/1983 16:00:00	0.470689640951
2/3/1983 16:00:00	0.47660438093
2/4/1983 16:00:00	0.488773493662
2/7/1983 16:00:00	0.490746335196
2/8/1983 16:00:00	0.485085224133
2/9/1983 16:00:00	0.486466035279
2/10/1983 16:00:00	0.505932570189
2/11/1983 16:00:00	0.516169455474
2/14/1983 16:00:00	0.528514048236
2/15/1983 16:00:00	0.530576384067
2/16/1983 16:00:00	0.530168345562
2/17/1983 16:00:00	0.529126777204
2/18/1983 16:00:00	0.542731817403
2/22/1983 16:00:00	0.528699083089
2/23/1983 16:00:00	0.533681424597
2/24/1983 16:00:00	0.547512664172
2/25/1983 16:00:00	0.547730171558
2/28/1983 16:00:00	0.536624736299
3/1/1983 16:00:00	0.543043104032
3/2/1983 16:00:00	0.552631412551
3/3/1983 16:00:00	0.563426098944
3/4/1983 16:00:00	0.567480698963
3/7/1983 16:00:00	0.563830860223
3/8/1983 16:00:00	0.549453130026
3/9/1983 16:00:00	0.560825511671
3/10/1983 16:00:00	0.566778768903
3/11/1983 16:00:00	0.566990589816
3/14/1983 16:00:00	0.554520416278
3/15/1983 16:00:00	0.554097044342
3/16/1983 16:00:00	0.556189922798
3/17/1983 16:00:00	0.551312461465
3/18/1983 16:00:00	0.557022037841
3/21/1983 16:00:00	0.564829680379
3/22/1983 16:00:00	0.572062560649
3/23/1983 16:00:00	0.583219566157
3/24/1983 16:00:00	0.589783821706
3/25/1983 16:00:00	0.592607305172
3/28/1983 16:00:00	0.580434820065
3/29/1983 16:00:00	0.578023855235
3/30/1983 16:00:00	0.590369361309
3/31/1983 16:00:00	0.589888631972
4/4/1983 16:00:00	0.575701014804
4/5/1983 16:00:00	0.575875100013
4/6/1983 16:00:00	0.560531205258
4/7/1983 16:00:00	0.561346415662
4/8/1983 16:00:00	0.569782806315
4/11/1983 16:00:00	0.586476914461
4/12/1983 16:00:00	0.598428589149
4/13/1983 16:00:00	0.618977965306
4/14/1983 16:00:00	0.638127995779
4/15/1983 16:00:00	0.656785154017
4/18/1983 16:00:00	0.664713137802
4/19/1983 16:00:00	0.657820325953
4/20/1983 16:00:00	0.677536779294
4/21/1983 16:00:00	0.691363443206
4/22/1983 16:00:00	0.703183939578
4/25/1983 16:00:00	0.688683164658
4/26/1983 16:00:00	0.699029270919
4/27/1983 16:00:00	0.704353194736
4/28/1983 16:00:00	0.717579162586
4/29/1983 16:00:00	0.734128958077
5/2/1983 16:00:00	0.713913200189
5/3/1983 16:00:00	0.706684757477
5/4/1983 16:00:00	0.732620985143
5/5/1983 16:00:00	0.762759015226
5/6/1983 16:00:00	0.795240705297
5/9/1983 16:00:00	0.80258967635
5/10/1983 16:00:00	0.81617764411
5/11/1983 16:00:00	0.803639844511
5/12/1983 16:00:00	0.796627230158
5/13/1983 16:00:00	0.810131372056
5/16/1983 16:00:00	0.775155070983
5/17/1983 16:00:00	0.785474113799
5/18/1983 16:00:00	0.804529875432
5/19/1983 16:00:00	0.798301128362
5/20/1983 16:00:00	0.804037602599
5/23/1983 16:00:00	0.805610251141
5/24/1983 16:00:00	0.832961264799
5/25/1983 16:00:00	0.846816198681
5/26/1983 16:00:00	0.864323861838
5/27/1983 16:00:00	0.86867419053
5/31/1983 16:00:00	0.84030104693
6/1/1983 16:00:00	0.833270369425
6/2/1983 16:00:00	0.852775570154
6/3/1983 16:00:00	0.880892962017
6/6/1983 16:00:00	0.893743893206
6/7/1983 16:00:00	0.881928801818
6/8/1983 16:00:00	0.867048046141
6/9/1983 16:00:00	0.868038029247
6/10/1983 16:00:00	0.888072019044
6/13/1983 16:00:00	0.911168016941
6/14/1983 16:00:00	0.927518418801
6/15/1983 16:00:00	0.944261928132
6/16/1983 16:00:00	0.983069732455
6/17/1983 16:00:00	0.978644503249
6/20/1983 16:00:00	0.964284778802
6/21/1983 16:00:00	0.976035818007
6/22/1983 16:00:00	0.994857485266
6/23/1983 16:00:00	0.986051284377
6/24/1983 16:00:00	0.999565118281
6/27/1983 16:00:00	0.956835299965
6/28/1983 16:00:00	0.881776242377
6/29/1983 16:00:00	0.883609290607
6/30/1983 16:00:00	0.903797747122
7/1/1983 16:00:00	0.902997957846
7/5/1983 16:00:00	0.888795236667
7/6/1983 16:00:00	0.904762736336
7/7/1983 16:00:00	0.911714077477
7/8/1983 16:00:00	0.906671530224
7/11/1983 16:00:00	0.913637186712
7/12/1983 16:00:00	0.883009014225
7/13/1983 16:00:00	0.862961257612
7/14/1983 16:00:00	0.869688162379
7/15/1983 16:00:00	0.847569954379
7/18/1983 16:00:00	0.825628095692
7/19/1983 16:00:00	0.832152790883
7/20/1983 16:00:00	0.876405395358
7/21/1983 16:00:00	0.87566949305
7/22/1983 16:00:00	0.907236809096
7/25/1983 16:00:00	0.907328805269
7/26/1983 16:00:00	0.90315611228
7/27/1983 16:00:00	0.856708673946
7/28/1983 16:00:00	0.803096146881
7/29/1983 16:00:00	0.767100418079
8/1/1983 16:00:00	0.752186669378
8/2/1983 16:00:00	0.759805028787
8/3/1983 16:00:00	0.764246558552
8/4/1983 16:00:00	0.731934428446
8/5/1983 16:00:00	0.734993502534
8/8/1983 16:00:00	0.695422009728
8/9/1983 16:00:00	0.690557521694
8/10/1983 16:00:00	0.706239840986
8/11/1983 16:00:00	0.712820932721
8/12/1983 16:00:00	0.726476485688
8/15/1983 16:00:00	0.741943146333
8/16/1983 16:00:00	0.727213769123
8/17/1983 16:00:00	0.733173871733
8/18/1983 16:00:00	0.725209870084
8/19/1983 16:00:00	0.719488912803
8/22/1983 16:00:00	0.716891026492
8/23/1983 16:00:00	0.679580172423
8/24/1983 16:00:00	0.659482524102
8/25/1983 16:00:00	0.649374588772
8/26/1983 16:00:00	0.654250567331
8/29/1983 16:00:00	0.647587711543
8/30/1983 16:00:00	0.6504210514
8/31/1983 16:00:00	0.666790492389
9/1/1983 16:00:00	0.679806379457
9/2/1983 16:00:00	0.703601143262
9/6/1983 16:00:00	0.726333444942
9/7/1983 16:00:00	0.722815981046
9/8/1983 16:00:00	0.729450731278
9/9/1983 16:00:00	0.731751281966
9/12/1983 16:00:00	0.720908085406
9/13/1983 16:00:00	0.699526987485
9/14/1983 16:00:00	0.701769162947
9/15/1983 16:00:00	0.693376552864
9/16/1983 16:00:00	0.700523690061
9/19/1983 16:00:00	0.724537644179
9/20/1983 16:00:00	0.735519112777
9/21/1983 16:00:00	0.734186260134
9/22/1983 16:00:00	0.742884520772
9/23/1983 16:00:00	0.735092863239
9/26/1983 16:00:00	0.735777219971
9/27/1983 16:00:00	0.713465048477
9/28/1983 16:00:00	0.705760430613
9/29/1983 16:00:00	0.7016451944
9/30/1983 16:00:00	0.682134614565
10/3/1983 16:00:00	0.667631888613
10/4/1983 16:00:00	0.668431215918
10/5/1983 16:00:00	0.666499245273
10/6/1983 16:00:00	0.674132918689
10/7/1983 16:00:00	0.684564432517
10/10/1983 16:00:00	0.683995592072
10/11/1983 16:00:00	0.66955659126
10/12/1983 16:00:00	0.643188092861
10/13/1983 16:00:00	0.634657179031
10/14/1983 16:00:00	0.631487094195
10/17/1983 16:00:00	0.628995889682
10/18/1983 16:00:00	0.588863383502
10/19/1983 16:00:00	0.565211929665
10/20/1983 16:00:00	0.573262704051
10/21/1983 16:00:00	0.561721913584
10/24/1983 16:00:00	0.545043782974
10/25/1983 16:00:00	0.555275087609
10/26/1983 16:00:00	0.550610197138
10/27/1983 16:00:00	0.547769376745
10/28/1983 16:00:00	0.53897998055
10/31/1983 16:00:00	0.529263494795
11/1/1983 16:00:00	0.52010067272
11/2/1983 16:00:00	0.532160659201
11/3/1983 16:00:00	0.529961024863
11/4/1983 16:00:00	0.519776509439
11/7/1983 16:00:00	0.50729927515
11/8/1983 16:00:00	0.498554414022
11/9/1983 16:00:00	0.505812491204
11/10/1983 16:00:00	0.517210381635
11/11/1983 16:00:00	0.539481133701
11/14/1983 16:00:00	0.552976091986
11/15/1983 16:00:00	0.549086414531
11/16/1983 16:00:00	0.554413109544
11/17/1983 16:00:00	0.562307867477
11/18/1983 16:00:00	0.561837492483
11/21/1983 16:00:00	0.57161627459
11/22/1983 16:00:00	0.580131486595
11/23/1983 16:00:00	0.580893550136
11/25/1983 16:00:00	0.5853346305
11/28/1983 16:00:00	0.578672180959
11/29/1983 16:00:00	0.584945392328
11/30/1983 16:00:00	0.585082065447
12/1/1983 16:00:00	0.587067968215
12/2/1983 16:00:00	0.573117940113
12/5/1983 16:00:00	0.564113593421
12/6/1983 16:00:00	0.560626484024
12/7/1983 16:00:00	0.560760123769
12/8/1983 16:00:00	0.551296584628
12/9/1983 16:00:00	0.55023813426
12/12/1983 16:00:00	0.546229441714
12/13/1983 16:00:00	0.540031138049
12/14/1983 16:00:00	0.524980503549
12/15/1983 16:00:00	0.518801689579
12/16/1983 16:00:00	0.521756029503
12/19/1983 16:00:00	0.519027704216
12/20/1983 16:00:00	0.512479788236
12/21/1983 16:00:00	0.518103710985
12/22/1983 16:00:00	0.521084899884
12/23/1983 16:00:00	0.522359909032
12/27/1983 16:00:00	0.523095085565
12/28/1983 16:00:00	0.522103624308
12/29/1983 16:00:00	0.524502548126
12/30/1983 16:00:00	0.532577263801
1/3/1984 16:00:00	0.526347549643
1/4/1984 16:00:00	0.545174724412
1/5/1984 16:00:00	0.564442256344
1/6/1984 16:00:00	0.584910235809
1/9/1984 16:00:00	0.580746091228
1/10/1984 16:00:00	0.582084325006
1/11/1984 16:00:00	0.582209103982
1/12/1984 16:00:00	0.581094293984
1/13/1984 16:00:00	0.57633591277
1/16/1984 16:00:00	0.572221493973
1/17/1984 16:00:00	0.575356352281
1/18/1984 16:00:00	0.576689271523
1/19/1984 16:00:00	0.571335854436
1/20/1984 16:00:00	0.558818476138
1/23/1984 16:00:00	0.533610972859
1/24/1984 16:00:00	0.52525922428
1/25/1984 16:00:00	0.516861386325
1/26/1984 16:00:00	0.506316016425
1/27/1984 16:00:00	0.492733612864
1/30/1984 16:00:00	0.470708632732
1/31/1984 16:00:00	0.46610093507
2/1/1984 16:00:00	0.455241539473
2/2/1984 16:00:00	0.4538196102
2/3/1984 16:00:00	0.442252962218
2/6/1984 16:00:00	0.414729455575
2/7/1984 16:00:00	0.410505811377
2/8/1984 16:00:00	0.392028162351
2/9/1984 16:00:00	0.380992123997
2/10/1984 16:00:00	0.391170796449
2/13/1984 16:00:00	0.375054644773
2/14/1984 16:00:00	0.38286602656
2/15/1984 16:00:00	0.383911350792
2/16/1984 16:00:00	0.37945547469
2/17/1984 16:00:00	0.376860146755
2/21/1984 16:00:00	0.370775649957
2/22/1984 16:00:00	0.36688220965
2/23/1984 16:00:00	0.357246092876
2/24/1984 16:00:00	0.375577577221
2/27/1984 16:00:00	0.388322911941
2/28/1984 16:00:00	0.375557282863
2/29/1984 16:00:00	0.372990098799
3/1/1984 16:00:00	0.383428805039
3/2/1984 16:00:00	0.392107535507
3/5/1984 16:00:00	0.38448109417
3/6/1984 16:00:00	0.376385805085
3/7/1984 16:00:00	0.362674116305
3/8/1984 16:00:00	0.364558948991
3/9/1984 16:00:00	0.36116389195
3/12/1984 16:00:00	0.363915387219
3/13/1984 16:00:00	0.367884509359
3/14/1984 16:00:00	0.365796750135
3/15/1984 16:00:00	0.369001704
3/16/1984 16:00:00	0.378866889313
3/19/1984 16:00:00	0.370422881501
3/20/1984 16:00:00	0.374978514233
3/21/1984 16:00:00	0.373746096782
3/22/1984 16:00:00	0.365818464448
3/23/1984 16:00:00	0.362074491609
3/26/1984 16:00:00	0.358690745971
3/27/1984 16:00:00	0.357505620407
3/28/1984 16:00:00	0.365316212999
3/29/1984 16:00:00	0.367662615689
3/30/1984 16:00:00	0.363811640944
4/2/1984 16:00:00	0.359219372755
4/3/1984 16:00:00	0.354988634175
4/4/1984 16:00:00	0.352934769372
4/5/1984 16:00:00	0.340607204826
4/6/1984 16:00:00	0.332867003932
4/9/1984 16:00:00	0.328037317085
4/10/1984 16:00:00	0.3301847536
4/11/1984 16:00:00	0.323362441005
4/12/1984 16:00:00	0.326323309458
4/13/1984 16:00:00	0.331706002741
4/16/1984 16:00:00	0.33099779527
4/17/1984 16:00:00	0.337547910185
4/18/1984 16:00:00	0.336824293295
4/19/1984 16:00:00	0.33651152788
4/23/1984 16:00:00	0.329685388527
4/24/1984 16:00:00	0.330220106461
4/25/1984 16:00:00	0.329125392021
4/26/1984 16:00:00	0.336854754573
4/27/1984 16:00:00	0.340672501353
4/30/1984 16:00:00	0.342439849858
5/1/1984 16:00:00	0.354114166018
5/2/1984 16:00:00	0.365292637357
5/3/1984 16:00:00	0.363204047314
5/4/1984 16:00:00	0.355500365335
5/7/1984 16:00:00	0.357322760477
5/8/1984 16:00:00	0.361280806097
5/9/1984 16:00:00	0.361795703699
5/10/1984 16:00:00	0.362740833188
5/11/1984 16:00:00	0.352444794797
5/14/1984 16:00:00	0.345014332121
5/15/1984 16:00:00	0.34511961674
5/16/1984 16:00:00	0.343546951382
5/17/1984 16:00:00	0.332414632081
5/18/1984 16:00:00	0.326116058211
5/21/1984 16:00:00	0.319824147362
5/22/1984 16:00:00	0.310425403668
5/23/1984 16:00:00	0.305566257075
5/24/1984 16:00:00	0.28922149138
5/25/1984 16:00:00	0.288209443349
5/29/1984 16:00:00	0.278347876895
5/30/1984 16:00:00	0.275565559007
5/31/1984 16:00:00	0.27853257424
6/1/1984 16:00:00	0.289363915513
6/4/1984 16:00:00	0.299824515079
6/5/1984 16:00:00	0.2980226397
6/6/1984 16:00:00	0.301891578762
6/7/1984 16:00:00	0.303121573481
6/8/1984 16:00:00	0.304735507713
6/11/1984 16:00:00	0.295657545056
6/12/1984 16:00:00	0.291251177165
6/13/1984 16:00:00	0.293940347201
6/14/1984 16:00:00	0.285559036478
6/15/1984 16:00:00	0.285284129247
6/18/1984 16:00:00	0.289293136286
6/19/1984 16:00:00	0.293055193727
6/20/1984 16:00:00	0.294618534874
6/21/1984 16:00:00	0.299522445971
6/22/1984 16:00:00	0.304015804351
6/25/1984 16:00:00	0.302951273714
6/26/1984 16:00:00	0.295168628719
6/27/1984 16:00:00	0.288555464574
6/28/1984 16:00:00	0.29232512354
6/29/1984 16:00:00	0.296122044913
7/2/1984 16:00:00	0.290246601643
7/3/1984 16:00:00	0.291429818969
7/5/1984 16:00:00	0.289309051631
7/6/1984 16:00:00	0.284990121747
7/9/1984 16:00:00	0.28580297642
7/10/1984 16:00:00	0.282971357599
7/11/1984 16:00:00	0.277364939886
7/12/1984 16:00:00	0.274956728898
7/13/1984 16:00:00	0.276462354408
7/16/1984 16:00:00	0.272645103339
7/17/1984 16:00:00	0.271670156279
7/18/1984 16:00:00	0.266839886647
7/19/1984 16:00:00	0.262066051766
7/20/1984 16:00:00	0.256758597585
7/23/1984 16:00:00	0.248747732153
7/24/1984 16:00:00	0.243957675618
7/25/1984 16:00:00	0.242415811425
7/26/1984 16:00:00	0.247941753057
7/27/1984 16:00:00	0.254941321015
7/30/1984 16:00:00	0.253348960517
7/31/1984 16:00:00	0.255765261036
8/1/1984 16:00:00	0.267842184059
8/2/1984 16:00:00	0.286509276501
8/3/1984 16:00:00	0.312438482553
8/6/1984 16:00:00	0.32398983348
8/7/1984 16:00:00	0.322875647914
8/8/1984 16:00:00	0.318247515494
8/9/1984 16:00:00	0.326733003353
8/10/1984 16:00:00	0.334670156558
8/13/1984 16:00:00	0.33033544403
8/14/1984 16:00:00	0.327621876613
8/15/1984 16:00:00	0.323059202927
8/16/1984 16:00:00	0.32497143636
8/17/1984 16:00:00	0.325032064756
8/20/1984 16:00:00	0.324015292224
8/21/1984 16:00:00	0.335689817166
8/22/1984 16:00:00	0.337743386301
8/23/1984 16:00:00	0.338205203235
8/24/1984 16:00:00	0.34067484531
8/27/1984 16:00:00	0.33428614725
8/28/1984 16:00:00	0.338324907583
8/29/1984 16:00:00	0.339591725823
8/30/1984 16:00:00	0.338456721733
8/31/1984 16:00:00	0.338114504381
9/4/1984 16:00:00	0.324958455116
9/5/1984 16:00:00	0.321507405727
9/6/1984 16:00:00	0.327370814825
9/7/1984 16:00:00	0.325081068603
9/10/1984 16:00:00	0.320081008046
9/11/1984 16:00:00	0.324774030991
9/12/1984 16:00:00	0.322900670419
9/13/1984 16:00:00	0.329933117302
9/14/1984 16:00:00	0.338537825372
9/17/1984 16:00:00	0.337403949622
9/18/1984 16:00:00	0.331585188727
9/19/1984 16:00:00	0.327316569234
9/20/1984 16:00:00	0.327383536085
9/21/1984 16:00:00	0.32550607837
9/24/1984 16:00:00	0.317816379843
9/25/1984 16:00:00	0.314551325307
9/26/1984 16:00:00	0.315020281754
9/27/1984 16:00:00	0.315031756807
9/28/1984 16:00:00	0.313306140085
10/1/1984 16:00:00	0.305438863813
10/2/1984 16:00:00	0.298448812027
10/3/1984 16:00:00	0.293489708487
10/4/1984 16:00:00	0.2946562534
10/5/1984 16:00:00	0.295379826048
10/8/1984 16:00:00	0.291940095249
10/9/1984 16:00:00	0.289878768487
10/10/1984 16:00:00	0.286760931162
10/11/1984 16:00:00	0.29151348184
10/12/1984 16:00:00	0.296549731977
10/15/1984 16:00:00	0.301736750147
10/16/1984 16:00:00	0.299988894259
10/17/1984 16:00:00	0.298982536646
10/18/1984 16:00:00	0.308564532946
10/19/1984 16:00:00	0.31341643815
10/22/1984 16:00:00	0.310887309215
10/23/1984 16:00:00	0.310614912716
10/24/1984 16:00:00	0.311107826775
10/25/1984 16:00:00	0.304255113052
10/26/1984 16:00:00	0.298110326337
10/29/1984 16:00:00	0.294587361468
10/30/1984 16:00:00	0.297932194122
10/31/1984 16:00:00	0.2958526023
11/1/1984 16:00:00	0.299204436218
11/2/1984 16:00:00	0.298934914762
11/5/1984 16:00:00	0.300122179966
11/6/1984 16:00:00	0.307428249149
11/7/1984 16:00:00	0.304672432058
11/8/1984 16:00:00	0.303316658781
11/9/1984 16:00:00	0.303055469436
11/12/1984 16:00:00	0.30206822441
11/13/1984 16:00:00	0.296333819079
11/14/1984 16:00:00	0.293199617534
11/15/1984 16:00:00	0.289372187363
11/16/1984 16:00:00	0.286022320741
11/19/1984 16:00:00	0.278039589377
11/20/1984 16:00:00	0.27884253625
11/21/1984 16:00:00	0.277921556416
11/23/1984 16:00:00	0.285624344572
11/26/1984 16:00:00	0.283991876369
11/27/1984 16:00:00	0.309464667306
11/28/1984 16:00:00	0.303299782978
11/29/1984 16:00:00	0.276976471024
11/30/1984 16:00:00	0.272989749366
12/3/1984 16:00:00	0.267678725836
12/4/1984 16:00:00	0.267123547363
12/5/1984 16:00:00	0.259972344196
12/6/1984 16:00:00	0.260434412644
12/7/1984 16:00:00	0.261542215534
12/10/1984 16:00:00	0.297099137726
12/11/1984 16:00:00	0.256227464381
12/12/1984 16:00:00	0.255056702223
12/13/1984 16:00:00	0.253571026739
12/14/1984 16:00:00	0.256269949261
12/17/1984 16:00:00	0.254463105579
12/18/1984 16:00:00	0.269645659096
12/19/1984 16:00:00	0.276408727878
12/20/1984 16:00:00	0.273237620609
12/21/1984 16:00:00	0.274045161495
12/24/1984 16:00:00	0.277137394953
12/26/1984 16:00:00	0.279667886722
12/27/1984 16:00:00	0.275359501163
12/28/1984 16:00:00	0.276841620505
12/31/1984 16:00:00	0.280702389445
1/2/1985 16:00:00	0.276372632855
1/3/1985 16:00:00	0.27783787093
1/4/1985 16:00:00	0.27660034332
1/7/1985 16:00:00	0.275718971706
1/8/1985 16:00:00	0.275853159814
1/9/1985 16:00:00	0.280043649822
1/10/1985 16:00:00	0.291366189384
1/11/1985 16:00:00	0.29640787961
1/14/1985 16:00:00	0.307795440942
1/15/1985 16:00:00	0.315925339678
1/16/1985 16:00:00	0.324473229204
1/17/1985 16:00:00	0.327986566605
1/18/1985 16:00:00	0.334937544916
1/21/1985 16:00:00	0.347265407432
1/22/1985 16:00:00	0.354873995483
1/23/1985 16:00:00	0.363680179524
1/24/1985 16:00:00	0.369889650587
1/25/1985 16:00:00	0.376576706575
1/28/1985 16:00:00	0.380334645999
1/29/1985 16:00:00	0.385046407392
1/30/1985 16:00:00	0.394839452827
1/31/1985 16:00:00	0.394966603464
2/1/1985 16:00:00	0.393376768049
2/4/1985 16:00:00	0.403189230777
2/5/1985 16:00:00	0.410672724323
2/6/1985 16:00:00	0.418581095645
2/7/1985 16:00:00	0.429807655777
2/8/1985 16:00:00	0.435352302922
2/11/1985 16:00:00	0.430469386504
2/12/1985 16:00:00	0.426535306265
2/13/1985 16:00:00	0.433846826741
2/14/1985 16:00:00	0.433966608666
2/15/1985 16:00:00	0.430457016651
2/19/1985 16:00:00	0.426518978975
2/20/1985 16:00:00	0.42798314537
2/21/1985 16:00:00	0.426304003564
2/22/1985 16:00:00	0.422390459545
2/25/1985 16:00:00	0.412389114843
2/26/1985 16:00:00	0.41634370032
2/27/1985 16:00:00	0.412187322011
2/28/1985 16:00:00	0.412325484258
3/1/1985 16:00:00	0.425018853374
3/4/1985 16:00:00	0.424241018144
3/5/1985 16:00:00	0.423910379509
3/6/1985 16:00:00	0.416462806698
3/7/1985 16:00:00	0.406147993293
3/8/1985 16:00:00	0.402380190833
3/11/1985 16:00:00	0.396920523454
3/12/1985 16:00:00	0.397477287296
3/13/1985 16:00:00	0.383650076011
3/14/1985 16:00:00	0.380428294722
3/15/1985 16:00:00	0.382187010432
3/18/1985 16:00:00	0.37815570761
3/19/1985 16:00:00	0.385271708751
3/20/1985 16:00:00	0.384558257436
3/21/1985 16:00:00	0.3850977231
3/22/1985 16:00:00	0.384385355239
3/25/1985 16:00:00	0.373284120956
3/26/1985 16:00:00	0.372594087326
3/27/1985 16:00:00	0.378020770593
3/28/1985 16:00:00	0.38021814662
3/29/1985 16:00:00	0.384038223344
4/1/1985 16:00:00	0.388202217608
4/2/1985 16:00:00	0.385390707704
4/3/1985 16:00:00	0.377713110766
4/4/1985 16:00:00	0.375376667057
4/8/1985 16:00:00	0.371416680496
4/9/1985 16:00:00	0.371536704292
4/10/1985 16:00:00	0.380159826044
4/11/1985 16:00:00	0.385099609042
4/12/1985 16:00:00	0.386870059357
4/15/1985 16:00:00	0.388654744201
4/16/1985 16:00:00	0.393360019187
4/17/1985 16:00:00	0.397268688436
4/18/1985 16:00:00	0.39613354745
4/19/1985 16:00:00	0.394586968594
4/22/1985 16:00:00	0.390107397162
4/23/1985 16:00:00	0.39318042696
4/24/1985 16:00:00	0.39499822807
4/25/1985 16:00:00	0.398505818992
4/26/1985 16:00:00	0.398634168328
4/29/1985 16:00:00	0.38988007971
4/30/1985 16:00:00	0.383334704874
5/1/1985 16:00:00	0.378920847026
5/2/1985 16:00:00	0.376272572514
5/3/1985 16:00:00	0.381161390936
5/6/1985 16:00:00	0.379237654259
5/7/1985 16:00:00	0.383050843166
5/8/1985 16:00:00	0.383597546101
5/9/1985 16:00:00	0.392382895435
5/10/1985 16:00:00	0.409534247398
5/13/1985 16:00:00	0.411810210187
5/14/1985 16:00:00	0.409783781909
5/15/1985 16:00:00	0.412923543573
5/16/1985 16:00:00	0.418122847523
5/17/1985 16:00:00	0.426079974349
5/20/1985 16:00:00	0.43799559217
5/21/1985 16:00:00	0.435109436994
5/22/1985 16:00:00	0.430789854588
5/23/1985 16:00:00	0.426940464161
5/24/1985 16:00:00	0.426198634911
5/28/1985 16:00:00	0.42062961078
5/29/1985 16:00:00	0.419027729047
5/30/1985 16:00:00	0.415685968816
5/31/1985 16:00:00	0.419287299344
6/3/1985 16:00:00	0.418127203169
6/4/1985 16:00:00	0.419566431585
6/5/1985 16:00:00	0.422745012212
6/6/1985 16:00:00	0.422881264029
6/7/1985 16:00:00	0.418652157374
6/10/1985 16:00:00	0.417061910993
6/11/1985 16:00:00	0.415903700977
6/12/1985 16:00:00	0.412162327726
6/13/1985 16:00:00	0.399978809455
6/14/1985 16:00:00	0.404334372303
6/17/1985 16:00:00	0.401526000641
6/18/1985 16:00:00	0.40336668666
6/19/1985 16:00:00	0.404382514955
6/20/1985 16:00:00	0.400746701788
6/21/1985 16:00:00	0.405944744347
6/24/1985 16:00:00	0.411076893768
6/25/1985 16:00:00	0.420625355876
6/26/1985 16:00:00	0.425108516765
6/27/1985 16:00:00	0.433012018092
6/28/1985 16:00:00	0.43668825268
7/1/1985 16:00:00	0.437708684806
7/2/1985 16:00:00	0.439169401409
7/3/1985 16:00:00	0.440632224714
7/5/1985 16:00:00	0.44610410067
7/8/1985 16:00:00	0.442176526644
7/9/1985 16:00:00	0.43916655024
7/10/1985 16:00:00	0.444643793358
7/11/1985 16:00:00	0.453204767219
7/12/1985 16:00:00	0.461526140626
7/15/1985 16:00:00	0.463966603138
7/16/1985 16:00:00	0.473685296709
7/17/1985 16:00:00	0.485528134422
7/18/1985 16:00:00	0.480886917683
7/19/1985 16:00:00	0.484792110842
7/22/1985 16:00:00	0.479696459116
7/23/1985 16:00:00	0.476518818808
7/24/1985 16:00:00	0.464449373153
7/25/1985 16:00:00	0.467359172222
7/26/1985 16:00:00	0.467966921406
7/29/1985 16:00:00	0.45062512496
7/30/1985 16:00:00	0.448959525881
7/31/1985 16:00:00	0.451803655518
8/1/1985 16:00:00	0.46355166606
8/2/1985 16:00:00	0.465506854637
8/5/1985 16:00:00	0.454224206682
8/6/1985 16:00:00	0.445287457055
8/7/1985 16:00:00	0.436140514535
8/8/1985 16:00:00	0.438040359081
8/9/1985 16:00:00	0.439393735777
8/12/1985 16:00:00	0.435657004465
8/13/1985 16:00:00	0.429622809718
8/14/1985 16:00:00	0.431929398764
8/15/1985 16:00:00	0.431592082471
8/16/1985 16:00:00	0.426452115719
8/19/1985 16:00:00	0.422233563129
8/20/1985 16:00:00	0.425375212413
8/21/1985 16:00:00	0.430705463757
8/22/1985 16:00:00	0.426919296174
8/23/1985 16:00:00	0.425751211668
8/26/1985 16:00:00	0.423723694846
8/27/1985 16:00:00	0.422129013428
8/28/1985 16:00:00	0.426127313498
8/29/1985 16:00:00	0.427123940109
8/30/1985 16:00:00	0.428555142232
9/3/1985 16:00:00	0.423477785114
9/4/1985 16:00:00	0.418858750758
9/5/1985 16:00:00	0.417277672284
9/6/1985 16:00:00	0.420820985982
9/9/1985 16:00:00	0.420099655677
9/10/1985 16:00:00	0.412952869033
9/11/1985 16:00:00	0.399657742074
9/12/1985 16:00:00	0.393164741125
9/13/1985 16:00:00	0.381942484023
9/16/1985 16:00:00	0.374455469512
9/17/1985 16:00:00	0.357269247852
9/18/1985 16:00:00	0.356633339891
9/19/1985 16:00:00	0.366331927391
9/20/1985 16:00:00	0.369085456997
9/23/1985 16:00:00	0.375474365233
9/24/1985 16:00:00	0.367389672355
9/25/1985 16:00:00	0.358160351283
9/26/1985 16:00:00	0.351765473906
9/30/1985 16:00:00	0.351893911245
10/1/1985 16:00:00	0.357295340896
10/2/1985 16:00:00	0.344460803031
10/3/1985 16:00:00	0.344632773735
10/4/1985 16:00:00	0.336973197033
10/7/1985 16:00:00	0.31951747218
10/8/1985 16:00:00	0.310078651251
10/9/1985 16:00:00	0.322623073967
10/10/1985 16:00:00	0.329554505332
10/11/1985 16:00:00	0.343899800984
10/14/1985 16:00:00	0.363488301166
10/15/1985 16:00:00	0.365106498288
10/16/1985 16:00:00	0.373871180593
10/17/1985 16:00:00	0.377771939498
10/18/1985 16:00:00	0.373351276293
10/21/1985 16:00:00	0.366811515663
10/22/1985 16:00:00	0.373899422418
10/23/1985 16:00:00	0.379752433636
10/24/1985 16:00:00	0.383615467801
10/25/1985 16:00:00	0.367636650679
10/28/1985 16:00:00	0.366503775452
10/29/1985 16:00:00	0.381506399719
10/30/1985 16:00:00	0.384908899049
10/31/1985 16:00:00	0.381744839344
11/1/1985 16:00:00	0.389351143812
11/4/1985 16:00:00	0.386699641779
11/5/1985 16:00:00	0.390409515154
11/6/1985 16:00:00	0.399573950244
11/7/1985 16:00:00	0.40172337945
11/8/1985 16:00:00	0.418231755809
11/11/1985 16:00:00	0.429927905284
11/12/1985 16:00:00	0.44483389382
11/13/1985 16:00:00	0.437336602981
11/14/1985 16:00:00	0.444277071838
11/15/1985 16:00:00	0.447677842189
11/18/1985 16:00:00	0.444915859124
11/19/1985 16:00:00	0.451332493053
11/20/1985 16:00:00	0.446945001329
11/21/1985 16:00:00	0.462089519508
11/22/1985 16:00:00	0.465792043567
11/25/1985 16:00:00	0.456065801527
11/26/1985 16:00:00	0.464794655569
11/27/1985 16:00:00	0.484937239295
11/29/1985 16:00:00	0.487946520313
12/2/1985 16:00:00	0.47741287549
12/3/1985 16:00:00	0.477562148137
12/4/1985 16:00:00	0.508195432157
12/5/1985 16:00:00	0.513997562953
12/6/1985 16:00:00	0.49554932477
12/9/1985 16:00:00	0.501398520795
12/10/1985 16:00:00	0.506817486655
12/11/1985 16:00:00	0.520771031638
12/12/1985 16:00:00	0.527470863524
12/13/1985 16:00:00	0.555873422941
12/16/1985 16:00:00	0.561600910702
12/17/1985 16:00:00	0.547537978917
12/18/1985 16:00:00	0.542213183451
12/19/1985 16:00:00	0.551516902938
12/20/1985 16:00:00	0.555312910849
12/23/1985 16:00:00	0.535578113729
12/24/1985 16:00:00	0.526648157835
12/26/1985 16:00:00	0.530096946169
12/27/1985 16:00:00	0.543623227271
12/30/1985 16:00:00	0.548953114379
12/31/1985 16:00:00	0.552878408987
1/2/1986 16:00:00	0.53920115489
1/3/1986 16:00:00	0.530091103807
1/6/1986 16:00:00	0.527318927365
1/7/1986 16:00:00	0.556489047391
1/8/1986 16:00:00	0.535602915806
1/9/1986 16:00:00	0.506313659814
1/10/1986 16:00:00	0.514972856436
1/13/1986 16:00:00	0.509002411631
1/14/1986 16:00:00	0.50963729703
1/15/1986 16:00:00	0.537144827557
1/16/1986 16:00:00	0.555438301114
1/17/1986 16:00:00	0.551409522799
1/20/1986 16:00:00	0.53650521813
1/21/1986 16:00:00	0.529828293965
1/22/1986 16:00:00	0.511563268557
1/23/1986 16:00:00	0.507108863605
1/24/1986 16:00:00	0.517692156983
1/27/1986 16:00:00	0.524424714474
1/28/1986 16:00:00	0.538422665611
1/29/1986 16:00:00	0.551134996545
1/30/1986 16:00:00	0.539936446132
1/31/1986 16:00:00	0.548552499931
2/3/1986 16:00:00	0.564433025171
2/4/1986 16:00:00	0.568565967158
2/5/1986 16:00:00	0.582294805995
2/6/1986 16:00:00	0.593795421552
2/7/1986 16:00:00	0.603548669309
2/10/1986 16:00:00	0.612411936894
2/11/1986 16:00:00	0.613769610078
2/12/1986 16:00:00	0.61872827613
2/13/1986 16:00:00	0.624973489622
2/14/1986 16:00:00	0.637933492988
2/18/1986 16:00:00	0.645337164151
2/19/1986 16:00:00	0.629803679893
2/20/1986 16:00:00	0.633480756252
2/21/1986 16:00:00	0.649328659689
2/24/1986 16:00:00	0.635831790458
2/25/1986 16:00:00	0.62449416802
2/26/1986 16:00:00	0.616993870841
2/27/1986 16:00:00	0.638542981615
2/28/1986 16:00:00	0.636723809821
3/3/1986 16:00:00	0.626949109754
3/4/1986 16:00:00	0.637335189073
3/5/1986 16:00:00	0.632806228408
3/6/1986 16:00:00	0.639874089609
3/7/1986 16:00:00	0.638202751277
3/10/1986 16:00:00	0.661244778925
3/11/1986 16:00:00	0.70132665795
3/12/1986 16:00:00	0.719303372535
3/13/1986 16:00:00	0.724531193757
3/14/1986 16:00:00	0.723886025104
3/17/1986 16:00:00	0.714017947512
3/18/1986 16:00:00	0.731965538515
3/19/1986 16:00:00	0.729232485743
3/20/1986 16:00:00	0.733563401467
3/21/1986 16:00:00	0.736130257718
3/24/1986 16:00:00	0.721994790892
3/25/1986 16:00:00	0.727334136079
3/26/1986 16:00:00	0.723444210402
3/27/1986 16:00:00	0.739463332798
3/31/1986 16:00:00	0.746215261363
4/1/1986 16:00:00	0.739507486483
4/2/1986 16:00:00	0.746027886689
4/3/1986 16:00:00	0.74236633333
4/4/1986 16:00:00	0.716778715341
4/7/1986 16:00:00	0.70198788231
4/8/1986 16:00:00	0.74298670751
4/9/1986 16:00:00	0.744382833543
4/10/1986 16:00:00	0.784511059332
4/11/1986 16:00:00	0.79795738195
4/14/1986 16:00:00	0.817210930629
4/15/1986 16:00:00	0.832534612898
4/16/1986 16:00:00	0.896080075951
4/17/1986 16:00:00	0.898210052027
4/18/1986 16:00:00	0.874015107958
4/21/1986 16:00:00	0.887859713466
4/22/1986 16:00:00	0.87611625697
4/23/1986 16:00:00	0.868884152988
4/24/1986 16:00:00	0.907948312597
4/25/1986 16:00:00	0.917675141298
4/28/1986 16:00:00	0.907493772904
4/29/1986 16:00:00	0.878825262645
4/30/1986 16:00:00	0.822625079479
5/1/1986 16:00:00	0.810862235324
5/2/1986 16:00:00	0.823032018335
5/5/1986 16:00:00	0.856440773092
5/6/1986 16:00:00	0.855653792343
5/7/1986 16:00:00	0.840909576725
5/8/1986 16:00:00	0.85499816857
5/9/1986 16:00:00	0.866782181391
5/12/1986 16:00:00	0.863523883474
5/13/1986 16:00:00	0.851479574016
5/14/1986 16:00:00	0.85021110566
5/15/1986 16:00:00	0.82953278557
5/16/1986 16:00:00	0.816698106441
5/19/1986 16:00:00	0.821166121179
5/20/1986 16:00:00	0.847611085461
5/21/1986 16:00:00	0.854040416181
5/22/1986 16:00:00	0.88913408122
5/23/1986 16:00:00	0.897511979779
5/27/1986 16:00:00	0.913929966914
5/28/1986 16:00:00	0.915555903836
5/29/1986 16:00:00	0.920334034465
5/30/1986 16:00:00	0.946063229104
6/2/1986 16:00:00	0.925811226633
6/3/1986 16:00:00	0.926584472827
6/4/1986 16:00:00	0.921095141529
6/5/1986 16:00:00	0.929627639685
6/6/1986 16:00:00	0.920872243983
6/9/1986 16:00:00	0.864403180084
6/10/1986 16:00:00	0.855591552202
6/11/1986 16:00:00	0.886383982646
6/12/1986 16:00:00	0.891309455241
6/13/1986 16:00:00	0.923925377128
6/16/1986 16:00:00	0.896796561163
6/17/1986 16:00:00	0.858997122079
6/18/1986 16:00:00	0.856913322729
6/19/1986 16:00:00	0.869349002153
6/20/1986 16:00:00	0.873793297259
6/23/1986 16:00:00	0.87275103829
6/24/1986 16:00:00	0.892627185126
6/25/1986 16:00:00	0.91204670252
6/26/1986 16:00:00	0.906743581741
6/27/1986 16:00:00	0.904406096085
6/30/1986 16:00:00	0.920626488289
7/1/1986 16:00:00	0.932041389718
7/2/1986 16:00:00	0.942316547163
7/3/1986 16:00:00	0.951271564217
7/7/1986 16:00:00	0.831150913621
7/8/1986 16:00:00	0.761572332056
7/9/1986 16:00:00	0.793141779429
7/10/1986 16:00:00	0.775497055163
7/11/1986 16:00:00	0.753374792168
7/14/1986 16:00:00	0.700136621491
7/15/1986 16:00:00	0.657084512713
7/16/1986 16:00:00	0.672059568533
7/17/1986 16:00:00	0.686288747945
7/18/1986 16:00:00	0.676098595263
7/21/1986 16:00:00	0.666294830128
7/22/1986 16:00:00	0.670379552849
7/23/1986 16:00:00	0.666843605832
7/24/1986 16:00:00	0.667873868484
7/25/1986 16:00:00	0.680812589897
7/28/1986 16:00:00	0.642460400606
7/29/1986 16:00:00	0.62485743766
7/30/1986 16:00:00	0.628585287116
7/31/1986 16:00:00	0.630632535836
8/1/1986 16:00:00	0.623526973432
8/4/1986 16:00:00	0.601557108754
8/5/1986 16:00:00	0.592780233704
8/6/1986 16:00:00	0.57594549127
8/7/1986 16:00:00	0.577452796091
8/8/1986 16:00:00	0.596813209064
8/11/1986 16:00:00	0.636032630857
8/12/1986 16:00:00	0.656908046012
8/13/1986 16:00:00	0.680310380078
8/14/1986 16:00:00	0.695829294598
8/15/1986 16:00:00	0.689576601819
8/18/1986 16:00:00	0.68217848609
8/19/1986 16:00:00	0.675251217392
8/20/1986 16:00:00	0.690668107424
8/21/1986 16:00:00	0.693794340342
8/22/1986 16:00:00	0.706380514758
8/25/1986 16:00:00	0.691460299239
8/26/1986 16:00:00	0.708304333489
8/27/1986 16:00:00	0.72007543829
8/28/1986 16:00:00	0.720033420717
8/29/1986 16:00:00	0.714734262496
9/2/1986 16:00:00	0.680987713517
9/3/1986 16:00:00	0.68717429016
9/4/1986 16:00:00	0.708463934773
9/5/1986 16:00:00	0.683857967273
9/8/1986 16:00:00	0.640719972327
9/9/1986 16:00:00	0.630004752929
9/10/1986 16:00:00	0.616432941782
9/11/1986 16:00:00	0.535848450375
9/12/1986 16:00:00	0.495787136864
9/15/1986 16:00:00	0.494467263111
9/16/1986 16:00:00	0.497158374128
9/17/1986 16:00:00	0.509899627014
9/18/1986 16:00:00	0.529191199811
9/19/1986 16:00:00	0.532577961278
9/22/1986 16:00:00	0.551500313657
9/23/1986 16:00:00	0.544641588913
9/24/1986 16:00:00	0.540482506744
9/25/1986 16:00:00	0.521323179022
9/26/1986 16:00:00	0.520692624357
9/29/1986 16:00:00	0.497128957437
9/30/1986 16:00:00	0.518415203194
10/1/1986 16:00:00	0.52679620289
10/2/1986 16:00:00	0.525985858124
10/3/1986 16:00:00	0.529516746058
10/6/1986 16:00:00	0.535648229765
10/7/1986 16:00:00	0.52542213837
10/8/1986 16:00:00	0.536659933788
10/9/1986 16:00:00	0.535220145254
10/10/1986 16:00:00	0.543059957352
10/13/1986 16:00:00	0.552140444129
10/14/1986 16:00:00	0.555254011764
10/15/1986 16:00:00	0.568356013287
10/16/1986 16:00:00	0.565639397153
10/17/1986 16:00:00	0.556895433613
10/20/1986 16:00:00	0.543632567281
10/21/1986 16:00:00	0.541293346743
10/22/1986 16:00:00	0.545346786225
10/23/1986 16:00:00	0.566605332517
10/24/1986 16:00:00	0.564077019649
10/27/1986 16:00:00	0.561323591153
10/28/1986 16:00:00	0.569743282154
10/29/1986 16:00:00	0.577046423917
10/30/1986 16:00:00	0.596685973449
10/31/1986 16:00:00	0.592646668303
11/3/1986 16:00:00	0.596377411577
11/4/1986 16:00:00	0.610311878478
11/5/1986 16:00:00	0.612668204678
11/6/1986 16:00:00	0.602615201753
11/7/1986 16:00:00	0.596056390398
11/10/1986 16:00:00	0.588134747035
11/11/1986 16:00:00	0.600704652468
11/12/1986 16:00:00	0.603218702885
11/13/1986 16:00:00	0.575967257335
11/14/1986 16:00:00	0.5767303877
11/17/1986 16:00:00	0.572673361969
11/18/1986 16:00:00	0.54193037764
11/19/1986 16:00:00	0.528737001222
11/20/1986 16:00:00	0.548454849401
11/21/1986 16:00:00	0.566652635527
11/24/1986 16:00:00	0.585309932944
11/25/1986 16:00:00	0.600475655168
11/26/1986 16:00:00	0.613732417918
11/28/1986 16:00:00	0.626801425518
12/1/1986 16:00:00	0.6126561607
12/2/1986 16:00:00	0.637449285807
12/3/1986 16:00:00	0.65267134631
12/4/1986 16:00:00	0.650962067179
12/5/1986 16:00:00	0.63841395645
12/8/1986 16:00:00	0.622637691369
12/9/1986 16:00:00	0.609904819102
12/10/1986 16:00:00	0.610685264292
12/11/1986 16:00:00	0.599439984869
12/12/1986 16:00:00	0.585567700494
12/15/1986 16:00:00	0.57427570719
12/16/1986 16:00:00	0.578891016816
12/17/1986 16:00:00	0.561175202959
12/18/1986 16:00:00	0.558558228213
12/19/1986 16:00:00	0.568957381077
12/22/1986 16:00:00	0.572367080394
12/23/1986 16:00:00	0.556768921324
12/24/1986 16:00:00	0.556321495091
12/26/1986 16:00:00	0.557634588666
12/29/1986 16:00:00	0.540682636146
12/30/1986 16:00:00	0.540390823191
12/31/1986 16:00:00	0.538276026365
1/2/1987 16:00:00	0.554232370547
1/5/1987 16:00:00	0.606797900108
1/6/1987 16:00:00	0.626853622865
1/7/1987 16:00:00	0.67586530467
1/8/1987 16:00:00	0.711459986645
1/9/1987 16:00:00	0.728882735109
1/12/1987 16:00:00	0.760721132701
1/13/1987 16:00:00	0.764792439721
1/14/1987 16:00:00	0.808047633124
1/15/1987 16:00:00	0.829731154969
1/16/1987 16:00:00	0.80454523468
1/19/1987 16:00:00	0.86261045155
1/20/1987 16:00:00	0.863137691409
1/21/1987 16:00:00	0.827499581406
1/22/1987 16:00:00	0.882721790286
1/23/1987 16:00:00	0.863613054751
1/26/1987 16:00:00	0.822344074432
1/27/1987 16:00:00	0.859672769472
1/28/1987 16:00:00	0.874189755091
1/29/1987 16:00:00	0.844171564554
1/30/1987 16:00:00	0.857968615547
2/2/1987 16:00:00	0.913523477237
2/3/1987 16:00:00	0.933102853536
2/4/1987 16:00:00	0.96430019003
2/5/1987 16:00:00	0.982684522805
2/6/1987 16:00:00	0.982051236333
2/9/1987 16:00:00	0.964537911934
2/10/1987 16:00:00	0.942307271038
2/11/1987 16:00:00	1.00171113209
2/12/1987 16:00:00	1.00600083852
2/13/1987 16:00:00	1.05335874252
2/17/1987 16:00:00	1.13367197697
2/18/1987 16:00:00	1.08779483176
2/19/1987 16:00:00	1.06302907534
2/20/1987 16:00:00	1.04142095516
2/23/1987 16:00:00	1.02370657919
2/24/1987 16:00:00	1.04446909905
2/25/1987 16:00:00	1.07943270553
2/26/1987 16:00:00	1.10057601897
2/27/1987 16:00:00	1.11019885321
3/2/1987 16:00:00	1.07886350795
3/3/1987 16:00:00	1.06930337281
3/4/1987 16:00:00	1.11682859952
3/5/1987 16:00:00	1.14170161981
3/6/1987 16:00:00	1.13391953573
3/9/1987 16:00:00	1.09987032627
3/10/1987 16:00:00	1.13521717108
3/11/1987 16:00:00	1.15015293983
3/12/1987 16:00:00	1.13942190424
3/13/1987 16:00:00	1.10907521061
3/16/1987 16:00:00	1.10054492438
3/17/1987 16:00:00	1.15718054087
3/18/1987 16:00:00	1.15923265022
3/19/1987 16:00:00	1.19437994257
3/20/1987 16:00:00	1.22925506586
3/23/1987 16:00:00	1.22029797298
3/24/1987 16:00:00	1.23466749491
3/25/1987 16:00:00	1.23425146073
3/26/1987 16:00:00	1.24345819648
3/27/1987 16:00:00	1.21036440075
3/30/1987 16:00:00	1.1095042167
3/31/1987 16:00:00	1.14877428112
4/1/1987 16:00:00	1.148755328
4/2/1987 16:00:00	1.1774445296
4/3/1987 16:00:00	1.24641412742
4/6/1987 16:00:00	1.23701816021
4/7/1987 16:00:00	1.16865740962
4/8/1987 16:00:00	1.20249479408
4/9/1987 16:00:00	1.19129270681
4/10/1987 16:00:00	1.1821702659
4/13/1987 16:00:00	1.09972463999
4/14/1987 16:00:00	1.02336847024
4/15/1987 16:00:00	1.06946788418
4/16/1987 16:00:00	1.09142332651
4/20/1987 16:00:00	1.06191893033
4/21/1987 16:00:00	1.10520887784
4/22/1987 16:00:00	1.09233900877
4/23/1987 16:00:00	1.08836114098
4/24/1987 16:00:00	1.02739263085
4/27/1987 16:00:00	1.01269364512
4/28/1987 16:00:00	1.04109663601
4/29/1987 16:00:00	1.05690401918
4/30/1987 16:00:00	1.10165153856
5/1/1987 16:00:00	1.11877017635
5/4/1987 16:00:00	1.12919021284
5/5/1987 16:00:00	1.18814973916
5/6/1987 16:00:00	1.17913398449
5/7/1987 16:00:00	1.19186824161
5/8/1987 16:00:00	1.19761017724
5/11/1987 16:00:00	1.1757292031
5/12/1987 16:00:00	1.17004999619
5/13/1987 16:00:00	1.19384039335
5/14/1987 16:00:00	1.20148057306
5/15/1987 16:00:00	1.14725402755
5/18/1987 16:00:00	1.10156614031
5/19/1987 16:00:00	1.02976981854
5/20/1987 16:00:00	1.0331363254
5/21/1987 16:00:00	1.04888142255
5/22/1987 16:00:00	1.03065572795
5/26/1987 16:00:00	1.09010629493
5/27/1987 16:00:00	1.10327305638
5/28/1987 16:00:00	1.14092420574
5/29/1987 16:00:00	1.1522189265
6/1/1987 16:00:00	1.09822651118
6/2/1987 16:00:00	1.07343575517
6/3/1987 16:00:00	1.09477627275
6/4/1987 16:00:00	1.10286187833
6/5/1987 16:00:00	1.09205106607
6/8/1987 16:00:00	1.12401668255
6/9/1987 16:00:00	1.15820030395
6/10/1987 16:00:00	1.16748028058
6/11/1987 16:00:00	1.16022141948
6/12/1987 16:00:00	1.17225587189
6/15/1987 16:00:00	1.15748982374
6/16/1987 16:00:00	1.18496495465
6/17/1987 16:00:00	1.18757644004
6/18/1987 16:00:00	1.20638548883
6/19/1987 16:00:00	1.19960892763
6/22/1987 16:00:00	1.21478953852
6/23/1987 16:00:00	1.19399992253
6/24/1987 16:00:00	1.19446217385
6/25/1987 16:00:00	1.18326228054
6/26/1987 16:00:00	1.17723307388
6/29/1987 16:00:00	1.16984884944
6/30/1987 16:00:00	1.14225849637
7/1/1987 16:00:00	1.14582039503
7/2/1987 16:00:00	1.16167831467
7/6/1987 16:00:00	1.13606686647
7/7/1987 16:00:00	1.11246334457
7/8/1987 16:00:00	1.10519677111
7/9/1987 16:00:00	1.11496279325
7/10/1987 16:00:00	1.12780413158
7/13/1987 16:00:00	1.15732777799
7/14/1987 16:00:00	1.23985462382
7/15/1987 16:00:00	1.23692373665
7/16/1987 16:00:00	1.25846986351
7/17/1987 16:00:00	1.25433581387
7/20/1987 16:00:00	1.21505359789
7/21/1987 16:00:00	1.20180233631
7/22/1987 16:00:00	1.20928180784
7/23/1987 16:00:00	1.16864505259
7/24/1987 16:00:00	1.19575866792
7/27/1987 16:00:00	1.19818659469
7/28/1987 16:00:00	1.20787075442
7/29/1987 16:00:00	1.22527648074
7/30/1987 16:00:00	1.25925261156
7/31/1987 16:00:00	1.25434008749
8/3/1987 16:00:00	1.23228660357
8/4/1987 16:00:00	1.24363135809
8/5/1987 16:00:00	1.28790213408
8/6/1987 16:00:00	1.35766031299
8/7/1987 16:00:00	1.39445900688
8/10/1987 16:00:00	1.44083936092
8/11/1987 16:00:00	1.4894751911
8/12/1987 16:00:00	1.46006279486
8/13/1987 16:00:00	1.44668499923
8/14/1987 16:00:00	1.44568882099
8/17/1987 16:00:00	1.4524566976
8/18/1987 16:00:00	1.38980685779
8/19/1987 16:00:00	1.4194157736
8/20/1987 16:00:00	1.49193561655
8/21/1987 16:00:00	1.52626164613
8/24/1987 16:00:00	1.50151779335
8/25/1987 16:00:00	1.52713796959
8/26/1987 16:00:00	1.53585108185
8/27/1987 16:00:00	1.52337990953
8/28/1987 16:00:00	1.48357647473
8/31/1987 16:00:00	1.49819981991
9/1/1987 16:00:00	1.43966067531
9/2/1987 16:00:00	1.41453866724
9/3/1987 16:00:00	1.39890795383
9/4/1987 16:00:00	1.37847833125
9/8/1987 16:00:00	1.29330395256
9/9/1987 16:00:00	1.32545415943
9/10/1987 16:00:00	1.39489481609
9/11/1987 16:00:00	1.41845443435
9/14/1987 16:00:00	1.39268124139
9/15/1987 16:00:00	1.33260078706
9/16/1987 16:00:00	1.31282404519
9/17/1987 16:00:00	1.3267255517
9/18/1987 16:00:00	1.31837901424
9/21/1987 16:00:00	1.23094262829
9/22/1987 16:00:00	1.30818594206
9/23/1987 16:00:00	1.35882383414
9/24/1987 16:00:00	1.36915770611
9/25/1987 16:00:00	1.37777476881
9/28/1987 16:00:00	1.36698640167
9/29/1987 16:00:00	1.35653687509
9/30/1987 16:00:00	1.38258034763
10/1/1987 16:00:00	1.46631044146
10/2/1987 16:00:00	1.51646969526
10/5/1987 16:00:00	1.55115093937
10/6/1987 16:00:00	1.42517198558
10/7/1987 16:00:00	1.39997340684
10/8/1987 16:00:00	1.33276087463
10/9/1987 16:00:00	1.30906970713
10/12/1987 16:00:00	1.25308159542
10/13/1987 16:00:00	1.28244388604
10/14/1987 16:00:00	1.21014455588
10/15/1987 16:00:00	1.12787696593
10/16/1987 16:00:00	0.955681842065
10/19/1987 16:00:00	0.522744391003
10/20/1987 16:00:00	0.404602360039
10/21/1987 16:00:00	0.529295947691
10/22/1987 16:00:00	0.441023522033
10/23/1987 16:00:00	0.400465960787
10/26/1987 16:00:00	0.259803449048
10/27/1987 16:00:00	0.268371053746
10/28/1987 16:00:00	0.276534251629
10/29/1987 16:00:00	0.354954076964
10/30/1987 16:00:00	0.402401221092
11/2/1987 16:00:00	0.419249063696
11/3/1987 16:00:00	0.377175657442
11/4/1987 16:00:00	0.383190947853
11/5/1987 16:00:00	0.422496517764
11/6/1987 16:00:00	0.402775455702
11/9/1987 16:00:00	0.368886142393
11/10/1987 16:00:00	0.345688156561
11/11/1987 16:00:00	0.360188711058
11/12/1987 16:00:00	0.39238950631
11/13/1987 16:00:00	0.377259308191
11/16/1987 16:00:00	0.373274777704
11/17/1987 16:00:00	0.343528745078
11/18/1987 16:00:00	0.352360204947
11/19/1987 16:00:00	0.324597103729
11/20/1987 16:00:00	0.322840130714
11/23/1987 16:00:00	0.329550808369
11/24/1987 16:00:00	0.348998093645
11/25/1987 16:00:00	0.351204926502
11/27/1987 16:00:00	0.339069803086
11/30/1987 16:00:00	0.294652143331
12/1/1987 16:00:00	0.294684160812
12/2/1987 16:00:00	0.299618108649
12/3/1987 16:00:00	0.266815316688
12/4/1987 16:00:00	0.251502274575
12/7/1987 16:00:00	0.267020536813
12/8/1987 16:00:00	0.288178916286
12/9/1987 16:00:00	0.307415771911
12/10/1987 16:00:00	0.302309154139
12/11/1987 16:00:00	0.307370965983
12/14/1987 16:00:00	0.348462910784
12/15/1987 16:00:00	0.354041825396
12/16/1987 16:00:00	0.383980508023
12/17/1987 16:00:00	0.375009537046
12/18/1987 16:00:00	0.411063707126
12/21/1987 16:00:00	0.420968714918
12/22/1987 16:00:00	0.416939394821
12/23/1987 16:00:00	0.436822056183
12/24/1987 16:00:00	0.437586970144
12/28/1987 16:00:00	0.392460905227
12/29/1987 16:00:00	0.404272247586
12/30/1987 16:00:00	0.427107979921
12/31/1987 16:00:00	0.418409877655
1/4/1988 16:00:00	0.462810956379
1/5/1988 16:00:00	0.483696967177
1/6/1988 16:00:00	0.500111989043
1/7/1988 16:00:00	0.522590553415
1/8/1988 16:00:00	0.42463322931
1/11/1988 16:00:00	0.429843116877
1/12/1988 16:00:00	0.404003552714
1/13/1988 16:00:00	0.402351167577
1/14/1988 16:00:00	0.40590429295
1/15/1988 16:00:00	0.435225675868
1/18/1988 16:00:00	0.428414474506
1/19/1988 16:00:00	0.419939898425
1/20/1988 16:00:00	0.375461122214
1/21/1988 16:00:00	0.378807319481
1/22/1988 16:00:00	0.389013195183
1/25/1988 16:00:00	0.409190702688
1/26/1988 16:00:00	0.394667994774
1/27/1988 16:00:00	0.395908886167
1/28/1988 16:00:00	0.412709378189
1/29/1988 16:00:00	0.424037052705
2/1/1988 16:00:00	0.41965487234
2/2/1988 16:00:00	0.422244169049
2/3/1988 16:00:00	0.402896743796
2/4/1988 16:00:00	0.408827922592
2/5/1988 16:00:00	0.413527979667
2/8/1988 16:00:00	0.41217711026
2/9/1988 16:00:00	0.420189271322
2/10/1988 16:00:00	0.446205167807
2/11/1988 16:00:00	0.451863321293
2/12/1988 16:00:00	0.45974351526
2/16/1988 16:00:00	0.472966564294
2/17/1988 16:00:00	0.474938043504
2/18/1988 16:00:00	0.474168449506
2/19/1988 16:00:00	0.485248608965
2/22/1988 16:00:00	0.512178667425
2/23/1988 16:00:00	0.521654417601
2/24/1988 16:00:00	0.532207381856
2/25/1988 16:00:00	0.516245188466
2/26/1988 16:00:00	0.514660553699
2/29/1988 16:00:00	0.532398629421
3/1/1988 16:00:00	0.532024436307
3/2/1988 16:00:00	0.554625802565
3/3/1988 16:00:00	0.567446125149
3/4/1988 16:00:00	0.575684726894
3/7/1988 16:00:00	0.585803568763
3/8/1988 16:00:00	0.59687321125
3/9/1988 16:00:00	0.61261973052
3/10/1988 16:00:00	0.583802219933
3/11/1988 16:00:00	0.578091919741
3/14/1988 16:00:00	0.590608045634
3/15/1988 16:00:00	0.581394118474
3/16/1988 16:00:00	0.601629230249
3/17/1988 16:00:00	0.609420906196
3/18/1988 16:00:00	0.60703772413
3/21/1988 16:00:00	0.585197433928
3/22/1988 16:00:00	0.595789084078
3/23/1988 16:00:00	0.587786718227
3/24/1988 16:00:00	0.543344356676
3/25/1988 16:00:00	0.525428813864
3/28/1988 16:00:00	0.524743345312
3/29/1988 16:00:00	0.531935507626
3/30/1988 16:00:00	0.517507125899
3/31/1988 16:00:00	0.527380725213
4/4/1988 16:00:00	0.510110136819
4/5/1988 16:00:00	0.523097354465
4/6/1988 16:00:00	0.556397225764
4/7/1988 16:00:00	0.562926524941
4/8/1988 16:00:00	0.577805525756
4/11/1988 16:00:00	0.587226526914
4/12/1988 16:00:00	0.588423908487
4/13/1988 16:00:00	0.590851125937
4/14/1988 16:00:00	0.52057177609
4/15/1988 16:00:00	0.519031409355
4/18/1988 16:00:00	0.522435903829
4/19/1988 16:00:00	0.529376886027
4/20/1988 16:00:00	0.51610909318
4/21/1988 16:00:00	0.50801318859
4/22/1988 16:00:00	0.518760390473
4/25/1988 16:00:00	0.528132589766
4/26/1988 16:00:00	0.549101670775
4/27/1988 16:00:00	0.553091410425
4/28/1988 16:00:00	0.548249255872
4/29/1988 16:00:00	0.540354605458
5/2/1988 16:00:00	0.547610685338
5/3/1988 16:00:00	0.568178757735
5/4/1988 16:00:00	0.564308593166
5/5/1988 16:00:00	0.555023963123
5/6/1988 16:00:00	0.549988177475
5/9/1988 16:00:00	0.528687469799
5/10/1988 16:00:00	0.522812343633
5/11/1988 16:00:00	0.490792294793
5/12/1988 16:00:00	0.498270902536
5/13/1988 16:00:00	0.516577225033
5/16/1988 16:00:00	0.526402271592
5/17/1988 16:00:00	0.51779411171
5/18/1988 16:00:00	0.483685504544
5/19/1988 16:00:00	0.483907320627
5/20/1988 16:00:00	0.479674794929
5/23/1988 16:00:00	0.460429352055
5/24/1988 16:00:00	0.472979182794
5/25/1988 16:00:00	0.470995638146
5/26/1988 16:00:00	0.477750653715
5/27/1988 16:00:00	0.475147136323
5/31/1988 16:00:00	0.506430738333
6/1/1988 16:00:00	0.53527227727
6/2/1988 16:00:00	0.532873299766
6/3/1988 16:00:00	0.546603734834
6/6/1988 16:00:00	0.562267105392
6/7/1988 16:00:00	0.562073741603
6/8/1988 16:00:00	0.592181364714
6/9/1988 16:00:00	0.589454000961
6/10/1988 16:00:00	0.60367002343
6/13/1988 16:00:00	0.607688360393
6/14/1988 16:00:00	0.617536323928
6/15/1988 16:00:00	0.620411598322
6/16/1988 16:00:00	0.60397482788
6/17/1988 16:00:00	0.598014005798
6/20/1988 16:00:00	0.590338171819
6/21/1988 16:00:00	0.605349413485
6/22/1988 16:00:00	0.626455896187
6/23/1988 16:00:00	0.626935522958
6/24/1988 16:00:00	0.629320739099
6/27/1988 16:00:00	0.606366172347
6/28/1988 16:00:00	0.636165043396
6/29/1988 16:00:00	0.631615029906
6/30/1988 16:00:00	0.64367800627
7/1/1988 16:00:00	0.652700583555
7/5/1988 16:00:00	0.672343693682
7/6/1988 16:00:00	0.656368829768
7/7/1988 16:00:00	0.645106884829
7/8/1988 16:00:00	0.631987463879
7/11/1988 16:00:00	0.626919053395
7/12/1988 16:00:00	0.621977838406
7/13/1988 16:00:00	0.630372930405
7/14/1988 16:00:00	0.635558669966
7/15/1988 16:00:00	0.633392358239
7/18/1988 16:00:00	0.635814777261
7/19/1988 16:00:00	0.604900320269
7/20/1988 16:00:00	0.599345863724
7/21/1988 16:00:00	0.571264417247
7/22/1988 16:00:00	0.565738540074
7/25/1988 16:00:00	0.562816411602
7/26/1988 16:00:00	0.544888350143
7/27/1988 16:00:00	0.52326292701
7/28/1988 16:00:00	0.530432379166
7/29/1988 16:00:00	0.556305561051
8/1/1988 16:00:00	0.558490748596
8/2/1988 16:00:00	0.549734792258
8/3/1988 16:00:00	0.554233796707
8/4/1988 16:00:00	0.554809971421
8/5/1988 16:00:00	0.542661550491
8/8/1988 16:00:00	0.541557269118
8/9/1988 16:00:00	0.518181359255
8/10/1988 16:00:00	0.477567178744
8/11/1988 16:00:00	0.493450602934
8/12/1988 16:00:00	0.485544362328
8/15/1988 16:00:00	0.45450428597
8/16/1988 16:00:00	0.474684221973
8/17/1988 16:00:00	0.47647803323
8/18/1988 16:00:00	0.481462485177
8/19/1988 16:00:00	0.474992677874
8/22/1988 16:00:00	0.450569227351
8/23/1988 16:00:00	0.447935038572
8/24/1988 16:00:00	0.466235237055
8/25/1988 16:00:00	0.454314370693
8/26/1988 16:00:00	0.457575596785
8/29/1988 16:00:00	0.471570725152
8/30/1988 16:00:00	0.46794912219
8/31/1988 16:00:00	0.45645034614
9/1/1988 16:00:00	0.433893451863
9/2/1988 16:00:00	0.458680787221
9/6/1988 16:00:00	0.462111910756
9/7/1988 16:00:00	0.463069395251
9/8/1988 16:00:00	0.469767769596
9/9/1988 16:00:00	0.489916008815
9/12/1988 16:00:00	0.490520753269
9/13/1988 16:00:00	0.492464827554
9/14/1988 16:00:00	0.50142980128
9/15/1988 16:00:00	0.487762311765
9/16/1988 16:00:00	0.497661712164
9/19/1988 16:00:00	0.492777729925
9/20/1988 16:00:00	0.498254293768
9/21/1988 16:00:00	0.506346768687
9/22/1988 16:00:00	0.509971516876
9/23/1988 16:00:00	0.502726966901
9/26/1988 16:00:00	0.488716538544
9/27/1988 16:00:00	0.487769999377
9/28/1988 16:00:00	0.497854225278
9/29/1988 16:00:00	0.5124162048
9/30/1988 16:00:00	0.516672794244
10/3/1988 16:00:00	0.494025428279
10/4/1988 16:00:00	0.489470337263
10/5/1988 16:00:00	0.485531702131
10/6/1988 16:00:00	0.488272408716
10/7/1988 16:00:00	0.485954881063
10/10/1988 16:00:00	0.47677212803
10/11/1988 16:00:00	0.482059603123
10/12/1988 16:00:00	0.462473193586
10/13/1988 16:00:00	0.47450138879
10/14/1988 16:00:00	0.478509289163
10/17/1988 16:00:00	0.481555901586
10/18/1988 16:00:00	0.491097513682
10/19/1988 16:00:00	0.490730359826
10/20/1988 16:00:00	0.518424432187
10/21/1988 16:00:00	0.512645464985
10/24/1988 16:00:00	0.500883734565
10/25/1988 16:00:00	0.49200329207
10/26/1988 16:00:00	0.482902047796
10/27/1988 16:00:00	0.465539467641
10/28/1988 16:00:00	0.470041860567
10/31/1988 16:00:00	0.468844970182
11/1/1988 16:00:00	0.46700345985
11/2/1988 16:00:00	0.461999443583
11/3/1988 16:00:00	0.463514781822
11/4/1988 16:00:00	0.45766044218
11/7/1988 16:00:00	0.439758698948
11/8/1988 16:00:00	0.45798566814
11/9/1988 16:00:00	0.455626775835
11/10/1988 16:00:00	0.453554307385
11/11/1988 16:00:00	0.421532145113
11/14/1988 16:00:00	0.419089400452
11/15/1988 16:00:00	0.412430191502
11/16/1988 16:00:00	0.393128856548
11/17/1988 16:00:00	0.397710041359
11/18/1988 16:00:00	0.399709821779
11/21/1988 16:00:00	0.379897888465
11/22/1988 16:00:00	0.383334790793
11/23/1988 16:00:00	0.402918345869
11/25/1988 16:00:00	0.391988940003
11/28/1988 16:00:00	0.393644156628
11/29/1988 16:00:00	0.401702271301
11/30/1988 16:00:00	0.415925907166
12/1/1988 16:00:00	0.431429234248
12/2/1988 16:00:00	0.433252517966
12/5/1988 16:00:00	0.442309586861
12/6/1988 16:00:00	0.450872492207
12/7/1988 16:00:00	0.441392816424
12/8/1988 16:00:00	0.433740665627
12/9/1988 16:00:00	0.432729240975
12/12/1988 16:00:00	0.42722293998
12/13/1988 16:00:00	0.420490870929
12/14/1988 16:00:00	0.424731156715
12/15/1988 16:00:00	0.430000371887
12/16/1988 16:00:00	0.447664835111
12/19/1988 16:00:00	0.457921730009
12/20/1988 16:00:00	0.455089184948
12/21/1988 16:00:00	0.451493974922
12/22/1988 16:00:00	0.451915371648
12/23/1988 16:00:00	0.45815300408
12/27/1988 16:00:00	0.454743136651
12/28/1988 16:00:00	0.45368406148
12/29/1988 16:00:00	0.465352701471
12/30/1988 16:00:00	0.470724682184
1/3/1989 16:00:00	0.448177755762
1/4/1989 16:00:00	0.470402779498
1/5/1989 16:00:00	0.469416957721
1/6/1989 16:00:00	0.469318787397
1/9/1989 16:00:00	0.469972450803
1/10/1989 16:00:00	0.464946234286
1/11/1989 16:00:00	0.468743465979
1/12/1989 16:00:00	0.479489421818
1/13/1989 16:00:00	0.479903404131
1/16/1989 16:00:00	0.48031907645
1/17/1989 16:00:00	0.462963994639
1/18/1989 16:00:00	0.474779411748
1/19/1989 16:00:00	0.489744640493
1/20/1989 16:00:00	0.487319072391
1/23/1989 16:00:00	0.469782433981
1/24/1989 16:00:00	0.48498240562
1/25/1989 16:00:00	0.495774278238
1/26/1989 16:00:00	0.515311950744
1/27/1989 16:00:00	0.511108169182
1/30/1989 16:00:00	0.521050916682
1/31/1989 16:00:00	0.534880127511
2/1/1989 16:00:00	0.550795975985
2/2/1989 16:00:00	0.563468309048
2/3/1989 16:00:00	0.563995102357
2/6/1989 16:00:00	0.558997548473
2/7/1989 16:00:00	0.581470934135
2/8/1989 16:00:00	0.562794212088
2/9/1989 16:00:00	0.550244465979
2/10/1989 16:00:00	0.523676351714
2/13/1989 16:00:00	0.520711129455
2/14/1989 16:00:00	0.522177542663
2/15/1989 16:00:00	0.536810894743
2/16/1989 16:00:00	0.539887086563
2/17/1989 16:00:00	0.545346654393
2/21/1989 16:00:00	0.541945767819
2/22/1989 16:00:00	0.520674534216
2/23/1989 16:00:00	0.526194432837
2/24/1989 16:00:00	0.509832604666
2/27/1989 16:00:00	0.502970831371
2/28/1989 16:00:00	0.502326033895
3/1/1989 16:00:00	0.500331298293
3/2/1989 16:00:00	0.515104226708
3/3/1989 16:00:00	0.517615742111
3/6/1989 16:00:00	0.531295753111
3/7/1989 16:00:00	0.523994852679
3/8/1989 16:00:00	0.519803941582
3/9/1989 16:00:00	0.511748742046
3/10/1989 16:00:00	0.508362248653
3/13/1989 16:00:00	0.51521803463
3/14/1989 16:00:00	0.51040629538
3/15/1989 16:00:00	0.510048659422
3/16/1989 16:00:00	0.524217069357
3/17/1989 16:00:00	0.48069476889
3/20/1989 16:00:00	0.463363144005
3/21/1989 16:00:00	0.479692080973
3/22/1989 16:00:00	0.467814865057
3/23/1989 16:00:00	0.470893555616
3/27/1989 16:00:00	0.471301499917
3/28/1989 16:00:00	0.477681057511
3/29/1989 16:00:00	0.487697157178
3/30/1989 16:00:00	0.495453886437
3/31/1989 16:00:00	0.507155449785
4/3/1989 16:00:00	0.506390154118
4/4/1989 16:00:00	0.503536039359
4/5/1989 16:00:00	0.50763072692
4/6/1989 16:00:00	0.508113143367
4/7/1989 16:00:00	0.525682402561
4/10/1989 16:00:00	0.532551207915
4/11/1989 16:00:00	0.545889792254
4/12/1989 16:00:00	0.559315106849
4/13/1989 16:00:00	0.552731944559
4/14/1989 16:00:00	0.576455950394
4/17/1989 16:00:00	0.575600862817
4/18/1989 16:00:00	0.594977202702
4/19/1989 16:00:00	0.6057120781
4/20/1989 16:00:00	0.601291531711
4/21/1989 16:00:00	0.611810809593
4/24/1989 16:00:00	0.606248422563
4/25/1989 16:00:00	0.595861813283
4/26/1989 16:00:00	0.595435034078
4/27/1989 16:00:00	0.615929556335
4/28/1989 16:00:00	0.623727681122
5/1/1989 16:00:00	0.625801115245
5/2/1989 16:00:00	0.625210955545
5/3/1989 16:00:00	0.632517637258
5/4/1989 16:00:00	0.636754053763
5/5/1989 16:00:00	0.648911509618
5/8/1989 16:00:00	0.64451779326
5/9/1989 16:00:00	0.640578069177
5/10/1989 16:00:00	0.64315380904
5/11/1989 16:00:00	0.647351488636
5/12/1989 16:00:00	0.681529993872
5/15/1989 16:00:00	0.698121592331
5/16/1989 16:00:00	0.691102186657
5/17/1989 16:00:00	0.715147125789
5/18/1989 16:00:00	0.717881970951
5/19/1989 16:00:00	0.733077671301
5/22/1989 16:00:00	0.729965544029
5/23/1989 16:00:00	0.711346564631
5/24/1989 16:00:00	0.724515153378
5/25/1989 16:00:00	0.732658366637
5/26/1989 16:00:00	0.748498867559
5/30/1989 16:00:00	0.739008707123
5/31/1989 16:00:00	0.748284500919
6/1/1989 16:00:00	0.758531538541
6/2/1989 16:00:00	0.781094940996
6/5/1989 16:00:00	0.733190529155
6/6/1989 16:00:00	0.742821995092
6/7/1989 16:00:00	0.799205184537
6/8/1989 16:00:00	0.79319162228
6/9/1989 16:00:00	0.786073276542
6/12/1989 16:00:00	0.783319668146
6/13/1989 16:00:00	0.760579212521
6/14/1989 16:00:00	0.761216426696
6/15/1989 16:00:00	0.72291308636
6/16/1989 16:00:00	0.719509019287
6/19/1989 16:00:00	0.713528649717
6/20/1989 16:00:00	0.700378222184
6/21/1989 16:00:00	0.698500384346
6/22/1989 16:00:00	0.710926050206
6/23/1989 16:00:00	0.730821122794
6/26/1989 16:00:00	0.723602830423
6/27/1989 16:00:00	0.726245923655
6/28/1989 16:00:00	0.696455270637
6/29/1989 16:00:00	0.653296777805
6/30/1989 16:00:00	0.632027126452
7/3/1989 16:00:00	0.639645092014
7/5/1989 16:00:00	0.647513606552
7/6/1989 16:00:00	0.659254481524
7/7/1989 16:00:00	0.676892574124
7/10/1989 16:00:00	0.673915848779
7/11/1989 16:00:00	0.679255912223
7/12/1989 16:00:00	0.687725399018
7/13/1989 16:00:00	0.693113514814
7/14/1989 16:00:00	0.706159290508
7/17/1989 16:00:00	0.714239849568
7/18/1989 16:00:00	0.690092919935
7/19/1989 16:00:00	0.711318590687
7/20/1989 16:00:00	0.685612367831
7/21/1989 16:00:00	0.68281199592
7/24/1989 16:00:00	0.655539649031
7/25/1989 16:00:00	0.654060827388
7/26/1989 16:00:00	0.671263670413
7/27/1989 16:00:00	0.698173226005
7/28/1989 16:00:00	0.701453579523
7/31/1989 16:00:00	0.712051482324
8/1/1989 16:00:00	0.697129118442
8/2/1989 16:00:00	0.696622657956
8/3/1989 16:00:00	0.712956199069
8/4/1989 16:00:00	0.718170485248
8/7/1989 16:00:00	0.753851674064
8/8/1989 16:00:00	0.763278921484
8/9/1989 16:00:00	0.743079088807
8/10/1989 16:00:00	0.73806965383
8/11/1989 16:00:00	0.72612220588
8/14/1989 16:00:00	0.710484919124
8/15/1989 16:00:00	0.720431550195
8/16/1989 16:00:00	0.709831749801
8/17/1989 16:00:00	0.721947214724
8/18/1989 16:00:00	0.727083471564
8/21/1989 16:00:00	0.700990880978
8/22/1989 16:00:00	0.71221502458
8/23/1989 16:00:00	0.732531171698
8/24/1989 16:00:00	0.761272087685
8/25/1989 16:00:00	0.765063487028
8/28/1989 16:00:00	0.771104160294
8/29/1989 16:00:00	0.758372634388
8/30/1989 16:00:00	0.769130153227
8/31/1989 16:00:00	0.774826267749
9/1/1989 16:00:00	0.790020941487
9/5/1989 16:00:00	0.790081946387
9/6/1989 16:00:00	0.769205060086
9/7/1989 16:00:00	0.76368776146
9/8/1989 16:00:00	0.778146283449
9/11/1989 16:00:00	0.780722256833
9/12/1989 16:00:00	0.794439207891
9/13/1989 16:00:00	0.796888605224
9/14/1989 16:00:00	0.772788717421
9/15/1989 16:00:00	0.767485310461
9/18/1989 16:00:00	0.764691033931
9/19/1989 16:00:00	0.765994959398
9/20/1989 16:00:00	0.769216249091
9/21/1989 16:00:00	0.772204219016
9/22/1989 16:00:00	0.784437238125
9/25/1989 16:00:00	0.783809688335
9/26/1989 16:00:00	0.782966322826
9/27/1989 16:00:00	0.781654199777
9/28/1989 16:00:00	0.806644459442
9/29/1989 16:00:00	0.807483110611
10/2/1989 16:00:00	0.825225695676
10/3/1989 16:00:00	0.831337504068
10/4/1989 16:00:00	0.854272504334
10/5/1989 16:00:00	0.862903095878
10/6/1989 16:00:00	0.891980688265
10/9/1989 16:00:00	0.918441936996
10/10/1989 16:00:00	0.909566839065
10/11/1989 16:00:00	0.897286833508
10/12/1989 16:00:00	0.89039342456
10/13/1989 16:00:00	0.777171967837
10/16/1989 16:00:00	0.779467246869
10/17/1989 16:00:00	0.771589010492
10/18/1989 16:00:00	0.794524765848
10/19/1989 16:00:00	0.846568671493
10/20/1989 16:00:00	0.840645045232
10/23/1989 16:00:00	0.814995525565
10/24/1989 16:00:00	0.786731960604
10/25/1989 16:00:00	0.785493343211
10/26/1989 16:00:00	0.742569329555
10/27/1989 16:00:00	0.709735817758
10/30/1989 16:00:00	0.711468553584
10/31/1989 16:00:00	0.745402554546
11/1/1989 16:00:00	0.751793468363
11/2/1989 16:00:00	0.712207498211
11/3/1989 16:00:00	0.707804302803
11/6/1989 16:00:00	0.669738246476
11/7/1989 16:00:00	0.69223178649
11/8/1989 16:00:00	0.717649970687
11/9/1989 16:00:00	0.719840404009
11/10/1989 16:00:00	0.737696871718
11/13/1989 16:00:00	0.739378972978
11/14/1989 16:00:00	0.725028174047
11/15/1989 16:00:00	0.734059782088
11/16/1989 16:00:00	0.727099343228
11/17/1989 16:00:00	0.735695099214
11/20/1989 16:00:00	0.742920206176
11/21/1989 16:00:00	0.735822342585
11/22/1989 16:00:00	0.743834176268
11/24/1989 16:00:00	0.755349499116
11/27/1989 16:00:00	0.742792885566
11/28/1989 16:00:00	0.741626190275
11/29/1989 16:00:00	0.740152493695
11/30/1989 16:00:00	0.748998890496
12/1/1989 16:00:00	0.757132696994
12/4/1989 16:00:00	0.770719611412
12/5/1989 16:00:00	0.776097092096
12/6/1989 16:00:00	0.743240306121
12/7/1989 16:00:00	0.748744202541
12/8/1989 16:00:00	0.740780125095
12/11/1989 16:00:00	0.702919306565
12/12/1989 16:00:00	0.678836210822
12/13/1989 16:00:00	0.67930464172
12/14/1989 16:00:00	0.664240728502
12/15/1989 16:00:00	0.64333357527
12/18/1989 16:00:00	0.61318881596
12/19/1989 16:00:00	0.615641832991
12/20/1989 16:00:00	0.633101631789
12/21/1989 16:00:00	0.659300503678
12/22/1989 16:00:00	0.671571136761
12/26/1989 16:00:00	0.670983992847
12/27/1989 16:00:00	0.707107187921
12/28/1989 16:00:00	0.706578755345
12/29/1989 16:00:00	0.727560111044
1/2/1990 16:00:00	0.764969477528
1/3/1990 16:00:00	0.748008815685
1/4/1990 16:00:00	0.733701092197
1/5/1990 16:00:00	0.717727657999
1/8/1990 16:00:00	0.721058205799
1/9/1990 16:00:00	0.697685067836
1/10/1990 16:00:00	0.653400914935
1/11/1990 16:00:00	0.625315567626
1/12/1990 16:00:00	0.583469882595
1/15/1990 16:00:00	0.573149204235
1/16/1990 16:00:00	0.608340527454
1/17/1990 16:00:00	0.596604927417
1/18/1990 16:00:00	0.595864861692
1/19/1990 16:00:00	0.623778383357
1/22/1990 16:00:00	0.572141732855
1/23/1990 16:00:00	0.566935525348
1/24/1990 16:00:00	0.560492843197
1/25/1990 16:00:00	0.552181573495
1/26/1990 16:00:00	0.531405517253
1/29/1990 16:00:00	0.521677862718
1/30/1990 16:00:00	0.487211057548
1/31/1990 16:00:00	0.518537724358
2/1/1990 16:00:00	0.526665097923
2/2/1990 16:00:00	0.54627321707
2/5/1990 16:00:00	0.552843187929
2/6/1990 16:00:00	0.541069337001
2/7/1990 16:00:00	0.554364083784
2/8/1990 16:00:00	0.557492898681
2/9/1990 16:00:00	0.567168985705
2/12/1990 16:00:00	0.553570586001
2/13/1990 16:00:00	0.555730707454
2/14/1990 16:00:00	0.562240343141
2/15/1990 16:00:00	0.57698521456
2/16/1990 16:00:00	0.563567835899
2/20/1990 16:00:00	0.536456004322
2/21/1990 16:00:00	0.533586604808
2/22/1990 16:00:00	0.528806170033
2/23/1990 16:00:00	0.509805356108
2/26/1990 16:00:00	0.530876201816
2/27/1990 16:00:00	0.539509906521
2/28/1990 16:00:00	0.555861813534
3/1/1990 16:00:00	0.564992438403
3/2/1990 16:00:00	0.584309151229
3/5/1990 16:00:00	0.574345661515
3/6/1990 16:00:00	0.578588577484
3/7/1990 16:00:00	0.571537969106
3/8/1990 16:00:00	0.595216788487
3/9/1990 16:00:00	0.600722362082
3/12/1990 16:00:00	0.597788657464
3/13/1990 16:00:00	0.580420418945
3/14/1990 16:00:00	0.586247891273
3/15/1990 16:00:00	0.595840457847
3/16/1990 16:00:00	0.632909139705
3/19/1990 16:00:00	0.649080080924
3/20/1990 16:00:00	0.622517644275
3/21/1990 16:00:00	0.612800822046
3/22/1990 16:00:00	0.584144370286
3/23/1990 16:00:00	0.599788196448
3/26/1990 16:00:00	0.615660201923
3/27/1990 16:00:00	0.624036191009
3/28/1990 16:00:00	0.595681260064
3/29/1990 16:00:00	0.585894664979
3/30/1990 16:00:00	0.585743481422
4/2/1990 16:00:00	0.581390872284
4/3/1990 16:00:00	0.614909171032
4/4/1990 16:00:00	0.603134110844
4/5/1990 16:00:00	0.590757446192
4/6/1990 16:00:00	0.577194062639
4/9/1990 16:00:00	0.573831894007
4/10/1990 16:00:00	0.582415594672
4/11/1990 16:00:00	0.592638310823
4/12/1990 16:00:00	0.604798669718
4/16/1990 16:00:00	0.611742755835
4/17/1990 16:00:00	0.607690766761
4/18/1990 16:00:00	0.578982282618
4/19/1990 16:00:00	0.560004100123
4/20/1990 16:00:00	0.54166045139
4/23/1990 16:00:00	0.517969754456
4/24/1990 16:00:00	0.511011285893
4/25/1990 16:00:00	0.516773488828
4/26/1990 16:00:00	0.517938021141
4/27/1990 16:00:00	0.501586031092
4/30/1990 16:00:00	0.517064763592
5/1/1990 16:00:00	0.525914857121
5/2/1990 16:00:00	0.536656810886
5/3/1990 16:00:00	0.548558595205
5/4/1990 16:00:00	0.568638423866
5/7/1990 16:00:00	0.586865421336
5/8/1990 16:00:00	0.587577597071
5/9/1990 16:00:00	0.589274322877
5/10/1990 16:00:00	0.600165133905
5/11/1990 16:00:00	0.633603516789
5/14/1990 16:00:00	0.658691909567
5/15/1990 16:00:00	0.663763827393
5/16/1990 16:00:00	0.668899643629
5/17/1990 16:00:00	0.681946296321
5/18/1990 16:00:00	0.698323608939
5/21/1990 16:00:00	0.731774939444
5/22/1990 16:00:00	0.737189046677
5/23/1990 16:00:00	0.767180454532
5/24/1990 16:00:00	0.776118505047
5/25/1990 16:00:00	0.72804725915
5/29/1990 16:00:00	0.761745333782
5/30/1990 16:00:00	0.7661702975
5/31/1990 16:00:00	0.763642803715
6/1/1990 16:00:00	0.779909465581
6/4/1990 16:00:00	0.80121363134
6/5/1990 16:00:00	0.777943845653
6/6/1990 16:00:00	0.779426465766
6/7/1990 16:00:00	0.772269543575
6/8/1990 16:00:00	0.745785066145
6/11/1990 16:00:00	0.766391836118
6/12/1990 16:00:00	0.796485302896
6/13/1990 16:00:00	0.815251755189
6/14/1990 16:00:00	0.79906384741
6/15/1990 16:00:00	0.801160097265
6/18/1990 16:00:00	0.759887661281
6/19/1990 16:00:00	0.759948436766
6/20/1990 16:00:00	0.764584712824
6/21/1990 16:00:00	0.772040889721
6/22/1990 16:00:00	0.748078344869
6/25/1990 16:00:00	0.720630412107
6/26/1990 16:00:00	0.720325503087
6/27/1990 16:00:00	0.73843362495
6/28/1990 16:00:00	0.761120044598
6/29/1990 16:00:00	0.770599715559
7/2/1990 16:00:00	0.769636341126
7/3/1990 16:00:00	0.766783929734
7/5/1990 16:00:00	0.757664143675
7/6/1990 16:00:00	0.768257259499
7/9/1990 16:00:00	0.778653410972
7/10/1990 16:00:00	0.768906799616
7/11/1990 16:00:00	0.788773353924
7/12/1990 16:00:00	0.814247791794
7/13/1990 16:00:00	0.82683753573
7/16/1990 16:00:00	0.840823917102
7/17/1990 16:00:00	0.792515424746
7/18/1990 16:00:00	0.759406541247
7/19/1990 16:00:00	0.741451818033
7/20/1990 16:00:00	0.703653862489
7/23/1990 16:00:00	0.657193160926
7/24/1990 16:00:00	0.648957545873
7/25/1990 16:00:00	0.668087285004
7/26/1990 16:00:00	0.653879121322
7/27/1990 16:00:00	0.639892619444
7/30/1990 16:00:00	0.624839473479
7/31/1990 16:00:00	0.619908492087
8/1/1990 16:00:00	0.617211099028
8/2/1990 16:00:00	0.582362971224
8/3/1990 16:00:00	0.531154413368
8/6/1990 16:00:00	0.447201342022
8/7/1990 16:00:00	0.454868764209
8/8/1990 16:00:00	0.474234728425
8/9/1990 16:00:00	0.498418399936
8/10/1990 16:00:00	0.477355431908
8/13/1990 16:00:00	0.485272566783
8/14/1990 16:00:00	0.491054977247
8/15/1990 16:00:00	0.491897570863
8/16/1990 16:00:00	0.447112022074
8/17/1990 16:00:00	0.411314910506
8/20/1990 16:00:00	0.387535729944
8/21/1990 16:00:00	0.35808314072
8/22/1990 16:00:00	0.33933619579
8/23/1990 16:00:00	0.302090051857
8/24/1990 16:00:00	0.335772475147
8/27/1990 16:00:00	0.384596792345
8/28/1990 16:00:00	0.389848617426
8/29/1990 16:00:00	0.377564014786
8/30/1990 16:00:00	0.364490034776
8/31/1990 16:00:00	0.380794373414
9/4/1990 16:00:00	0.387185101538
9/5/1990 16:00:00	0.381353615723
9/6/1990 16:00:00	0.362474359838
9/7/1990 16:00:00	0.368651714886
9/10/1990 16:00:00	0.373283163656
9/11/1990 16:00:00	0.363215342366
9/12/1990 16:00:00	0.370882337067
9/13/1990 16:00:00	0.355372180456
9/14/1990 16:00:00	0.353991091655
9/17/1990 16:00:00	0.354213927675
9/18/1990 16:00:00	0.352976457995
9/19/1990 16:00:00	0.349063955
9/20/1990 16:00:00	0.322170441939
9/21/1990 16:00:00	0.317836065581
9/24/1990 16:00:00	0.288480698136
9/25/1990 16:00:00	0.303395270105
9/26/1990 16:00:00	0.296846855517
9/27/1990 16:00:00	0.270498453228
9/28/1990 16:00:00	0.283645870325
10/1/1990 16:00:00	0.320351173731
10/2/1990 16:00:00	0.321076126503
10/3/1990 16:00:00	0.29783911357
10/4/1990 16:00:00	0.292607814293
10/5/1990 16:00:00	0.286863285366
10/8/1990 16:00:00	0.292441850285
10/9/1990 16:00:00	0.263204573621
10/10/1990 16:00:00	0.244091392301
10/11/1990 16:00:00	0.225462142983
10/12/1990 16:00:00	0.231522683624
10/15/1990 16:00:00	0.24233400225
10/16/1990 16:00:00	0.225587247118
10/17/1990 16:00:00	0.232703524358
10/18/1990 16:00:00	0.253868239547
10/19/1990 16:00:00	0.263580950647
10/22/1990 16:00:00	0.281255014698
10/23/1990 16:00:00	0.280272625178
10/24/1990 16:00:00	0.280401937428
10/25/1990 16:00:00	0.274874784079
10/26/1990 16:00:00	0.260121710526
10/29/1990 16:00:00	0.248937611028
10/30/1990 16:00:00	0.254152225615
10/31/1990 16:00:00	0.252032837232
11/1/1990 16:00:00	0.253266605953
11/2/1990 16:00:00	0.270574149953
11/5/1990 16:00:00	0.286877788959
11/6/1990 16:00:00	0.285717857915
11/7/1990 16:00:00	0.270393056888
11/8/1990 16:00:00	0.273065318736
11/9/1990 16:00:00	0.293779057936
11/12/1990 16:00:00	0.324669721867
11/13/1990 16:00:00	0.330663276931
11/14/1990 16:00:00	0.343877634366
11/15/1990 16:00:00	0.328058954668
11/16/1990 16:00:00	0.303987093096
11/19/1990 16:00:00	0.314026960359
11/20/1990 16:00:00	0.295045399788
11/21/1990 16:00:00	0.297834386755
11/23/1990 16:00:00	0.299305128366
11/26/1990 16:00:00	0.303192585733
11/27/1990 16:00:00	0.322906352877
11/28/1990 16:00:00	0.325345952525
11/29/1990 16:00:00	0.332407555508
11/30/1990 16:00:00	0.339847529288
12/3/1990 16:00:00	0.349909903634
12/4/1990 16:00:00	0.355495282661
12/5/1990 16:00:00	0.373897327015
12/6/1990 16:00:00	0.376235882287
12/7/1990 16:00:00	0.375189044922
12/10/1990 16:00:00	0.375477113499
12/11/1990 16:00:00	0.35893621804
12/12/1990 16:00:00	0.366757601865
12/13/1990 16:00:00	0.3665394497
12/14/1990 16:00:00	0.355774280918
12/17/1990 16:00:00	0.349660533987
12/18/1990 16:00:00	0.371930300165
12/19/1990 16:00:00	0.378260783582
12/20/1990 16:00:00	0.384242427263
12/21/1990 16:00:00	0.391082829907
12/24/1990 16:00:00	0.381947518534
12/26/1990 16:00:00	0.378017581361
12/27/1990 16:00:00	0.369746696416
12/28/1990 16:00:00	0.370908939841
12/31/1990 16:00:00	0.376848495391
1/2/1991 16:00:00	0.372337596523
1/3/1991 16:00:00	0.353229634401
1/4/1991 16:00:00	0.35531790472
1/7/1991 16:00:00	0.330867901035
1/8/1991 16:00:00	0.329333139376
1/9/1991 16:00:00	0.327066313807
1/10/1991 16:00:00	0.349382577617
1/11/1991 16:00:00	0.349778283372
1/14/1991 16:00:00	0.336592632795
1/15/1991 16:00:00	0.344536630503
1/16/1991 16:00:00	0.384639421516
1/17/1991 16:00:00	0.420245841374
1/18/1991 16:00:00	0.433454660541
1/21/1991 16:00:00	0.45086027885
1/22/1991 16:00:00	0.435529957726
1/23/1991 16:00:00	0.45899271898
1/24/1991 16:00:00	0.483807121109
1/25/1991 16:00:00	0.491592666661
1/28/1991 16:00:00	0.499428174315
1/29/1991 16:00:00	0.514117384337
1/30/1991 16:00:00	0.546796266424
1/31/1991 16:00:00	0.568984226179
2/1/1991 16:00:00	0.583437375892
2/4/1991 16:00:00	0.601161946593
2/5/1991 16:00:00	0.63656584987
2/6/1991 16:00:00	0.679634662078
2/7/1991 16:00:00	0.649317722727
2/8/1991 16:00:00	0.657335180452
2/11/1991 16:00:00	0.695911270695
2/12/1991 16:00:00	0.686245774342
2/13/1991 16:00:00	0.703554667948
2/14/1991 16:00:00	0.663138497712
2/15/1991 16:00:00	0.684981987606
2/19/1991 16:00:00	0.705117164878
2/20/1991 16:00:00	0.678941299686
2/21/1991 16:00:00	0.671059494272
2/22/1991 16:00:00	0.685169568473
2/25/1991 16:00:00	0.696384711498
2/26/1991 16:00:00	0.677295035701
2/27/1991 16:00:00	0.692568609656
2/28/1991 16:00:00	0.695492810911
3/1/1991 16:00:00	0.714024984769
3/4/1991 16:00:00	0.722005707575
3/5/1991 16:00:00	0.796805438806
3/6/1991 16:00:00	0.805181423702
3/7/1991 16:00:00	0.817682052532
3/8/1991 16:00:00	0.80138317731
3/11/1991 16:00:00	0.730677368848
3/12/1991 16:00:00	0.691518930296
3/13/1991 16:00:00	0.744094946456
3/14/1991 16:00:00	0.732605798062
3/15/1991 16:00:00	0.722187887739
3/18/1991 16:00:00	0.730249895352
3/19/1991 16:00:00	0.714625246903
3/20/1991 16:00:00	0.733131763505
3/21/1991 16:00:00	0.705884579251
3/22/1991 16:00:00	0.699615263871
3/25/1991 16:00:00	0.728379764195
3/26/1991 16:00:00	0.803957294521
3/27/1991 16:00:00	0.820671408185
3/28/1991 16:00:00	0.804962414246
4/1/1991 16:00:00	0.801674565869
4/2/1991 16:00:00	0.885315852229
4/3/1991 16:00:00	0.897393359965
4/4/1991 16:00:00	0.917752567127
4/5/1991 16:00:00	0.898900476396
4/8/1991 16:00:00	0.900505300226
4/9/1991 16:00:00	0.873349480637
4/10/1991 16:00:00	0.854930535514
4/11/1991 16:00:00	0.924342699491
4/12/1991 16:00:00	0.931362486901
4/15/1991 16:00:00	0.921729260367
4/16/1991 16:00:00	0.958369542102
4/17/1991 16:00:00	0.971639903579
4/18/1991 16:00:00	0.913443450806
4/19/1991 16:00:00	0.875688726112
4/22/1991 16:00:00	0.849508770105
4/23/1991 16:00:00	0.856736076839
4/24/1991 16:00:00	0.878831353872
4/25/1991 16:00:00	0.853663470506
4/26/1991 16:00:00	0.846924371713
4/29/1991 16:00:00	0.798177713016
4/30/1991 16:00:00	0.77533032232
5/1/1991 16:00:00	0.779879784333
5/2/1991 16:00:00	0.799769230851
5/3/1991 16:00:00	0.804684326059
5/6/1991 16:00:00	0.806235158105
5/7/1991 16:00:00	0.79597639644
5/8/1991 16:00:00	0.803793291876
5/9/1991 16:00:00	0.840136946292
5/10/1991 16:00:00	0.816171000871
5/13/1991 16:00:00	0.818283200738
5/14/1991 16:00:00	0.791369892218
5/15/1991 16:00:00	0.719734711359
5/16/1991 16:00:00	0.740953998163
5/17/1991 16:00:00	0.738582303896
5/20/1991 16:00:00	0.722483793217
5/21/1991 16:00:00	0.744171154705
5/22/1991 16:00:00	0.78166515804
5/23/1991 16:00:00	0.794349874417
5/24/1991 16:00:00	0.814704871776
5/28/1991 16:00:00	0.849365677762
5/29/1991 16:00:00	0.858069350679
5/30/1991 16:00:00	0.884622730954
5/31/1991 16:00:00	0.900983808206
6/3/1991 16:00:00	0.919228798936
6/4/1991 16:00:00	0.920628680187
6/5/1991 16:00:00	0.883125193813
6/6/1991 16:00:00	0.852500291453
6/7/1991 16:00:00	0.818083377077
6/10/1991 16:00:00	0.797731693739
6/11/1991 16:00:00	0.805140890151
6/12/1991 16:00:00	0.76913221765
6/13/1991 16:00:00	0.764370752746
6/14/1991 16:00:00	0.790020152275
6/17/1991 16:00:00	0.787558438796
6/18/1991 16:00:00	0.768664112389
6/19/1991 16:00:00	0.722987669503
6/20/1991 16:00:00	0.725009111097
6/21/1991 16:00:00	0.722275940337
6/24/1991 16:00:00	0.643670551497
6/25/1991 16:00:00	0.644163696254
6/26/1991 16:00:00	0.655008865229
6/27/1991 16:00:00	0.67648801955
6/28/1991 16:00:00	0.667684436683
7/1/1991 16:00:00	0.706078357445
7/2/1991 16:00:00	0.680890342747
7/3/1991 16:00:00	0.651268965566
7/5/1991 16:00:00	0.647431342792
7/8/1991 16:00:00	0.700690353666
7/9/1991 16:00:00	0.71450810423
7/10/1991 16:00:00	0.735865774917
7/11/1991 16:00:00	0.739785450082
7/12/1991 16:00:00	0.769659748725
7/15/1991 16:00:00	0.781843911902
7/16/1991 16:00:00	0.742808647475
7/17/1991 16:00:00	0.73316966323
7/18/1991 16:00:00	0.756609770213
7/19/1991 16:00:00	0.762076962433
7/22/1991 16:00:00	0.739522633827
7/23/1991 16:00:00	0.696985605071
7/24/1991 16:00:00	0.684795192466
7/25/1991 16:00:00	0.711080302743
7/26/1991 16:00:00	0.735354823513
7/29/1991 16:00:00	0.738336522616
7/30/1991 16:00:00	0.777189844396
7/31/1991 16:00:00	0.801354944942
8/1/1991 16:00:00	0.819331210511
8/2/1991 16:00:00	0.829903779273
8/5/1991 16:00:00	0.799539316291
8/6/1991 16:00:00	0.821840845091
8/7/1991 16:00:00	0.837551366922
8/8/1991 16:00:00	0.857231825199
8/9/1991 16:00:00	0.851187674136
8/12/1991 16:00:00	0.86996927495
8/13/1991 16:00:00	0.890177612692
8/14/1991 16:00:00	0.911021451508
8/15/1991 16:00:00	0.882558133946
8/16/1991 16:00:00	0.860468677741
8/19/1991 16:00:00	0.790287264272
8/20/1991 16:00:00	0.809399220047
8/21/1991 16:00:00	0.914042657481
8/22/1991 16:00:00	0.899036444271
8/23/1991 16:00:00	0.919594606248
8/26/1991 16:00:00	0.918388668445
8/27/1991 16:00:00	0.918619429669
8/28/1991 16:00:00	0.94792294018
8/29/1991 16:00:00	0.934819349427
8/30/1991 16:00:00	0.92281560418
9/3/1991 16:00:00	0.892712707569
9/4/1991 16:00:00	0.8685341965
9/5/1991 16:00:00	0.858068822555
9/6/1991 16:00:00	0.850548028308
9/9/1991 16:00:00	0.862633114793
9/10/1991 16:00:00	0.816597454781
9/11/1991 16:00:00	0.845152601575
9/12/1991 16:00:00	0.898156098687
9/13/1991 16:00:00	0.84054890479
9/16/1991 16:00:00	0.831821732394
9/17/1991 16:00:00	0.82703796021
9/18/1991 16:00:00	0.852873487746
9/19/1991 16:00:00	0.874965300203
9/20/1991 16:00:00	0.903449723026
9/23/1991 16:00:00	0.886258983827
9/24/1991 16:00:00	0.90895520885
9/25/1991 16:00:00	0.924103521629
9/26/1991 16:00:00	0.913320992888
9/27/1991 16:00:00	0.894055278686
9/30/1991 16:00:00	0.908567504963
10/1/1991 16:00:00	0.916000442337
10/2/1991 16:00:00	0.883986243457
10/3/1991 16:00:00	0.840285315289
10/4/1991 16:00:00	0.840801207451
10/7/1991 16:00:00	0.825816800024
10/8/1991 16:00:00	0.835441175794
10/9/1991 16:00:00	0.80356508325
10/10/1991 16:00:00	0.825878109885
10/11/1991 16:00:00	0.846638931009
10/14/1991 16:00:00	0.89734191717
10/15/1991 16:00:00	0.954512208802
10/16/1991 16:00:00	0.996426446199
10/17/1991 16:00:00	0.94373508244
10/18/1991 16:00:00	0.949498038351
10/21/1991 16:00:00	0.927158149281
10/22/1991 16:00:00	0.925973110322
10/23/1991 16:00:00	0.911750592296
10/24/1991 16:00:00	0.876364874401
10/25/1991 16:00:00	0.85098349997
10/28/1991 16:00:00	0.881551783079
10/29/1991 16:00:00	0.915368350124
10/30/1991 16:00:00	0.958795498045
10/31/1991 16:00:00	0.936756935739
11/1/1991 16:00:00	0.912268072729
11/4/1991 16:00:00	0.882853026288
11/5/1991 16:00:00	0.901942466416
11/6/1991 16:00:00	0.90505949835
11/7/1991 16:00:00	0.93694942988
11/8/1991 16:00:00	0.962184460232
11/11/1991 16:00:00	0.984156298841
11/12/1991 16:00:00	1.02454383718
11/13/1991 16:00:00	1.03286211997
11/14/1991 16:00:00	1.01413003141
11/15/1991 16:00:00	0.846647637722
11/18/1991 16:00:00	0.882573195613
11/19/1991 16:00:00	0.843621554661
11/20/1991 16:00:00	0.850481192598
11/21/1991 16:00:00	0.880548792609
11/22/1991 16:00:00	0.859181201687
11/25/1991 16:00:00	0.829030384702
11/26/1991 16:00:00	0.838435281953
11/27/1991 16:00:00	0.847755650269
11/29/1991 16:00:00	0.843508872198
12/2/1991 16:00:00	0.924324679764
12/3/1991 16:00:00	0.924019572995
12/4/1991 16:00:00	0.934569596636
12/5/1991 16:00:00	0.926776525419
12/6/1991 16:00:00	0.943399680499
12/9/1991 16:00:00	0.939443321873
12/10/1991 16:00:00	0.944313745095
12/11/1991 16:00:00	0.929705170956
12/12/1991 16:00:00	0.958942504782
12/13/1991 16:00:00	0.990902713865
12/16/1991 16:00:00	1.00714175718
12/17/1991 16:00:00	0.965452893208
12/18/1991 16:00:00	0.972049977909
12/19/1991 16:00:00	0.922176753227
12/20/1991 16:00:00	0.933877403894
12/23/1991 16:00:00	1.00428577878
12/24/1991 16:00:00	1.04150805629
12/26/1991 16:00:00	1.10817434299
12/27/1991 16:00:00	1.14047701365
12/30/1991 16:00:00	1.24757974258
12/31/1991 16:00:00	1.29425864543
1/2/1992 16:00:00	1.32318262728
1/3/1992 16:00:00	1.33996927496
1/6/1992 16:00:00	1.36427372278
1/7/1992 16:00:00	1.39712707116
1/8/1992 16:00:00	1.45392102482
1/9/1992 16:00:00	1.52963114331
1/10/1992 16:00:00	1.48693796192
1/13/1992 16:00:00	1.5011856324
1/14/1992 16:00:00	1.55650968548
1/15/1992 16:00:00	1.59568389309
1/16/1992 16:00:00	1.54549383157
1/17/1992 16:00:00	1.51608950998
1/20/1992 16:00:00	1.4125295527
1/21/1992 16:00:00	1.24129485493
1/22/1992 16:00:00	1.44829569342
1/23/1992 16:00:00	1.44454269597
1/24/1992 16:00:00	1.43617785107
1/27/1992 16:00:00	1.37355407154
1/28/1992 16:00:00	1.37740777573
1/29/1992 16:00:00	1.33375250821
1/30/1992 16:00:00	1.3462110788
1/31/1992 16:00:00	1.34482957632
2/3/1992 16:00:00	1.3807945148
2/4/1992 16:00:00	1.44739972592
2/5/1992 16:00:00	1.49621227912
2/6/1992 16:00:00	1.47268804709
2/7/1992 16:00:00	1.44341389529
2/10/1992 16:00:00	1.42324013528
2/11/1992 16:00:00	1.41240591604
2/12/1992 16:00:00	1.55419134002
2/13/1992 16:00:00	1.47282631709
2/14/1992 16:00:00	1.43288564326
2/18/1992 16:00:00	1.33125536869
2/19/1992 16:00:00	1.32491034167
2/20/1992 16:00:00	1.40985072206
2/21/1992 16:00:00	1.37320086688
2/24/1992 16:00:00	1.33144755609
2/25/1992 16:00:00	1.32342255071
2/26/1992 16:00:00	1.43413803652
2/27/1992 16:00:00	1.42837146376
2/28/1992 16:00:00	1.40917275654
3/2/1992 16:00:00	1.41781700338
3/3/1992 16:00:00	1.40579621527
3/4/1992 16:00:00	1.35526958538
3/5/1992 16:00:00	1.3060584202
3/6/1992 16:00:00	1.2530512319
3/9/1992 16:00:00	1.25610599516
3/10/1992 16:00:00	1.33479418106
3/11/1992 16:00:00	1.27220041134
3/12/1992 16:00:00	1.26925421005
3/13/1992 16:00:00	1.28739813465
3/16/1992 16:00:00	1.30761212731
3/17/1992 16:00:00	1.36092122212
3/18/1992 16:00:00	1.35684393808
3/19/1992 16:00:00	1.35536156463
3/20/1992 16:00:00	1.33480335904
3/23/1992 16:00:00	1.3127764379
3/24/1992 16:00:00	1.28785391935
3/25/1992 16:00:00	1.29560407718
3/26/1992 16:00:00	1.24489719787
3/27/1992 16:00:00	1.1426985773
3/30/1992 16:00:00	1.12247842992
3/31/1992 16:00:00	1.12934270104
4/1/1992 16:00:00	1.13795222419
4/2/1992 16:00:00	1.07153302431
4/3/1992 16:00:00	1.05813450327
4/6/1992 16:00:00	1.13963170307
4/7/1992 16:00:00	1.0170274337
4/8/1992 16:00:00	0.996101023711
4/9/1992 16:00:00	1.07920063807
4/10/1992 16:00:00	1.01241894428
4/13/1992 16:00:00	1.05247287097
4/14/1992 16:00:00	1.08591840371
4/15/1992 16:00:00	1.14160736242
4/16/1992 16:00:00	1.06935386078
4/20/1992 16:00:00	0.95478159123
4/21/1992 16:00:00	0.933481741722
4/22/1992 16:00:00	0.96899050554
4/23/1992 16:00:00	0.949650063312
4/24/1992 16:00:00	0.914966533108
4/27/1992 16:00:00	0.876993876743
4/28/1992 16:00:00	0.832530372055
4/29/1992 16:00:00	0.903011653385
4/30/1992 16:00:00	0.946352882083
5/1/1992 16:00:00	0.942431605729
5/4/1992 16:00:00	0.971861957276
5/5/1992 16:00:00	1.00953469778
5/6/1992 16:00:00	1.01236876725
5/7/1992 16:00:00	0.989043677766
5/8/1992 16:00:00	0.974812163286
5/11/1992 16:00:00	0.980406643728
5/12/1992 16:00:00	0.962480248086
5/13/1992 16:00:00	0.95009652516
5/14/1992 16:00:00	0.910865612157
5/15/1992 16:00:00	0.896774462573
5/18/1992 16:00:00	0.910265502966
5/19/1992 16:00:00	0.926358848308
5/20/1992 16:00:00	0.954478351633
5/21/1992 16:00:00	0.939218838265
5/22/1992 16:00:00	0.942876635034
5/26/1992 16:00:00	0.919721275614
5/27/1992 16:00:00	0.93901202279
5/28/1992 16:00:00	0.974356372664
5/29/1992 16:00:00	1.00503243866
6/1/1992 16:00:00	1.03988121678
6/2/1992 16:00:00	1.02239798356
6/3/1992 16:00:00	1.02300919413
6/4/1992 16:00:00	1.00902265832
6/5/1992 16:00:00	0.982858942808
6/8/1992 16:00:00	0.954112258937
6/9/1992 16:00:00	0.904155600137
6/10/1992 16:00:00	0.883757157079
6/11/1992 16:00:00	0.883183965368
6/12/1992 16:00:00	0.896282471155
6/15/1992 16:00:00	0.893779126383
6/16/1992 16:00:00	0.852306206296
6/17/1992 16:00:00	0.80237171324
6/18/1992 16:00:00	0.790046273539
6/19/1992 16:00:00	0.829770539024
6/22/1992 16:00:00	0.815873531179
6/23/1992 16:00:00	0.833792053109
6/24/1992 16:00:00	0.815352527924
6/25/1992 16:00:00	0.781611182026
6/26/1992 16:00:00	0.771441230477
6/29/1992 16:00:00	0.857050319636
6/30/1992 16:00:00	0.860435996808
7/1/1992 16:00:00	0.90118439441
7/2/1992 16:00:00	0.8552875349
7/6/1992 16:00:00	0.867983832082
7/7/1992 16:00:00	0.814863743624
7/8/1992 16:00:00	0.825261979826
7/9/1992 16:00:00	0.863439146357
7/10/1992 16:00:00	0.868656076763
7/13/1992 16:00:00	0.886818731098
7/14/1992 16:00:00	0.923716232423
7/15/1992 16:00:00	0.924697585533
7/16/1992 16:00:00	0.941315758164
7/17/1992 16:00:00	0.888912827328
7/20/1992 16:00:00	0.84414689225
7/21/1992 16:00:00	0.883088266118
7/22/1992 16:00:00	0.848665924407
7/23/1992 16:00:00	0.859564486743
7/24/1992 16:00:00	0.867193638514
7/27/1992 16:00:00	0.853316843257
7/28/1992 16:00:00	0.894705142776
7/29/1992 16:00:00	0.923708199567
7/30/1992 16:00:00	0.930814194615
7/31/1992 16:00:00	0.930140182342
8/3/1992 16:00:00	0.946460489373
8/4/1992 16:00:00	0.930918664097
8/5/1992 16:00:00	0.890285480838
8/6/1992 16:00:00	0.872330754146
8/7/1992 16:00:00	0.861326185938
8/10/1992 16:00:00	0.868827997465
8/11/1992 16:00:00	0.853787834673
8/12/1992 16:00:00	0.840328668201
8/13/1992 16:00:00	0.842721802667
8/14/1992 16:00:00	0.850442265259
8/17/1992 16:00:00	0.834576463798
8/18/1992 16:00:00	0.834728157741
8/19/1992 16:00:00	0.816727982167
8/20/1992 16:00:00	0.82554333738
8/21/1992 16:00:00	0.794357985424
8/24/1992 16:00:00	0.753992130334
8/25/1992 16:00:00	0.764386007035
8/26/1992 16:00:00	0.796466355977
8/27/1992 16:00:00	0.822445398062
8/28/1992 16:00:00	0.819477314499
8/31/1992 16:00:00	0.820220407637
9/1/1992 16:00:00	0.84220382873
9/2/1992 16:00:00	0.880351187158
9/3/1992 16:00:00	0.893877898896
9/4/1992 16:00:00	0.878118425484
9/8/1992 16:00:00	0.872458300444
9/9/1992 16:00:00	0.908289082962
9/10/1992 16:00:00	0.950401199559
9/11/1992 16:00:00	0.953484455208
9/14/1992 16:00:00	1.03884533417
9/15/1992 16:00:00	0.992936744366
9/16/1992 16:00:00	0.979189185646
9/17/1992 16:00:00	0.986043651756
9/18/1992 16:00:00	0.99196129245
9/21/1992 16:00:00	0.985544759587
9/22/1992 16:00:00	0.939096931732
9/23/1992 16:00:00	0.952594389023
9/24/1992 16:00:00	0.967844782838
9/25/1992 16:00:00	0.900676609507
9/28/1992 16:00:00	0.879858747244
9/29/1992 16:00:00	0.90337651543
9/30/1992 16:00:00	0.925180162433
10/1/1992 16:00:00	0.887993403064
10/2/1992 16:00:00	0.847622996222
10/5/1992 16:00:00	0.841448063617
10/6/1992 16:00:00	0.876695595921
10/7/1992 16:00:00	0.854370065871
10/8/1992 16:00:00	0.879016429302
10/9/1992 16:00:00	0.855466503649
10/12/1992 16:00:00	0.875973676851
10/13/1992 16:00:00	0.892963205419
10/14/1992 16:00:00	0.887927983077
10/15/1992 16:00:00	0.909513409353
10/16/1992 16:00:00	0.946340843909
10/19/1992 16:00:00	1.00346357456
10/20/1992 16:00:00	1.00868302672
10/21/1992 16:00:00	1.03352987654
10/22/1992 16:00:00	1.03343615696
10/23/1992 16:00:00	1.02687666001
10/26/1992 16:00:00	1.0429278457
10/27/1992 16:00:00	1.01154663285
10/28/1992 16:00:00	1.036988446
10/29/1992 16:00:00	1.07869155747
10/30/1992 16:00:00	1.05942188967
11/2/1992 16:00:00	1.07042012052
11/3/1992 16:00:00	1.0276211288
11/4/1992 16:00:00	1.04425683128
11/5/1992 16:00:00	1.12736174702
11/6/1992 16:00:00	1.14363747216
11/9/1992 16:00:00	1.16803588932
11/10/1992 16:00:00	1.20680656495
11/11/1992 16:00:00	1.24284750806
11/12/1992 16:00:00	1.23114253672
11/13/1992 16:00:00	1.24873755928
11/16/1992 16:00:00	1.20685284456
11/17/1992 16:00:00	1.13919824975
11/18/1992 16:00:00	1.20025735602
11/19/1992 16:00:00	1.22544795829
11/20/1992 16:00:00	1.24679025975
11/23/1992 16:00:00	1.18886457853
11/24/1992 16:00:00	1.25635447735
11/25/1992 16:00:00	1.25259611355
11/27/1992 16:00:00	1.24832273654
11/30/1992 16:00:00	1.26554039609
12/1/1992 16:00:00	1.28358310566
12/2/1992 16:00:00	1.27113833585
12/3/1992 16:00:00	1.30565348833
12/4/1992 16:00:00	1.34508470883
12/7/1992 16:00:00	1.38333794703
12/8/1992 16:00:00	1.36844654539
12/9/1992 16:00:00	1.33660313345
12/10/1992 16:00:00	1.29960454925
12/11/1992 16:00:00	1.2589277313
12/14/1992 16:00:00	1.24250586761
12/15/1992 16:00:00	1.21585988537
12/16/1992 16:00:00	1.23652827359
12/17/1992 16:00:00	1.32005423312
12/18/1992 16:00:00	1.33128134341
12/21/1992 16:00:00	1.34694709756
12/22/1992 16:00:00	1.30495221915
12/23/1992 16:00:00	1.31394329073
12/24/1992 16:00:00	1.32525307902
12/28/1992 16:00:00	1.34157303265
12/29/1992 16:00:00	1.349459372
12/30/1992 16:00:00	1.35045560833
12/31/1992 16:00:00	1.35287407504
1/4/1993 16:00:00	1.30948337558
1/5/1993 16:00:00	1.35160173611
1/6/1993 16:00:00	1.42693694541
1/7/1993 16:00:00	1.39193277271
1/8/1993 16:00:00	1.408947297
1/11/1993 16:00:00	1.46937826749
1/12/1993 16:00:00	1.43441913867
1/13/1993 16:00:00	1.52689376792
1/14/1993 16:00:00	1.59332327964
1/15/1993 16:00:00	1.56642426389
1/18/1993 16:00:00	1.55997311458
1/19/1993 16:00:00	1.52567767608
1/20/1993 16:00:00	1.52161035299
1/21/1993 16:00:00	1.56490735573
1/22/1993 16:00:00	1.54558174669
1/25/1993 16:00:00	1.58479814185
1/26/1993 16:00:00	1.56331502268
1/27/1993 16:00:00	1.47918143246
1/28/1993 16:00:00	1.45554491147
1/29/1993 16:00:00	1.45383881621
2/1/1993 16:00:00	1.51121457368
2/2/1993 16:00:00	1.53442023947
2/3/1993 16:00:00	1.52286287052
2/4/1993 16:00:00	1.49451564414
2/5/1993 16:00:00	1.43118470129
2/8/1993 16:00:00	1.39262822427
2/9/1993 16:00:00	1.36048247133
2/10/1993 16:00:00	1.40896802055
2/11/1993 16:00:00	1.39730402281
2/12/1993 16:00:00	1.33809309333
2/16/1993 16:00:00	1.17873345147
2/17/1993 16:00:00	1.16830539418
2/18/1993 16:00:00	1.19193167303
2/19/1993 16:00:00	1.18779930097
2/22/1993 16:00:00	1.10994504125
2/23/1993 16:00:00	1.11829548744
2/24/1993 16:00:00	1.20529306892
2/25/1993 16:00:00	1.22081471289
2/26/1993 16:00:00	1.21494793377
3/1/1993 16:00:00	1.19330890118
3/2/1993 16:00:00	1.26582334769
3/3/1993 16:00:00	1.30537122818
3/4/1993 16:00:00	1.25672222527
3/5/1993 16:00:00	1.25667550656
3/8/1993 16:00:00	1.29735189774
3/9/1993 16:00:00	1.29649137842
3/10/1993 16:00:00	1.31620192818
3/11/1993 16:00:00	1.32097039097
3/12/1993 16:00:00	1.3305657825
3/15/1993 16:00:00	1.34846805841
3/16/1993 16:00:00	1.34018461072
3/17/1993 16:00:00	1.2518184914
3/18/1993 16:00:00	1.24971785053
3/19/1993 16:00:00	1.20770460442
3/22/1993 16:00:00	1.18526947785
3/23/1993 16:00:00	1.17185981782
3/24/1993 16:00:00	1.17522226859
3/25/1993 16:00:00	1.23423232326
3/26/1993 16:00:00	1.21575072223
3/29/1993 16:00:00	1.20252755203
3/30/1993 16:00:00	1.26693563285
3/31/1993 16:00:00	1.28459621229
4/1/1993 16:00:00	1.22957176802
4/2/1993 16:00:00	1.09219558779
4/5/1993 16:00:00	1.12568273634
4/6/1993 16:00:00	1.08464676453
4/7/1993 16:00:00	1.12853611199
4/8/1993 16:00:00	1.09262169943
4/12/1993 16:00:00	1.16372009034
4/13/1993 16:00:00	1.13197211319
4/14/1993 16:00:00	1.13769387557
4/15/1993 16:00:00	1.11175994318
4/16/1993 16:00:00	1.07991410726
4/19/1993 16:00:00	1.04919124834
4/20/1993 16:00:00	1.06382623462
4/21/1993 16:00:00	1.07417795758
4/22/1993 16:00:00	1.05758805096
4/23/1993 16:00:00	1.01206662393
4/26/1993 16:00:00	0.953694137814
4/27/1993 16:00:00	1.01737684145
4/28/1993 16:00:00	1.06322513172
4/29/1993 16:00:00	1.05650446374
4/30/1993 16:00:00	1.06518940893
5/3/1993 16:00:00	1.11207900109
5/4/1993 16:00:00	1.19208212907
5/5/1993 16:00:00	1.21260483057
5/6/1993 16:00:00	1.17505897009
5/7/1993 16:00:00	1.18987345587
5/10/1993 16:00:00	1.20582380597
5/11/1993 16:00:00	1.18667548505
5/12/1993 16:00:00	1.16566837773
5/13/1993 16:00:00	1.13291125538
5/14/1993 16:00:00	1.15297513059
5/17/1993 16:00:00	1.18098602105
5/18/1993 16:00:00	1.21402417796
5/19/1993 16:00:00	1.30238280917
5/20/1993 16:00:00	1.36389348696
5/21/1993 16:00:00	1.32164892933
5/24/1993 16:00:00	1.32576555367
5/25/1993 16:00:00	1.31589331852
5/26/1993 16:00:00	1.4030279354
5/27/1993 16:00:00	1.3843848282
5/28/1993 16:00:00	1.33244460283
6/1/1993 16:00:00	1.38000722783
6/2/1993 16:00:00	1.38124567136
6/3/1993 16:00:00	1.37383503222
6/4/1993 16:00:00	1.33533452782
6/7/1993 16:00:00	1.2884994193
6/8/1993 16:00:00	1.2497145414
6/9/1993 16:00:00	1.24424421982
6/10/1993 16:00:00	1.23659505324
6/11/1993 16:00:00	1.27256336501
6/14/1993 16:00:00	1.31495267343
6/15/1993 16:00:00	1.31269316075
6/16/1993 16:00:00	1.29121942504
6/17/1993 16:00:00	1.28013075271
6/18/1993 16:00:00	1.21588405283
6/21/1993 16:00:00	1.21452998488
6/22/1993 16:00:00	1.19718093696
6/23/1993 16:00:00	1.18403916363
6/24/1993 16:00:00	1.21255494827
6/25/1993 16:00:00	1.25688995627
6/28/1993 16:00:00	1.32128668076
6/29/1993 16:00:00	1.29406124896
6/30/1993 16:00:00	1.29539163936
7/1/1993 16:00:00	1.26945534134
7/2/1993 16:00:00	1.27409401653
7/6/1993 16:00:00	1.2377932149
7/7/1993 16:00:00	1.20721633115
7/8/1993 16:00:00	1.23547795907
7/9/1993 16:00:00	1.25315305809
7/12/1993 16:00:00	1.25700284418
7/13/1993 16:00:00	1.24733397468
7/14/1993 16:00:00	1.26512402471
7/15/1993 16:00:00	1.23054410577
7/16/1993 16:00:00	1.13391501413
7/19/1993 16:00:00	1.11407335299
7/20/1993 16:00:00	1.17785227906
7/21/1993 16:00:00	1.14642366232
7/22/1993 16:00:00	1.10422686975
7/23/1993 16:00:00	1.15002699878
7/26/1993 16:00:00	1.18091209899
7/27/1993 16:00:00	1.13688114965
7/28/1993 16:00:00	1.18296939252
7/29/1993 16:00:00	1.18775919603
7/30/1993 16:00:00	1.14284514438
8/2/1993 16:00:00	1.16564124937
8/3/1993 16:00:00	1.17488561995
8/4/1993 16:00:00	1.21293791575
8/5/1993 16:00:00	1.23572088118
8/6/1993 16:00:00	1.24283316718
8/9/1993 16:00:00	1.23370677534
8/10/1993 16:00:00	1.19601460596
8/11/1993 16:00:00	1.20653498035
8/12/1993 16:00:00	1.20283071539
8/13/1993 16:00:00	1.21298520674
8/16/1993 16:00:00	1.31501001449
8/17/1993 16:00:00	1.35244378023
8/18/1993 16:00:00	1.36994058153
8/19/1993 16:00:00	1.30880039913
8/20/1993 16:00:00	1.31478887513
8/23/1993 16:00:00	1.3103257877
8/24/1993 16:00:00	1.31531072362
8/25/1993 16:00:00	1.28250242183
8/26/1993 16:00:00	1.24773386766
8/27/1993 16:00:00	1.26610703696
8/30/1993 16:00:00	1.29476735384
8/31/1993 16:00:00	1.32951805414
9/1/1993 16:00:00	1.34522840394
9/2/1993 16:00:00	1.34913335936
9/3/1993 16:00:00	1.33939922557
9/7/1993 16:00:00	1.26343580903
9/8/1993 16:00:00	1.24404667565
9/9/1993 16:00:00	1.27898326771
9/10/1993 16:00:00	1.30289538302
9/13/1993 16:00:00	1.27036620362
9/14/1993 16:00:00	1.23475023929
9/15/1993 16:00:00	1.26613401036
9/16/1993 16:00:00	1.24934611051
9/17/1993 16:00:00	1.25349100921
9/20/1993 16:00:00	1.26612704777
9/21/1993 16:00:00	1.24696793455
9/22/1993 16:00:00	1.33202028979
9/23/1993 16:00:00	1.36432160438
9/24/1993 16:00:00	1.37445573977
9/27/1993 16:00:00	1.42271139508
9/28/1993 16:00:00	1.46145302241
9/29/1993 16:00:00	1.47085097607
9/30/1993 16:00:00	1.4227449956
10/1/1993 16:00:00	1.42323088355
10/4/1993 16:00:00	1.43931064416
10/5/1993 16:00:00	1.40489798823
10/6/1993 16:00:00	1.39498635999
10/7/1993 16:00:00	1.36785839528
10/8/1993 16:00:00	1.40346235196
10/11/1993 16:00:00	1.39573366467
10/12/1993 16:00:00	1.41630502577
10/13/1993 16:00:00	1.45731961411
10/14/1993 16:00:00	1.52120400093
10/15/1993 16:00:00	1.52612540892
10/18/1993 16:00:00	1.4953016259
10/19/1993 16:00:00	1.41288471287
10/20/1993 16:00:00	1.42572235812
10/21/1993 16:00:00	1.46342611965
10/22/1993 16:00:00	1.47242184154
10/25/1993 16:00:00	1.46301707089
10/26/1993 16:00:00	1.43074365623
10/27/1993 16:00:00	1.49333115179
10/28/1993 16:00:00	1.48133048613
10/29/1993 16:00:00	1.50071032405
11/1/1993 16:00:00	1.54679731274
11/2/1993 16:00:00	1.54968351486
11/3/1993 16:00:00	1.4622698194
11/4/1993 16:00:00	1.343456685
11/5/1993 16:00:00	1.40890177591
11/8/1993 16:00:00	1.42183627588
11/9/1993 16:00:00	1.43317424992
11/10/1993 16:00:00	1.51148213529
11/11/1993 16:00:00	1.53032945224
11/12/1993 16:00:00	1.5358343244
11/15/1993 16:00:00	1.48805335222
11/16/1993 16:00:00	1.51328130642
11/17/1993 16:00:00	1.42530893169
11/18/1993 16:00:00	1.37990389235
11/19/1993 16:00:00	1.36671511943
11/22/1993 16:00:00	1.28876015038
11/23/1993 16:00:00	1.36962423185
11/24/1993 16:00:00	1.41030510165
11/26/1993 16:00:00	1.42390908178
11/29/1993 16:00:00	1.38882627874
11/30/1993 16:00:00	1.42723435308
12/1/1993 16:00:00	1.49522518145
12/2/1993 16:00:00	1.53148954054
12/3/1993 16:00:00	1.59604857766
12/6/1993 16:00:00	1.56252427145
12/7/1993 16:00:00	1.53828928799
12/8/1993 16:00:00	1.51254646233
12/9/1993 16:00:00	1.42518235195
12/10/1993 16:00:00	1.42152459553
12/13/1993 16:00:00	1.43011150887
12/14/1993 16:00:00	1.37488570415
12/15/1993 16:00:00	1.39723236013
12/16/1993 16:00:00	1.41022001519
12/17/1993 16:00:00	1.44103597145
12/20/1993 16:00:00	1.44818702734
12/21/1993 16:00:00	1.43422462483
12/22/1993 16:00:00	1.43259950924
12/23/1993 16:00:00	1.45331543589
12/27/1993 16:00:00	1.46981647495
12/28/1993 16:00:00	1.50196071471
12/29/1993 16:00:00	1.50878120342
12/30/1993 16:00:00	1.5351551815
12/31/1993 16:00:00	1.54110534606
1/3/1994 16:00:00	1.50870087998
1/4/1994 16:00:00	1.53863196758
1/5/1994 16:00:00	1.57151443573
1/6/1994 16:00:00	1.60785718675
1/7/1994 16:00:00	1.61412714857
1/10/1994 16:00:00	1.66301555326
1/11/1994 16:00:00	1.64954022988
1/12/1994 16:00:00	1.65653138053
1/13/1994 16:00:00	1.65028466287
1/14/1994 16:00:00	1.69526100642
1/17/1994 16:00:00	1.68285998876
1/18/1994 16:00:00	1.6842868387
1/19/1994 16:00:00	1.62741965141
1/20/1994 16:00:00	1.68873770179
1/21/1994 16:00:00	1.68893216357
1/24/1994 16:00:00	1.65934386605
1/25/1994 16:00:00	1.62534790997
1/26/1994 16:00:00	1.6333320565
1/27/1994 16:00:00	1.66576886556
1/28/1994 16:00:00	1.69680184968
1/31/1994 16:00:00	1.71439324613
2/1/1994 16:00:00	1.66690799412
2/2/1994 16:00:00	1.6853507478
2/3/1994 16:00:00	1.66352022429
2/4/1994 16:00:00	1.50998004471
2/7/1994 16:00:00	1.53385577866
2/8/1994 16:00:00	1.55450744229
2/9/1994 16:00:00	1.58243357153
2/10/1994 16:00:00	1.55134225568
2/11/1994 16:00:00	1.55684934306
2/14/1994 16:00:00	1.59445074977
2/15/1994 16:00:00	1.63131895521
2/16/1994 16:00:00	1.63623979371
2/17/1994 16:00:00	1.61945212455
2/18/1994 16:00:00	1.62544680241
2/22/1994 16:00:00	1.65525426281
2/23/1994 16:00:00	1.63568051974
2/24/1994 16:00:00	1.5616753586
2/25/1994 16:00:00	1.60370854537
2/28/1994 16:00:00	1.67086603098
3/1/1994 16:00:00	1.64009807611
3/2/1994 16:00:00	1.62139043098
3/3/1994 16:00:00	1.62071431885
3/4/1994 16:00:00	1.66565855386
3/7/1994 16:00:00	1.70523137823
3/8/1994 16:00:00	1.66361960112
3/9/1994 16:00:00	1.6764949444
3/10/1994 16:00:00	1.63562036537
3/11/1994 16:00:00	1.63098953483
3/14/1994 16:00:00	1.67226550025
3/15/1994 16:00:00	1.67046786091
3/16/1994 16:00:00	1.6999976936
3/17/1994 16:00:00	1.73799839931
3/18/1994 16:00:00	1.72581280566
3/21/1994 16:00:00	1.66904841578
3/22/1994 16:00:00	1.64033124472
3/23/1994 16:00:00	1.6377042626
3/24/1994 16:00:00	1.55835830246
3/25/1994 16:00:00	1.51080003451
3/28/1994 16:00:00	1.44291668334
3/29/1994 16:00:00	1.3223886114
3/30/1994 16:00:00	1.29342725952
3/31/1994 16:00:00	1.32062470886
4/4/1994 16:00:00	1.24206826698
4/5/1994 16:00:00	1.37946802549
4/6/1994 16:00:00	1.37310813178
4/7/1994 16:00:00	1.39602730974
4/8/1994 16:00:00	1.33050109524
4/11/1994 16:00:00	1.31914257616
4/12/1994 16:00:00	1.23217184177
4/13/1994 16:00:00	1.15091859199
4/14/1994 16:00:00	1.13546302621
4/15/1994 16:00:00	1.14101265992
4/18/1994 16:00:00	1.08611366927
4/19/1994 16:00:00	1.05767858744
4/20/1994 16:00:00	1.03969521372
4/21/1994 16:00:00	1.14146050709
4/22/1994 16:00:00	1.16024682535
4/25/1994 16:00:00	1.21365614655
4/26/1994 16:00:00	1.21969573455
4/28/1994 16:00:00	1.18992507259
4/29/1994 16:00:00	1.19714403304
5/2/1994 16:00:00	1.259903051
5/3/1994 16:00:00	1.23204196837
5/4/1994 16:00:00	1.23607178172
5/5/1994 16:00:00	1.24246976459
5/6/1994 16:00:00	1.20592164946
5/9/1994 16:00:00	1.14199947689
5/10/1994 16:00:00	1.16036464135
5/11/1994 16:00:00	1.11440059222
5/12/1994 16:00:00	1.12736812454
5/13/1994 16:00:00	1.11014356367
5/16/1994 16:00:00	1.07018060436
5/17/1994 16:00:00	1.0698128017
5/18/1994 16:00:00	1.14138085498
5/19/1994 16:00:00	1.1698804805
5/20/1994 16:00:00	1.15673444523
5/23/1994 16:00:00	1.15175067725
5/24/1994 16:00:00	1.21767628822
5/25/1994 16:00:00	1.22918119659
5/26/1994 16:00:00	1.20487312114
5/27/1994 16:00:00	1.21407914141
5/31/1994 16:00:00	1.23328906366
6/1/1994 16:00:00	1.23644327175
6/2/1994 16:00:00	1.24989846897
6/3/1994 16:00:00	1.2702517845
6/6/1994 16:00:00	1.26992151298
6/7/1994 16:00:00	1.24142525465
6/8/1994 16:00:00	1.15281005323
6/9/1994 16:00:00	1.14581890085
6/10/1994 16:00:00	1.18562858986
6/13/1994 16:00:00	1.15892876936
6/14/1994 16:00:00	1.20985920938
6/15/1994 16:00:00	1.21319545419
6/16/1994 16:00:00	1.21286905314
6/17/1994 16:00:00	1.15591630611
6/20/1994 16:00:00	1.11711439629
6/21/1994 16:00:00	1.05423088884
6/22/1994 16:00:00	1.0735064643
6/23/1994 16:00:00	0.986699167442
6/24/1994 16:00:00	0.9717997556
6/27/1994 16:00:00	1.04930154603
6/28/1994 16:00:00	1.0566106965
6/29/1994 16:00:00	1.06212001082
6/30/1994 16:00:00	1.04033204471
7/1/1994 16:00:00	1.03741125115
7/5/1994 16:00:00	1.01003658722
7/6/1994 16:00:00	0.981667249924
7/7/1994 16:00:00	1.02791229489
7/8/1994 16:00:00	1.02815431048
7/11/1994 16:00:00	1.02324906006
7/12/1994 16:00:00	1.0443711284
7/13/1994 16:00:00	1.11182846269
7/14/1994 16:00:00	1.0967216347
7/15/1994 16:00:00	1.09375279983
7/18/1994 16:00:00	1.10169070384
7/19/1994 16:00:00	1.07016595107
7/20/1994 16:00:00	1.02403179198
7/21/1994 16:00:00	1.04645460119
7/22/1994 16:00:00	1.07070866071
7/25/1994 16:00:00	1.07949277077
7/26/1994 16:00:00	1.06045363945
7/27/1994 16:00:00	1.04077578397
7/28/1994 16:00:00	1.04318017797
7/29/1994 16:00:00	1.11204104659
8/1/1994 16:00:00	1.14238933708
8/2/1994 16:00:00	1.13455805098
8/3/1994 16:00:00	1.11308073837
8/4/1994 16:00:00	1.08619986777
8/5/1994 16:00:00	1.08219070113
8/8/1994 16:00:00	1.09711584409
8/9/1994 16:00:00	1.11243889603
8/10/1994 16:00:00	1.14141124568
8/11/1994 16:00:00	1.14606107247
8/12/1994 16:00:00	1.16825510891
8/15/1994 16:00:00	1.168878421
8/16/1994 16:00:00	1.20044305204
8/17/1994 16:00:00	1.26021028627
8/18/1994 16:00:00	1.24721936834
8/19/1994 16:00:00	1.23199504666
8/22/1994 16:00:00	1.21883004526
8/23/1994 16:00:00	1.25580908205
8/24/1994 16:00:00	1.27179865522
8/25/1994 16:00:00	1.30117835536
8/26/1994 16:00:00	1.37804990351
8/29/1994 16:00:00	1.36892477271
8/30/1994 16:00:00	1.40230044251
8/31/1994 16:00:00	1.3614480948
9/1/1994 16:00:00	1.29625710669
9/2/1994 16:00:00	1.29366941187
9/6/1994 16:00:00	1.31568011158
9/7/1994 16:00:00	1.34875043612
9/8/1994 16:00:00	1.38583240265
9/9/1994 16:00:00	1.32388128081
9/12/1994 16:00:00	1.29138858407
9/13/1994 16:00:00	1.34044681744
9/14/1994 16:00:00	1.35098825553
9/15/1994 16:00:00	1.44521567863
9/16/1994 16:00:00	1.4165314861
9/19/1994 16:00:00	1.40968396376
9/20/1994 16:00:00	1.33542352039
9/21/1994 16:00:00	1.30311086172
9/22/1994 16:00:00	1.30090571762
9/23/1994 16:00:00	1.26707895795
9/26/1994 16:00:00	1.25383122633
9/27/1994 16:00:00	1.25740604789
9/28/1994 16:00:00	1.28244825674
9/29/1994 16:00:00	1.27450654695
9/30/1994 16:00:00	1.29961768884
10/3/1994 16:00:00	1.28775786017
10/4/1994 16:00:00	1.1886821366
10/5/1994 16:00:00	1.22800888379
10/6/1994 16:00:00	1.18802637622
10/7/1994 16:00:00	1.2294587593
10/10/1994 16:00:00	1.28118152786
10/11/1994 16:00:00	1.35339710536
10/12/1994 16:00:00	1.34831111358
10/13/1994 16:00:00	1.3478074651
10/14/1994 16:00:00	1.33646824915
10/17/1994 16:00:00	1.31624857084
10/18/1994 16:00:00	1.32707806086
10/19/1994 16:00:00	1.38378506206
10/20/1994 16:00:00	1.37554101227
10/21/1994 16:00:00	1.34961607199
10/24/1994 16:00:00	1.33150969704
10/25/1994 16:00:00	1.32779059451
10/26/1994 16:00:00	1.38066418373
10/27/1994 16:00:00	1.39836972342
10/28/1994 16:00:00	1.46204949348
10/31/1994 16:00:00	1.47425724808
11/1/1994 16:00:00	1.44154078812
11/2/1994 16:00:00	1.42874330215
11/3/1994 16:00:00	1.42033352093
11/4/1994 16:00:00	1.34963192657
11/7/1994 16:00:00	1.33620764054
11/8/1994 16:00:00	1.40821647646
11/9/1994 16:00:00	1.41671516585
11/10/1994 16:00:00	1.39309932015
11/11/1994 16:00:00	1.37863746569
11/14/1994 16:00:00	1.45348102144
11/15/1994 16:00:00	1.44859707863
11/16/1994 16:00:00	1.45774957013
11/17/1994 16:00:00	1.43854645171
11/18/1994 16:00:00	1.45301896727
11/21/1994 16:00:00	1.4189741582
11/22/1994 16:00:00	1.3001816914
11/23/1994 16:00:00	1.29205951499
11/25/1994 16:00:00	1.33037045298
11/28/1994 16:00:00	1.35598262455
11/29/1994 16:00:00	1.40844407323
11/30/1994 16:00:00	1.36349759434
12/1/1994 16:00:00	1.29041908642
12/2/1994 16:00:00	1.33238495732
12/5/1994 16:00:00	1.33835765035
12/6/1994 16:00:00	1.31045001632
12/7/1994 16:00:00	1.26823313946
12/8/1994 16:00:00	1.17665901149
12/9/1994 16:00:00	1.19733230021
12/12/1994 16:00:00	1.19901865602
12/13/1994 16:00:00	1.18590238245
12/14/1994 16:00:00	1.22311409494
12/15/1994 16:00:00	1.24168475255
12/16/1994 16:00:00	1.22503426912
12/19/1994 16:00:00	1.20950286071
12/20/1994 16:00:00	1.21065792203
12/21/1994 16:00:00	1.27688560893
12/22/1994 16:00:00	1.29536956734
12/23/1994 16:00:00	1.30778346404
12/27/1994 16:00:00	1.33528638355
12/28/1994 16:00:00	1.29719888611
12/29/1994 16:00:00	1.35534453448
12/30/1994 16:00:00	1.33422192878
1/3/1995 16:00:00	1.27150442348
1/4/1995 16:00:00	1.28660484665
1/5/1995 16:00:00	1.27007806401
1/6/1995 16:00:00	1.30356719705
1/9/1995 16:00:00	1.32177517328
1/10/1995 16:00:00	1.36078129011
1/11/1995 16:00:00	1.35536838611
1/12/1995 16:00:00	1.35686332802
1/13/1995 16:00:00	1.38773345441
1/16/1995 16:00:00	1.41916178423
1/17/1995 16:00:00	1.45177077617
1/18/1995 16:00:00	1.47574927865
1/19/1995 16:00:00	1.45992839777
1/20/1995 16:00:00	1.37845889397
1/23/1995 16:00:00	1.39549849256
1/24/1995 16:00:00	1.41215248882
1/25/1995 16:00:00	1.38345632474
1/26/1995 16:00:00	1.33859400599
1/27/1995 16:00:00	1.34500354925
1/30/1995 16:00:00	1.28968504812
1/31/1995 16:00:00	1.32384976088
2/1/1995 16:00:00	1.34007072791
2/2/1995 16:00:00	1.37979012284
2/3/1995 16:00:00	1.42925437096
2/6/1995 16:00:00	1.47781121848
2/7/1995 16:00:00	1.47318929343
2/8/1995 16:00:00	1.52585567018
2/9/1995 16:00:00	1.53328604741
2/10/1995 16:00:00	1.57924446537
2/13/1995 16:00:00	1.55636676661
2/14/1995 16:00:00	1.5668161976
2/15/1995 16:00:00	1.5952656253
2/16/1995 16:00:00	1.57633718593
2/17/1995 16:00:00	1.51838148782
2/21/1995 16:00:00	1.50854642225
2/22/1995 16:00:00	1.55446559166
2/23/1995 16:00:00	1.57337774108
2/24/1995 16:00:00	1.54392215472
2/27/1995 16:00:00	1.50339179811
2/28/1995 16:00:00	1.58483981746
3/1/1995 16:00:00	1.55425392521
3/2/1995 16:00:00	1.57382919259
3/3/1995 16:00:00	1.62763845287
3/6/1995 16:00:00	1.63299346673
3/7/1995 16:00:00	1.5747149578
3/8/1995 16:00:00	1.62729762284
3/9/1995 16:00:00	1.62650504802
3/10/1995 16:00:00	1.67852450281
3/13/1995 16:00:00	1.66687833746
3/14/1995 16:00:00	1.72776993595
3/15/1995 16:00:00	1.69544773646
3/16/1995 16:00:00	1.70721365383
3/17/1995 16:00:00	1.69773416955
3/20/1995 16:00:00	1.72741757963
3/21/1995 16:00:00	1.73247962717
3/22/1995 16:00:00	1.73150888858
3/23/1995 16:00:00	1.75017227398
3/24/1995 16:00:00	1.82651292002
3/27/1995 16:00:00	1.84581418136
3/28/1995 16:00:00	1.88618572712
3/29/1995 16:00:00	1.7785827918
3/30/1995 16:00:00	1.73683420613
3/31/1995 16:00:00	1.72107760096
4/3/1995 16:00:00	1.7355410885
4/4/1995 16:00:00	1.65755668583
4/5/1995 16:00:00	1.68812472242
4/6/1995 16:00:00	1.63319224096
4/7/1995 16:00:00	1.67783175994
4/10/1995 16:00:00	1.73754534304
4/11/1995 16:00:00	1.78262017504
4/12/1995 16:00:00	1.82468857811
4/13/1995 16:00:00	1.84699562319
4/17/1995 16:00:00	1.82335362631
4/18/1995 16:00:00	1.77886373365
4/19/1995 16:00:00	1.70289468185
4/20/1995 16:00:00	1.72423063189
4/21/1995 16:00:00	1.7501078303
4/24/1995 16:00:00	1.80811087713
4/25/1995 16:00:00	1.83906641411
4/26/1995 16:00:00	1.88526433977
4/27/1995 16:00:00	1.91238512038
4/28/1995 16:00:00	1.96333115374
5/1/1995 16:00:00	1.91818872817
5/2/1995 16:00:00	1.90882150864
5/3/1995 16:00:00	2.02525775501
5/4/1995 16:00:00	2.01350013818
5/5/1995 16:00:00	1.96394957576
5/8/1995 16:00:00	2.04402820159
5/9/1995 16:00:00	2.03283962182
5/10/1995 16:00:00	1.99173039057
5/11/1995 16:00:00	2.07513806993
5/12/1995 16:00:00	2.12096242484
5/15/1995 16:00:00	2.16125133881
5/16/1995 16:00:00	2.22266534491
5/17/1995 16:00:00	2.270977375
5/18/1995 16:00:00	2.17784465378
5/19/1995 16:00:00	2.20139022829
5/22/1995 16:00:00	2.27053531459
5/23/1995 16:00:00	2.37973697016
5/24/1995 16:00:00	2.34122804188
5/25/1995 16:00:00	2.35615962659
5/26/1995 16:00:00	2.27592125515
5/30/1995 16:00:00	2.08222531577
5/31/1995 16:00:00	2.15904804101
6/1/1995 16:00:00	2.19575635794
6/2/1995 16:00:00	2.21718880407
6/5/1995 16:00:00	2.32611083545
6/6/1995 16:00:00	2.24551876604
6/7/1995 16:00:00	2.27188231816
6/8/1995 16:00:00	2.32143878473
6/9/1995 16:00:00	2.31386090747
6/12/1995 16:00:00	2.33031110369
6/13/1995 16:00:00	2.37957941482
6/14/1995 16:00:00	2.38912385544
6/15/1995 16:00:00	2.47133856662
6/16/1995 16:00:00	2.55073134846
6/19/1995 16:00:00	2.74090396609
6/20/1995 16:00:00	2.87915158251
6/21/1995 16:00:00	2.81301494289
6/22/1995 16:00:00	2.97757869156
6/23/1995 16:00:00	2.95300324165
6/26/1995 16:00:00	2.81846915236
6/27/1995 16:00:00	2.68055677481
6/28/1995 16:00:00	2.72187165361
6/29/1995 16:00:00	2.80591429557
6/30/1995 16:00:00	2.83291587391
7/3/1995 16:00:00	2.84614442346
7/5/1995 16:00:00	2.9145906682
7/6/1995 16:00:00	3.08125944795
7/7/1995 16:00:00	3.30798938763
7/10/1995 16:00:00	3.41110029104
7/11/1995 16:00:00	3.23831638
7/12/1995 16:00:00	3.50751939018
7/13/1995 16:00:00	3.56987370823
7/14/1995 16:00:00	3.68912435451
7/17/1995 16:00:00	3.81960913144
7/18/1995 16:00:00	3.46335053457
7/19/1995 16:00:00	2.89857625605
7/20/1995 16:00:00	2.94800557675
7/21/1995 16:00:00	2.90541424
7/24/1995 16:00:00	3.14029050984
7/25/1995 16:00:00	3.3071984688
7/26/1995 16:00:00	3.37695634853
7/27/1995 16:00:00	3.50525960794
7/28/1995 16:00:00	3.32210070507
7/31/1995 16:00:00	3.2282977179
8/1/1995 16:00:00	3.06186229858
8/2/1995 16:00:00	2.93458940266
8/3/1995 16:00:00	2.95683157181
8/4/1995 16:00:00	3.07583017091
8/7/1995 16:00:00	3.12470195929
8/8/1995 16:00:00	3.15726318666
8/9/1995 16:00:00	3.31930962519
8/10/1995 16:00:00	3.2182074883
8/11/1995 16:00:00	3.3162867962
8/14/1995 16:00:00	3.47161063007
8/15/1995 16:00:00	3.45761169684
8/16/1995 16:00:00	3.67556470689
8/17/1995 16:00:00	3.67076481516
8/18/1995 16:00:00	3.65473309223
8/21/1995 16:00:00	3.34659213893
8/22/1995 16:00:00	3.52446082259
8/23/1995 16:00:00	3.55971091571
8/24/1995 16:00:00	3.41042953094
8/25/1995 16:00:00	3.35490265278
8/28/1995 16:00:00	3.10932542688
8/29/1995 16:00:00	3.12033411479
8/30/1995 16:00:00	3.2179620758
8/31/1995 16:00:00	3.28257761002
9/1/1995 16:00:00	3.21996558457
9/5/1995 16:00:00	3.59150269196
9/6/1995 16:00:00	3.56708098153
9/7/1995 16:00:00	3.65556476582
9/8/1995 16:00:00	3.74748313069
9/11/1995 16:00:00	3.84742766437
9/12/1995 16:00:00	3.77416993735
9/13/1995 16:00:00	3.80410165066
9/14/1995 16:00:00	3.73474221911
9/15/1995 16:00:00	3.45244103303
9/18/1995 16:00:00	3.48783176052
9/19/1995 16:00:00	3.66099712552
9/20/1995 16:00:00	3.69866963092
9/21/1995 16:00:00	3.54325124791
9/22/1995 16:00:00	3.50184781507
9/25/1995 16:00:00	3.41647874465
9/26/1995 16:00:00	3.28980363148
9/27/1995 16:00:00	3.21070095651
9/28/1995 16:00:00	3.53006201101
9/29/1995 16:00:00	3.34380433412
10/2/1995 16:00:00	3.14966973714
10/3/1995 16:00:00	3.13622411274
10/4/1995 16:00:00	2.90191510688
10/5/1995 16:00:00	3.11465285906
10/6/1995 16:00:00	3.02602190947
10/9/1995 16:00:00	2.69658700056
10/10/1995 16:00:00	2.75179515999
10/11/1995 16:00:00	2.95370542863
10/12/1995 16:00:00	3.08974702617
10/13/1995 16:00:00	3.03791889042
10/16/1995 16:00:00	3.01165900894
10/17/1995 16:00:00	3.34331854413
10/18/1995 16:00:00	3.48684685999
10/19/1995 16:00:00	3.54253571283
10/20/1995 16:00:00	3.37482984433
10/23/1995 16:00:00	3.39678828382
10/24/1995 16:00:00	3.41143587885
10/25/1995 16:00:00	3.23909234589
10/26/1995 16:00:00	3.20631442345
10/27/1995 16:00:00	3.38721776459
10/30/1995 16:00:00	3.61772487162
10/31/1995 16:00:00	3.46701600776
11/1/1995 16:00:00	3.50207135265
11/2/1995 16:00:00	3.74109528154
11/3/1995 16:00:00	3.86724797474
11/6/1995 16:00:00	3.7533957608
11/7/1995 16:00:00	3.39494032813
11/8/1995 16:00:00	3.43565840311
11/9/1995 16:00:00	3.74757474737
11/10/1995 16:00:00	3.6846777754
11/13/1995 16:00:00	3.58740033601
11/14/1995 16:00:00	3.29106597485
11/15/1995 16:00:00	3.31932573496
11/16/1995 16:00:00	3.28760774464
11/17/1995 16:00:00	3.23762700159
11/20/1995 16:00:00	2.95314434557
11/21/1995 16:00:00	2.99106423295
11/22/1995 16:00:00	2.90851067189
11/24/1995 16:00:00	3.04910039693
11/27/1995 16:00:00	2.97763831814
11/28/1995 16:00:00	3.35097868869
11/29/1995 16:00:00	3.37573709952
11/30/1995 16:00:00	3.27493343143
12/1/1995 16:00:00	3.16219212664
12/4/1995 16:00:00	3.33796590238
12/5/1995 16:00:00	3.22278814661
12/6/1995 16:00:00	3.20060509743
12/7/1995 16:00:00	3.15242383553
12/8/1995 16:00:00	3.3480134451
12/11/1995 16:00:00	3.29140429652
12/12/1995 16:00:00	3.10625456872
12/13/1995 16:00:00	3.14440416314
12/14/1995 16:00:00	2.80153159225
12/15/1995 16:00:00	2.75532303167
12/18/1995 16:00:00	2.5301774455
12/19/1995 16:00:00	2.90234564333
12/20/1995 16:00:00	2.75149379159
12/21/1995 16:00:00	2.97778062195
12/22/1995 16:00:00	3.04415534849
12/26/1995 16:00:00	3.0411736737
12/27/1995 16:00:00	2.96598192458
12/28/1995 16:00:00	2.83551901291
12/29/1995 16:00:00	2.89753480722
1/2/1996 16:00:00	3.04267505527
1/3/1996 16:00:00	2.8283025115
1/4/1996 16:00:00	2.69588315215
1/5/1996 16:00:00	2.71825904358
1/8/1996 16:00:00	2.68813110185
1/9/1996 16:00:00	2.27519783281
1/10/1996 16:00:00	2.28515914138
1/11/1996 16:00:00	2.53897967353
1/12/1996 16:00:00	2.50348686774
1/15/1996 16:00:00	2.25391665066
1/16/1996 16:00:00	2.39962767789
1/17/1996 16:00:00	2.39118904969
1/18/1996 16:00:00	2.50571386414
1/19/1996 16:00:00	2.64435111511
1/22/1996 16:00:00	2.73585773303
1/23/1996 16:00:00	2.67840097273
1/24/1996 16:00:00	2.88647964761
1/25/1996 16:00:00	2.73800309747
1/26/1996 16:00:00	2.80531161969
1/29/1996 16:00:00	2.79188284596
1/30/1996 16:00:00	2.9032097046
1/31/1996 16:00:00	3.01849814064
2/1/1996 16:00:00	3.17079809278
2/2/1996 16:00:00	3.16192719139
2/5/1996 16:00:00	3.38194195228
2/6/1996 16:00:00	3.44173415579
2/7/1996 16:00:00	3.37115883307
2/8/1996 16:00:00	3.5130400287
2/9/1996 16:00:00	3.49794516986
2/12/1996 16:00:00	3.53461055628
2/13/1996 16:00:00	3.41840022545
2/14/1996 16:00:00	3.40101709447
2/15/1996 16:00:00	3.44300888058
2/16/1996 16:00:00	3.42142863113
2/20/1996 16:00:00	3.38309633492
2/21/1996 16:00:00	3.55335142884
2/22/1996 16:00:00	3.82571951795
2/23/1996 16:00:00	3.8091986594
2/26/1996 16:00:00	3.72426479639
2/27/1996 16:00:00	3.60296014687
2/28/1996 16:00:00	3.60698518303
2/29/1996 16:00:00	3.4573551241
3/1/1996 16:00:00	3.15447388741
3/4/1996 16:00:00	3.10173306594
3/5/1996 16:00:00	3.32261119592
3/6/1996 16:00:00	3.19084634772
3/7/1996 16:00:00	3.21621308247
3/8/1996 16:00:00	2.93221403535
3/11/1996 16:00:00	3.13547030451
3/12/1996 16:00:00	3.03353414117
3/13/1996 16:00:00	3.27098522991
3/14/1996 16:00:00	3.20239407468
3/15/1996 16:00:00	3.37614993375
3/18/1996 16:00:00	3.56256963303
3/19/1996 16:00:00	3.49545637773
3/20/1996 16:00:00	3.2582891202
3/21/1996 16:00:00	3.19708231413
3/22/1996 16:00:00	3.21697150215
3/25/1996 16:00:00	2.978226075
3/26/1996 16:00:00	3.04038573856
3/27/1996 16:00:00	3.12945389742
3/28/1996 16:00:00	3.1281783997
3/29/1996 16:00:00	3.15143648372
4/1/1996 16:00:00	3.20102284124
4/2/1996 16:00:00	3.24351911848
4/3/1996 16:00:00	3.28548832299
4/4/1996 16:00:00	3.27475249491
4/8/1996 16:00:00	3.15562671822
4/9/1996 16:00:00	3.1610434128
4/10/1996 16:00:00	3.12923548672
4/11/1996 16:00:00	3.04993178433
4/12/1996 16:00:00	3.06322144957
4/15/1996 16:00:00	3.15327313843
4/16/1996 16:00:00	3.38170635746
4/17/1996 16:00:00	3.29525968972
4/18/1996 16:00:00	3.49636739384
4/19/1996 16:00:00	3.48750453214
4/22/1996 16:00:00	3.67222875416
4/23/1996 16:00:00	3.84479637516
4/24/1996 16:00:00	4.0105979456
4/25/1996 16:00:00	4.05685787686
4/26/1996 16:00:00	4.05424050599
4/29/1996 16:00:00	4.05859852851
4/30/1996 16:00:00	4.05162725543
5/1/1996 16:00:00	4.17037709925
5/2/1996 16:00:00	3.8592376854
5/3/1996 16:00:00	3.93379841519
5/6/1996 16:00:00	3.96505775428
5/7/1996 16:00:00	3.92519932238
5/8/1996 16:00:00	3.97151908863
5/9/1996 16:00:00	3.95172413208
5/10/1996 16:00:00	4.12866151673
5/13/1996 16:00:00	4.42090050974
5/14/1996 16:00:00	4.55178023215
5/15/1996 16:00:00	4.4460087178
5/16/1996 16:00:00	4.54206378894
5/17/1996 16:00:00	4.45276242022
5/20/1996 16:00:00	4.49812702347
5/21/1996 16:00:00	4.39057258
5/22/1996 16:00:00	4.39928530106
5/23/1996 16:00:00	4.46718215508
5/24/1996 16:00:00	4.40337393904
5/28/1996 16:00:00	4.3275638485
5/29/1996 16:00:00	4.17413105911
5/30/1996 16:00:00	4.3005694311
5/31/1996 16:00:00	4.45586518561
6/3/1996 16:00:00	4.39297934251
6/4/1996 16:00:00	4.45456629347
6/5/1996 16:00:00	4.5827668517
6/6/1996 16:00:00	4.33784069042
6/7/1996 16:00:00	4.41993751545
6/10/1996 16:00:00	4.3674850988
6/11/1996 16:00:00	4.40522081691
6/12/1996 16:00:00	4.52197757485
6/13/1996 16:00:00	4.4161821832
6/14/1996 16:00:00	4.20885908264
6/17/1996 16:00:00	4.156858157
6/18/1996 16:00:00	3.92731799376
6/19/1996 16:00:00	3.95452144313
6/20/1996 16:00:00	3.89411952569
6/21/1996 16:00:00	4.03418585857
6/24/1996 16:00:00	4.11567375401
6/25/1996 16:00:00	3.94715589747
6/26/1996 16:00:00	3.79719206008
6/27/1996 16:00:00	3.99319501942
6/28/1996 16:00:00	4.10095219478
7/1/1996 16:00:00	4.27643817845
7/2/1996 16:00:00	4.14458020963
7/3/1996 16:00:00	4.02676783648
7/5/1996 16:00:00	3.73499023678
7/8/1996 16:00:00	3.70447976064
7/9/1996 16:00:00	3.78325024549
7/10/1996 16:00:00	3.72452443128
7/11/1996 16:00:00	3.35438865654
7/12/1996 16:00:00	3.34131475493
7/15/1996 16:00:00	2.89501006693
7/16/1996 16:00:00	2.9988409665
7/17/1996 16:00:00	3.24706408171
7/18/1996 16:00:00	3.43738407909
7/19/1996 16:00:00	3.26440179073
7/22/1996 16:00:00	3.12322935161
7/23/1996 16:00:00	2.73592749212
7/24/1996 16:00:00	2.82659532818
7/25/1996 16:00:00	3.04015482408
7/26/1996 16:00:00	3.22969216212
7/29/1996 16:00:00	3.0310368398
7/30/1996 16:00:00	3.17324101576
7/31/1996 16:00:00	3.25756028058
8/1/1996 16:00:00	3.48693938138
8/2/1996 16:00:00	3.75434290122
8/5/1996 16:00:00	3.63740852425
8/6/1996 16:00:00	3.81174894748
8/7/1996 16:00:00	3.99169884579
8/8/1996 16:00:00	3.90463380862
8/9/1996 16:00:00	3.91635831593
8/12/1996 16:00:00	3.93314141066
8/13/1996 16:00:00	3.75247328316
8/14/1996 16:00:00	3.88646796236
8/15/1996 16:00:00	3.88314497338
8/16/1996 16:00:00	3.7983634651
8/19/1996 16:00:00	3.76207354363
8/20/1996 16:00:00	3.63593385933
8/21/1996 16:00:00	3.70902534831
8/22/1996 16:00:00	3.94411245428
8/23/1996 16:00:00	3.87167588537
8/26/1996 16:00:00	3.79002541485
8/27/1996 16:00:00	3.8916857369
8/28/1996 16:00:00	3.90042431686
8/29/1996 16:00:00	3.75092263219
8/30/1996 16:00:00	3.62277838584
9/3/1996 16:00:00	3.71463187395
9/4/1996 16:00:00	3.71104074823
9/5/1996 16:00:00	3.42832039212
9/6/1996 16:00:00	3.61423532464
9/9/1996 16:00:00	3.73912531059
9/10/1996 16:00:00	3.73175075214
9/11/1996 16:00:00	3.78775590701
9/12/1996 16:00:00	3.96308296059
9/13/1996 16:00:00	4.3461869072
9/16/1996 16:00:00	4.36903672601
9/17/1996 16:00:00	4.61222177947
9/18/1996 16:00:00	4.70823042315
9/19/1996 16:00:00	4.8832005972
9/20/1996 16:00:00	5.01315368497
9/23/1996 16:00:00	4.80810779515
9/24/1996 16:00:00	4.86859793048
9/25/1996 16:00:00	5.04617874972
9/26/1996 16:00:00	5.02158965115
9/27/1996 16:00:00	5.02147867076
9/30/1996 16:00:00	4.87413562964
10/1/1996 16:00:00	4.81049491159
10/2/1996 16:00:00	5.06437416353
10/3/1996 16:00:00	4.97504775867
10/4/1996 16:00:00	5.29064425326
10/7/1996 16:00:00	5.40724805953
10/8/1996 16:00:00	5.15895506543
10/9/1996 16:00:00	5.17141548246
10/10/1996 16:00:00	5.116680973
10/11/1996 16:00:00	5.40416093789
10/14/1996 16:00:00	5.53594149587
10/15/1996 16:00:00	5.5996712562
10/16/1996 16:00:00	5.43552860093
10/17/1996 16:00:00	5.18130349125
10/18/1996 16:00:00	5.19990482065
10/21/1996 16:00:00	4.97988657996
10/22/1996 16:00:00	4.78441473567
10/23/1996 16:00:00	5.03650086894
10/24/1996 16:00:00	5.00783519043
10/25/1996 16:00:00	4.90774062612
10/28/1996 16:00:00	4.867443523
10/29/1996 16:00:00	4.65962023512
10/30/1996 16:00:00	4.75574082153
10/31/1996 16:00:00	5.05616181047
11/1/1996 16:00:00	5.12446795108
11/4/1996 16:00:00	5.13656408776
11/5/1996 16:00:00	5.41275290705
11/6/1996 16:00:00	5.76832978647
11/7/1996 16:00:00	5.95269651123
11/8/1996 16:00:00	6.02242858364
11/11/1996 16:00:00	6.15652575172
11/12/1996 16:00:00	5.90949325831
11/13/1996 16:00:00	6.00941666181
11/14/1996 16:00:00	6.25583218539
11/15/1996 16:00:00	6.0136859199
11/18/1996 16:00:00	5.8717380149
11/19/1996 16:00:00	6.14617500266
11/20/1996 16:00:00	6.20278673509
11/21/1996 16:00:00	6.01721602065
11/22/1996 16:00:00	6.41784301917
11/25/1996 16:00:00	6.48214027401
11/26/1996 16:00:00	6.57992299005
11/27/1996 16:00:00	6.74063388591
11/29/1996 16:00:00	6.77699434187
12/2/1996 16:00:00	7.03236984636
12/3/1996 16:00:00	6.86074443857
12/4/1996 16:00:00	6.77730275473
12/5/1996 16:00:00	6.80143751023
12/6/1996 16:00:00	6.58824973226
12/9/1996 16:00:00	7.28813425447
12/10/1996 16:00:00	7.08848189892
12/11/1996 16:00:00	7.27082196796
12/12/1996 16:00:00	6.9358260519
12/13/1996 16:00:00	6.56423289133
12/16/1996 16:00:00	5.99826618791
12/17/1996 16:00:00	6.24128175591
12/18/1996 16:00:00	6.71432667714
12/19/1996 16:00:00	6.88388919007
12/20/1996 16:00:00	6.64346992743
12/23/1996 16:00:00	6.41890317566
12/24/1996 16:00:00	6.66338535208
12/26/1996 16:00:00	6.84147025686
12/27/1996 16:00:00	6.65493057877
12/30/1996 16:00:00	6.43748076821
12/31/1996 16:00:00	6.31422663884
1/2/1997 16:00:00	6.17770265713
1/3/1997 16:00:00	6.91442688563
1/6/1997 16:00:00	7.0352311294
1/7/1997 16:00:00	7.31119813964
1/8/1997 16:00:00	7.01680964806
1/9/1997 16:00:00	7.10855390776
1/10/1997 16:00:00	7.3197393747
1/13/1997 16:00:00	7.2856591908
1/14/1997 16:00:00	7.71186622168
1/15/1997 16:00:00	7.25945207449
1/16/1997 16:00:00	7.49116633899
1/17/1997 16:00:00	7.73974610979
1/20/1997 16:00:00	8.16538017984
1/21/1997 16:00:00	8.54112452549
1/22/1997 16:00:00	8.86739608764
1/23/1997 16:00:00	8.49562647229
1/24/1997 16:00:00	8.0900981199
1/27/1997 16:00:00	7.8551186271
1/28/1997 16:00:00	7.87680426664
1/29/1997 16:00:00	7.91713041229
1/30/1997 16:00:00	8.42558023907
1/31/1997 16:00:00	8.69411578946
2/3/1997 16:00:00	8.589467415
2/4/1997 16:00:00	8.53707036737
2/5/1997 16:00:00	7.72476864438
2/6/1997 16:00:00	7.67209561684
2/7/1997 16:00:00	8.04045669287
2/10/1997 16:00:00	7.29183998142
2/11/1997 16:00:00	7.27943232756
2/12/1997 16:00:00	7.9971272073
2/13/1997 16:00:00	8.18105789753
2/14/1997 16:00:00	7.97063733959
2/18/1997 16:00:00	7.9034514196
2/19/1997 16:00:00	7.90245637774
2/20/1997 16:00:00	7.43976776288
2/21/1997 16:00:00	7.0304068845
2/24/1997 16:00:00	7.41692728762
2/25/1997 16:00:00	7.45820610441
2/26/1997 16:00:00	7.4214589089
2/27/1997 16:00:00	6.60477661241
2/28/1997 16:00:00	6.64533037298
3/3/1997 16:00:00	6.77359542929
3/4/1997 16:00:00	6.91157818672
3/5/1997 16:00:00	7.1494031311
3/6/1997 16:00:00	6.64019764344
3/7/1997 16:00:00	6.3916990853
3/10/1997 16:00:00	6.70336481865
3/11/1997 16:00:00	6.55084817146
3/12/1997 16:00:00	6.33495021974
3/13/1997 16:00:00	6.35860205313
3/14/1997 16:00:00	6.32092471767
3/17/1997 16:00:00	6.16545590162
3/18/1997 16:00:00	6.05849565747
3/19/1997 16:00:00	5.70901674879
3/20/1997 16:00:00	5.91559351966
3/21/1997 16:00:00	5.71821241317
3/24/1997 16:00:00	5.49664892363
3/25/1997 16:00:00	5.59284579596
3/26/1997 16:00:00	6.15507060196
3/27/1997 16:00:00	5.80567697745
3/31/1997 16:00:00	5.34135975262
4/1/1997 16:00:00	5.3324721187
4/2/1997 16:00:00	5.07100021128
4/3/1997 16:00:00	5.47102910039
4/4/1997 16:00:00	5.82980378615
4/7/1997 16:00:00	6.03758651995
4/8/1997 16:00:00	6.20964642715
4/9/1997 16:00:00	5.94866581429
4/10/1997 16:00:00	5.61617200561
4/11/1997 16:00:00	5.12730447987
4/14/1997 16:00:00	5.45217456385
4/15/1997 16:00:00	5.27112296684
4/16/1997 16:00:00	5.28179497418
4/17/1997 16:00:00	5.46827543421
4/18/1997 16:00:00	5.63206251179
4/21/1997 16:00:00	5.34089982293
4/22/1997 16:00:00	5.64924458818
4/23/1997 16:00:00	6.05833965925
4/24/1997 16:00:00	6.05018366191
4/25/1997 16:00:00	5.63141119474
4/28/1997 16:00:00	5.85176352319
4/29/1997 16:00:00	6.41734475707
4/30/1997 16:00:00	6.8294744864
5/1/1997 16:00:00	6.99858581256
5/2/1997 16:00:00	7.6462439569
5/5/1997 16:00:00	8.23244754502
5/6/1997 16:00:00	7.75188113762
5/7/1997 16:00:00	7.6052262399
5/8/1997 16:00:00	7.85254771414
5/9/1997 16:00:00	7.84244766147
5/12/1997 16:00:00	7.98070008355
5/13/1997 16:00:00	7.6122116538
5/14/1997 16:00:00	7.59197639444
5/15/1997 16:00:00	8.13645917093
5/16/1997 16:00:00	7.69880014141
5/19/1997 16:00:00	7.65140851748
5/20/1997 16:00:00	8.36446763428
5/21/1997 16:00:00	8.58435682896
5/22/1997 16:00:00	8.4598010713
5/23/1997 16:00:00	8.8035832257
5/27/1997 16:00:00	9.50211035874
5/28/1997 16:00:00	9.43887912771
5/29/1997 16:00:00	9.08638157717
5/30/1997 16:00:00	8.75325384636
6/2/1997 16:00:00	8.74423903876
6/3/1997 16:00:00	7.94932938334
6/4/1997 16:00:00	7.74388418738
6/5/1997 16:00:00	7.95785822473
6/6/1997 16:00:00	8.32258992681
6/9/1997 16:00:00	8.57642556464
6/10/1997 16:00:00	8.20597310512
6/11/1997 16:00:00	8.40616620008
6/12/1997 16:00:00	8.42834340211
6/13/1997 16:00:00	8.80715020752
6/16/1997 16:00:00	9.12002967692
6/17/1997 16:00:00	9.48982250484
6/18/1997 16:00:00	8.97211236244
6/19/1997 16:00:00	9.25559745267
6/20/1997 16:00:00	9.2354858382
6/23/1997 16:00:00	8.8820805691
6/24/1997 16:00:00	9.35481784481
6/25/1997 16:00:00	9.14516057238
6/26/1997 16:00:00	8.80755795491
6/27/1997 16:00:00	8.68467802564
6/30/1997 16:00:00	8.52563856767
7/1/1997 16:00:00	8.41712234945
7/2/1997 16:00:00	9.00786152162
7/3/1997 16:00:00	9.29636041569
7/7/1997 16:00:00	9.419307745
7/8/1997 16:00:00	9.83543512325
7/9/1997 16:00:00	9.95617247045
7/10/1997 16:00:00	9.949238525
7/11/1997 16:00:00	10.1089696151
7/14/1997 16:00:00	10.8879555652
7/15/1997 16:00:00	11.4196157263
7/16/1997 16:00:00	12.8503159916
7/17/1997 16:00:00	12.5436868965
7/18/1997 16:00:00	11.7170453542
7/21/1997 16:00:00	11.299459389
7/22/1997 16:00:00	12.3340881407
7/23/1997 16:00:00	12.3656878425
7/24/1997 16:00:00	12.2274370235
7/25/1997 16:00:00	12.1269223444
7/28/1997 16:00:00	11.7783464253
7/29/1997 16:00:00	12.1907928865
7/30/1997 16:00:00	12.6234306894
7/31/1997 16:00:00	12.8246508045
8/1/1997 16:00:00	12.8838525906
8/4/1997 16:00:00	13.4046585371
8/5/1997 16:00:00	13.8387244835
8/6/1997 16:00:00	14.0291474951
8/7/1997 16:00:00	13.7929667609
8/8/1997 16:00:00	13.0355258138
8/11/1997 16:00:00	12.5434708869
8/12/1997 16:00:00	12.181452702
8/13/1997 16:00:00	12.4538050889
8/14/1997 16:00:00	12.5971413748
8/15/1997 16:00:00	11.671246342
8/18/1997 16:00:00	12.083921622
8/19/1997 16:00:00	13.1300120735
8/20/1997 16:00:00	13.9624915741
8/21/1997 16:00:00	12.9909556427
8/22/1997 16:00:00	12.7119419292
8/25/1997 16:00:00	12.5968243776
8/26/1997 16:00:00	12.0940581318
8/27/1997 16:00:00	12.0438103165
8/28/1997 16:00:00	11.3319956008
8/29/1997 16:00:00	11.4364536564
9/2/1997 16:00:00	12.3472427905
9/3/1997 16:00:00	12.2624740167
9/4/1997 16:00:00	12.4358737886
9/5/1997 16:00:00	12.6092129804
9/8/1997 16:00:00	12.8297969467
9/9/1997 16:00:00	13.1298004948
9/10/1997 16:00:00	12.2916063414
9/11/1997 16:00:00	12.3556173458
9/12/1997 16:00:00	12.3829806324
9/15/1997 16:00:00	11.5106588903
9/16/1997 16:00:00	12.6625002572
9/17/1997 16:00:00	12.3874145106
9/18/1997 16:00:00	12.4028246661
9/19/1997 16:00:00	12.7112737831
9/22/1997 16:00:00	12.8741843188
9/23/1997 16:00:00	13.2589428871
9/24/1997 16:00:00	12.5806084306
9/25/1997 16:00:00	12.2560265752
9/26/1997 16:00:00	12.2608259231
9/29/1997 16:00:00	12.6516034163
9/30/1997 16:00:00	11.9116765575
10/1/1997 16:00:00	12.064749647
10/2/1997 16:00:00	12.4123335158
10/3/1997 16:00:00	12.793971485
10/6/1997 16:00:00	12.8382251329
10/7/1997 16:00:00	13.3381342307
10/8/1997 16:00:00	13.4925988908
10/9/1997 16:00:00	13.5869499723
10/10/1997 16:00:00	13.2092852674
10/13/1997 16:00:00	13.296899222
10/14/1997 16:00:00	12.9735416079
10/15/1997 16:00:00	12.5414614995
10/16/1997 16:00:00	11.8727648917
10/17/1997 16:00:00	11.0805666238
10/20/1997 16:00:00	11.4807651055
10/21/1997 16:00:00	12.180476501
10/22/1997 16:00:00	11.7844918307
10/23/1997 16:00:00	11.0039023621
10/24/1997 16:00:00	10.4663458463
10/27/1997 16:00:00	8.10865748071
10/28/1997 16:00:00	9.81392010973
10/29/1997 16:00:00	9.32760055865
10/30/1997 16:00:00	8.53309461036
10/31/1997 16:00:00	9.01260378448
11/3/1997 16:00:00	9.8325418982
11/4/1997 16:00:00	9.74019977486
11/5/1997 16:00:00	9.71555128091
11/6/1997 16:00:00	9.35531225527
11/7/1997 16:00:00	9.19158151533
11/10/1997 16:00:00	8.73685016519
11/11/1997 16:00:00	8.71725310401
11/12/1997 16:00:00	7.91491653954
11/13/1997 16:00:00	8.5195668632
11/14/1997 16:00:00	9.08972030496
11/17/1997 16:00:00	9.6646957736
11/18/1997 16:00:00	9.28965654904
11/19/1997 16:00:00	9.36040099667
11/20/1997 16:00:00	9.98698979161
11/21/1997 16:00:00	9.81533719778
11/24/1997 16:00:00	9.07537068637
11/25/1997 16:00:00	9.27781064399
11/26/1997 16:00:00	9.43862346099
11/28/1997 16:00:00	9.6036538779
12/1/1997 16:00:00	10.3862960213
12/2/1997 16:00:00	9.59636921157
12/3/1997 16:00:00	9.85264202462
12/4/1997 16:00:00	9.60080670247
12/5/1997 16:00:00	10.0748333837
12/8/1997 16:00:00	10.4268896144
12/9/1997 16:00:00	9.48995382702
12/10/1997 16:00:00	9.0120351318
12/11/1997 16:00:00	8.18755775832
12/12/1997 16:00:00	7.60981932786
12/15/1997 16:00:00	7.74323085976
12/16/1997 16:00:00	8.04401801102
12/17/1997 16:00:00	7.70875579876
12/18/1997 16:00:00	7.30805112882
12/19/1997 16:00:00	7.37513491985
12/22/1997 16:00:00	7.50292558366
12/23/1997 16:00:00	6.89684334509
12/24/1997 16:00:00	6.66273167245
12/26/1997 16:00:00	6.98047600932
12/29/1997 16:00:00	7.51388385739
12/30/1997 16:00:00	7.96902430657
12/31/1997 16:00:00	7.78180345145
1/2/1998 16:00:00	8.18749215067
1/5/1998 16:00:00	8.4067327097
1/6/1998 16:00:00	8.1264343382
1/7/1998 16:00:00	7.75645498351
1/8/1998 16:00:00	7.83140716363
1/9/1998 16:00:00	6.92118427047
1/12/1998 16:00:00	7.24286387139
1/13/1998 16:00:00	7.77336947518
1/14/1998 16:00:00	7.80028908103
1/15/1998 16:00:00	7.77774255559
1/16/1998 16:00:00	8.01477728693
1/20/1998 16:00:00	8.51278358459
1/21/1998 16:00:00	8.49936496993
1/22/1998 16:00:00	8.34868295916
1/23/1998 16:00:00	8.43856830898
1/26/1998 16:00:00	8.23473144731
1/27/1998 16:00:00	8.7009018414
1/28/1998 16:00:00	9.38786499444
1/29/1998 16:00:00	9.53653556109
1/30/1998 16:00:00	9.58845464914
2/2/1998 16:00:00	10.3853495356
2/3/1998 16:00:00	10.6703679379
2/4/1998 16:00:00	11.0444754376
2/5/1998 16:00:00	10.7564891208
2/6/1998 16:00:00	11.314171856
2/9/1998 16:00:00	10.9612354331
2/10/1998 16:00:00	11.4554993532
2/11/1998 16:00:00	11.4200145121
2/12/1998 16:00:00	11.5942630864
2/13/1998 16:00:00	11.3417689719
2/17/1998 16:00:00	11.0946185359
2/18/1998 16:00:00	11.4455050537
2/19/1998 16:00:00	11.921478058
2/20/1998 16:00:00	12.0074442994
2/23/1998 16:00:00	12.8025767605
2/24/1998 16:00:00	12.3704559758
2/25/1998 16:00:00	13.2499961936
2/26/1998 16:00:00	13.4607565985
2/27/1998 16:00:00	13.0240049722
3/2/1998 16:00:00	12.4759296531
3/3/1998 16:00:00	12.4096529301
3/4/1998 16:00:00	12.5345033095
3/5/1998 16:00:00	10.8375539675
3/6/1998 16:00:00	11.8786982789
3/9/1998 16:00:00	10.8081847214
3/10/1998 16:00:00	11.3841430982
3/11/1998 16:00:00	11.5346427942
3/12/1998 16:00:00	11.8104932613
3/13/1998 16:00:00	11.9876583068
3/16/1998 16:00:00	12.3160833024
3/17/1998 16:00:00	11.9250471393
3/18/1998 16:00:00	12.1982048458
3/19/1998 16:00:00	12.476455143
3/20/1998 16:00:00	11.94212294
3/23/1998 16:00:00	12.2347272458
3/24/1998 16:00:00	12.8083093807
3/25/1998 16:00:00	13.3473674929
3/26/1998 16:00:00	13.4429610226
3/27/1998 16:00:00	13.2272712634
3/30/1998 16:00:00	13.0566321944
3/31/1998 16:00:00	13.5047962944
4/1/1998 16:00:00	13.7545526164
4/2/1998 16:00:00	13.8065755308
4/3/1998 16:00:00	13.9165789701
4/6/1998 16:00:00	12.951937103
4/7/1998 16:00:00	12.1960493866
4/8/1998 16:00:00	12.4661618658
4/9/1998 16:00:00	12.6428743554
4/13/1998 16:00:00	12.8286127545
4/14/1998 16:00:00	13.1466059733
4/15/1998 16:00:00	13.7327628227
4/16/1998 16:00:00	13.5973740288
4/17/1998 16:00:00	13.71388095
4/20/1998 16:00:00	14.4373019349
4/21/1998 16:00:00	15.0033192089
4/22/1998 16:00:00	15.747154506
4/23/1998 16:00:00	14.5564035811
4/24/1998 16:00:00	14.2559941578
4/27/1998 16:00:00	13.2192228461
4/28/1998 16:00:00	13.2919969857
4/29/1998 16:00:00	13.8417489156
4/30/1998 16:00:00	14.1214539834
5/1/1998 16:00:00	14.2297125903
5/4/1998 16:00:00	14.3686425766
5/5/1998 16:00:00	14.0679712415
5/6/1998 16:00:00	13.8910635367
5/7/1998 16:00:00	13.2278014177
5/8/1998 16:00:00	14.2385484223
5/11/1998 16:00:00	13.6735291487
5/12/1998 16:00:00	14.2877888066
5/13/1998 16:00:00	14.5078200731
5/14/1998 16:00:00	14.6059291656
5/15/1998 16:00:00	14.0215489999
5/18/1998 16:00:00	13.7786494963
5/19/1998 16:00:00	14.2069029862
5/20/1998 16:00:00	13.5940681954
5/21/1998 16:00:00	13.1240064147
5/22/1998 16:00:00	12.8092438639
5/26/1998 16:00:00	12.3592436448
5/27/1998 16:00:00	12.6412202855
5/28/1998 16:00:00	12.8029594597
5/29/1998 16:00:00	12.0765354864
6/1/1998 16:00:00	11.264097124
6/2/1998 16:00:00	11.8841853734
6/3/1998 16:00:00	11.1821256964
6/4/1998 16:00:00	12.0756723052
6/5/1998 16:00:00	12.4181848121
6/8/1998 16:00:00	12.4216896716
6/9/1998 16:00:00	12.9234305463
6/10/1998 16:00:00	12.1508849837
6/11/1998 16:00:00	11.7128941526
6/12/1998 16:00:00	11.7623989884
6/15/1998 16:00:00	11.3572639413
6/16/1998 16:00:00	12.4348609136
6/17/1998 16:00:00	12.8343462913
6/18/1998 16:00:00	12.9298104928
6/19/1998 16:00:00	13.3142736573
6/22/1998 16:00:00	14.0878170205
6/23/1998 16:00:00	15.3665672944
6/24/1998 16:00:00	16.3770514226
6/25/1998 16:00:00	15.6391211468
6/26/1998 16:00:00	15.9720731503
6/29/1998 16:00:00	16.6446275291
6/30/1998 16:00:00	16.5473362996
7/1/1998 16:00:00	17.2344901629
7/2/1998 16:00:00	16.3241719049
7/6/1998 16:00:00	16.684828808
7/7/1998 16:00:00	16.8154848973
7/8/1998 16:00:00	17.9877950478
7/9/1998 16:00:00	18.1891817974
7/10/1998 16:00:00	18.4909124567
7/13/1998 16:00:00	19.6565063966
7/14/1998 16:00:00	19.5445261111
7/15/1998 16:00:00	20.8347018306
7/16/1998 16:00:00	20.9545569881
7/17/1998 16:00:00	21.4346632394
7/20/1998 16:00:00	21.5079254248
7/21/1998 16:00:00	19.9998494543
7/22/1998 16:00:00	19.9344788165
7/23/1998 16:00:00	18.8881943143
7/24/1998 16:00:00	18.991099176
7/27/1998 16:00:00	19.6998609318
7/28/1998 16:00:00	18.3182411734
7/29/1998 16:00:00	17.7880139391
7/30/1998 16:00:00	19.4015971265
7/31/1998 16:00:00	17.5580151956
8/3/1998 16:00:00	17.2113226897
8/4/1998 16:00:00	15.2701850931
8/5/1998 16:00:00	15.7024367271
8/6/1998 16:00:00	16.9683039707
8/7/1998 16:00:00	16.8922889915
8/10/1998 16:00:00	16.839326717
8/11/1998 16:00:00	15.6164924731
8/12/1998 16:00:00	16.4723520049
8/13/1998 16:00:00	15.8701131187
8/14/1998 16:00:00	15.5646544644
8/17/1998 16:00:00	16.8817360672
8/18/1998 16:00:00	18.1110571826
8/19/1998 16:00:00	17.9859783808
8/20/1998 16:00:00	17.9742823561
8/21/1998 16:00:00	17.0612707283
8/24/1998 16:00:00	16.9090638359
8/25/1998 16:00:00	17.5451542256
8/26/1998 16:00:00	16.9938355227
8/27/1998 16:00:00	14.6652748733
8/28/1998 16:00:00	13.0980202954
8/31/1998 16:00:00	9.21778615946
9/1/1998 16:00:00	11.0246495382
9/2/1998 16:00:00	11.1923252112
9/3/1998 16:00:00	10.8433743083
9/4/1998 16:00:00	10.7421660893
9/8/1998 16:00:00	12.9037525516
9/9/1998 16:00:00	12.1535918728
9/10/1998 16:00:00	11.3844144741
9/11/1998 16:00:00	12.8942531115
9/14/1998 16:00:00	13.428126267
9/15/1998 16:00:00	13.912399009
9/16/1998 16:00:00	14.1337192755
9/17/1998 16:00:00	12.8633346497
9/18/1998 16:00:00	13.1228058367
9/21/1998 16:00:00	13.933279122
9/22/1998 16:00:00	14.1933144364
9/23/1998 16:00:00	16.0489553037
9/24/1998 16:00:00	14.7221687984
9/25/1998 16:00:00	15.8095595199
9/28/1998 16:00:00	15.5679045489
9/29/1998 16:00:00	15.6150735626
9/30/1998 16:00:00	14.2738991347
10/1/1998 16:00:00	11.9824876301
10/2/1998 16:00:00	12.0521998354
10/5/1998 16:00:00	10.0983002704
10/6/1998 16:00:00	9.520110502
10/7/1998 16:00:00	8.70223653149
10/8/1998 16:00:00	8.1946057265
10/9/1998 16:00:00	9.69295452143
10/12/1998 16:00:00	10.7935173126
10/13/1998 16:00:00	9.83775241217
10/14/1998 16:00:00	10.5362206682
10/15/1998 16:00:00	12.167727674
10/16/1998 16:00:00	11.9998747959
10/19/1998 16:00:00	12.4467237616
10/20/1998 16:00:00	11.6731167981
10/21/1998 16:00:00	12.9999599055
10/22/1998 16:00:00	13.6713438193
10/23/1998 16:00:00	13.2232226166
10/26/1998 16:00:00	14.0552931088
10/27/1998 16:00:00	13.5682592738
10/28/1998 16:00:00	14.3623581857
10/29/1998 16:00:00	14.8655414746
10/30/1998 16:00:00	14.9928555499
11/2/1998 16:00:00	15.5719455121
11/3/1998 16:00:00	15.0022579415
11/4/1998 16:00:00	16.0310856467
11/5/1998 16:00:00	16.2931736471
11/6/1998 16:00:00	16.8377377646
11/9/1998 16:00:00	17.1518640935
11/10/1998 16:00:00	17.4889854833
11/11/1998 16:00:00	17.5954547529
11/12/1998 16:00:00	17.082025054
11/13/1998 16:00:00	17.0274646601
11/16/1998 16:00:00	17.3811429041
11/17/1998 16:00:00	18.1831103713
11/18/1998 16:00:00	18.7696824342
11/19/1998 16:00:00	19.6005573617
11/20/1998 16:00:00	19.8509759885
11/23/1998 16:00:00	21.5715870865
11/24/1998 16:00:00	21.2267074425
11/25/1998 16:00:00	21.9280452449
11/27/1998 16:00:00	23.1467567058
11/30/1998 16:00:00	20.1341117494
12/1/1998 16:00:00	23.0152969304
12/2/1998 16:00:00	22.4360703674
12/3/1998 16:00:00	20.5423661603
12/4/1998 16:00:00	22.7348816902
12/7/1998 16:00:00	24.6860925638
12/8/1998 16:00:00	24.2891777095
12/9/1998 16:00:00	25.0302854544
12/10/1998 16:00:00	23.5654237484
12/11/1998 16:00:00	24.5058264067
12/14/1998 16:00:00	21.8203293235
12/15/1998 16:00:00	23.8248558102
12/16/1998 16:00:00	23.49095779
12/17/1998 16:00:00	24.8987759938
12/18/1998 16:00:00	26.8928848235
12/21/1998 16:00:00	29.3125780042
12/22/1998 16:00:00	28.3406125755
12/23/1998 16:00:00	30.7872835313
12/24/1998 16:00:00	30.1171952077
12/28/1998 16:00:00	31.0023738114
12/29/1998 16:00:00	30.9530141794
12/30/1998 16:00:00	30.3105699899
12/31/1998 16:00:00	31.5537015675
1/4/1999 16:00:00	32.4884168744
1/5/1999 16:00:00	35.0275128119
1/6/1999 16:00:00	38.3774820114
1/7/1999 16:00:00	38.5019745824
1/8/1999 16:00:00	38.914325941
1/11/1999 16:00:00	40.464992759
1/12/1999 16:00:00	36.7366000547
1/13/1999 16:00:00	37.2668176719
1/14/1999 16:00:00	34.8064782094
1/15/1999 16:00:00	38.9261287132
1/19/1999 16:00:00	41.9780046546
1/20/1999 16:00:00	41.9592145001
1/21/1999 16:00:00	37.4875155095
1/22/1999 16:00:00	37.6117499345
1/25/1999 16:00:00	39.4875424765
1/26/1999 16:00:00	43.3264286969
1/27/1999 16:00:00	41.299182891
1/28/1999 16:00:00	45.8102029399
1/29/1999 16:00:00	47.2645683301
2/1/1999 16:00:00	47.4918108826
2/2/1999 16:00:00	43.9765827183
2/3/1999 16:00:00	46.5749072442
2/4/1999 16:00:00	40.471543728
2/5/1999 16:00:00	38.1104938599
2/8/1999 16:00:00	40.7180116767
2/9/1999 16:00:00	34.7610850256
2/10/1999 16:00:00	35.2219070831
2/11/1999 16:00:00	40.6679845736
2/12/1999 16:00:00	35.5128901992
2/16/1999 16:00:00	35.2730635858
2/17/1999 16:00:00	31.8383462514
2/18/1999 16:00:00	32.5670051346
2/19/1999 16:00:00	33.8590749924
2/22/1999 16:00:00	37.2316688953
2/23/1999 16:00:00	39.0167563901
2/24/1999 16:00:00	36.7428309092
2/25/1999 16:00:00	35.9080483402
2/26/1999 16:00:00	33.2115300005
3/1/1999 16:00:00	33.8386391508
3/2/1999 16:00:00	31.2528186278
3/3/1999 16:00:00	31.7919017272
3/4/1999 16:00:00	33.4449258246
3/5/1999 16:00:00	35.3414863468
3/8/1999 16:00:00	38.7793334016
3/9/1999 16:00:00	38.4476774379
3/10/1999 16:00:00	38.9950726391
3/11/1999 16:00:00	39.2780295475
3/12/1999 16:00:00	37.2533476915
3/15/1999 16:00:00	40.0943976395
3/16/1999 16:00:00	40.8321205319
3/17/1999 16:00:00	40.2926251991
3/18/1999 16:00:00	42.5147336966
3/19/1999 16:00:00	39.5181662615
3/22/1999 16:00:00	37.9671879916
3/23/1999 16:00:00	34.2505234305
3/24/1999 16:00:00	36.9713547002
3/25/1999 16:00:00	40.7985488187
3/26/1999 16:00:00	39.8359966876
3/29/1999 16:00:00	44.2895125495
3/30/1999 16:00:00	43.0934674571
3/31/1999 16:00:00	41.8996263516
4/1/1999 16:00:00	44.2509709637
4/5/1999 16:00:00	48.775173089
4/6/1999 16:00:00	48.6991588398
4/7/1999 16:00:00	46.9292490698
4/8/1999 16:00:00	48.9924889365
4/9/1999 16:00:00	49.4798798772
4/12/1999 16:00:00	48.5756338615
4/13/1999 16:00:00	45.6621028683
4/14/1999 16:00:00	41.1353042478
4/15/1999 16:00:00	43.004127463
4/16/1999 16:00:00	40.0031486068
4/19/1999 16:00:00	33.1472276774
4/20/1999 16:00:00	36.3010967474
4/21/1999 16:00:00	40.3370307093
4/22/1999 16:00:00	44.782166549
4/23/1999 16:00:00	46.4199021346
4/26/1999 16:00:00	49.5625187415
4/27/1999 16:00:00	46.0108443902
4/28/1999 16:00:00	42.449964768
4/29/1999 16:00:00	40.5852718082
4/30/1999 16:00:00	41.5483740945
5/3/1999 16:00:00	41.6192139888
5/4/1999 16:00:00	39.2396872453
5/5/1999 16:00:00	42.4890143569
5/6/1999 16:00:00	37.9087286167
5/7/1999 16:00:00	40.0303174242
5/10/1999 16:00:00	40.9771410508
5/11/1999 16:00:00	43.3251474244
5/12/1999 16:00:00	45.8040384281
5/13/1999 16:00:00	43.3911442827
5/14/1999 16:00:00	40.1492587017
5/17/1999 16:00:00	42.9977443223
5/18/1999 16:00:00	41.9999530386
5/19/1999 16:00:00	43.55286656
5/20/1999 16:00:00	40.7694457906
5/21/1999 16:00:00	39.2902900361
5/24/1999 16:00:00	36.2725525624
5/25/1999 16:00:00	33.0054443734
5/26/1999 16:00:00	35.66475686
5/27/1999 16:00:00	35.4943168577
5/28/1999 16:00:00	37.534838691
6/1/1999 16:00:00	34.0740577889
6/2/1999 16:00:00	36.5181149417
6/3/1999 16:00:00	34.1711036461
6/4/1999 16:00:00	38.1443343935
6/7/1999 16:00:00	40.4747485594
6/8/1999 16:00:00	36.7366308817
6/9/1999 16:00:00	39.2934621018
6/10/1999 16:00:00	37.1948136838
6/11/1999 16:00:00	35.2891177381
6/14/1999 16:00:00	33.5597416008
6/15/1999 16:00:00	34.9957034228
6/16/1999 16:00:00	40.556115985
6/17/1999 16:00:00	41.8476112092
6/18/1999 16:00:00	42.6666122329
6/21/1999 16:00:00	46.3150266702
6/22/1999 16:00:00	42.6941595837
6/23/1999 16:00:00	44.3809226274
6/24/1999 16:00:00	41.1225157384
6/25/1999 16:00:00	41.1532861466
6/28/1999 16:00:00	44.4199313203
6/29/1999 16:00:00	46.5433461811
6/30/1999 16:00:00	47.5444651937
7/1/1999 16:00:00	49.1077951739
7/2/1999 16:00:00	50.7025426759
7/6/1999 16:00:00	49.5677194164
7/7/1999 16:00:00	50.1777841434
7/8/1999 16:00:00	52.3346211683
7/9/1999 16:00:00	53.5289352225
7/12/1999 16:00:00	52.9138495534
7/13/1999 16:00:00	52.1837804924
7/14/1999 16:00:00	55.0207908825
7/15/1999 16:00:00	55.8287836554
7/16/1999 16:00:00	57.8840071845
7/19/1999 16:00:00	55.3950987746
7/20/1999 16:00:00	48.8365064628
7/21/1999 16:00:00	50.9711720112
7/22/1999 16:00:00	45.6605591954
7/23/1999 16:00:00	46.844888592
7/26/1999 16:00:00	42.6398127363
7/27/1999 16:00:00	46.9298333894
7/28/1999 16:00:00	48.4319903066
7/29/1999 16:00:00	44.0057842713
7/30/1999 16:00:00	44.4432127784
8/2/1999 16:00:00	44.0621597946
8/3/1999 16:00:00	42.5442987984
8/4/1999 16:00:00	40.5373845472
8/5/1999 16:00:00	42.0572060802
8/6/1999 16:00:00	40.9018598582
8/9/1999 16:00:00	39.521179466
8/10/1999 16:00:00	38.2100361719
8/11/1999 16:00:00	42.3255822242
8/12/1999 16:00:00	40.7490482505
8/13/1999 16:00:00	45.8484112123
8/16/1999 16:00:00	46.1851219529
8/17/1999 16:00:00	47.6169049113
8/18/1999 16:00:00	46.3729999084
8/19/1999 16:00:00	44.0337400659
8/20/1999 16:00:00	46.1156787909
8/23/1999 16:00:00	50.3246051326
8/24/1999 16:00:00	51.499152399
8/25/1999 16:00:00	55.0780458469
8/26/1999 16:00:00	52.1217627579
8/27/1999 16:00:00	51.1424626727
8/30/1999 16:00:00	48.8377230217
8/31/1999 16:00:00	50.6690362609
9/1/1999 16:00:00	51.1540490166
9/2/1999 16:00:00	50.3402574768
9/3/1999 16:00:00	57.5162784903
9/7/1999 16:00:00	56.464459386
9/8/1999 16:00:00	53.9102337762
9/9/1999 16:00:00	57.2324439319
9/10/1999 16:00:00	59.1985613185
9/13/1999 16:00:00	55.5598768294
9/14/1999 16:00:00	58.1739124996
9/15/1999 16:00:00	54.0370016275
9/16/1999 16:00:00	54.2585723032
9/17/1999 16:00:00	58.8522050885
9/20/1999 16:00:00	59.4148724013
9/21/1999 16:00:00	54.3664063414
9/22/1999 16:00:00	56.9900783942
9/23/1999 16:00:00	49.4214784764
9/24/1999 16:00:00	49.1811496038
9/27/1999 16:00:00	50.8122920196
9/28/1999 16:00:00	50.8868636237
9/29/1999 16:00:00	49.0169262044
9/30/1999 16:00:00	49.5512696824
10/1/1999 16:00:00	49.312352589
10/4/1999 16:00:00	53.1925536062
10/5/1999 16:00:00	53.3973946884
10/6/1999 16:00:00	57.3181524439
10/7/1999 16:00:00	57.2623842499
10/8/1999 16:00:00	58.8183205936
10/11/1999 16:00:00	60.413464013
10/12/1999 16:00:00	56.7251405825
10/13/1999 16:00:00	51.8250890629
10/14/1999 16:00:00	52.8443915981
10/15/1999 16:00:00	48.5077655559
10/18/1999 16:00:00	45.9588010647
10/19/1999 16:00:00	45.9440643277
10/20/1999 16:00:00	51.9921010246
10/21/1999 16:00:00	52.6535221219
10/22/1999 16:00:00	53.1858289346
10/25/1999 16:00:00	53.0498990078
10/26/1999 16:00:00	51.8835502707
10/27/1999 16:00:00	51.2933513886
10/28/1999 16:00:00	56.4314590508
10/29/1999 16:00:00	62.9021816667
11/1/1999 16:00:00	61.3621740628
11/2/1999 16:00:00	62.0786315337
11/3/1999 16:00:00	65.2895914687
11/4/1999 16:00:00	67.4840994679
11/5/1999 16:00:00	71.3888225489
11/8/1999 16:00:00	73.7293449936
11/9/1999 16:00:00	71.8912054529
11/10/1999 16:00:00	74.5108660291
11/11/1999 16:00:00	78.6441690988
11/12/1999 16:00:00	81.8414351676
11/15/1999 16:00:00	80.6907380069
11/16/1999 16:00:00	86.0667908869
11/17/1999 16:00:00	83.514333275
11/18/1999 16:00:00	91.370234476
11/19/1999 16:00:00	93.6363254621
11/22/1999 16:00:00	95.514144644
11/23/1999 16:00:00	90.7818934888
11/24/1999 16:00:00	100.606048755
11/26/1999 16:00:00	101.338185279
11/29/1999 16:00:00	96.0763211997
11/30/1999 16:00:00	86.9434934978
12/1/1999 16:00:00	89.5848789853
12/2/1999 16:00:00	99.5065552582
12/3/1999 16:00:00	105.590231667
12/6/1999 16:00:00	107.405024272
12/7/1999 16:00:00	108.761636476
12/8/1999 16:00:00	104.531617628
12/9/1999 16:00:00	104.818447913
12/10/1999 16:00:00	108.313733116
12/13/1999 16:00:00	112.223180637
12/14/1999 16:00:00	104.368719938
12/15/1999 16:00:00	111.422607702
12/16/1999 16:00:00	120.97440099
12/17/1999 16:00:00	123.91118365
12/20/1999 16:00:00	127.183015048
12/21/1999 16:00:00	142.706943485
12/22/1999 16:00:00	146.727961196
12/23/1999 16:00:00	150.110607661
12/27/1999 16:00:00	151.065621382
12/28/1999 16:00:00	148.651060534
12/29/1999 16:00:00	162.249915722
12/30/1999 16:00:00	161.383580917
12/31/1999 16:00:00	164.482471712
1/3/2000 16:00:00	175.424817831
1/4/2000 16:00:00	141.408833484
1/5/2000 16:00:00	136.683851288
1/6/2000 16:00:00	117.147289837
1/7/2000 16:00:00	136.945654058
1/10/2000 16:00:00	158.733569015
1/11/2000 16:00:00	136.478336658
1/12/2000 16:00:00	128.757225549
1/13/2000 16:00:00	143.563773926
1/14/2000 16:00:00	154.536452854
1/18/2000 16:00:00	161.092132372
1/19/2000 16:00:00	165.261938915
1/20/2000 16:00:00	171.826049718
1/21/2000 16:00:00	172.840158181
1/24/2000 16:00:00	147.296749564
1/25/2000 16:00:00	159.066461298
1/26/2000 16:00:00	141.477984123
1/27/2000 16:00:00	138.115013132
1/28/2000 16:00:00	121.087838823
1/31/2000 16:00:00	134.086578644
2/1/2000 16:00:00	148.855162577
2/2/2000 16:00:00	151.509943244
2/3/2000 16:00:00	166.891445004
2/4/2000 16:00:00	169.818527872
2/7/2000 16:00:00	177.481452318
2/8/2000 16:00:00	194.90536235
2/9/2000 16:00:00	181.22790875
2/10/2000 16:00:00	197.780531728
2/11/2000 16:00:00	180.10284758
2/14/2000 16:00:00	182.352430069
2/15/2000 16:00:00	183.748937074
2/16/2000 16:00:00	183.777280543
2/17/2000 16:00:00	201.249017772
2/18/2000 16:00:00	177.779288161
2/22/2000 16:00:00	178.13821479
2/23/2000 16:00:00	205.098179776
2/24/2000 16:00:00	217.227575266
2/25/2000 16:00:00	205.698400807
2/28/2000 16:00:00	203.157872267
2/29/2000 16:00:00	218.394126327
3/1/2000 16:00:00	224.733800756
3/2/2000 16:00:00	212.915378198
3/3/2000 16:00:00	244.268948332
3/6/2000 16:00:00	246.497327236
3/7/2000 16:00:00	235.355635913
3/8/2000 16:00:00	244.049387712
3/9/2000 16:00:00	267.068218189
3/10/2000 16:00:00	267.079597982
3/13/2000 16:00:00	238.924588739
3/14/2000 16:00:00	206.441304766
3/15/2000 16:00:00	192.119314884
3/16/2000 16:00:00	223.177913835
3/17/2000 16:00:00	236.455088236
3/20/2000 16:00:00	207.683446292
3/21/2000 16:00:00	235.084351981
3/22/2000 16:00:00	258.332368231
3/23/2000 16:00:00	268.94428641
3/24/2000 16:00:00	274.15724884
3/27/2000 16:00:00	276.303757813
3/28/2000 16:00:00	254.768068045
3/29/2000 16:00:00	226.363988126
3/30/2000 16:00:00	201.046830718
3/31/2000 16:00:00	221.884793466
4/3/2000 16:00:00	173.197981334
4/4/2000 16:00:00	167.637324632
4/5/2000 16:00:00	167.056252231
4/6/2000 16:00:00	173.982848435
4/7/2000 16:00:00	200.041009395
4/10/2000 16:00:00	158.919059038
4/11/2000 16:00:00	148.21041659
4/12/2000 16:00:00	116.782885451
4/13/2000 16:00:00	109.021650171
4/14/2000 16:00:00	77.1312166442
4/17/2000 16:00:00	100.276706864
4/18/2000 16:00:00	116.103240621
4/19/2000 16:00:00	103.59585342
4/20/2000 16:00:00	96.7917625338
4/24/2000 16:00:00	84.165186697
4/25/2000 16:00:00	104.299182674
4/26/2000 16:00:00	94.2314660261
4/27/2000 16:00:00	109.246183901
4/28/2000 16:00:00	116.339492463
5/1/2000 16:00:00	121.51441712
5/2/2000 16:00:00	102.166676006
5/3/2000 16:00:00	96.6037696785
5/4/2000 16:00:00	97.2462926732
5/5/2000 16:00:00	106.80189265
5/8/2000 16:00:00	92.2559544767
5/9/2000 16:00:00	86.204246224
5/10/2000 16:00:00	71.1039756365
5/11/2000 16:00:00	80.0601012803
5/12/2000 16:00:00	81.7676573424
5/15/2000 16:00:00	89.3446462274
5/16/2000 16:00:00	99.5777870794
5/17/2000 16:00:00	91.6252148301
5/18/2000 16:00:00	81.9601636097
5/19/2000 16:00:00	70.0191032473
5/22/2000 16:00:00	70.2392221941
5/23/2000 16:00:00	54.6228879304
5/24/2000 16:00:00	63.0935751464
5/25/2000 16:00:00	58.232979456
5/26/2000 16:00:00	58.3193727533
5/30/2000 16:00:00	75.9185999912
5/31/2000 16:00:00	69.8707356784
6/1/2000 16:00:00	82.1171931344
6/2/2000 16:00:00	98.6364463444
6/5/2000 16:00:00	96.5794459672
6/6/2000 16:00:00	89.9973618159
6/7/2000 16:00:00	96.5846892553
6/8/2000 16:00:00	94.300517362
6/9/2000 16:00:00	98.2841260567
6/12/2000 16:00:00	88.6711922556
6/13/2000 16:00:00	97.9313117645
6/14/2000 16:00:00	90.9821954848
6/15/2000 16:00:00	96.4582109855
6/16/2000 16:00:00	99.1248294231
6/19/2000 16:00:00	110.555712433
6/20/2000 16:00:00	110.499898831
6/21/2000 16:00:00	113.481637912
6/22/2000 16:00:00	99.1875286212
6/23/2000 16:00:00	89.8341989805
6/26/2000 16:00:00	96.0801004696
6/27/2000 16:00:00	90.4841099032
6/28/2000 16:00:00	95.7173201362
6/29/2000 16:00:00	87.6469233685
6/30/2000 16:00:00	94.6184623256
7/3/2000 16:00:00	97.6502037679
7/5/2000 16:00:00	85.6545980423
7/6/2000 16:00:00	95.7186450771
7/7/2000 16:00:00	99.2784552945
7/10/2000 16:00:00	93.8638059096
7/11/2000 16:00:00	91.7415687264
7/12/2000 16:00:00	103.196840764
7/13/2000 16:00:00	107.543969145
7/14/2000 16:00:00	114.367720779
7/17/2000 16:00:00	116.058788063
7/18/2000 16:00:00	107.337521483
7/19/2000 16:00:00	97.763140701
7/20/2000 16:00:00	109.262293577
7/21/2000 16:00:00	102.082618037
7/24/2000 16:00:00	92.7653823414
7/25/2000 16:00:00	98.1988552812
7/26/2000 16:00:00	94.5518443775
7/27/2000 16:00:00	84.3412609707
7/28/2000 16:00:00	70.2482344575
7/31/2000 16:00:00	78.2087937444
8/1/2000 16:00:00	72.4272204188
8/2/2000 16:00:00	70.4823643977
8/3/2000 16:00:00	78.5072429793
8/4/2000 16:00:00	78.143695999
8/7/2000 16:00:00	84.0416595259
8/8/2000 16:00:00	82.3591654479
8/9/2000 16:00:00	82.7569257018
8/10/2000 16:00:00	76.129096969
8/11/2000 16:00:00	79.22252525
8/14/2000 16:00:00	84.0656527756
8/15/2000 16:00:00	84.2185641222
8/16/2000 16:00:00	84.0738565662
8/17/2000 16:00:00	91.4343249487
8/18/2000 16:00:00	89.7267234487
8/21/2000 16:00:00	91.0948849681
8/22/2000 16:00:00	91.0594171794
8/23/2000 16:00:00	95.9314790349
8/24/2000 16:00:00	99.7619755775
8/25/2000 16:00:00	98.3132469651
8/28/2000 16:00:00	99.9785125666
8/29/2000 16:00:00	99.7433345893
8/30/2000 16:00:00	100.954519916
8/31/2000 16:00:00	109.200925082
9/1/2000 16:00:00	110.877928373
9/5/2000 16:00:00	101.701012843
9/6/2000 16:00:00	90.2054172199
9/7/2000 16:00:00	98.3122916806
9/8/2000 16:00:00	87.8141576444
9/11/2000 16:00:00	80.3902144796
9/12/2000 16:00:00	77.7476618534
9/13/2000 16:00:00	82.4639332885
9/14/2000 16:00:00	82.1282753888
9/15/2000 16:00:00	78.0515593508
9/18/2000 16:00:00	72.2202307124
9/19/2000 16:00:00	82.5028904173
9/20/2000 16:00:00	84.6973409894
9/21/2000 16:00:00	79.7996743154
9/22/2000 16:00:00	78.6588083381
9/25/2000 16:00:00	73.5696266297
9/26/2000 16:00:00	71.117673873
9/27/2000 16:00:00	70.4381631182
9/28/2000 16:00:00	79.4619632551
9/29/2000 16:00:00	69.5238578701
10/2/2000 16:00:00	62.9018220036
10/3/2000 16:00:00	57.1532556414
10/4/2000 16:00:00	62.2331411304
10/5/2000 16:00:00	60.6256707442
10/6/2000 16:00:00	54.620056116
10/9/2000 16:00:00	54.9317107988
10/10/2000 16:00:00	48.4136666829
10/11/2000 16:00:00	44.3864855532
10/12/2000 16:00:00	40.2334930785
10/13/2000 16:00:00	51.1897671317
10/16/2000 16:00:00	49.8326757608
10/17/2000 16:00:00	46.2472085358
10/18/2000 16:00:00	44.7814994934
10/19/2000 16:00:00	56.0367098979
10/20/2000 16:00:00	58.653674651
10/23/2000 16:00:00	56.8565272352
10/24/2000 16:00:00	53.3957764144
10/25/2000 16:00:00	41.6287973869
10/26/2000 16:00:00	43.9959113262
10/27/2000 16:00:00	44.3073477316
10/30/2000 16:00:00	40.3381304465
10/31/2000 16:00:00	48.2171282389
11/1/2000 16:00:00	45.6744751539
11/2/2000 16:00:00	49.1816930559
11/3/2000 16:00:00	49.7507879263
11/6/2000 16:00:00	48.3082877223
11/7/2000 16:00:00	47.7991092689
11/8/2000 16:00:00	38.1301084987
11/9/2000 16:00:00	38.0311667306
11/10/2000 16:00:00	31.7829464529
11/13/2000 16:00:00	29.9943071349
11/14/2000 16:00:00	36.4118423634
11/15/2000 16:00:00	37.7268179311
11/16/2000 16:00:00	32.1291321139
11/17/2000 16:00:00	32.4276261698
11/20/2000 16:00:00	27.6878970333
11/21/2000 16:00:00	27.4962409316
11/22/2000 16:00:00	23.9782790497
11/24/2000 16:00:00	28.3268293308
11/27/2000 16:00:00	26.485020972
11/28/2000 16:00:00	22.216745447
11/29/2000 16:00:00	21.7391196292
11/30/2000 16:00:00	19.3128772005
12/1/2000 16:00:00	20.2996059175
12/4/2000 16:00:00	20.3985306222
12/5/2000 16:00:00	27.5365588412
12/6/2000 16:00:00	24.3587373558
12/7/2000 16:00:00	23.7104583607
12/8/2000 16:00:00	28.2853825259
12/11/2000 16:00:00	30.5402983905
12/12/2000 16:00:00	27.1411737839
12/13/2000 16:00:00	23.8736203407
12/14/2000 16:00:00	21.0032145082
12/15/2000 16:00:00	18.6945694984
12/18/2000 16:00:00	18.6831744357
12/19/2000 16:00:00	15.5100692639
12/20/2000 16:00:00	11.8299368153
12/21/2000 16:00:00	12.0559761269
12/22/2000 16:00:00	15.4856689837
12/26/2000 16:00:00	14.872687176
12/27/2000 16:00:00	15.8954946396
12/28/2000 16:00:00	15.9713634574
12/29/2000 16:00:00	13.5720511915
1/2/2001 16:00:00	9.86291437136
1/3/2001 16:00:00	15.4110357724
1/4/2001 16:00:00	14.1522908202
1/5/2001 16:00:00	10.8274884367
1/8/2001 16:00:00	11.0176153592
1/9/2001 16:00:00	11.4440153894
1/10/2001 16:00:00	12.9572760722
1/11/2001 16:00:00	14.7307700545
1/12/2001 16:00:00	14.4031029123
1/16/2001 16:00:00	13.7858503153
1/17/2001 16:00:00	15.2500887319
1/18/2001 16:00:00	17.2406260327
1/19/2001 16:00:00	16.9463094214
1/22/2001 16:00:00	16.6949138049
1/23/2001 16:00:00	18.3325369652
1/24/2001 16:00:00	18.2497666702
1/25/2001 16:00:00	15.616860979
1/26/2001 16:00:00	16.2564350215
1/29/2001 16:00:00	17.4101474411
1/30/2001 16:00:00	17.2377401412
1/31/2001 16:00:00	15.4350800825
2/1/2001 16:00:00	15.6795585415
2/2/2001 16:00:00	13.2359678668
2/5/2001 16:00:00	13.1506550337
2/6/2001 16:00:00	13.2387380096
2/7/2001 16:00:00	12.2108379223
2/8/2001 16:00:00	11.3836703923
2/9/2001 16:00:00	10.016426203
2/12/2001 16:00:00	10.3432346324
2/13/2001 16:00:00	9.27455649376
2/14/2001 16:00:00	10.4971243919
2/15/2001 16:00:00	11.3823835806
2/16/2001 16:00:00	9.09324526515
2/20/2001 16:00:00	7.64101037706
2/21/2001 16:00:00	7.23685642528
2/22/2001 16:00:00	6.95758949646
2/23/2001 16:00:00	7.1967160649
2/26/2001 16:00:00	7.62960780264
2/27/2001 16:00:00	6.17301339748
2/28/2001 16:00:00	5.64000790751
3/1/2001 16:00:00	6.16634021478
3/2/2001 16:00:00	5.3482999834
3/5/2001 16:00:00	5.64689479555
3/6/2001 16:00:00	6.17097154689
3/7/2001 16:00:00	6.35439443757
3/8/2001 16:00:00	5.79651237666
3/9/2001 16:00:00	4.67080293254
3/12/2001 16:00:00	3.64525344889
3/13/2001 16:00:00	4.35298867714
3/14/2001 16:00:00	4.02550126766
3/15/2001 16:00:00	3.69669744813
3/16/2001 16:00:00	3.36550463297
3/19/2001 16:00:00	3.87211775634
3/20/2001 16:00:00	3.09150056318
3/21/2001 16:00:00	3.03580070041
3/22/2001 16:00:00	3.5839297628
3/23/2001 16:00:00	3.60189678746
3/26/2001 16:00:00	3.42196007276
3/27/2001 16:00:00	3.77984011518
3/28/2001 16:00:00	2.90638376883
3/29/2001 16:00:00	2.69230133961
3/30/2001 16:00:00	2.74319307562
4/2/2001 16:00:00	2.44536898745
4/3/2001 16:00:00	1.87560261964
4/4/2001 16:00:00	1.76086196061
4/5/2001 16:00:00	2.33152941861
4/6/2001 16:00:00	2.00397765051
4/9/2001 16:00:00	2.14026030967
4/10/2001 16:00:00	2.64488672338
4/11/2001 16:00:00	2.88937589728
4/12/2001 16:00:00	3.24015953441
4/16/2001 16:00:00	2.8752422608
4/17/2001 16:00:00	2.98514767155
4/18/2001 16:00:00	3.83708195331
4/19/2001 16:00:00	4.60549051817
4/20/2001 16:00:00	4.46403703765
4/23/2001 16:00:00	3.61933710654
4/24/2001 16:00:00	3.32004295004
4/25/2001 16:00:00	3.6131810482
4/26/2001 16:00:00	3.30686561651
4/27/2001 16:00:00	3.57059929945
4/30/2001 16:00:00	3.83336185149
5/1/2001 16:00:00	4.22747901013
5/2/2001 16:00:00	4.51245653623
5/3/2001 16:00:00	3.92677292494
5/4/2001 16:00:00	4.21562194328
5/7/2001 16:00:00	4.02507971947
5/8/2001 16:00:00	4.23882389066
5/9/2001 16:00:00	3.89000024594
5/10/2001 16:00:00	3.65024833067
5/11/2001 16:00:00	3.54664429974
5/14/2001 16:00:00	3.3923600337
5/15/2001 16:00:00	3.40232893602
5/16/2001 16:00:00	3.982439733
5/17/2001 16:00:00	4.14227841504
5/18/2001 16:00:00	4.15705682378
5/21/2001 16:00:00	4.9633041242
5/22/2001 16:00:00	4.89136340335
5/23/2001 16:00:00	4.27618855753
5/24/2001 16:00:00	4.57467702931
5/25/2001 16:00:00	4.28079853777
5/29/2001 16:00:00	3.70788862604
5/30/2001 16:00:00	3.14511124165
5/31/2001 16:00:00	3.25461918102
6/1/2001 16:00:00	3.47533083824
6/4/2001 16:00:00	3.46261852875
6/5/2001 16:00:00	3.94173359949
6/6/2001 16:00:00	3.81685624472
6/7/2001 16:00:00	4.17302400491
6/8/2001 16:00:00	3.74356740057
6/11/2001 16:00:00	3.44756913402
6/12/2001 16:00:00	3.47714493613
6/13/2001 16:00:00	3.12755360593
6/14/2001 16:00:00	2.7131729355
6/15/2001 16:00:00	2.66517487535
6/18/2001 16:00:00	2.49946006036
6/19/2001 16:00:00	2.54080956287
6/20/2001 16:00:00	2.74747417834
6/21/2001 16:00:00	2.88837190362
6/22/2001 16:00:00	2.76968363934
6/25/2001 16:00:00	2.84760315976
6/26/2001 16:00:00	2.88426862922
6/27/2001 16:00:00	2.90490241268
6/28/2001 16:00:00	3.16642994598
6/29/2001 16:00:00	3.27677699506
7/2/2001 16:00:00	3.27546006063
7/3/2001 16:00:00	3.23099799643
7/5/2001 16:00:00	2.8512370781
7/6/2001 16:00:00	2.44756930183
7/9/2001 16:00:00	2.57190085005
7/10/2001 16:00:00	2.24312648124
7/11/2001 16:00:00	2.31105965876
7/12/2001 16:00:00	2.76871056542
7/13/2001 16:00:00	2.77228781019
7/16/2001 16:00:00	2.46075549633
7/17/2001 16:00:00	2.65164993499
7/18/2001 16:00:00	2.36234409578
7/19/2001 16:00:00	2.48482514413
7/20/2001 16:00:00	2.39845941497
7/23/2001 16:00:00	2.19782422464
7/24/2001 16:00:00	2.09555432356
7/25/2001 16:00:00	2.18483643533
7/26/2001 16:00:00	2.36729214051
7/27/2001 16:00:00	2.40791327149
7/30/2001 16:00:00	2.35055257916
7/31/2001 16:00:00	2.40698203223
8/1/2001 16:00:00	2.60299725359
8/2/2001 16:00:00	2.70095690211
8/3/2001 16:00:00	2.58172835181
8/6/2001 16:00:00	2.47726455181
8/7/2001 16:00:00	2.44807876399
8/8/2001 16:00:00	2.1433610116
8/9/2001 16:00:00	2.15329059427
8/10/2001 16:00:00	2.10697071691
8/13/2001 16:00:00	2.24615190458
8/14/2001 16:00:00	2.15023262943
8/15/2001 16:00:00	1.92018193803
8/16/2001 16:00:00	1.95589706759
8/17/2001 16:00:00	1.71257142543
8/20/2001 16:00:00	1.77768016531
8/21/2001 16:00:00	1.585182124
8/22/2001 16:00:00	1.69594575463
8/23/2001 16:00:00	1.63344864322
8/24/2001 16:00:00	1.90336904207
8/27/2001 16:00:00	1.89801048491
8/28/2001 16:00:00	1.7096065888
8/29/2001 16:00:00	1.61980307168
8/30/2001 16:00:00	1.47061894699
8/31/2001 16:00:00	1.51802040862
9/4/2001 16:00:00	1.37621112844
9/5/2001 16:00:00	1.350122931
9/6/2001 16:00:00	1.19620777827
9/7/2001 16:00:00	1.1762176975
9/10/2001 16:00:00	1.20476818596
9/17/2001 16:00:00	0.906028612837
9/18/2001 16:00:00	0.844913054231
9/19/2001 16:00:00	0.81079052816
9/20/2001 16:00:00	0.726172022643
9/21/2001 16:00:00	0.652533659934
9/24/2001 16:00:00	0.763611229036
9/25/2001 16:00:00	0.757093575592
9/26/2001 16:00:00	0.672148874053
9/27/2001 16:00:00	0.673324941563
9/28/2001 16:00:00	0.71564657994
10/1/2001 16:00:00	0.683951093723
10/2/2001 16:00:00	0.698217721074
10/3/2001 16:00:00	0.860704361805
10/4/2001 16:00:00	0.883724761709
10/5/2001 16:00:00	0.906756783515
10/8/2001 16:00:00	0.923401990202
10/9/2001 16:00:00	0.847222885954
10/10/2001 16:00:00	0.969761021739
10/11/2001 16:00:00	1.15945317717
10/12/2001 16:00:00	1.16906677932
10/15/2001 16:00:00	1.13120156264
10/16/2001 16:00:00	1.19459445231
10/17/2001 16:00:00	0.964635088196
10/18/2001 16:00:00	0.998540938549
10/19/2001 16:00:00	1.03712356483
10/22/2001 16:00:00	1.1187484061
10/23/2001 16:00:00	1.12082954208
10/24/2001 16:00:00	1.21922005139
10/25/2001 16:00:00	1.35842977653
10/26/2001 16:00:00	1.29149704768
10/29/2001 16:00:00	1.07723077102
10/30/2001 16:00:00	1.00093290158
10/31/2001 16:00:00	1.05102417441
11/1/2001 16:00:00	1.18787678186
11/2/2001 16:00:00	1.19160415412
11/5/2001 16:00:00	1.32774401957
11/6/2001 16:00:00	1.44275926501
11/7/2001 16:00:00	1.44688055635
11/8/2001 16:00:00	1.40646776218
11/9/2001 16:00:00	1.41829362982
11/12/2001 16:00:00	1.45668028485
11/13/2001 16:00:00	1.6050001747
11/14/2001 16:00:00	1.62022072575
11/15/2001 16:00:00	1.60965628055
11/16/2001 16:00:00	1.60789042805
11/19/2001 16:00:00	1.71554714399
11/20/2001 16:00:00	1.4991546303
11/21/2001 16:00:00	1.50549472843
11/23/2001 16:00:00	1.57922203929
11/26/2001 16:00:00	1.70553452416
11/27/2001 16:00:00	1.67420898295
11/28/2001 16:00:00	1.5089469441
11/29/2001 16:00:00	1.63146471717
11/30/2001 16:00:00	1.62110809062
12/3/2001 16:00:00	1.53382971445
12/4/2001 16:00:00	1.72933155758
12/5/2001 16:00:00	2.00395433354
12/6/2001 16:00:00	1.99321369708
12/7/2001 16:00:00	1.83935233587
12/10/2001 16:00:00	1.74483177884
12/11/2001 16:00:00	1.79503290055
12/12/2001 16:00:00	1.82275658988
12/13/2001 16:00:00	1.59953831925
12/14/2001 16:00:00	1.61042738158
12/17/2001 16:00:00	1.71436543548
12/18/2001 16:00:00	1.76832313453
12/19/2001 16:00:00	1.67515429244
12/20/2001 16:00:00	1.45468718613
12/21/2001 16:00:00	1.51294940872
12/24/2001 16:00:00	1.50984644125
12/26/2001 16:00:00	1.54836682237
12/27/2001 16:00:00	1.59366797348
12/28/2001 16:00:00	1.63689468881
12/31/2001 16:00:00	1.50302742643
1/2/2002 16:00:00	1.59804100352
1/3/2002 16:00:00	1.76517545233
1/4/2002 16:00:00	1.79137516761
1/7/2002 16:00:00	1.71014154908
1/8/2002 16:00:00	1.76186133538
1/9/2002 16:00:00	1.72082245798
1/10/2002 16:00:00	1.72955279711
1/11/2002 16:00:00	1.6586541519
1/14/2002 16:00:00	1.5656872411
1/15/2002 16:00:00	1.5908096385
1/16/2002 16:00:00	1.43216744193
1/17/2002 16:00:00	1.55129682852
1/18/2002 16:00:00	1.39382345518
1/22/2002 16:00:00	1.26808722905
1/23/2002 16:00:00	1.3879400001
1/24/2002 16:00:00	1.43041079248
1/25/2002 16:00:00	1.41124429307
1/28/2002 16:00:00	1.42885521434
1/29/2002 16:00:00	1.30381171125
1/30/2002 16:00:00	1.35399716085
1/31/2002 16:00:00	1.38332800792
2/1/2002 16:00:00	1.32405774717
2/4/2002 16:00:00	1.19644081548
2/5/2002 16:00:00	1.15659656127
2/6/2002 16:00:00	1.11625983835
2/7/2002 16:00:00	1.04167476096
2/8/2002 16:00:00	1.1261143903
2/11/2002 16:00:00	1.18512082174
2/12/2002 16:00:00	1.15386192205
2/13/2002 16:00:00	1.20557096892
2/14/2002 16:00:00	1.17601218303
2/15/2002 16:00:00	1.08480722298
2/19/2002 16:00:00	0.972595668127
2/20/2002 16:00:00	1.01652285804
2/21/2002 16:00:00	0.886340879333
2/22/2002 16:00:00	0.901740861392
2/25/2002 16:00:00	1.0049277912
2/26/2002 16:00:00	0.990138945996
2/27/2002 16:00:00	0.941769826917
2/28/2002 16:00:00	0.90208198859
3/1/2002 16:00:00	1.05357055173
3/4/2002 16:00:00	1.18388276708
3/5/2002 16:00:00	1.19372266975
3/6/2002 16:00:00	1.24363654629
3/7/2002 16:00:00	1.21110657799
3/8/2002 16:00:00	1.32729620957
3/11/2002 16:00:00	1.32364817192
3/12/2002 16:00:00	1.23834941486
3/13/2002 16:00:00	1.15434624314
3/14/2002 16:00:00	1.13293106212
3/15/2002 16:00:00	1.17459444018
3/18/2002 16:00:00	1.19902110429
3/19/2002 16:00:00	1.19583861422
3/20/2002 16:00:00	1.06766240273
3/21/2002 16:00:00	1.15119031993
3/22/2002 16:00:00	1.10716369907
3/25/2002 16:00:00	1.01089707371
3/26/2002 16:00:00	1.0360541625
3/27/2002 16:00:00	1.0292620317
3/28/2002 16:00:00	1.06407131452
4/1/2002 16:00:00	1.1203212799
4/2/2002 16:00:00	0.965231268787
4/3/2002 16:00:00	0.931754462616
4/4/2002 16:00:00	0.937071915686
4/5/2002 16:00:00	0.896110766754
4/8/2002 16:00:00	0.927623995624
4/9/2002 16:00:00	0.832242933039
4/10/2002 16:00:00	0.865408933102
4/11/2002 16:00:00	0.79162966191
4/12/2002 16:00:00	0.840210944832
4/15/2002 16:00:00	0.846061341429
4/16/2002 16:00:00	0.956076586632
4/17/2002 16:00:00	0.935134152458
4/18/2002 16:00:00	0.919316593633
4/19/2002 16:00:00	0.897596197512
4/22/2002 16:00:00	0.829001646931
4/23/2002 16:00:00	0.779032727554
4/24/2002 16:00:00	0.742658410855
4/25/2002 16:00:00	0.742489858493
4/26/2002 16:00:00	0.654353644134
4/29/2002 16:00:00	0.647706954055
4/30/2002 16:00:00	0.694812645779
5/1/2002 16:00:00	0.67893460473
5/2/2002 16:00:00	0.611167257224
5/3/2002 16:00:00	0.559210734656
5/6/2002 16:00:00	0.517411079656
5/7/2002 16:00:00	0.514740277778
5/8/2002 16:00:00	0.678686215899
5/9/2002 16:00:00	0.611852125869
5/10/2002 16:00:00	0.535313171538
5/13/2002 16:00:00	0.606467151304
5/14/2002 16:00:00	0.70013301043
5/15/2002 16:00:00	0.708827166188
5/16/2002 16:00:00	0.716447501069
5/17/2002 16:00:00	0.732538342349
5/20/2002 16:00:00	0.676697878241
5/21/2002 16:00:00	0.619519073868
5/22/2002 16:00:00	0.632110123379
5/23/2002 16:00:00	0.665350443585
5/24/2002 16:00:00	0.612861283777
5/28/2002 16:00:00	0.600677120063
5/29/2002 16:00:00	0.562694588212
5/30/2002 16:00:00	0.575336979508
5/31/2002 16:00:00	0.547710649346
6/3/2002 16:00:00	0.480695917537
6/4/2002 16:00:00	0.505030624155
6/5/2002 16:00:00	0.52651056703
6/6/2002 16:00:00	0.476217749625
6/7/2002 16:00:00	0.454661230895
6/10/2002 16:00:00	0.449032496726
6/11/2002 16:00:00	0.407828502655
6/12/2002 16:00:00	0.432597148515
6/13/2002 16:00:00	0.413090794109
6/14/2002 16:00:00	0.416424026187
6/17/2002 16:00:00	0.461714377185
6/18/2002 16:00:00	0.447827407272
6/19/2002 16:00:00	0.399427635843
6/20/2002 16:00:00	0.361028138985
6/21/2002 16:00:00	0.333605916753
6/24/2002 16:00:00	0.354839988005
6/25/2002 16:00:00	0.319592913571
6/26/2002 16:00:00	0.323720998991
6/27/2002 16:00:00	0.345789723221
6/28/2002 16:00:00	0.346470342596
7/1/2002 16:00:00	0.293760459921
7/2/2002 16:00:00	0.263223036148
7/3/2002 16:00:00	0.289403537056
7/5/2002 16:00:00	0.346200351371
7/8/2002 16:00:00	0.300542374897
7/9/2002 16:00:00	0.279051930814
7/10/2002 16:00:00	0.252629616548
7/11/2002 16:00:00	0.283376766684
7/12/2002 16:00:00	0.285689196104
7/15/2002 16:00:00	0.302924274356
7/16/2002 16:00:00	0.294202290132
7/17/2002 16:00:00	0.309357488961
7/18/2002 16:00:00	0.278498979741
7/19/2002 16:00:00	0.253873964878
7/22/2002 16:00:00	0.233091641365
7/23/2002 16:00:00	0.201556048202
7/24/2002 16:00:00	0.238432183145
7/25/2002 16:00:00	0.19543568835
7/26/2002 16:00:00	0.20618146912
7/29/2002 16:00:00	0.246348550945
7/30/2002 16:00:00	0.254086232232
7/31/2002 16:00:00	0.239831818366
8/1/2002 16:00:00	0.20350013832
8/2/2002 16:00:00	0.189366859329
8/5/2002 16:00:00	0.166772644275
8/6/2002 16:00:00	0.192904156076
8/7/2002 16:00:00	0.20387835635
8/8/2002 16:00:00	0.222572976143
8/9/2002 16:00:00	0.215537586172
8/12/2002 16:00:00	0.216628566658
8/13/2002 16:00:00	0.194874908652
8/14/2002 16:00:00	0.234264838692
8/15/2002 16:00:00	0.243017265738
8/16/2002 16:00:00	0.254167944789
8/19/2002 16:00:00	0.277076975294
8/20/2002 16:00:00	0.262400455056
8/21/2002 16:00:00	0.283779614483
8/22/2002 16:00:00	0.294864841503
8/23/2002 16:00:00	0.262299792632
8/26/2002 16:00:00	0.267147709441
8/27/2002 16:00:00	0.233729241733
8/28/2002 16:00:00	0.212347635255
8/29/2002 16:00:00	0.223707383708
8/30/2002 16:00:00	0.210138960832
9/3/2002 16:00:00	0.18149901222
9/4/2002 16:00:00	0.194372412009
9/5/2002 16:00:00	0.170231030649
9/6/2002 16:00:00	0.192924418213
9/9/2002 16:00:00	0.199163773121
9/10/2002 16:00:00	0.209046427735
9/11/2002 16:00:00	0.20812615902
9/12/2002 16:00:00	0.187370344922
9/13/2002 16:00:00	0.192746557262
9/16/2002 16:00:00	0.18309572752
9/17/2002 16:00:00	0.176432816379
9/18/2002 16:00:00	0.175019515849
9/19/2002 16:00:00	0.157813149826
9/20/2002 16:00:00	0.160878379324
9/23/2002 16:00:00	0.145050298327
9/24/2002 16:00:00	0.145291128977
9/25/2002 16:00:00	0.164287869419
9/26/2002 16:00:00	0.160499336763
9/27/2002 16:00:00	0.153083864068
9/30/2002 16:00:00	0.138193459081
10/1/2002 16:00:00	0.15713927052
10/2/2002 16:00:00	0.145688469042
10/3/2002 16:00:00	0.137249271966
10/4/2002 16:00:00	0.128416856867
10/7/2002 16:00:00	0.123304681804
10/8/2002 16:00:00	0.126430569496
10/9/2002 16:00:00	0.124495484917
10/10/2002 16:00:00	0.143964712904
10/11/2002 16:00:00	0.164795754898
10/14/2002 16:00:00	0.17038780379
10/15/2002 16:00:00	0.198536789332
10/16/2002 16:00:00	0.173240810615
10/17/2002 16:00:00	0.193148611553
10/18/2002 16:00:00	0.199892651141
10/21/2002 16:00:00	0.214411473113
10/22/2002 16:00:00	0.204196277002
10/23/2002 16:00:00	0.220325854146
10/24/2002 16:00:00	0.20396767104
10/25/2002 16:00:00	0.223351227496
10/28/2002 16:00:00	0.212530678147
10/29/2002 16:00:00	0.200291064317
10/30/2002 16:00:00	0.216048768325
10/31/2002 16:00:00	0.218267709829
11/1/2002 16:00:00	0.237752252418
11/4/2002 16:00:00	0.257247205472
11/5/2002 16:00:00	0.259696407102
11/6/2002 16:00:00	0.271114431222
11/7/2002 16:00:00	0.240481851571
11/8/2002 16:00:00	0.228171206645
11/11/2002 16:00:00	0.203780258011
11/12/2002 16:00:00	0.222263024073
11/13/2002 16:00:00	0.228875880188
11/14/2002 16:00:00	0.259972776585
11/15/2002 16:00:00	0.262467040743
11/18/2002 16:00:00	0.2504784395
11/19/2002 16:00:00	0.236607357107
11/20/2002 16:00:00	0.267401029054
11/21/2002 16:00:00	0.303028308251
11/22/2002 16:00:00	0.301239622514
11/25/2002 16:00:00	0.310131688634
11/26/2002 16:00:00	0.27740733737
11/27/2002 16:00:00	0.306573129702
11/29/2002 16:00:00	0.298696809965
12/2/2002 16:00:00	0.302166333692
12/3/2002 16:00:00	0.276471802075
12/4/2002 16:00:00	0.261673312552
12/5/2002 16:00:00	0.249600990629
12/6/2002 16:00:00	0.258735055601
12/9/2002 16:00:00	0.221456463534
12/10/2002 16:00:00	0.233350058082
12/11/2002 16:00:00	0.235523373181
12/12/2002 16:00:00	0.237939950235
12/13/2002 16:00:00	0.214488801906
12/16/2002 16:00:00	0.237856533369
12/17/2002 16:00:00	0.236146982159
12/18/2002 16:00:00	0.218160982396
12/19/2002 16:00:00	0.213199980885
12/20/2002 16:00:00	0.218150337461
12/23/2002 16:00:00	0.229986992273
12/24/2002 16:00:00	0.223921159102
12/26/2002 16:00:00	0.219398119123
12/27/2002 16:00:00	0.207306013606
12/30/2002 16:00:00	0.202307415636
12/31/2002 16:00:00	0.198885850279
1/2/2003 16:00:00	0.225210666758
1/3/2003 16:00:00	0.227646077482
1/6/2003 16:00:00	0.247366817105
1/7/2003 16:00:00	0.254571531765
1/8/2003 16:00:00	0.233626876201
1/9/2003 16:00:00	0.256124948182
1/10/2003 16:00:00	0.264152623889
1/13/2003 16:00:00	0.260925849901
1/14/2003 16:00:00	0.269456960188
1/15/2003 16:00:00	0.253702963075
1/16/2003 16:00:00	0.245048040132
1/17/2003 16:00:00	0.21461245026
1/21/2003 16:00:00	0.209100726093
1/22/2003 16:00:00	0.207555993822
1/23/2003 16:00:00	0.223701173188
1/24/2003 16:00:00	0.199945221626
1/27/2003 16:00:00	0.194025656251
1/28/2003 16:00:00	0.202840395929
1/29/2003 16:00:00	0.21200923292
1/30/2003 16:00:00	0.192549161497
1/31/2003 16:00:00	0.191065014716
2/3/2003 16:00:00	0.193372244801
2/4/2003 16:00:00	0.184319953335
2/5/2003 16:00:00	0.18271588059
2/6/2003 16:00:00	0.183576416955
2/7/2003 16:00:00	0.175882040507
2/10/2003 16:00:00	0.182967570331
2/11/2003 16:00:00	0.183867226464
2/12/2003 16:00:00	0.175408568971
2/13/2003 16:00:00	0.172697533398
2/14/2003 16:00:00	0.189096897831
2/18/2003 16:00:00	0.208019251809
2/19/2003 16:00:00	0.202426243078
2/20/2003 16:00:00	0.199726294351
2/21/2003 16:00:00	0.208334836474
2/24/2003 16:00:00	0.195235725433
2/25/2003 16:00:00	0.197902210762
2/26/2003 16:00:00	0.18313666363
2/27/2003 16:00:00	0.194552554556
2/28/2003 16:00:00	0.203280945293
3/3/2003 16:00:00	0.191965823629
3/4/2003 16:00:00	0.187228219678
3/5/2003 16:00:00	0.191336387647
3/6/2003 16:00:00	0.187667253962
3/7/2003 16:00:00	0.189269230776
3/10/2003 16:00:00	0.176271086115
3/11/2003 16:00:00	0.173238962617
3/12/2003 16:00:00	0.179559970466
3/13/2003 16:00:00	0.212412618928
3/14/2003 16:00:00	0.212780558885
3/17/2003 16:00:00	0.241582975039
3/18/2003 16:00:00	0.245022936829
3/19/2003 16:00:00	0.240074278212
3/20/2003 16:00:00	0.243561449087
3/21/2003 16:00:00	0.252228517438
3/24/2003 16:00:00	0.220326786678
3/25/2003 16:00:00	0.232576201381
3/26/2003 16:00:00	0.232356800897
3/27/2003 16:00:00	0.229456882974
3/28/2003 16:00:00	0.219553936459
3/31/2003 16:00:00	0.201856065467
4/1/2003 16:00:00	0.204176518054
4/2/2003 16:00:00	0.228593851292
4/3/2003 16:00:00	0.228939364112
4/4/2003 16:00:00	0.220273534021
4/7/2003 16:00:00	0.221855667095
4/8/2003 16:00:00	0.217404299977
4/9/2003 16:00:00	0.203163942496
4/10/2003 16:00:00	0.208855435686
4/11/2003 16:00:00	0.204577060281
4/14/2003 16:00:00	0.217792669934
4/15/2003 16:00:00	0.220724093867
4/16/2003 16:00:00	0.221819439606
4/17/2003 16:00:00	0.239864136992
4/21/2003 16:00:00	0.238145772438
4/22/2003 16:00:00	0.252243469183
4/23/2003 16:00:00	0.259396779596
4/24/2003 16:00:00	0.255985628676
4/25/2003 16:00:00	0.238661096371
4/28/2003 16:00:00	0.254440470249
4/29/2003 16:00:00	0.261052785754
4/30/2003 16:00:00	0.253479133166
5/1/2003 16:00:00	0.258346518377
5/2/2003 16:00:00	0.274408020937
5/5/2003 16:00:00	0.27429212623
5/6/2003 16:00:00	0.286204631092
5/7/2003 16:00:00	0.273541081254
5/8/2003 16:00:00	0.261142627877
5/9/2003 16:00:00	0.278453176069
5/12/2003 16:00:00	0.290725306067
5/13/2003 16:00:00	0.287326593358
5/14/2003 16:00:00	0.281435067322
5/15/2003 16:00:00	0.292257671442
5/16/2003 16:00:00	0.285829690743
5/19/2003 16:00:00	0.254588524881
5/20/2003 16:00:00	0.254788466672
5/21/2003 16:00:00	0.255311414041
5/22/2003 16:00:00	0.267486015208
5/23/2003 16:00:00	0.266443371167
5/27/2003 16:00:00	0.296477727498
5/28/2003 16:00:00	0.296974458911
5/29/2003 16:00:00	0.303380562642
5/30/2003 16:00:00	0.315699205143
6/2/2003 16:00:00	0.305551196175
6/3/2003 16:00:00	0.315889072128
6/4/2003 16:00:00	0.336538876886
6/5/2003 16:00:00	0.342214552164
6/6/2003 16:00:00	0.326639851397
6/9/2003 16:00:00	0.312394424884
6/10/2003 16:00:00	0.326007645714
6/11/2003 16:00:00	0.338243557365
6/12/2003 16:00:00	0.3390729206
6/13/2003 16:00:00	0.317984202351
6/16/2003 16:00:00	0.34777435788
6/17/2003 16:00:00	0.346069196627
6/18/2003 16:00:00	0.352931919615
6/19/2003 16:00:00	0.334191754727
6/20/2003 16:00:00	0.332094395835
6/23/2003 16:00:00	0.313115709235
6/24/2003 16:00:00	0.306429455035
6/25/2003 16:00:00	0.303774981402
6/26/2003 16:00:00	0.323851070363
6/27/2003 16:00:00	0.316323849315
6/30/2003 16:00:00	0.313474261249
7/1/2003 16:00:00	0.32568199119
7/2/2003 16:00:00	0.348402470527
7/3/2003 16:00:00	0.336254468773
7/7/2003 16:00:00	0.377612085578
7/8/2003 16:00:00	0.392113386768
7/9/2003 16:00:00	0.38914214585
7/10/2003 16:00:00	0.365183303998
7/11/2003 16:00:00	0.375416839117
7/14/2003 16:00:00	0.38869670883
7/15/2003 16:00:00	0.387486766149
7/16/2003 16:00:00	0.385191684166
7/17/2003 16:00:00	0.352883657163
7/18/2003 16:00:00	0.356171163669
7/21/2003 16:00:00	0.339888246528
7/22/2003 16:00:00	0.353678366271
7/23/2003 16:00:00	0.362807598675
7/24/2003 16:00:00	0.350081510493
7/25/2003 16:00:00	0.370587597522
7/28/2003 16:00:00	0.372455643682
7/29/2003 16:00:00	0.367715395981
7/30/2003 16:00:00	0.357799893654
7/31/2003 16:00:00	0.368917314138
8/1/2003 16:00:00	0.357933686754
8/4/2003 16:00:00	0.360456751
8/5/2003 16:00:00	0.32826397582
8/6/2003 16:00:00	0.316528908971
8/7/2003 16:00:00	0.318073946415
8/8/2003 16:00:00	0.310268888224
8/11/2003 16:00:00	0.32244618411
8/12/2003 16:00:00	0.336280148621
8/13/2003 16:00:00	0.335956208819
8/14/2003 16:00:00	0.34526918095
8/15/2003 16:00:00	0.346637258597
8/18/2003 16:00:00	0.372433380289
8/19/2003 16:00:00	0.385310489118
8/20/2003 16:00:00	0.38528454117
8/21/2003 16:00:00	0.398492313744
8/22/2003 16:00:00	0.389232229679
8/25/2003 16:00:00	0.391047856088
8/26/2003 16:00:00	0.393145702385
8/27/2003 16:00:00	0.401982392428
8/28/2003 16:00:00	0.414168181298
8/29/2003 16:00:00	0.422369778193
9/2/2003 16:00:00	0.44109090083
9/3/2003 16:00:00	0.440140050822
9/4/2003 16:00:00	0.452756719116
9/5/2003 16:00:00	0.441446774911
9/8/2003 16:00:00	0.465519922868
9/9/2003 16:00:00	0.449158828881
9/10/2003 16:00:00	0.411449876013
9/11/2003 16:00:00	0.428541614793
9/12/2003 16:00:00	0.434971681087
9/15/2003 16:00:00	0.42542143146
9/16/2003 16:00:00	0.458537718972
9/17/2003 16:00:00	0.452474866413
9/18/2003 16:00:00	0.475401977277
9/19/2003 16:00:00	0.467306688813
9/22/2003 16:00:00	0.441109880136
9/23/2003 16:00:00	0.462179356284
9/24/2003 16:00:00	0.413648060064
9/25/2003 16:00:00	0.400712177107
9/26/2003 16:00:00	0.385735522854
9/29/2003 16:00:00	0.40882710713
9/30/2003 16:00:00	0.379544703361
10/1/2003 16:00:00	0.407110529831
10/2/2003 16:00:00	0.408649344078
10/3/2003 16:00:00	0.443623752813
10/6/2003 16:00:00	0.449724397278
10/7/2003 16:00:00	0.460254271122
10/8/2003 16:00:00	0.450104847959
10/9/2003 16:00:00	0.464243286084
10/10/2003 16:00:00	0.472060669216
10/13/2003 16:00:00	0.481912633522
10/14/2003 16:00:00	0.487902506415
10/15/2003 16:00:00	0.48465585478
10/16/2003 16:00:00	0.493925395778
10/17/2003 16:00:00	0.459890790539
10/20/2003 16:00:00	0.47494765242
10/21/2003 16:00:00	0.487829261141
10/22/2003 16:00:00	0.452008281808
10/23/2003 16:00:00	0.44285399836
10/24/2003 16:00:00	0.435550257292
10/27/2003 16:00:00	0.441960222467
10/28/2003 16:00:00	0.482901519604
10/29/2003 16:00:00	0.482720391431
10/30/2003 16:00:00	0.480050477972
10/31/2003 16:00:00	0.478964662188
11/3/2003 16:00:00	0.506011604572
11/4/2003 16:00:00	0.491461714284
11/5/2003 16:00:00	0.491568569425
11/6/2003 16:00:00	0.502338689465
11/7/2003 16:00:00	0.498749422132
11/10/2003 16:00:00	0.475642171328
11/11/2003 16:00:00	0.470540510504
11/12/2003 16:00:00	0.504390113065
11/13/2003 16:00:00	0.500481088101
11/14/2003 16:00:00	0.466653756697
11/17/2003 16:00:00	0.452890707984
11/18/2003 16:00:00	0.424495655654
11/19/2003 16:00:00	0.43767698715
11/20/2003 16:00:00	0.422931081639
11/21/2003 16:00:00	0.432007882409
11/24/2003 16:00:00	0.475338860502
11/25/2003 16:00:00	0.467273130195
11/26/2003 16:00:00	0.475885913687
11/28/2003 16:00:00	0.479968236246
12/1/2003 16:00:00	0.502969586794
12/2/2003 16:00:00	0.487045547159
12/3/2003 16:00:00	0.474598128387
12/4/2003 16:00:00	0.487165735233
12/5/2003 16:00:00	0.461097845099
12/8/2003 16:00:00	0.471975456957
12/9/2003 16:00:00	0.437558537903
12/10/2003 16:00:00	0.442515338493
12/11/2003 16:00:00	0.46920362793
12/12/2003 16:00:00	0.469435002405
12/15/2003 16:00:00	0.449036347104
12/16/2003 16:00:00	0.455191170106
12/17/2003 16:00:00	0.45192380215
12/18/2003 16:00:00	0.482169891714
12/19/2003 16:00:00	0.476894739229
12/22/2003 16:00:00	0.482373584532
12/23/2003 16:00:00	0.498931838983
12/24/2003 16:00:00	0.4942838797
12/26/2003 16:00:00	0.49489203572
12/29/2003 16:00:00	0.522070080314
12/30/2003 16:00:00	0.521599966768
12/31/2003 16:00:00	0.519291727704
1/2/2004 16:00:00	0.51459105128
1/5/2004 16:00:00	0.549325563407
1/6/2004 16:00:00	0.554388498862
1/7/2004 16:00:00	0.568702337534
1/8/2004 16:00:00	0.587077214247
1/9/2004 16:00:00	0.575254281083
1/12/2004 16:00:00	0.597078917267
1/13/2004 16:00:00	0.57954059104
1/14/2004 16:00:00	0.590049118049
1/15/2004 16:00:00	0.58756277208
1/16/2004 16:00:00	0.612326656702
1/20/2004 16:00:00	0.611339347018
1/21/2004 16:00:00	0.60383161438
1/22/2004 16:00:00	0.584779384269
1/23/2004 16:00:00	0.585588121319
1/26/2004 16:00:00	0.611248572391
1/27/2004 16:00:00	0.570505739655
1/28/2004 16:00:00	0.539249393307
1/29/2004 16:00:00	0.544398036251
1/30/2004 16:00:00	0.540684554306
2/2/2004 16:00:00	0.534901400792
2/3/2004 16:00:00	0.539136451528
2/4/2004 16:00:00	0.507347899486
2/5/2004 16:00:00	0.509782734054
2/6/2004 16:00:00	0.545106603936
2/9/2004 16:00:00	0.536245587323
2/10/2004 16:00:00	0.546277212705
2/11/2004 16:00:00	0.561358623081
2/12/2004 16:00:00	0.546984375844
2/13/2004 16:00:00	0.528453854324
2/17/2004 16:00:00	0.55196876387
2/18/2004 16:00:00	0.552887385771
2/19/2004 16:00:00	0.527830142401
2/20/2004 16:00:00	0.524863393235
2/23/2004 16:00:00	0.505280980265
2/24/2004 16:00:00	0.50343660627
2/25/2004 16:00:00	0.511793969085
2/26/2004 16:00:00	0.518924164671
2/27/2004 16:00:00	0.511723536298
3/1/2004 16:00:00	0.531588228002
3/2/2004 16:00:00	0.514078608157
3/3/2004 16:00:00	0.506529949834
3/4/2004 16:00:00	0.522272861867
3/5/2004 16:00:00	0.513333620743
3/8/2004 16:00:00	0.479929015194
3/9/2004 16:00:00	0.47620256679
3/10/2004 16:00:00	0.456277485184
3/11/2004 16:00:00	0.441426466494
3/12/2004 16:00:00	0.4689304451
3/15/2004 16:00:00	0.437864755883
3/16/2004 16:00:00	0.444546758824
3/17/2004 16:00:00	0.465155196108
3/18/2004 16:00:00	0.454217953229
3/19/2004 16:00:00	0.435698371174
3/22/2004 16:00:00	0.419561352225
3/23/2004 16:00:00	0.409148972063
3/24/2004 16:00:00	0.419671243262
3/25/2004 16:00:00	0.459690791157
3/26/2004 16:00:00	0.449486919464
3/29/2004 16:00:00	0.47505973407
3/30/2004 16:00:00	0.477886447388
3/31/2004 16:00:00	0.471023349155
4/1/2004 16:00:00	0.485490926139
4/2/2004 16:00:00	0.522573083628
4/5/2004 16:00:00	0.541494324594
4/6/2004 16:00:00	0.525475722743
4/7/2004 16:00:00	0.513123450222
4/8/2004 16:00:00	0.516725912837
4/12/2004 16:00:00	0.527514708575
4/13/2004 16:00:00	0.503041646243
4/14/2004 16:00:00	0.50580612049
4/15/2004 16:00:00	0.489053343909
4/16/2004 16:00:00	0.478526744166
4/19/2004 16:00:00	0.502639889283
4/20/2004 16:00:00	0.465121833065
4/21/2004 16:00:00	0.478747659459
4/22/2004 16:00:00	0.512806670866
4/23/2004 16:00:00	0.524641987847
4/26/2004 16:00:00	0.507228136764
4/27/2004 16:00:00	0.506055264621
4/28/2004 16:00:00	0.478840083176
4/29/2004 16:00:00	0.457335563189
4/30/2004 16:00:00	0.428503455662
5/3/2004 16:00:00	0.441209993981
5/4/2004 16:00:00	0.447513507917
5/5/2004 16:00:00	0.453396435445
5/6/2004 16:00:00	0.441114107421
5/7/2004 16:00:00	0.432243655485
5/10/2004 16:00:00	0.423790062641
5/11/2004 16:00:00	0.446279453624
5/12/2004 16:00:00	0.439558919951
5/13/2004 16:00:00	0.441592226813
5/14/2004 16:00:00	0.425402652789
5/17/2004 16:00:00	0.407143349248
5/18/2004 16:00:00	0.422626501295
5/19/2004 16:00:00	0.421531435854
5/20/2004 16:00:00	0.421941812127
5/21/2004 16:00:00	0.432111615008
5/24/2004 16:00:00	0.437379576222
5/25/2004 16:00:00	0.468626532309
5/26/2004 16:00:00	0.474520955709
5/27/2004 16:00:00	0.483490136098
5/28/2004 16:00:00	0.48649261403
6/1/2004 16:00:00	0.488719980348
6/2/2004 16:00:00	0.484326083201
6/3/2004 16:00:00	0.465382083327
6/4/2004 16:00:00	0.474801843247
6/7/2004 16:00:00	0.510366147589
6/8/2004 16:00:00	0.514922754252
6/9/2004 16:00:00	0.487505086586
6/10/2004 16:00:00	0.499138580721
6/14/2004 16:00:00	0.476179389262
6/15/2004 16:00:00	0.496235179462
6/16/2004 16:00:00	0.496946354787
6/17/2004 16:00:00	0.480787268737
6/18/2004 16:00:00	0.48131824686
6/21/2004 16:00:00	0.469979091139
6/22/2004 16:00:00	0.490897131727
6/23/2004 16:00:00	0.509438284961
6/24/2004 16:00:00	0.504020688529
6/25/2004 16:00:00	0.514166738404
6/28/2004 16:00:00	0.508613330606
6/29/2004 16:00:00	0.521381614522
6/30/2004 16:00:00	0.532706638247
7/1/2004 16:00:00	0.50407703142
7/2/2004 16:00:00	0.495470727775
7/6/2004 16:00:00	0.459774048175
7/7/2004 16:00:00	0.466155019891
7/8/2004 16:00:00	0.445502809006
7/9/2004 16:00:00	0.453703110085
7/12/2004 16:00:00	0.446160675069
7/13/2004 16:00:00	0.442872683783
7/14/2004 16:00:00	0.43104556363
7/15/2004 16:00:00	0.430847014486
7/16/2004 16:00:00	0.409084334233
7/19/2004 16:00:00	0.41306397109
7/20/2004 16:00:00	0.434545316393
7/21/2004 16:00:00	0.402815485116
7/22/2004 16:00:00	0.421862608017
7/23/2004 16:00:00	0.392105594907
7/26/2004 16:00:00	0.385977829578
7/27/2004 16:00:00	0.405453047409
7/28/2004 16:00:00	0.398602182203
7/29/2004 16:00:00	0.411316792414
7/30/2004 16:00:00	0.412861957618
8/2/2004 16:00:00	0.418037617248
8/3/2004 16:00:00	0.393712271563
8/4/2004 16:00:00	0.393699029906
8/5/2004 16:00:00	0.37155889545
8/6/2004 16:00:00	0.340077061751
8/9/2004 16:00:00	0.342749863322
8/10/2004 16:00:00	0.364420774617
8/11/2004 16:00:00	0.34643940209
8/12/2004 16:00:00	0.330503668621
8/13/2004 16:00:00	0.333012179328
8/16/2004 16:00:00	0.347473334354
8/17/2004 16:00:00	0.354380194716
8/18/2004 16:00:00	0.376609765685
8/19/2004 16:00:00	0.36784549425
8/20/2004 16:00:00	0.378770637527
8/23/2004 16:00:00	0.382159628424
8/24/2004 16:00:00	0.381143793612
8/25/2004 16:00:00	0.397251257001
8/26/2004 16:00:00	0.392715077179
8/27/2004 16:00:00	0.396532187144
8/30/2004 16:00:00	0.378784389776
8/31/2004 16:00:00	0.379320587709
9/1/2004 16:00:00	0.386956667798
9/2/2004 16:00:00	0.404045097085
9/3/2004 16:00:00	0.380972708334
9/7/2004 16:00:00	0.389243573737
9/8/2004 16:00:00	0.384877553593
9/9/2004 16:00:00	0.397177084209
9/10/2004 16:00:00	0.415479811168
9/13/2004 16:00:00	0.428044875057
9/14/2004 16:00:00	0.434280781975
9/15/2004 16:00:00	0.416873865147
9/16/2004 16:00:00	0.419145536995
9/17/2004 16:00:00	0.42644208478
9/20/2004 16:00:00	0.424934461479
9/21/2004 16:00:00	0.434855094808
9/22/2004 16:00:00	0.40596759419
9/23/2004 16:00:00	0.407219143418
9/24/2004 16:00:00	0.401285921716
9/27/2004 16:00:00	0.389579125542
9/28/2004 16:00:00	0.392991235847
9/29/2004 16:00:00	0.410854943533
9/30/2004 16:00:00	0.41240479774
10/1/2004 16:00:00	0.447510959485
10/4/2004 16:00:00	0.453014906819
10/5/2004 16:00:00	0.455473089484
10/6/2004 16:00:00	0.467150463721
10/7/2004 16:00:00	0.449374189823
10/8/2004 16:00:00	0.426297371453
10/11/2004 16:00:00	0.432253184351
10/12/2004 16:00:00	0.429694424121
10/13/2004 16:00:00	0.429111870292
10/14/2004 16:00:00	0.420714602323
10/15/2004 16:00:00	0.425728409592
10/18/2004 16:00:00	0.449131387748
10/19/2004 16:00:00	0.436540096051
10/20/2004 16:00:00	0.444116614409
10/21/2004 16:00:00	0.464686744308
10/22/2004 16:00:00	0.430041295222
10/25/2004 16:00:00	0.424850268945
10/26/2004 16:00:00	0.43326875315
10/27/2004 16:00:00	0.46732254591
10/28/2004 16:00:00	0.473932795
10/29/2004 16:00:00	0.473441964659
11/1/2004 16:00:00	0.475310713752
11/2/2004 16:00:00	0.480985336478
11/3/2004 16:00:00	0.489623714073
11/4/2004 16:00:00	0.501537301964
11/5/2004 16:00:00	0.510394563704
11/8/2004 16:00:00	0.51217557811
11/9/2004 16:00:00	0.51192840949
11/10/2004 16:00:00	0.501813742411
11/11/2004 16:00:00	0.526145328083
11/12/2004 16:00:00	0.543127426328
11/15/2004 16:00:00	0.545660375953
11/16/2004 16:00:00	0.532488939789
11/17/2004 16:00:00	0.555661925039
11/18/2004 16:00:00	0.565807843488
11/19/2004 16:00:00	0.534852288993
11/22/2004 16:00:00	0.551438269556
11/23/2004 16:00:00	0.54531088655
11/24/2004 16:00:00	0.566063264108
11/26/2004 16:00:00	0.561320243654
11/29/2004 16:00:00	0.56350764875
11/30/2004 16:00:00	0.553806460839
12/1/2004 16:00:00	0.591358942775
12/2/2004 16:00:00	0.597834734817
12/3/2004 16:00:00	0.599078572445
12/6/2004 16:00:00	0.604709758153
12/7/2004 16:00:00	0.570665642015
12/8/2004 16:00:00	0.584075464601
12/9/2004 16:00:00	0.592552285051
12/10/2004 16:00:00	0.587292056739
12/13/2004 16:00:00	0.604705761256
12/14/2004 16:00:00	0.61159933823
12/15/2004 16:00:00	0.60711932619
12/16/2004 16:00:00	0.588995196269
12/17/2004 16:00:00	0.593544178584
12/20/2004 16:00:00	0.58821394003
12/21/2004 16:00:00	0.607222950538
12/22/2004 16:00:00	0.611942349728
12/23/2004 16:00:00	0.612007164099
12/27/2004 16:00:00	0.604809244872
12/28/2004 16:00:00	0.623385731982
12/29/2004 16:00:00	0.624095286101
12/30/2004 16:00:00	0.622559341854
12/31/2004 16:00:00	0.619358960295
1/3/2005 16:00:00	0.599024382156
1/4/2005 16:00:00	0.563358697011
1/5/2005 16:00:00	0.554532144077
1/6/2005 16:00:00	0.547746598304
1/7/2005 16:00:00	0.55529321036
1/10/2005 16:00:00	0.555262362073
1/11/2005 16:00:00	0.542852924389
1/12/2005 16:00:00	0.555687591815
1/13/2005 16:00:00	0.533608318767
1/14/2005 16:00:00	0.549969450671
1/18/2005 16:00:00	0.562905592157
1/19/2005 16:00:00	0.53287486493
1/20/2005 16:00:00	0.500581885558
1/21/2005 16:00:00	0.489620330038
1/24/2005 16:00:00	0.467041117229
1/25/2005 16:00:00	0.476294663491
1/26/2005 16:00:00	0.493844448453
1/27/2005 16:00:00	0.49227786112
1/28/2005 16:00:00	0.484215263905
1/31/2005 16:00:00	0.50361940211
2/1/2005 16:00:00	0.507483394338
2/2/2005 16:00:00	0.508780229685
2/3/2005 16:00:00	0.491770250392
2/4/2005 16:00:00	0.51730821721
2/7/2005 16:00:00	0.511658039568
2/8/2005 16:00:00	0.515166331914
2/9/2005 16:00:00	0.488923700876
2/10/2005 16:00:00	0.488803978909
2/11/2005 16:00:00	0.511709082186
2/14/2005 16:00:00	0.519286222326
2/15/2005 16:00:00	0.528344625884
2/16/2005 16:00:00	0.523183830175
2/17/2005 16:00:00	0.499508005181
2/18/2005 16:00:00	0.495530160903
2/22/2005 16:00:00	0.474463234537
2/23/2005 16:00:00	0.477202251211
2/24/2005 16:00:00	0.496783754493
2/25/2005 16:00:00	0.505663989208
2/28/2005 16:00:00	0.489742136844
3/1/2005 16:00:00	0.505382668343
3/2/2005 16:00:00	0.503286876689
3/3/2005 16:00:00	0.48989027412
3/4/2005 16:00:00	0.498198284141
3/7/2005 16:00:00	0.522254578095
3/8/2005 16:00:00	0.505325273787
3/9/2005 16:00:00	0.498564889961
3/10/2005 16:00:00	0.50078370275
3/11/2005 16:00:00	0.482170682937
3/14/2005 16:00:00	0.491110765274
3/15/2005 16:00:00	0.47829596445
3/16/2005 16:00:00	0.463034234889
3/17/2005 16:00:00	0.46420756858
3/18/2005 16:00:00	0.461046184858
3/21/2005 16:00:00	0.460953760286
3/22/2005 16:00:00	0.44277899545
3/23/2005 16:00:00	0.44870196121
3/24/2005 16:00:00	0.446892043519
3/28/2005 16:00:00	0.449282490483
3/29/2005 16:00:00	0.441483908408
3/30/2005 16:00:00	0.466132242029
3/31/2005 16:00:00	0.457357708279
4/1/2005 16:00:00	0.445012378743
4/4/2005 16:00:00	0.451569585334
4/5/2005 16:00:00	0.457880329965
4/6/2005 16:00:00	0.454890682407
4/7/2005 16:00:00	0.472301045442
4/8/2005 16:00:00	0.458826215059
4/11/2005 16:00:00	0.452154094073
4/12/2005 16:00:00	0.461749156536
4/13/2005 16:00:00	0.43604499874
4/14/2005 16:00:00	0.417520712282
4/15/2005 16:00:00	0.389109503453
4/18/2005 16:00:00	0.390140687464
4/19/2005 16:00:00	0.399003977459
4/20/2005 16:00:00	0.387129604411
4/21/2005 16:00:00	0.420462398299
4/22/2005 16:00:00	0.397535834961
4/25/2005 16:00:00	0.410925043328
4/26/2005 16:00:00	0.396319536212
4/27/2005 16:00:00	0.398985908697
4/28/2005 16:00:00	0.386702280167
4/29/2005 16:00:00	0.396046759531
5/2/2005 16:00:00	0.398361179148
5/3/2005 16:00:00	0.401505676734
5/4/2005 16:00:00	0.422125056067
5/5/2005 16:00:00	0.420209889092
5/6/2005 16:00:00	0.425149499645
5/9/2005 16:00:00	0.431477998894
5/10/2005 16:00:00	0.419821087969
5/11/2005 16:00:00	0.427665496881
5/12/2005 16:00:00	0.42334319334
5/13/2005 16:00:00	0.437033192261
5/16/2005 16:00:00	0.445850817926
5/17/2005 16:00:00	0.454249169097
5/18/2005 16:00:00	0.471588442394
5/19/2005 16:00:00	0.482842965666
5/20/2005 16:00:00	0.488997562107
5/23/2005 16:00:00	0.495711653135
5/24/2005 16:00:00	0.50063602496
5/25/2005 16:00:00	0.492908565518
5/26/2005 16:00:00	0.508271989747
5/27/2005 16:00:00	0.509090596033
5/31/2005 16:00:00	0.501859039767
6/1/2005 16:00:00	0.51815773879
6/2/2005 16:00:00	0.527417676686
6/3/2005 16:00:00	0.50255918118
6/6/2005 16:00:00	0.50316732937
6/7/2005 16:00:00	0.489183028569
6/8/2005 16:00:00	0.485727386323
6/9/2005 16:00:00	0.49680809783
6/10/2005 16:00:00	0.478793808329
6/13/2005 16:00:00	0.486295899288
6/14/2005 16:00:00	0.481643319587
6/15/2005 16:00:00	0.486292253416
6/16/2005 16:00:00	0.493696047212
6/17/2005 16:00:00	0.49558989463
6/20/2005 16:00:00	0.494636850771
6/21/2005 16:00:00	0.493675007675
6/22/2005 16:00:00	0.491472706551
6/23/2005 16:00:00	0.473624879213
6/24/2005 16:00:00	0.45868771159
6/27/2005 16:00:00	0.452639000796
6/28/2005 16:00:00	0.465994394449
6/29/2005 16:00:00	0.461666930916
6/30/2005 16:00:00	0.451758151817
7/1/2005 16:00:00	0.448885921636
7/5/2005 16:00:00	0.463020527187
7/6/2005 16:00:00	0.455205944872
7/7/2005 16:00:00	0.460282519468
7/8/2005 16:00:00	0.48720565701
7/11/2005 16:00:00	0.500756920472
7/12/2005 16:00:00	0.508281825105
7/13/2005 16:00:00	0.51009814478
7/14/2005 16:00:00	0.525463731729
7/15/2005 16:00:00	0.529667986092
7/18/2005 16:00:00	0.521698440217
7/19/2005 16:00:00	0.541855460381
7/20/2005 16:00:00	0.55420518395
7/21/2005 16:00:00	0.553121630155
7/22/2005 16:00:00	0.551759493176
7/25/2005 16:00:00	0.544134388382
7/26/2005 16:00:00	0.549436506925
7/27/2005 16:00:00	0.562670086262
7/28/2005 16:00:00	0.569480081419
7/29/2005 16:00:00	0.555034395189
8/1/2005 16:00:00	0.559996554391
8/2/2005 16:00:00	0.577435335317
8/3/2005 16:00:00	0.577429733397
8/4/2005 16:00:00	0.557584385069
8/5/2005 16:00:00	0.549950229811
8/8/2005 16:00:00	0.537779738719
8/9/2005 16:00:00	0.548918334599
8/10/2005 16:00:00	0.53284961445
8/11/2005 16:00:00	0.5477179839
8/12/2005 16:00:00	0.538380629422
8/15/2005 16:00:00	0.547274844039
8/16/2005 16:00:00	0.519684662657
8/17/2005 16:00:00	0.527698081229
8/18/2005 16:00:00	0.52097036577
8/19/2005 16:00:00	0.518756644529
8/22/2005 16:00:00	0.520415815772
8/23/2005 16:00:00	0.515974816342
8/24/2005 16:00:00	0.506339043174
8/25/2005 16:00:00	0.510210782146
8/26/2005 16:00:00	0.503141544154
8/29/2005 16:00:00	0.515234988534
8/30/2005 16:00:00	0.50935007767
8/31/2005 16:00:00	0.524759364246
9/1/2005 16:00:00	0.520124517422
9/2/2005 16:00:00	0.51584569681
9/6/2005 16:00:00	0.539415793472
9/7/2005 16:00:00	0.541839877803
9/8/2005 16:00:00	0.539428289982
9/9/2005 16:00:00	0.549512912109
9/12/2005 16:00:00	0.553794700545
9/13/2005 16:00:00	0.548624900475
9/14/2005 16:00:00	0.530252297076
9/15/2005 16:00:00	0.528976733065
9/16/2005 16:00:00	0.539655788643
9/19/2005 16:00:00	0.525900984143
9/20/2005 16:00:00	0.517896397266
9/21/2005 16:00:00	0.501593765384
9/22/2005 16:00:00	0.506720236093
9/23/2005 16:00:00	0.510783270176
9/26/2005 16:00:00	0.511669158445
9/27/2005 16:00:00	0.507546123714
9/28/2005 16:00:00	0.507322951405
9/29/2005 16:00:00	0.527616699319
9/30/2005 16:00:00	0.53908927422
10/3/2005 16:00:00	0.542841965034
10/4/2005 16:00:00	0.532435236989
10/5/2005 16:00:00	0.508184316531
10/6/2005 16:00:00	0.489964000106
10/7/2005 16:00:00	0.492597135057
10/10/2005 16:00:00	0.483926109193
10/11/2005 16:00:00	0.476533611154
10/12/2005 16:00:00	0.459522873035
10/13/2005 16:00:00	0.470788292324
10/14/2005 16:00:00	0.480268008799
10/17/2005 16:00:00	0.485297233892
10/18/2005 16:00:00	0.47435193372
10/19/2005 16:00:00	0.503013904044
10/20/2005 16:00:00	0.489342900288
10/21/2005 16:00:00	0.498147654259
10/24/2005 16:00:00	0.522332843681
10/25/2005 16:00:00	0.517374289264
10/26/2005 16:00:00	0.506722711532
10/27/2005 16:00:00	0.475876920147
10/28/2005 16:00:00	0.488390177997
10/31/2005 16:00:00	0.5089633254
11/1/2005 16:00:00	0.506185854868
11/2/2005 16:00:00	0.525987077616
11/3/2005 16:00:00	0.547884877055
11/4/2005 16:00:00	0.556147232838
11/7/2005 16:00:00	0.557193310892
11/8/2005 16:00:00	0.556074198978
11/9/2005 16:00:00	0.557708196258
11/10/2005 16:00:00	0.578746241456
11/11/2005 16:00:00	0.581069775099
11/14/2005 16:00:00	0.57929666339
11/15/2005 16:00:00	0.571075911197
11/16/2005 16:00:00	0.578284863452
11/17/2005 16:00:00	0.604253856086
11/18/2005 16:00:00	0.607751094231
11/21/2005 16:00:00	0.614430963286
11/22/2005 16:00:00	0.622828246014
11/23/2005 16:00:00	0.625478142881
11/25/2005 16:00:00	0.629957356046
11/28/2005 16:00:00	0.611192181888
11/29/2005 16:00:00	0.602725917826
11/30/2005 16:00:00	0.597867055035
12/1/2005 16:00:00	0.631640653284
12/2/2005 16:00:00	0.636743070004
12/5/2005 16:00:00	0.620470050065
12/6/2005 16:00:00	0.627443891217
12/7/2005 16:00:00	0.622423959355
12/8/2005 16:00:00	0.609574397389
12/9/2005 16:00:00	0.616951900986
12/12/2005 16:00:00	0.622960010612
12/13/2005 16:00:00	0.630862116826
12/14/2005 16:00:00	0.623062535354
12/15/2005 16:00:00	0.625789014303
12/16/2005 16:00:00	0.615652667173
12/19/2005 16:00:00	0.588792621247
12/20/2005 16:00:00	0.589295380413
12/21/2005 16:00:00	0.594925726974
12/22/2005 16:00:00	0.608292214618
12/23/2005 16:00:00	0.607568336692
12/27/2005 16:00:00	0.591554153895
12/28/2005 16:00:00	0.589952449711
12/29/2005 16:00:00	0.577242022054
12/30/2005 16:00:00	0.56637199556
1/3/2006 16:00:00	0.602006438144
1/4/2006 16:00:00	0.618841118502
1/5/2006 16:00:00	0.628936307686
1/6/2006 16:00:00	0.661532138691
1/9/2006 16:00:00	0.669156651469
1/10/2006 16:00:00	0.671317700599
1/11/2006 16:00:00	0.687453189728
1/12/2006 16:00:00	0.674389748242
1/13/2006 16:00:00	0.673442377817
1/17/2006 16:00:00	0.661136701693
1/18/2006 16:00:00	0.638270567539
1/19/2006 16:00:00	0.652835605794
1/20/2006 16:00:00	0.591945395648
1/23/2006 16:00:00	0.59161077815
1/24/2006 16:00:00	0.60186192739
1/25/2006 16:00:00	0.591733442377
1/26/2006 16:00:00	0.605757616386
1/27/2006 16:00:00	0.627660953505
1/30/2006 16:00:00	0.629961603316
1/31/2006 16:00:00	0.626705136665
2/1/2006 16:00:00	0.628923911838
2/2/2006 16:00:00	0.598630976982
2/3/2006 16:00:00	0.575740199345
2/6/2006 16:00:00	0.568229686636
2/7/2006 16:00:00	0.562115751292
2/8/2006 16:00:00	0.580886054687
2/9/2006 16:00:00	0.563531747061
2/10/2006 16:00:00	0.573164852602
2/13/2006 16:00:00	0.554389195617
2/14/2006 16:00:00	0.570436060449
2/15/2006 16:00:00	0.581718732113
2/16/2006 16:00:00	0.59758448848
2/17/2006 16:00:00	0.583094547198
2/21/2006 16:00:00	0.562443895273
2/22/2006 16:00:00	0.58444946471
2/23/2006 16:00:00	0.578723049222
2/24/2006 16:00:00	0.582839644985
2/27/2006 16:00:00	0.602564167127
2/28/2006 16:00:00	0.575547799773
3/1/2006 16:00:00	0.600109326562
3/2/2006 16:00:00	0.598991655884
3/3/2006 16:00:00	0.588688893692
3/6/2006 16:00:00	0.573349304588
3/7/2006 16:00:00	0.563906510921
3/8/2006 16:00:00	0.564512150786
3/9/2006 16:00:00	0.547171317943
3/10/2006 16:00:00	0.55006156951
3/13/2006 16:00:00	0.555383385508
3/14/2006 16:00:00	0.582701200912
3/15/2006 16:00:00	0.596281221184
3/16/2006 16:00:00	0.57975086169
3/17/2006 16:00:00	0.58756285116
3/20/2006 16:00:00	0.590769755649
3/21/2006 16:00:00	0.573181599767
3/22/2006 16:00:00	0.576882161891
3/23/2006 16:00:00	0.570851787528
3/24/2006 16:00:00	0.57989981104
3/27/2006 16:00:00	0.580482427031
3/28/2006 16:00:00	0.57233852629
3/29/2006 16:00:00	0.603694733974
3/30/2006 16:00:00	0.608562580017
3/31/2006 16:00:00	0.602916613064
4/3/2006 16:00:00	0.605926842342
4/4/2006 16:00:00	0.616056036002
4/5/2006 16:00:00	0.63320184296
4/6/2006 16:00:00	0.63999034396
4/7/2006 16:00:00	0.621841485947
4/10/2006 16:00:00	0.61703725127
4/11/2006 16:00:00	0.60117813193
4/12/2006 16:00:00	0.601270701201
4/13/2006 16:00:00	0.608736304627
4/17/2006 16:00:00	0.589517527118
4/18/2006 16:00:00	0.622977848597
4/19/2006 16:00:00	0.630700916111
4/20/2006 16:00:00	0.624802301909
4/21/2006 16:00:00	0.602959837062
4/24/2006 16:00:00	0.59995172364
4/25/2006 16:00:00	0.594429296632
4/26/2006 16:00:00	0.594919917393
4/27/2006 16:00:00	0.610308753687
4/28/2006 16:00:00	0.592505999248
5/1/2006 16:00:00	0.577489142955
5/2/2006 16:00:00	0.580628473736
5/3/2006 16:00:00	0.57661516258
5/4/2006 16:00:00	0.591456164512
5/5/2006 16:00:00	0.60454000347
5/8/2006 16:00:00	0.605727883776
5/9/2006 16:00:00	0.601139392764
5/10/2006 16:00:00	0.583627511476
5/11/2006 16:00:00	0.544775830237
5/12/2006 16:00:00	0.523145930549
5/15/2006 16:00:00	0.521904252039
5/16/2006 16:00:00	0.511030145143
5/17/2006 16:00:00	0.487386431111
5/18/2006 16:00:00	0.476361190862
5/19/2006 16:00:00	0.488512110765
5/22/2006 16:00:00	0.47336291204
5/23/2006 16:00:00	0.459189562588
5/24/2006 16:00:00	0.468776837379
5/25/2006 16:00:00	0.485908745053
5/26/2006 16:00:00	0.491769823715
5/30/2006 16:00:00	0.459314128371
5/31/2006 16:00:00	0.466362077734
6/1/2006 16:00:00	0.498897965834
6/2/2006 16:00:00	0.495257550168
6/5/2006 16:00:00	0.462409315299
6/6/2006 16:00:00	0.460330282616
6/7/2006 16:00:00	0.451193792163
6/8/2006 16:00:00	0.447801748438
6/9/2006 16:00:00	0.438482009889
6/12/2006 16:00:00	0.412266108849
6/13/2006 16:00:00	0.409252157853
6/14/2006 16:00:00	0.419908532874
6/15/2006 16:00:00	0.454955314531
6/16/2006 16:00:00	0.446763508202
6/19/2006 16:00:00	0.434629254727
6/20/2006 16:00:00	0.433898792196
6/21/2006 16:00:00	0.454910997123
6/22/2006 16:00:00	0.438155437678
6/23/2006 16:00:00	0.435034814716
6/26/2006 16:00:00	0.439133370228
6/27/2006 16:00:00	0.414226110859
6/28/2006 16:00:00	0.423181308903
6/29/2006 16:00:00	0.462020377098
6/30/2006 16:00:00	0.452763094915
7/3/2006 16:00:00	0.462045054828
7/5/2006 16:00:00	0.433586750917
7/6/2006 16:00:00	0.431360604543
7/7/2006 16:00:00	0.416264353837
7/10/2006 16:00:00	0.405625054708
7/11/2006 16:00:00	0.41515092066
7/12/2006 16:00:00	0.389269513942
7/13/2006 16:00:00	0.370951494956
7/14/2006 16:00:00	0.358725872068
7/17/2006 16:00:00	0.363204162196
7/18/2006 16:00:00	0.365869511037
7/19/2006 16:00:00	0.379299153487
7/20/2006 16:00:00	0.361008429992
7/21/2006 16:00:00	0.349745868442
7/24/2006 16:00:00	0.371582278242
7/25/2006 16:00:00	0.376795759654
7/26/2006 16:00:00	0.375361391087
7/27/2006 16:00:00	0.36809719601
7/28/2006 16:00:00	0.391639786428
7/31/2006 16:00:00	0.390765668963
8/1/2006 16:00:00	0.371546587029
8/2/2006 16:00:00	0.383023814561
8/3/2006 16:00:00	0.390581365511
8/4/2006 16:00:00	0.385140109306
8/7/2006 16:00:00	0.377486067607
8/8/2006 16:00:00	0.370225019611
8/9/2006 16:00:00	0.370666892555
8/10/2006 16:00:00	0.378444386183
8/11/2006 16:00:00	0.371015603854
8/14/2006 16:00:00	0.376511187224
8/15/2006 16:00:00	0.406632007092
8/16/2006 16:00:00	0.434754853779
8/17/2006 16:00:00	0.437471191226
8/18/2006 16:00:00	0.439646160465
8/21/2006 16:00:00	0.426590403772
8/22/2006 16:00:00	0.428269617043
8/23/2006 16:00:00	0.417355101894
8/24/2006 16:00:00	0.421005003496
8/25/2006 16:00:00	0.422831694101
8/28/2006 16:00:00	0.432871927109
8/29/2006 16:00:00	0.435433096755
8/30/2006 16:00:00	0.442104386548
8/31/2006 16:00:00	0.440020386864
9/1/2006 16:00:00	0.447936422119
9/5/2006 16:00:00	0.459732935069
9/6/2006 16:00:00	0.432419369083
9/7/2006 16:00:00	0.42613012538
9/8/2006 16:00:00	0.433979876745
9/11/2006 16:00:00	0.44126145764
9/12/2006 16:00:00	0.467760800389
9/13/2006 16:00:00	0.474684258955
9/14/2006 16:00:00	0.476189716144
9/15/2006 16:00:00	0.482449880048
9/18/2006 16:00:00	0.481968494599
9/19/2006 16:00:00	0.471893275925
9/20/2006 16:00:00	0.492860507199
9/21/2006 16:00:00	0.48319613173
9/22/2006 16:00:00	0.471870075895
9/25/2006 16:00:00	0.49606379742
9/26/2006 16:00:00	0.503773704951
9/27/2006 16:00:00	0.500305408341
9/28/2006 16:00:00	0.505418335146
9/29/2006 16:00:00	0.498355385948
10/2/2006 16:00:00	0.478830798928
10/3/2006 16:00:00	0.485167576135
10/4/2006 16:00:00	0.521171151438
10/5/2006 16:00:00	0.52861995833
10/6/2006 16:00:00	0.524084392751
10/9/2006 16:00:00	0.529606423837
10/10/2006 16:00:00	0.531419423725
10/11/2006 16:00:00	0.529256835463
10/12/2006 16:00:00	0.554582360431
10/13/2006 16:00:00	0.562696784935
10/16/2006 16:00:00	0.562806735208
10/17/2006 16:00:00	0.544930159043
10/18/2006 16:00:00	0.536186098863
10/19/2006 16:00:00	0.541231688358
10/20/2006 16:00:00	0.544015265304
10/23/2006 16:00:00	0.559350140065
10/24/2006 16:00:00	0.547353152987
10/25/2006 16:00:00	0.559418652923
10/26/2006 16:00:00	0.57596030786
10/27/2006 16:00:00	0.549457590749
10/30/2006 16:00:00	0.558960901671
10/31/2006 16:00:00	0.563278400139
11/1/2006 16:00:00	0.538716399455
11/2/2006 16:00:00	0.540831499616
11/3/2006 16:00:00	0.534688561884
11/6/2006 16:00:00	0.561040126104
11/7/2006 16:00:00	0.569765717614
11/8/2006 16:00:00	0.577548775488
11/9/2006 16:00:00	0.567742931917
11/10/2006 16:00:00	0.578195998282
11/13/2006 16:00:00	0.594636000028
11/14/2006 16:00:00	0.613738817939
11/15/2006 16:00:00	0.620219000569
11/16/2006 16:00:00	0.628358645517
11/17/2006 16:00:00	0.626682592667
11/20/2006 16:00:00	0.629648924748
11/21/2006 16:00:00	0.63464102297
11/22/2006 16:00:00	0.645770943609
11/24/2006 16:00:00	0.640941951966
11/27/2006 16:00:00	0.597874799979
11/28/2006 16:00:00	0.602794643577
11/29/2006 16:00:00	0.615117731908
11/30/2006 16:00:00	0.613243577997
12/1/2006 16:00:00	0.59636549754
12/4/2006 16:00:00	0.621069641223
12/5/2006 16:00:00	0.62585157716
12/6/2006 16:00:00	0.619588187429
12/7/2006 16:00:00	0.596890166604
12/8/2006 16:00:00	0.605403996377
12/11/2006 16:00:00	0.610722362087
12/12/2006 16:00:00	0.600423743906
12/13/2006 16:00:00	0.601610261857
12/14/2006 16:00:00	0.621517077433
12/15/2006 16:00:00	0.628805655428
12/18/2006 16:00:00	0.610161822875
12/19/2006 16:00:00	0.603857891621
12/20/2006 16:00:00	0.59624901778
12/21/2006 16:00:00	0.584237136988
12/22/2006 16:00:00	0.566409127355
12/26/2006 16:00:00	0.570925230985
12/27/2006 16:00:00	0.580266248526
12/28/2006 16:00:00	0.575566052094
12/29/2006 16:00:00	0.573273195584
1/3/2007 16:00:00	0.575406022788
1/4/2007 16:00:00	0.608024085984
1/5/2007 16:00:00	0.599976535029
1/8/2007 16:00:00	0.601531503657
1/9/2007 16:00:00	0.6098022156
1/10/2007 16:00:00	0.6304017285
1/11/2007 16:00:00	0.649566836301
1/12/2007 16:00:00	0.659806167361
1/16/2007 16:00:00	0.656932582556
1/17/2007 16:00:00	0.640812368148
1/18/2007 16:00:00	0.604727642369
1/19/2007 16:00:00	0.607590496211
1/22/2007 16:00:00	0.589237349902
1/23/2007 16:00:00	0.583356492959
1/24/2007 16:00:00	0.611908346435
1/25/2007 16:00:00	0.586262659042
1/26/2007 16:00:00	0.581235180639
1/29/2007 16:00:00	0.583018295624
1/30/2007 16:00:00	0.585364692432
1/31/2007 16:00:00	0.599414135709
2/1/2007 16:00:00	0.598275820028
2/2/2007 16:00:00	0.604665647258
2/5/2007 16:00:00	0.601597899235
2/6/2007 16:00:00	0.598953436123
2/7/2007 16:00:00	0.616580703112
2/8/2007 16:00:00	0.615851739319
2/9/2007 16:00:00	0.590021236717
2/12/2007 16:00:00	0.582675743087
2/13/2007 16:00:00	0.587688647214
2/14/2007 16:00:00	0.618189833612
2/15/2007 16:00:00	0.626492560259
2/16/2007 16:00:00	0.624195094635
2/20/2007 16:00:00	0.636444873415
2/21/2007 16:00:00	0.64176618666
2/22/2007 16:00:00	0.648992428503
2/23/2007 16:00:00	0.64173794753
2/26/2007 16:00:00	0.63180794026
2/27/2007 16:00:00	0.554536405075
2/28/2007 16:00:00	0.559304695697
3/1/2007 16:00:00	0.551253728598
3/2/2007 16:00:00	0.525113033813
3/5/2007 16:00:00	0.51290277039
3/6/2007 16:00:00	0.539735571502
3/7/2007 16:00:00	0.532962634456
3/8/2007 16:00:00	0.542208508409
3/9/2007 16:00:00	0.540362165272
3/12/2007 16:00:00	0.550943014167
3/13/2007 16:00:00	0.518726767549
3/14/2007 16:00:00	0.537140625868
3/15/2007 16:00:00	0.538459682513
3/16/2007 16:00:00	0.536758683251
3/19/2007 16:00:00	0.5512775616
3/20/2007 16:00:00	0.559483997036
3/21/2007 16:00:00	0.596336855937
3/22/2007 16:00:00	0.589499882597
3/23/2007 16:00:00	0.583591895362
3/26/2007 16:00:00	0.591993419521
3/27/2007 16:00:00	0.578869565724
3/28/2007 16:00:00	0.55976486701
3/29/2007 16:00:00	0.56060200496
3/30/2007 16:00:00	0.560924943678
4/2/2007 16:00:00	0.561561490157
4/3/2007 16:00:00	0.583110900973
4/4/2007 16:00:00	0.588107579372
4/5/2007 16:00:00	0.598782193927
4/9/2007 16:00:00	0.593770804451
4/10/2007 16:00:00	0.602079995745
4/11/2007 16:00:00	0.583048050401
4/12/2007 16:00:00	0.59773723111
4/13/2007 16:00:00	0.600756417614
4/16/2007 16:00:00	0.617427077879
4/17/2007 16:00:00	0.618073562703
4/18/2007 16:00:00	0.61521921074
4/19/2007 16:00:00	0.614992198811
4/20/2007 16:00:00	0.628194734569
4/23/2007 16:00:00	0.632260167827
4/24/2007 16:00:00	0.640850993194
4/25/2007 16:00:00	0.663760828718
4/26/2007 16:00:00	0.672152028368
4/27/2007 16:00:00	0.673404938619
4/30/2007 16:00:00	0.64816383713
5/1/2007 16:00:00	0.653748643385
5/2/2007 16:00:00	0.670483736604
5/3/2007 16:00:00	0.676439997969
5/4/2007 16:00:00	0.676163609975
5/7/2007 16:00:00	0.676102141308
5/8/2007 16:00:00	0.679902338981
5/9/2007 16:00:00	0.685811489366
5/10/2007 16:00:00	0.652592584171
5/11/2007 16:00:00	0.67689344381
5/14/2007 16:00:00	0.665098356724
5/15/2007 16:00:00	0.647547232079
5/16/2007 16:00:00	0.667748495497
5/17/2007 16:00:00	0.660115792508
5/18/2007 16:00:00	0.672655117297
5/21/2007 16:00:00	0.687454512775
5/22/2007 16:00:00	0.692818420101
5/23/2007 16:00:00	0.679413554107
5/24/2007 16:00:00	0.647166922152
5/25/2007 16:00:00	0.662013490473
5/29/2007 16:00:00	0.672758547085
5/30/2007 16:00:00	0.691848752729
5/31/2007 16:00:00	0.702440095505
6/1/2007 16:00:00	0.702161578548
6/4/2007 16:00:00	0.707785323173
6/5/2007 16:00:00	0.705914413987
6/6/2007 16:00:00	0.686383551111
6/7/2007 16:00:00	0.650895825301
6/8/2007 16:00:00	0.675560360202
6/11/2007 16:00:00	0.670648678483
6/12/2007 16:00:00	0.658368009029
6/13/2007 16:00:00	0.682271670886
6/14/2007 16:00:00	0.69333904535
6/15/2007 16:00:00	0.713943913412
6/18/2007 16:00:00	0.715745568274
6/19/2007 16:00:00	0.712492930481
6/20/2007 16:00:00	0.69052787459
6/21/2007 16:00:00	0.710871869786
6/22/2007 16:00:00	0.689223793797
6/25/2007 16:00:00	0.67915137766
6/26/2007 16:00:00	0.674271022058
6/27/2007 16:00:00	0.699812159775
6/28/2007 16:00:00	0.6979506833
6/29/2007 16:00:00	0.700231583491
7/2/2007 16:00:00	0.721621359667
7/3/2007 16:00:00	0.733529420259
7/5/2007 16:00:00	0.750921430563
7/6/2007 16:00:00	0.758787533528
7/9/2007 16:00:00	0.759426116155
7/10/2007 16:00:00	0.739221059208
7/11/2007 16:00:00	0.752557549713
7/12/2007 16:00:00	0.794226137826
7/13/2007 16:00:00	0.806946502366
7/16/2007 16:00:00	0.801608480927
7/17/2007 16:00:00	0.817517626999
7/18/2007 16:00:00	0.8125397984
7/19/2007 16:00:00	0.830083844201
7/20/2007 16:00:00	0.808912362884
7/23/2007 16:00:00	0.809041807329
7/24/2007 16:00:00	0.765987956121
7/25/2007 16:00:00	0.777766469979
7/26/2007 16:00:00	0.748900218197
7/27/2007 16:00:00	0.714129694309
7/30/2007 16:00:00	0.733198432827
7/31/2007 16:00:00	0.686171312215
8/1/2007 16:00:00	0.699696136
8/2/2007 16:00:00	0.722564305366
8/3/2007 16:00:00	0.669249706076
8/6/2007 16:00:00	0.706388471582
8/7/2007 16:00:00	0.71391498125
8/8/2007 16:00:00	0.741615730667
8/9/2007 16:00:00	0.68461578253
8/10/2007 16:00:00	0.671940309542
8/13/2007 16:00:00	0.681338265835
8/14/2007 16:00:00	0.646055475382
8/15/2007 16:00:00	0.608661145467
8/16/2007 16:00:00	0.589944271829
8/17/2007 16:00:00	0.6305868415
8/20/2007 16:00:00	0.634563240759
8/21/2007 16:00:00	0.652296866423
8/22/2007 16:00:00	0.678385658468
8/23/2007 16:00:00	0.672932304665
8/24/2007 16:00:00	0.703439805417
8/27/2007 16:00:00	0.688149546287
8/28/2007 16:00:00	0.636654214508
8/29/2007 16:00:00	0.692255021068
8/30/2007 16:00:00	0.70137542715
8/31/2007 16:00:00	0.727802315038
9/4/2007 16:00:00	0.762344144238
9/5/2007 16:00:00	0.732384957281
9/6/2007 16:00:00	0.736747277581
9/7/2007 16:00:00	0.691803450654
9/10/2007 16:00:00	0.693437541028
9/11/2007 16:00:00	0.723642666611
9/12/2007 16:00:00	0.723267065358
9/13/2007 16:00:00	0.733456290583
9/14/2007 16:00:00	0.735506991154
9/17/2007 16:00:00	0.715573204768
9/18/2007 16:00:00	0.771814545333
9/19/2007 16:00:00	0.778260188312
9/20/2007 16:00:00	0.767891306112
9/21/2007 16:00:00	0.787863199092
9/24/2007 16:00:00	0.796458910032
9/25/2007 16:00:00	0.818830737084
9/26/2007 16:00:00	0.832108364708
9/27/2007 16:00:00	0.841288037822
9/28/2007 16:00:00	0.834530504493
10/1/2007 16:00:00	0.865115542432
10/2/2007 16:00:00	0.863376994064
10/3/2007 16:00:00	0.847211026254
10/4/2007 16:00:00	0.849902900799
10/5/2007 16:00:00	0.902922749695
10/8/2007 16:00:00	0.919628969071
10/9/2007 16:00:00	0.929340377619
10/10/2007 16:00:00	0.936306485538
10/11/2007 16:00:00	0.889361887029
10/12/2007 16:00:00	0.935148192639
10/15/2007 16:00:00	0.910150487371
10/16/2007 16:00:00	0.899884595317
10/17/2007 16:00:00	0.934612616544
10/18/2007 16:00:00	0.944966083167
10/19/2007 16:00:00	0.871389338268
10/22/2007 16:00:00	0.903331289007
10/23/2007 16:00:00	0.962869046483
10/24/2007 16:00:00	0.940699078121
10/25/2007 16:00:00	0.905357718496
10/26/2007 16:00:00	0.946483627819
10/29/2007 16:00:00	0.957466279784
10/30/2007 16:00:00	0.962477400514
10/31/2007 16:00:00	1.00305983558
11/1/2007 16:00:00	0.946279987361
11/2/2007 16:00:00	0.967548210328
11/5/2007 16:00:00	0.949592714759
11/6/2007 16:00:00	0.97959780571
11/7/2007 16:00:00	0.907114171799
11/8/2007 16:00:00	0.827354265743
11/9/2007 16:00:00	0.74229695663
11/12/2007 16:00:00	0.684891680074
11/13/2007 16:00:00	0.771578082058
11/14/2007 16:00:00	0.739825842467
11/15/2007 16:00:00	0.724223351631
11/16/2007 16:00:00	0.750295688305
11/19/2007 16:00:00	0.719770188532
11/20/2007 16:00:00	0.728850386088
11/21/2007 16:00:00	0.703148300153
11/23/2007 16:00:00	0.726514332048
11/26/2007 16:00:00	0.683712649565
11/27/2007 16:00:00	0.729181626291
11/28/2007 16:00:00	0.795154210658
11/29/2007 16:00:00	0.802803583342
11/30/2007 16:00:00	0.787184960367
12/3/2007 16:00:00	0.762352292289
12/4/2007 16:00:00	0.752731810371
12/5/2007 16:00:00	0.796540543152
12/6/2007 16:00:00	0.828458041432
12/7/2007 16:00:00	0.830835575304
12/10/2007 16:00:00	0.836184308368
12/11/2007 16:00:00	0.775702039093
12/12/2007 16:00:00	0.795070997
12/13/2007 16:00:00	0.787149064811
12/14/2007 16:00:00	0.761368962606
12/17/2007 16:00:00	0.704486846375
12/18/2007 16:00:00	0.713272781703
12/19/2007 16:00:00	0.714568050271
12/20/2007 16:00:00	0.755107356936
12/21/2007 16:00:00	0.803257521183
12/24/2007 16:00:00	0.822143229858
12/26/2007 16:00:00	0.831451560966
12/27/2007 16:00:00	0.795088770253
12/28/2007 16:00:00	0.795844937502
12/31/2007 16:00:00	0.770458934164
1/2/2008 16:00:00	0.731159603996
1/3/2008 16:00:00	0.733051781333
1/4/2008 16:00:00	0.638162086392
1/7/2008 16:00:00	0.631965845637
1/8/2008 16:00:00	0.586069189018
1/9/2008 16:00:00	0.621595001133
1/10/2008 16:00:00	0.625578433518
1/11/2008 16:00:00	0.586089978065
1/14/2008 16:00:00	0.619246550674
1/15/2008 16:00:00	0.566506287484
1/16/2008 16:00:00	0.546706570457
1/17/2008 16:00:00	0.520029278899
1/18/2008 16:00:00	0.521495542917
1/22/2008 16:00:00	0.480148196549
1/23/2008 16:00:00	0.475089004415
1/24/2008 16:00:00	0.50469815224
1/25/2008 16:00:00	0.473229312959
1/28/2008 16:00:00	0.48567718457
1/29/2008 16:00:00	0.487591258318
1/30/2008 16:00:00	0.488094329002
1/31/2008 16:00:00	0.514571511454
2/1/2008 16:00:00	0.526007091866
2/4/2008 16:00:00	0.503316361259
2/5/2008 16:00:00	0.457493326528
2/6/2008 16:00:00	0.43217355596
2/7/2008 16:00:00	0.441233033044
2/8/2008 16:00:00	0.456520190105
2/11/2008 16:00:00	0.471310485115
2/12/2008 16:00:00	0.461265719184
2/13/2008 16:00:00	0.494119135922
2/14/2008 16:00:00	0.465163939128
2/15/2008 16:00:00	0.45938308597
2/19/2008 16:00:00	0.447183267665
2/20/2008 16:00:00	0.464250136037
2/21/2008 16:00:00	0.447619673432
2/22/2008 16:00:00	0.452901632323
2/25/2008 16:00:00	0.46196587738
2/26/2008 16:00:00	0.466356181331
2/27/2008 16:00:00	0.472950320224
2/28/2008 16:00:00	0.468480193626
2/29/2008 16:00:00	0.429799693998
3/3/2008 16:00:00	0.420794273993
3/4/2008 16:00:00	0.428250440168
3/5/2008 16:00:00	0.435387061783
3/6/2008 16:00:00	0.404657450435
3/7/2008 16:00:00	0.400981873645
3/10/2008 16:00:00	0.376568580607
3/11/2008 16:00:00	0.422309044123
3/12/2008 16:00:00	0.417975345073
3/13/2008 16:00:00	0.428838829128
3/14/2008 16:00:00	0.401822276651
3/17/2008 16:00:00	0.38295416838
3/18/2008 16:00:00	0.433132064658
3/19/2008 16:00:00	0.399478516862
3/20/2008 16:00:00	0.425761363331
3/24/2008 16:00:00	0.471150254563
3/25/2008 16:00:00	0.478930348821
3/26/2008 16:00:00	0.473079622095
3/27/2008 16:00:00	0.442189926648
3/28/2008 16:00:00	0.434371786354
3/31/2008 16:00:00	0.444849407493
4/1/2008 16:00:00	0.499806096214
4/2/2008 16:00:00	0.494269774075
4/3/2008 16:00:00	0.499267045099
4/4/2008 16:00:00	0.507759932404
4/7/2008 16:00:00	0.503509508993
4/8/2008 16:00:00	0.491452062198
4/9/2008 16:00:00	0.475390401608
4/10/2008 16:00:00	0.496180314244
4/11/2008 16:00:00	0.452466194367
4/14/2008 16:00:00	0.446463262162
4/15/2008 16:00:00	0.449184305857
4/16/2008 16:00:00	0.488226081282
4/17/2008 16:00:00	0.483326803076
4/18/2008 16:00:00	0.52998105157
4/21/2008 16:00:00	0.540580347344
4/22/2008 16:00:00	0.513758900165
4/23/2008 16:00:00	0.534119702196
4/24/2008 16:00:00	0.549041008842
4/25/2008 16:00:00	0.54376045072
4/28/2008 16:00:00	0.547593977553
4/29/2008 16:00:00	0.556278920577
4/30/2008 16:00:00	0.542409912762
5/1/2008 16:00:00	0.595498389093
5/2/2008 16:00:00	0.596634495378
5/5/2008 16:00:00	0.591030266564
5/6/2008 16:00:00	0.604164159811
5/7/2008 16:00:00	0.568338182963
5/8/2008 16:00:00	0.581687563464
5/9/2008 16:00:00	0.575716056942
5/12/2008 16:00:00	0.607938490006
5/13/2008 16:00:00	0.611073354136
5/14/2008 16:00:00	0.607894179123
5/15/2008 16:00:00	0.638825103308
5/16/2008 16:00:00	0.638600584409
5/19/2008 16:00:00	0.62461195871
5/20/2008 16:00:00	0.609659425924
5/21/2008 16:00:00	0.569405614302
5/22/2008 16:00:00	0.576353291621
5/23/2008 16:00:00	0.570964643381
5/27/2008 16:00:00	0.602722760538
5/28/2008 16:00:00	0.606759016124
5/29/2008 16:00:00	0.623853436797
5/30/2008 16:00:00	0.63626003661
6/2/2008 16:00:00	0.611942191537
6/3/2008 16:00:00	0.602595418921
6/4/2008 16:00:00	0.624776005998
6/5/2008 16:00:00	0.65583410417
6/6/2008 16:00:00	0.593712592224
6/9/2008 16:00:00	0.584009669484
6/10/2008 16:00:00	0.577520111263
6/11/2008 16:00:00	0.535035680371
6/12/2008 16:00:00	0.534848112111
6/13/2008 16:00:00	0.569529491314
6/16/2008 16:00:00	0.58568433756
6/17/2008 16:00:00	0.574967466133
6/18/2008 16:00:00	0.555841393609
6/19/2008 16:00:00	0.582711350961
6/20/2008 16:00:00	0.535881109874
6/23/2008 16:00:00	0.523179206693
6/24/2008 16:00:00	0.515200913579
6/25/2008 16:00:00	0.539531012247
6/26/2008 16:00:00	0.473722709155
6/27/2008 16:00:00	0.473857390005
6/30/2008 16:00:00	0.459469012199
7/1/2008 16:00:00	0.478563208706
7/2/2008 16:00:00	0.44255608709
7/3/2008 16:00:00	0.442594625535
7/7/2008 16:00:00	0.450223136019
7/8/2008 16:00:00	0.482902038402
7/9/2008 16:00:00	0.442449947917
7/10/2008 16:00:00	0.457219072677
7/11/2008 16:00:00	0.435714052972
7/14/2008 16:00:00	0.426332794646
7/15/2008 16:00:00	0.426453867209
7/16/2008 16:00:00	0.458727361666
7/17/2008 16:00:00	0.465780523965
7/18/2008 16:00:00	0.442868014636
7/21/2008 16:00:00	0.440232143891
7/22/2008 16:00:00	0.441474771077
7/23/2008 16:00:00	0.458773050222
7/24/2008 16:00:00	0.437345397328
7/25/2008 16:00:00	0.458588672215
7/28/2008 16:00:00	0.426017567153
7/29/2008 16:00:00	0.456082163403
7/30/2008 16:00:00	0.461343251953
7/31/2008 16:00:00	0.458502206835
8/1/2008 16:00:00	0.441582749447
8/4/2008 16:00:00	0.425720627532
8/5/2008 16:00:00	0.471556356774
8/6/2008 16:00:00	0.490697308139
8/7/2008 16:00:00	0.478832059907
8/8/2008 16:00:00	0.513970601127
8/11/2008 16:00:00	0.525850977943
8/12/2008 16:00:00	0.525592268791
8/13/2008 16:00:00	0.526236724014
8/14/2008 16:00:00	0.54428537446
8/15/2008 16:00:00	0.538479339652
8/18/2008 16:00:00	0.517828819735
8/19/2008 16:00:00	0.498398343729
8/20/2008 16:00:00	0.501678505746
8/21/2008 16:00:00	0.496616005056
8/22/2008 16:00:00	0.515815943753
8/25/2008 16:00:00	0.482240112064
8/26/2008 16:00:00	0.479517980731
8/27/2008 16:00:00	0.490066993355
8/28/2008 16:00:00	0.501413173598
8/29/2008 16:00:00	0.467845362436
9/2/2008 16:00:00	0.450943422181
9/3/2008 16:00:00	0.438367286768
9/4/2008 16:00:00	0.396426967361
9/5/2008 16:00:00	0.391940947796
9/8/2008 16:00:00	0.388334375069
9/9/2008 16:00:00	0.360883215049
9/10/2008 16:00:00	0.371185430484
9/11/2008 16:00:00	0.393886254925
9/12/2008 16:00:00	0.389445759937
9/15/2008 16:00:00	0.348573978878
9/16/2008 16:00:00	0.359887598915
9/17/2008 16:00:00	0.302419110478
9/18/2008 16:00:00	0.338433904226
9/19/2008 16:00:00	0.36754591602
9/22/2008 16:00:00	0.317477915223
9/23/2008 16:00:00	0.307384279679
9/24/2008 16:00:00	0.314555463661
9/25/2008 16:00:00	0.329392485085
9/26/2008 16:00:00	0.320249352794
9/29/2008 16:00:00	0.219128633591
9/30/2008 16:00:00	0.262352850823
10/1/2008 16:00:00	0.247071469448
10/2/2008 16:00:00	0.212573694237
10/3/2008 16:00:00	0.203875085301
10/6/2008 16:00:00	0.179072405756
10/7/2008 16:00:00	0.148081304289
10/8/2008 16:00:00	0.148243984417
10/9/2008 16:00:00	0.129651717357
10/10/2008 16:00:00	0.128009353871
10/13/2008 16:00:00	0.176300596434
10/14/2008 16:00:00	0.152244071932
10/15/2008 16:00:00	0.111932888449
10/16/2008 16:00:00	0.130465803121
10/17/2008 16:00:00	0.130073336287
10/20/2008 16:00:00	0.142264830703
10/21/2008 16:00:00	0.120371149086
10/22/2008 16:00:00	0.107315713196
10/23/2008 16:00:00	0.107838436924
10/24/2008 16:00:00	0.0981898908941
10/27/2008 16:00:00	0.0902136487055
10/28/2008 16:00:00	0.119764719911
10/29/2008 16:00:00	0.12100786845
10/30/2008 16:00:00	0.129865222486
10/31/2008 16:00:00	0.130096339547
11/3/2008 16:00:00	0.130073876815
11/4/2008 16:00:00	0.142821615692
11/5/2008 16:00:00	0.11843042096
11/6/2008 16:00:00	0.102563603143
11/7/2008 16:00:00	0.109898451578
11/10/2008 16:00:00	0.104540454599
11/11/2008 16:00:00	0.0981587952364
11/12/2008 16:00:00	0.0836811730593
11/13/2008 16:00:00	0.0999464534712
11/14/2008 16:00:00	0.0851234224004
11/17/2008 16:00:00	0.0791236594657
11/18/2008 16:00:00	0.0798954119252
11/19/2008 16:00:00	0.0657527518102
11/20/2008 16:00:00	0.0564789150641
11/21/2008 16:00:00	0.0644915083689
11/24/2008 16:00:00	0.0767395731009
11/25/2008 16:00:00	0.0743837170998
11/26/2008 16:00:00	0.0842387025029
11/28/2008 16:00:00	0.0826730400705
12/1/2008 16:00:00	0.062877541362
12/2/2008 16:00:00	0.0695838384826
12/3/2008 16:00:00	0.0762626931646
12/4/2008 16:00:00	0.068710722845
12/5/2008 16:00:00	0.0778646669943
12/8/2008 16:00:00	0.0872159146147
12/9/2008 16:00:00	0.0845142221976
12/10/2008 16:00:00	0.0865825614902
12/11/2008 16:00:00	0.0776665839187
12/12/2008 16:00:00	0.0828283623889
12/15/2008 16:00:00	0.0777173139914
12/16/2008 16:00:00	0.089865531988
12/17/2008 16:00:00	0.0860341994583
12/18/2008 16:00:00	0.0815685989861
12/19/2008 16:00:00	0.0844589274048
12/22/2008 16:00:00	0.078613961318
12/23/2008 16:00:00	0.0774244517134
12/24/2008 16:00:00	0.0776350277338
12/26/2008 16:00:00	0.077851765009
12/29/2008 16:00:00	0.075423080552
12/30/2008 16:00:00	0.0808530695149
12/31/2008 16:00:00	0.0829271599013
1/2/2009 16:00:00	0.0936062049612
1/5/2009 16:00:00	0.0933352431719
1/6/2009 16:00:00	0.0959811330822
1/7/2009 16:00:00	0.0878635742181
1/8/2009 16:00:00	0.0908175657503
1/9/2009 16:00:00	0.0843898601962
1/12/2009 16:00:00	0.0798527535827
1/13/2009 16:00:00	0.0801482865965
1/14/2009 16:00:00	0.0722974904347
1/15/2009 16:00:00	0.0760375266951
1/16/2009 16:00:00	0.0788477902021
1/20/2009 16:00:00	0.0666922075993
1/21/2009 16:00:00	0.0753372338884
1/22/2009 16:00:00	0.071959396439
1/23/2009 16:00:00	0.0733954518556
1/26/2009 16:00:00	0.0750113782121
1/27/2009 16:00:00	0.0768750722273
1/28/2009 16:00:00	0.0848804942145
1/29/2009 16:00:00	0.0782663865869
1/30/2009 16:00:00	0.0736552055587
2/2/2009 16:00:00	0.0765493589579
2/3/2009 16:00:00	0.080365132531
2/4/2009 16:00:00	0.0803109513231
2/5/2009 16:00:00	0.086185868906
2/6/2009 16:00:00	0.0929008490799
2/9/2009 16:00:00	0.0937986426112
2/10/2009 16:00:00	0.0822929406632
2/11/2009 16:00:00	0.0818343593329
2/12/2009 16:00:00	0.0849790256122
2/13/2009 16:00:00	0.0837475697759
2/17/2009 16:00:00	0.0736208715563
2/18/2009 16:00:00	0.073934918652
2/19/2009 16:00:00	0.0700313259054
2/20/2009 16:00:00	0.0708911913862
2/23/2009 16:00:00	0.0629515639678
2/24/2009 16:00:00	0.0700512110799
2/25/2009 16:00:00	0.0681388517005
2/26/2009 16:00:00	0.0621921297748
2/27/2009 16:00:00	0.0605120664105
3/2/2009 16:00:00	0.0539529110119
3/3/2009 16:00:00	0.0545485990545
3/4/2009 16:00:00	0.0590299617226
3/5/2009 16:00:00	0.0533170552913
3/6/2009 16:00:00	0.0518497429494
3/9/2009 16:00:00	0.0488012017184
3/10/2009 16:00:00	0.0584132919349
3/11/2009 16:00:00	0.0605354559417
3/12/2009 16:00:00	0.0667809427051
3/13/2009 16:00:00	0.0674296455069
3/16/2009 16:00:00	0.0634291927942
3/17/2009 16:00:00	0.0711840355978
3/18/2009 16:00:00	0.0738261438935
3/19/2009 16:00:00	0.0733139988675
3/20/2009 16:00:00	0.0705547814111
3/23/2009 16:00:00	0.0834969824821
3/24/2009 16:00:00	0.0784243533031
3/25/2009 16:00:00	0.0788587867994
3/26/2009 16:00:00	0.0873906550904
3/27/2009 16:00:00	0.0812783200256
3/30/2009 16:00:00	0.0752965887213
3/31/2009 16:00:00	0.0782866898606
4/1/2009 16:00:00	0.0812217597766
4/2/2009 16:00:00	0.0893435837761
4/3/2009 16:00:00	0.0938616160574
4/6/2009 16:00:00	0.0931978590167
4/7/2009 16:00:00	0.0851656601572
4/8/2009 16:00:00	0.0902315912983
4/9/2009 16:00:00	0.0984492798769
4/13/2009 16:00:00	0.0976441040412
4/14/2009 16:00:00	0.0944876836699
4/15/2009 16:00:00	0.0932349121219
4/16/2009 16:00:00	0.100974062274
4/17/2009 16:00:00	0.101174691384
4/20/2009 16:00:00	0.0911774645224
4/21/2009 16:00:00	0.0952819712024
4/22/2009 16:00:00	0.096704951599
4/23/2009 16:00:00	0.0985828314091
4/24/2009 16:00:00	0.104923959879
4/27/2009 16:00:00	0.104147846289
4/28/2009 16:00:00	0.102308484752
4/29/2009 16:00:00	0.106909078206
4/30/2009 16:00:00	0.10967101962
5/1/2009 16:00:00	0.110200166112
5/4/2009 16:00:00	0.117607081182
5/5/2009 16:00:00	0.116569685159
5/6/2009 16:00:00	0.116567525961
5/7/2009 16:00:00	0.108200335393
5/8/2009 16:00:00	0.109200563344
5/11/2009 16:00:00	0.109572930496
5/12/2009 16:00:00	0.105230868806
5/13/2009 16:00:00	0.0966096037527
5/14/2009 16:00:00	0.100891795532
5/15/2009 16:00:00	0.0998666215426
5/18/2009 16:00:00	0.108173990983
5/19/2009 16:00:00	0.109402831776
5/20/2009 16:00:00	0.108375741522
5/21/2009 16:00:00	0.102222725578
5/22/2009 16:00:00	0.101266160928
5/26/2009 16:00:00	0.112274266203
5/27/2009 16:00:00	0.109704545553
5/28/2009 16:00:00	0.114020416264
5/29/2009 16:00:00	0.117683916466
6/1/2009 16:00:00	0.127890437028
6/2/2009 16:00:00	0.128706024068
6/3/2009 16:00:00	0.127422506902
6/4/2009 16:00:00	0.131891489532
6/5/2009 16:00:00	0.132002631437
6/8/2009 16:00:00	0.130737297913
6/9/2009 16:00:00	0.13416498909
6/10/2009 16:00:00	0.132467975523
6/11/2009 16:00:00	0.132917067794
6/12/2009 16:00:00	0.131028588213
6/15/2009 16:00:00	0.122306821352
6/16/2009 16:00:00	0.118841494648
6/17/2009 16:00:00	0.121951443034
6/18/2009 16:00:00	0.12141347565
6/19/2009 16:00:00	0.126220860522
6/22/2009 16:00:00	0.114723153254
6/23/2009 16:00:00	0.114192437159
6/24/2009 16:00:00	0.119615573186
6/25/2009 16:00:00	0.126735233327
6/26/2009 16:00:00	0.12785076683
6/29/2009 16:00:00	0.128778307968
6/30/2009 16:00:00	0.127052306275
7/1/2009 16:00:00	0.128094415885
7/2/2009 16:00:00	0.118986173686
7/6/2009 16:00:00	0.117673743263
7/7/2009 16:00:00	0.108786055395
7/8/2009 16:00:00	0.110343274224
7/9/2009 16:00:00	0.111141351937
7/10/2009 16:00:00	0.112275685434
7/13/2009 16:00:00	0.118873823511
7/14/2009 16:00:00	0.120128356938
7/15/2009 16:00:00	0.132058367277
7/16/2009 16:00:00	0.136767262317
7/17/2009 16:00:00	0.139020460534
7/20/2009 16:00:00	0.143577813491
7/21/2009 16:00:00	0.146077333986
7/22/2009 16:00:00	0.14944657501
7/23/2009 16:00:00	0.159894042183
7/24/2009 16:00:00	0.159141589523
7/27/2009 16:00:00	0.159200487154
7/28/2009 16:00:00	0.16102422437
7/29/2009 16:00:00	0.15924531663
7/30/2009 16:00:00	0.16229344435
7/31/2009 16:00:00	0.160308180845
8/3/2009 16:00:00	0.167718787754
8/4/2009 16:00:00	0.167816226547
8/5/2009 16:00:00	0.163455991752
8/6/2009 16:00:00	0.159141933778
8/7/2009 16:00:00	0.164854065708
8/10/2009 16:00:00	0.162070715615
8/11/2009 16:00:00	0.15730228822
8/12/2009 16:00:00	0.164655150328
8/13/2009 16:00:00	0.167402135618
8/14/2009 16:00:00	0.162122012669
8/17/2009 16:00:00	0.148015312769
8/18/2009 16:00:00	0.154132583511
8/19/2009 16:00:00	0.157063864763
8/20/2009 16:00:00	0.162245181813
8/21/2009 16:00:00	0.169332979052
8/24/2009 16:00:00	0.168385682021
8/25/2009 16:00:00	0.169950996278
8/26/2009 16:00:00	0.16903276108
8/27/2009 16:00:00	0.170245873666
8/28/2009 16:00:00	0.170935742814
8/31/2009 16:00:00	0.165286063535
9/1/2009 16:00:00	0.15631506512
9/2/2009 16:00:00	0.155841270836
9/3/2009 16:00:00	0.159256828163
9/4/2009 16:00:00	0.168787641486
9/8/2009 16:00:00	0.173945899479
9/9/2009 16:00:00	0.17847604639
9/10/2009 16:00:00	0.183889113328
9/11/2009 16:00:00	0.183641678214
9/14/2009 16:00:00	0.18633680367
9/15/2009 16:00:00	0.188222752731
9/16/2009 16:00:00	0.196244054343
9/17/2009 16:00:00	0.195322802458
9/18/2009 16:00:00	0.197284789318
9/21/2009 16:00:00	0.199440243903
9/22/2009 16:00:00	0.200287937884
9/23/2009 16:00:00	0.196865393966
9/24/2009 16:00:00	0.191876301302
9/25/2009 16:00:00	0.186601698781
9/28/2009 16:00:00	0.196642170438
9/29/2009 16:00:00	0.194256143661
9/30/2009 16:00:00	0.194685455345
10/1/2009 16:00:00	0.17680240122
10/2/2009 16:00:00	0.175538179803
10/5/2009 16:00:00	0.179686521359
10/6/2009 16:00:00	0.189194889685
10/7/2009 16:00:00	0.190907568578
10/8/2009 16:00:00	0.193346734129
10/9/2009 16:00:00	0.19669475285
10/12/2009 16:00:00	0.197314421025
10/13/2009 16:00:00	0.197514386465
10/14/2009 16:00:00	0.205711041233
10/15/2009 16:00:00	0.205374593336
10/16/2009 16:00:00	0.200421039031
10/19/2009 16:00:00	0.206403021227
10/20/2009 16:00:00	0.206210377814
10/21/2009 16:00:00	0.205264214914
10/22/2009 16:00:00	0.20861232916
10/23/2009 16:00:00	0.205213319575
10/26/2009 16:00:00	0.202778321984
10/27/2009 16:00:00	0.19429966345
10/28/2009 16:00:00	0.180609668767
10/29/2009 16:00:00	0.190001382289
10/30/2009 16:00:00	0.175281232919
11/2/2009 16:00:00	0.17708708562
11/3/2009 16:00:00	0.179067885315
11/4/2009 16:00:00	0.17952091365
11/5/2009 16:00:00	0.192455947296
11/6/2009 16:00:00	0.195681287731
11/9/2009 16:00:00	0.208429139853
11/10/2009 16:00:00	0.210095761763
11/11/2009 16:00:00	0.213551692953
11/12/2009 16:00:00	0.210006141434
11/13/2009 16:00:00	0.215482965294
11/16/2009 16:00:00	0.222311205602
11/17/2009 16:00:00	0.224005253276
11/18/2009 16:00:00	0.220101328274
11/19/2009 16:00:00	0.209617342007
11/20/2009 16:00:00	0.206476831404
11/23/2009 16:00:00	0.216479998735
11/24/2009 16:00:00	0.214035992056
11/25/2009 16:00:00	0.216682832997
11/27/2009 16:00:00	0.206438268417
11/30/2009 16:00:00	0.207109775361
12/1/2009 16:00:00	0.214219081957
12/2/2009 16:00:00	0.215316180775
12/3/2009 16:00:00	0.2124419976
12/4/2009 16:00:00	0.21563880568
12/7/2009 16:00:00	0.212636302948
12/8/2009 16:00:00	0.208710358109
12/9/2009 16:00:00	0.214683981934
12/10/2009 16:00:00	0.218143294428
12/11/2009 16:00:00	0.215463557989
12/14/2009 16:00:00	0.221585671528
12/15/2009 16:00:00	0.217566492412
12/16/2009 16:00:00	0.218492814463
12/17/2009 16:00:00	0.210263450708
12/18/2009 16:00:00	0.221631768438
12/21/2009 16:00:00	0.229494249869
12/22/2009 16:00:00	0.233507848362
12/23/2009 16:00:00	0.238238288128
12/24/2009 16:00:00	0.245103962046
12/28/2009 16:00:00	0.248360289163
12/29/2009 16:00:00	0.245892974399
12/30/2009 16:00:00	0.248481933243
12/31/2009 16:00:00	0.241180825347
1/4/2010 16:00:00	0.251423112252
1/5/2010 16:00:00	0.252090632107
1/6/2010 16:00:00	0.248057606866
1/7/2010 16:00:00	0.247360363608
1/8/2010 16:00:00	0.2536121449
1/11/2010 16:00:00	0.251035435274
1/12/2010 16:00:00	0.241249376835
1/13/2010 16:00:00	0.250688223195
1/14/2010 16:00:00	0.250819757148
1/15/2010 16:00:00	0.24202120728
1/19/2010 16:00:00	0.254053865032
1/20/2010 16:00:00	0.242959470538
1/21/2010 16:00:00	0.23615426265
1/22/2010 16:00:00	0.214788918841
1/25/2010 16:00:00	0.217485907221
1/26/2010 16:00:00	0.217997172245
1/27/2010 16:00:00	0.223429127497
1/28/2010 16:00:00	0.205792624344
1/29/2010 16:00:00	0.195294631988
2/1/2010 16:00:00	0.20189844527
2/2/2010 16:00:00	0.207451457624
2/3/2010 16:00:00	0.210155945146
2/4/2010 16:00:00	0.191868738127
2/5/2010 16:00:00	0.196211071895
2/8/2010 16:00:00	0.192402904754
2/9/2010 16:00:00	0.198692456227
2/10/2010 16:00:00	0.19728649238
2/11/2010 16:00:00	0.205185204744
2/12/2010 16:00:00	0.206024780869
2/16/2010 16:00:00	0.214005425572
2/17/2010 16:00:00	0.217637121677
2/18/2010 16:00:00	0.221763089299
2/19/2010 16:00:00	0.221763089299
2/22/2010 16:00:00	0.220206230879
2/23/2010 16:00:00	0.211608976126
2/24/2010 16:00:00	0.218008041382
2/25/2010 16:00:00	0.217883765697
2/26/2010 16:00:00	0.220601901412
3/1/2010 16:00:00	0.23006439209
3/2/2010 16:00:00	0.23144762218
3/3/2010 16:00:00	0.232733145356
3/4/2010 16:00:00	0.235302269459
3/5/2010 16:00:00	0.245703026652
3/8/2010 16:00:00	0.247013270855
3/9/2010 16:00:00	0.251385897398
3/10/2010 16:00:00	0.257537484169
3/11/2010 16:00:00	0.259909212589
3/12/2010 16:00:00	0.260502099991
3/15/2010 16:00:00	0.258747935295
3/16/2010 16:00:00	0.263640493155
3/17/2010 16:00:00	0.265468657017
3/18/2010 16:00:00	0.268161177635
3/19/2010 16:00:00	0.263417482376
3/22/2010 16:00:00	0.270532935858
3/23/2010 16:00:00	0.276191115379
3/24/2010 16:00:00	0.272262454033
3/25/2010 16:00:00	0.270557612181
3/26/2010 16:00:00	0.271966516972
3/29/2010 16:00:00	0.27569681406
3/30/2010 16:00:00	0.278587609529
3/31/2010 16:00:00	0.274832516909
4/1/2010 16:00:00	0.274288982153
4/5/2010 16:00:00	0.282219231129
4/6/2010 16:00:00	0.284369081259
4/7/2010 16:00:00	0.282762855291
4/8/2010 16:00:00	0.283776134253
4/9/2010 16:00:00	0.288889706135
4/12/2010 16:00:00	0.290050894022
4/13/2010 16:00:00	0.294424533844
4/14/2010 16:00:00	0.304800778627
4/15/2010 16:00:00	0.308877259493
4/16/2010 16:00:00	0.297882676125
4/19/2010 16:00:00	0.297413975
4/20/2010 16:00:00	0.301811248064
4/21/2010 16:00:00	0.307123154402
4/22/2010 16:00:00	0.311669409275
4/23/2010 16:00:00	0.315795481205
4/26/2010 16:00:00	0.313448220491
4/27/2010 16:00:00	0.294102936983
4/28/2010 16:00:00	0.294794529676
4/29/2010 16:00:00	0.309841185808
4/30/2010 16:00:00	0.291583120823
5/3/2010 16:00:00	0.303491503
5/4/2010 16:00:00	0.276660710573
5/5/2010 16:00:00	0.2721144557
5/6/2010 16:00:00	0.245456427336
5/7/2010 16:00:00	0.227593943477
5/10/2010 16:00:00	0.261540025473
5/11/2010 16:00:00	0.261367380619
5/12/2010 16:00:00	0.275450080633
5/13/2010 16:00:00	0.262998223305
5/14/2010 16:00:00	0.246814951301
5/17/2010 16:00:00	0.25015065074
5/18/2010 16:00:00	0.24058945477
5/19/2010 16:00:00	0.23423974216
5/20/2010 16:00:00	0.210546389222
5/21/2010 16:00:00	0.212177202106
5/24/2010 16:00:00	0.213931426406
5/25/2010 16:00:00	0.21242390573
5/26/2010 16:00:00	0.205852091312
5/27/2010 16:00:00	0.228137522936
5/28/2010 16:00:00	0.224949806929
6/1/2010 16:00:00	0.218724370003
6/2/2010 16:00:00	0.234116345644
6/3/2010 16:00:00	0.240193858743
6/4/2010 16:00:00	0.216475889087
6/7/2010 16:00:00	0.203925266862
6/8/2010 16:00:00	0.202788755298
6/9/2010 16:00:00	0.198316469789
6/10/2010 16:00:00	0.214771032333
6/11/2010 16:00:00	0.220379844308
6/14/2010 16:00:00	0.220503166318
6/15/2010 16:00:00	0.23661147058
6/16/2010 16:00:00	0.241379708052
6/17/2010 16:00:00	0.243800833821
6/18/2010 16:00:00	0.244467839599
6/21/2010 16:00:00	0.238044053316
6/22/2010 16:00:00	0.232411518693
6/23/2010 16:00:00	0.229298785329
6/24/2010 16:00:00	0.218180730939
6/25/2010 16:00:00	0.218032732606
6/28/2010 16:00:00	0.216080293059
6/29/2010 16:00:00	0.191967666149
6/30/2010 16:00:00	0.182480439544
7/1/2010 16:00:00	0.180701613426
7/2/2010 16:00:00	0.17971304059
7/6/2010 16:00:00	0.180652275681
7/7/2010 16:00:00	0.197723478079
7/8/2010 16:00:00	0.201059162617
7/9/2010 16:00:00	0.206692665815
7/12/2010 16:00:00	0.209039837122
7/13/2010 16:00:00	0.216179862618
7/14/2010 16:00:00	0.219637960196
7/15/2010 16:00:00	0.220404535532
7/16/2010 16:00:00	0.202665388584
7/19/2010 16:00:00	0.207236289978
7/20/2010 16:00:00	0.213783398271
7/21/2010 16:00:00	0.206297069788
7/22/2010 16:00:00	0.220206230879
7/23/2010 16:00:00	0.225938394666
7/26/2010 16:00:00	0.230904012918
7/27/2010 16:00:00	0.230854645371
7/28/2010 16:00:00	0.226135715842
7/29/2010 16:00:00	0.220749869943
7/30/2010 16:00:00	0.222257360816
8/2/2010 16:00:00	0.234215036035
8/3/2010 16:00:00	0.231793895364
8/4/2010 16:00:00	0.238489001989
8/5/2010 16:00:00	0.237081110477
8/6/2010 16:00:00	0.235969215631
8/9/2010 16:00:00	0.240095183253
8/10/2010 16:00:00	0.235005289316
8/11/2010 16:00:00	0.215660959482
8/12/2010 16:00:00	0.209582492709
8/13/2010 16:00:00	0.205407172441
8/16/2010 16:00:00	0.20656837523
8/17/2010 16:00:00	0.214425697923
8/18/2010 16:00:00	0.216352552176
8/19/2010 16:00:00	0.208396583796
8/20/2010 16:00:00	0.207680314779
8/23/2010 16:00:00	0.201949059963
8/24/2010 16:00:00	0.190361455083
8/25/2010 16:00:00	0.196068942547
8/26/2010 16:00:00	0.189669817686
8/27/2010 16:00:00	0.195944681764
8/30/2010 16:00:00	0.18959581852
8/31/2010 16:00:00	0.188656613231
9/1/2010 16:00:00	0.204468920827
9/2/2010 16:00:00	0.211485624313
9/3/2010 16:00:00	0.222257360816
9/7/2010 16:00:00	0.216846853495
9/8/2010 16:00:00	0.224505826831
9/9/2010 16:00:00	0.227346286178
9/10/2010 16:00:00	0.229793027043
9/13/2010 16:00:00	0.2399225384
9/14/2010 16:00:00	0.242961257696
9/15/2010 16:00:00	0.247087270021
9/16/2010 16:00:00	0.250570982695
9/17/2010 16:00:00	0.253238737583
9/20/2010 16:00:00	0.266431629658
9/21/2010 16:00:00	0.265592008829
9/22/2010 16:00:00	0.26433211565
9/23/2010 16:00:00	0.263540863991
9/24/2010 16:00:00	0.278464227915
9/27/2010 16:00:00	0.275276511908
9/28/2010 16:00:00	0.275968164206
9/29/2010 16:00:00	0.273745328188
9/30/2010 16:00:00	0.270038694143
10/1/2010 16:00:00	0.269199132919
10/4/2010 16:00:00	0.259859800339
10/5/2010 16:00:00	0.279205203056
10/6/2010 16:00:00	0.272089809179
10/7/2010 16:00:00	0.274757564068
10/8/2010 16:00:00	0.280292451382
10/11/2010 16:00:00	0.28086066246
10/12/2010 16:00:00	0.286691516638
10/13/2010 16:00:00	0.293658047915
10/14/2010 16:00:00	0.292028039694
10/15/2010 16:00:00	0.310656189919
10/18/2010 16:00:00	0.310656189919
10/19/2010 16:00:00	0.298302918673
10/20/2010 16:00:00	0.304504692554
10/21/2010 16:00:00	0.30662882328
10/22/2010 16:00:00	0.312607705593
10/25/2010 16:00:00	0.317351251841
10/26/2010 16:00:00	0.319253534079
10/27/2010 16:00:00	0.322539806366
10/28/2010 16:00:00	0.324392646551
10/29/2010 16:00:00	0.322835803032
11/1/2010 16:00:00	0.32357776165
11/2/2010 16:00:00	0.333385705948
11/3/2010 16:00:00	0.33820322156
11/4/2010 16:00:00	0.350186526775
11/5/2010 16:00:00	0.350605815649
11/8/2010 16:00:00	0.351495623589
11/9/2010 16:00:00	0.345812857151
11/10/2010 16:00:00	0.351100027561
11/11/2010 16:00:00	0.345195233822
11/12/2010 16:00:00	0.327629685402
11/15/2010 16:00:00	0.324121326208
11/16/2010 16:00:00	0.308037698269
11/17/2010 16:00:00	0.310952216387
11/18/2010 16:00:00	0.325405925512
11/19/2010 16:00:00	0.326171576977
11/22/2010 16:00:00	0.334769785404
11/23/2010 16:00:00	0.318957477808
11/24/2010 16:00:00	0.337585628033
11/26/2010 16:00:00	0.335461437702
11/29/2010 16:00:00	0.330791801214
11/30/2010 16:00:00	0.318216532469
12/1/2010 16:00:00	0.338450849056
12/2/2010 16:00:00	0.348728239536
12/3/2010 16:00:00	0.351643651724
12/6/2010 16:00:00	0.351026147604
12/7/2010 16:00:00	0.351347655058
12/8/2010 16:00:00	0.35621458292
12/9/2010 16:00:00	0.356584608555
12/10/2010 16:00:00	0.364070922136
12/13/2010 16:00:00	0.359796971083
12/14/2010 16:00:00	0.361303567886
12/15/2010 16:00:00	0.357622504234
12/16/2010 16:00:00	0.365084201097
12/17/2010 16:00:00	0.366196125746
12/20/2010 16:00:00	0.367183744907
12/21/2010 16:00:00	0.373236507177
12/22/2010 16:00:00	0.373632103205
12/23/2010 16:00:00	0.370790660381
12/27/2010 16:00:00	0.370939731598
12/28/2010 16:00:00	0.369333416224
12/29/2010 16:00:00	0.371532708406
12/30/2010 16:00:00	0.368740528822
12/31/2010 16:00:00	0.365355461836
1/3/2011 16:00:00	0.381859511137
1/4/2011 16:00:00	0.381266415119
1/5/2011 16:00:00	0.390728980303
1/6/2011 16:00:00	0.394262045622
1/7/2011 16:00:00	0.39334744215
1/10/2011 16:00:00	0.397770434618
1/11/2011 16:00:00	0.399598568678
1/12/2011 16:00:00	0.407702535391
1/13/2011 16:00:00	0.40898707509
1/14/2011 16:00:00	0.417856752872
1/18/2011 16:00:00	0.421191483736
1/19/2011 16:00:00	0.407084941864
1/20/2011 16:00:00	0.397943109274
1/21/2011 16:00:00	0.38885140419
1/24/2011 16:00:00	0.40491053462
1/25/2011 16:00:00	0.406318366528
1/26/2011 16:00:00	0.412618875504
1/27/2011 16:00:00	0.420573860407
1/28/2011 16:00:00	0.38885140419
1/31/2011 16:00:00	0.394608259201
2/1/2011 16:00:00	0.416521787643
2/2/2011 16:00:00	0.414644300938
2/3/2011 16:00:00	0.416250497103
2/4/2011 16:00:00	0.423761546612
2/7/2011 16:00:00	0.429912984371
2/8/2011 16:00:00	0.439079493284
2/9/2011 16:00:00	0.436410784721
2/10/2011 16:00:00	0.438535958529
2/11/2011 16:00:00	0.447528779507
2/14/2011 16:00:00	0.450345516205
2/15/2011 16:00:00	0.449184387922
2/16/2011 16:00:00	0.457485616207
2/17/2011 16:00:00	0.45709002018
2/18/2011 16:00:00	0.454496204853
2/22/2011 16:00:00	0.414471685886
2/23/2011 16:00:00	0.404243469238
2/24/2011 16:00:00	0.40999943018
2/25/2011 16:00:00	0.427565813065
2/28/2011 16:00:00	0.430678635836
3/1/2011 16:00:00	0.409974724054
3/2/2011 16:00:00	0.415756255388
3/3/2011 16:00:00	0.44056147337
3/4/2011 16:00:00	0.434038966894
3/7/2011 16:00:00	0.416744738817
3/8/2011 16:00:00	0.421092778444
3/9/2011 16:00:00	0.412594139576
3/10/2011 16:00:00	0.393718451262
3/11/2011 16:00:00	0.400290280581
3/14/2011 16:00:00	0.396387130022
3/15/2011 16:00:00	0.380179226398
3/16/2011 16:00:00	0.35226136446
3/17/2011 16:00:00	0.361452490091
3/18/2011 16:00:00	0.359475374222
3/21/2011 16:00:00	0.379537016153
3/22/2011 16:00:00	0.378499060869
3/23/2011 16:00:00	0.384231239557
3/24/2011 16:00:00	0.405132502317
3/25/2011 16:00:00	0.408097207546
3/28/2011 16:00:00	0.401180237532
3/29/2011 16:00:00	0.412692815065
3/30/2011 16:00:00	0.418770313263
3/31/2011 16:00:00	0.420549064875
4/1/2011 16:00:00	0.421191483736
4/4/2011 16:00:00	0.417387098074
4/5/2011 16:00:00	0.412643432617
4/6/2011 16:00:00	0.415756255388
4/7/2011 16:00:00	0.415657490492
4/8/2011 16:00:00	0.409432053566
4/11/2011 16:00:00	0.405725419521
4/12/2011 16:00:00	0.397721111774
4/13/2011 16:00:00	0.407208293676
4/14/2011 16:00:00	0.40498444438
4/15/2011 16:00:00	0.40236595273
4/18/2011 16:00:00	0.394608259201
4/19/2011 16:00:00	0.40172368288
4/20/2011 16:00:00	0.428455799818
4/21/2011 16:00:00	0.439326256514
4/25/2011 16:00:00	0.442587018013
4/26/2011 16:00:00	0.450196594
4/27/2011 16:00:00	0.459535866976
4/28/2011 16:00:00	0.458844214678
4/29/2011 16:00:00	0.456620395184
5/2/2011 16:00:00	0.454149872065
5/3/2011 16:00:00	0.44733056426
5/4/2011 16:00:00	0.444712042809
5/5/2011 16:00:00	0.438041627407
5/6/2011 16:00:00	0.441845953465
5/9/2011 16:00:00	0.446638971567
5/10/2011 16:00:00	0.458103299141
5/11/2011 16:00:00	0.448220402002
5/12/2011 16:00:00	0.456126093864
5/13/2011 16:00:00	0.439968466759
5/16/2011 16:00:00	0.417090088129
5/17/2011 16:00:00	0.420499831438
5/18/2011 16:00:00	0.430728077888
5/19/2011 16:00:00	0.434434562922
5/20/2011 16:00:00	0.424848765135
5/23/2011 16:00:00	0.406417012215
5/24/2011 16:00:00	0.398758947849
5/25/2011 16:00:00	0.403205662966
5/26/2011 16:00:00	0.410765975714
5/27/2011 16:00:00	0.416892856359
5/31/2011 16:00:00	0.436954408884
6/1/2011 16:00:00	0.409036427736
6/2/2011 16:00:00	0.411408305168
6/3/2011 16:00:00	0.392729908228
6/6/2011 16:00:00	0.383242607117
6/7/2011 16:00:00	0.381019800901
6/8/2011 16:00:00	0.372817218304
6/9/2011 16:00:00	0.374448031187
6/10/2011 16:00:00	0.357252568007
6/13/2011 16:00:00	0.357499212027
6/14/2011 16:00:00	0.370790660381
6/15/2011 16:00:00	0.350531816483
6/16/2011 16:00:00	0.345640182495
6/17/2011 16:00:00	0.343071103096
6/20/2011 16:00:00	0.34761634469
6/21/2011 16:00:00	0.370790660381
6/22/2011 16:00:00	0.362440109253
6/23/2011 16:00:00	0.37247094512
6/24/2011 16:00:00	0.352854222059
6/27/2011 16:00:00	0.370000422001
6/28/2011 16:00:00	0.386602967978
6/29/2011 16:00:00	0.391445249319
6/30/2011 16:00:00	0.406318366528
7/1/2011 16:00:00	0.425144791603
7/5/2011 16:00:00	0.431271612644
7/6/2011 16:00:00	0.435867130756
7/7/2011 16:00:00	0.453507661819
7/8/2011 16:00:00	0.449752658606
7/11/2011 16:00:00	0.425639122725
7/12/2011 16:00:00	0.415261924267
7/13/2011 16:00:00	0.420796811581
7/14/2011 16:00:00	0.406318366528
7/15/2011 16:00:00	0.422476947308
7/18/2011 16:00:00	0.415509581566
7/19/2011 16:00:00	0.444810807705
7/20/2011 16:00:00	0.43858525157
7/21/2011 16:00:00	0.447479575872
7/22/2011 16:00:00	0.461363941431
7/25/2011 16:00:00	0.458646863699
7/26/2011 16:00:00	0.461166650057
7/27/2011 16:00:00	0.42618265748
7/28/2011 16:00:00	0.428455799818
7/29/2011 16:00:00	0.424305140972
8/1/2011 16:00:00	0.418573021889
8/2/2011 16:00:00	0.386800378561
8/3/2011 16:00:00	0.396831214428
8/4/2011 16:00:00	0.342823475599
8/5/2011 16:00:00	0.335263133049
8/8/2011 16:00:00	0.276363760233
8/9/2011 16:00:00	0.314213901758
8/10/2011 16:00:00	0.277154058218
8/11/2011 16:00:00	0.312730997801
8/12/2011 16:00:00	0.320686966181
8/15/2011 16:00:00	0.334522098303
8/16/2011 16:00:00	0.32592484355
8/17/2011 16:00:00	0.32063767314
8/18/2011 16:00:00	0.274140000343
8/19/2011 16:00:00	0.25877264142
8/22/2011 16:00:00	0.261095076799
8/23/2011 16:00:00	0.293411284685
8/24/2011 16:00:00	0.300329327583
8/25/2011 16:00:00	0.285900324583
8/26/2011 16:00:00	0.306554883718
8/29/2011 16:00:00	0.332644611597
8/30/2011 16:00:00	0.33941373229
8/31/2011 16:00:00	0.34139084816
9/1/2011 16:00:00	0.331755667925
9/2/2011 16:00:00	0.308531016111
9/6/2011 16:00:00	0.308481693268
9/7/2011 16:00:00	0.331805020571
9/8/2011 16:00:00	0.327209442854
9/9/2011 16:00:00	0.305665969849
9/12/2011 16:00:00	0.317129254341
9/13/2011 16:00:00	0.329433202744
9/14/2011 16:00:00	0.3436640203
9/15/2011 16:00:00	0.359277963638
9/16/2011 16:00:00	0.36866658926
9/19/2011 16:00:00	0.369604855776
9/20/2011 16:00:00	0.364367932081
9/21/2011 16:00:00	0.345837503672
9/22/2011 16:00:00	0.31218829751
9/23/2011 16:00:00	0.321922242641
9/26/2011 16:00:00	0.332841873169
9/27/2011 16:00:00	0.343021720648
9/28/2011 16:00:00	0.326863110065
9/29/2011 16:00:00	0.317178606987
9/30/2011 16:00:00	0.292521446943
10/3/2011 16:00:00	0.269594609737
10/4/2011 16:00:00	0.285999000072
10/5/2011 16:00:00	0.307740777731
10/6/2011 16:00:00	0.323553055525
10/7/2011 16:00:00	0.316881716251
10/10/2011 16:00:00	0.349395215511
10/11/2011 16:00:00	0.35685685277
10/12/2011 16:00:00	0.36258906126
10/13/2011 16:00:00	0.372322946787
10/14/2011 16:00:00	0.392829507589
10/17/2011 16:00:00	0.374645382166
10/18/2011 16:00:00	0.388233870268
10/19/2011 16:00:00	0.36584982276
10/20/2011 16:00:00	0.361204892397
10/21/2011 16:00:00	0.374052405357
10/24/2011 16:00:00	0.397424131632
10/25/2011 16:00:00	0.374891996384
10/26/2011 16:00:00	0.373410195112
10/27/2011 16:00:00	0.403502583504
10/28/2011 16:00:00	0.404836446047
10/31/2011 16:00:00	0.384774893522
11/1/2011 16:00:00	0.354979336262
11/2/2011 16:00:00	0.363724708557
11/3/2011 16:00:00	0.385862112045
11/4/2011 16:00:00	0.379883319139
11/7/2011 16:00:00	0.388332605362
11/8/2011 16:00:00	0.401278764009
11/9/2011 16:00:00	0.35977229476
11/10/2011 16:00:00	0.358289480209
11/11/2011 16:00:00	0.37840038538
11/14/2011 16:00:00	0.371976613998
11/15/2011 16:00:00	0.383935332298
11/16/2011 16:00:00	0.365010201931
11/17/2011 16:00:00	0.339908063412
11/18/2011 16:00:00	0.331755667925
11/21/2011 16:00:00	0.312484323978
11/22/2011 16:00:00	0.315202385187
11/23/2011 16:00:00	0.294250905514
11/25/2011 16:00:00	0.28758046031
11/28/2011 16:00:00	0.317277282476
11/29/2011 16:00:00	0.311545163393
11/30/2011 16:00:00	0.345738887787
12/1/2011 16:00:00	0.353151202202
12/2/2011 16:00:00	0.349790841341
12/5/2011 16:00:00	0.361254245043
12/6/2011 16:00:00	0.35848775506
12/7/2011 16:00:00	0.359031319618
12/8/2011 16:00:00	0.340748608112
12/9/2011 16:00:00	0.35690626502
12/12/2011 16:00:00	0.345195233822
12/13/2011 16:00:00	0.333534568548
12/14/2011 16:00:00	0.318018227816
12/15/2011 16:00:00	0.315547764301
12/16/2011 16:00:00	0.319501131773
12/19/2011 16:00:00	0.310656189919
12/20/2011 16:00:00	0.338227838278
12/21/2011 16:00:00	0.324146032333
12/22/2011 16:00:00	0.332051694393
12/23/2011 16:00:00	0.340649873018
12/27/2011 16:00:00	0.343268364668
12/28/2011 16:00:00	0.332249104977
12/29/2011 16:00:00	0.338722109795
12/30/2011 16:00:00	0.335955679417
1/3/2012 16:00:00	0.355078041553
1/4/2012 16:00:00	0.359327405691
1/5/2012 16:00:00	0.368172287941
1/6/2012 16:00:00	0.371976613998
1/9/2012 16:00:00	0.368863880634
1/10/2012 16:00:00	0.376424252987
1/11/2012 16:00:00	0.379042744637
1/12/2012 16:00:00	0.383539766073
1/13/2012 16:00:00	0.379141330719
1/17/2012 16:00:00	0.389321118593
1/18/2012 16:00:00	0.404787153006
1/19/2012 16:00:00	0.412890136242
1/20/2012 16:00:00	0.41106197238
1/23/2012 16:00:00	0.411012589931
1/24/2012 16:00:00	0.408739447594
1/25/2012 16:00:00	0.424354404211
1/26/2012 16:00:00	0.419857501984
1/27/2012 16:00:00	0.42400816083
1/30/2012 16:00:00	0.424699813128
1/31/2012 16:00:00	0.42618265748
2/1/2012 16:00:00	0.436657458544
2/2/2012 16:00:00	0.441154360771
2/3/2012 16:00:00	0.458696216345
2/6/2012 16:00:00	0.458251178265
2/7/2012 16:00:00	0.460227370262
2/8/2012 16:00:00	0.467886447906
2/9/2012 16:00:00	0.478263527155
2/10/2012 16:00:00	0.468034476042
2/13/2012 16:00:00	0.480635374784
2/14/2012 16:00:00	0.484835326672
2/15/2012 16:00:00	0.474013268948
2/16/2012 16:00:00	0.493828296661
2/17/2012 16:00:00	0.489628255367
2/21/2012 16:00:00	0.493778884411
2/22/2012 16:00:00	0.487256407738
2/23/2012 16:00:00	0.496496111155
2/24/2012 16:00:00	0.501339256763
2/27/2012 16:00:00	0.50376033783
2/28/2012 16:00:00	0.518830835819
2/29/2012 16:00:00	0.512012302876
3/1/2012 16:00:00	0.524464249611
3/2/2012 16:00:00	0.522882699966
3/5/2012 16:00:00	0.506576240063
3/6/2012 16:00:00	0.492049306631
3/7/2012 16:00:00	0.503216803074
3/8/2012 16:00:00	0.519177019596
3/9/2012 16:00:00	0.525451779366
3/12/2012 16:00:00	0.526292562485
3/13/2012 16:00:00	0.555939853191
3/14/2012 16:00:00	0.562165439129
3/15/2012 16:00:00	0.56646412611
3/16/2012 16:00:00	0.565228819847
3/19/2012 16:00:00	0.577532827854
3/20/2012 16:00:00	0.580694913864
3/21/2012 16:00:00	0.580497384071
3/22/2012 16:00:00	0.576988995075
3/23/2012 16:00:00	0.57619869709
3/26/2012 16:00:00	0.606291353703
3/27/2012 16:00:00	0.608612835407
3/28/2012 16:00:00	0.601497471333
3/29/2012 16:00:00	0.595321416855
3/30/2012 16:00:00	0.591170668602
4/2/2012 16:00:00	0.609205782413
4/3/2012 16:00:00	0.609256148338
4/4/2012 16:00:00	0.584401488304
4/5/2012 16:00:00	0.595074594021
4/9/2012 16:00:00	0.581387519836
4/10/2012 16:00:00	0.553320467472
4/11/2012 16:00:00	0.561325848103
4/12/2012 16:00:00	0.580151259899
4/13/2012 16:00:00	0.553913295269
4/16/2012 16:00:00	0.536471307278
4/17/2012 16:00:00	0.568094730377
4/18/2012 16:00:00	0.563944220543
4/19/2012 16:00:00	0.545710861683
4/20/2012 16:00:00	0.539830565453
4/23/2012 16:00:00	0.52624309063
4/24/2012 16:00:00	0.516953229904
4/25/2012 16:00:00	0.558014810085
4/26/2012 16:00:00	0.567996203899
4/27/2012 16:00:00	0.577730119228
4/30/2012 16:00:00	0.565723061562
5/1/2012 16:00:00	0.568935453892
5/2/2012 16:00:00	0.572690427303
5/3/2012 16:00:00	0.554902136326
5/4/2012 16:00:00	0.514185905457
5/7/2012 16:00:00	0.514926671982
5/8/2012 16:00:00	0.509244740009
5/9/2012 16:00:00	0.506428182125
5/10/2012 16:00:00	0.501239597797
5/11/2012 16:00:00	0.500746250153
5/14/2012 16:00:00	0.486910223961
5/15/2012 16:00:00	0.482660889626
5/16/2012 16:00:00	0.472185015678
5/17/2012 16:00:00	0.443130582571
5/18/2012 16:00:00	0.42534211278
5/21/2012 16:00:00	0.461117357016
5/22/2012 16:00:00	0.459437072277
5/23/2012 16:00:00	0.462006300688
5/24/2012 16:00:00	0.453704982996
5/25/2012 16:00:00	0.451135843992
5/29/2012 16:00:00	0.467935830355
5/30/2012 16:00:00	0.456571131945
5/31/2012 16:00:00	0.450048625469
6/1/2012 16:00:00	0.414669036865
6/4/2012 16:00:00	0.423563301563
6/5/2012 16:00:00	0.429394066334
6/6/2012 16:00:00	0.458745509386
6/7/2012 16:00:00	0.453606307507
6/8/2012 16:00:00	0.466948121786
6/11/2012 16:00:00	0.444613456726
6/12/2012 16:00:00	0.458646863699
6/13/2012 16:00:00	0.449652940035
6/14/2012 16:00:00	0.45469352603
6/15/2012 16:00:00	0.471493422985
6/18/2012 16:00:00	0.483649432659
6/19/2012 16:00:00	0.499560505152
6/20/2012 16:00:00	0.501339256763
6/21/2012 16:00:00	0.463785082102
6/22/2012 16:00:00	0.478214234114
6/25/2012 16:00:00	0.449851244688
6/26/2012 16:00:00	0.458547264338
6/27/2012 16:00:00	0.466948121786
6/28/2012 16:00:00	0.450147330761
6/29/2012 16:00:00	0.494124263525
7/2/2012 16:00:00	0.49807742238
7/3/2012 16:00:00	0.509936451912
7/5/2012 16:00:00	0.51171541214
7/6/2012 16:00:00	0.491554945707
7/9/2012 16:00:00	0.48987492919
7/10/2012 16:00:00	0.474853903055
7/11/2012 16:00:00	0.468331366777
7/12/2012 16:00:00	0.454792231321
7/13/2012 16:00:00	0.474556922913
7/16/2012 16:00:00	0.470999181271
7/17/2012 16:00:00	0.478214234114
7/18/2012 16:00:00	0.497682034969
7/19/2012 16:00:00	0.513889789581
7/20/2012 16:00:00	0.494124263525
7/23/2012 16:00:00	0.475842446089
7/24/2012 16:00:00	0.464970946312
7/25/2012 16:00:00	0.454594939947
7/26/2012 16:00:00	0.472383379936
7/27/2012 16:00:00	0.508157610893
7/30/2012 16:00:00	0.505094349384
7/31/2012 16:00:00	0.505390226841
8/1/2012 16:00:00	0.500449240208
8/2/2012 16:00:00	0.495211541653
8/3/2012 16:00:00	0.523377180099
8/6/2012 16:00:00	0.535137414932
8/7/2012 16:00:00	0.548379659653
8/8/2012 16:00:00	0.547489762306
8/9/2012 16:00:00	0.552134633064
8/10/2012 16:00:00	0.554407715797
8/13/2012 16:00:00	0.557767927647
8/14/2012 16:00:00	0.558558344841
8/15/2012 16:00:00	0.562511622906
8/16/2012 16:00:00	0.582671940327
8/17/2012 16:00:00	0.590676546097
8/20/2012 16:00:00	0.592949271202
8/21/2012 16:00:00	0.586130857468
8/22/2012 16:00:00	0.592455208302
8/23/2012 16:00:00	0.579311788082
8/24/2012 16:00:00	0.589589059353
8/27/2012 16:00:00	0.592455208302
8/28/2012 16:00:00	0.59235650301
8/29/2012 16:00:00	0.592553913593
8/30/2012 16:00:00	0.574469208717
8/31/2012 16:00:00	0.586724042892
9/4/2012 16:00:00	0.584252357483
9/5/2012 16:00:00	0.581584692001
9/6/2012 16:00:00	0.620027720928
9/7/2012 16:00:00	0.617359042168
9/10/2012 16:00:00	0.594629585743
9/11/2012 16:00:00	0.592060446739
9/12/2012 16:00:00	0.597198605537
9/13/2012 16:00:00	0.621015429497
9/14/2012 16:00:00	0.636926233768
9/17/2012 16:00:00	0.638112306595
9/18/2012 16:00:00	0.639298021793
9/19/2012 16:00:00	0.643547534943
9/20/2012 16:00:00	0.642065644264
9/21/2012 16:00:00	0.642065644264
9/24/2012 16:00:00	0.63020658493
9/25/2012 16:00:00	0.604907095432
9/26/2012 16:00:00	0.588996112347
9/27/2012 16:00:00	0.613999545574
9/28/2012 16:00:00	0.59927469492
10/1/2012 16:00:00	0.596704483032
10/2/2012 16:00:00	0.60055911541
10/3/2012 16:00:00	0.611923933029
10/4/2012 16:00:00	0.619039177895
10/5/2012 16:00:00	0.608366072178
10/8/2012 16:00:00	0.592257797718
10/9/2012 16:00:00	0.561820149422
10/10/2012 16:00:00	0.555000662804
10/11/2012 16:00:00	0.550059735775
10/12/2012 16:00:00	0.549961149693
10/15/2012 16:00:00	0.560930073261
10/16/2012 16:00:00	0.585339844227
10/17/2012 16:00:00	0.583560943604
10/18/2012 16:00:00	0.563598930836
10/19/2012 16:00:00	0.522882699966
10/22/2012 16:00:00	0.531085252762
10/23/2012 16:00:00	0.515371799469
10/24/2012 16:00:00	0.510233521461
10/25/2012 16:00:00	0.510233521461
10/26/2012 16:00:00	0.515570104122
10/31/2012 16:00:00	0.505588591099
11/1/2012 16:00:00	0.527033269405
11/2/2012 16:00:00	0.507762134075
11/5/2012 16:00:00	0.520214080811
11/6/2012 16:00:00	0.523377180099
11/7/2012 16:00:00	0.485822975636
11/8/2012 16:00:00	0.463093549013
11/9/2012 16:00:00	0.468134105206
11/12/2012 16:00:00	0.468825638294
11/13/2012 16:00:00	0.458646863699
11/14/2012 16:00:00	0.442241579294
11/15/2012 16:00:00	0.438288360834
11/16/2012 16:00:00	0.443230122328
11/19/2012 16:00:00	0.475149840117
11/20/2012 16:00:00	0.47524946928
11/21/2012 16:00:00	0.478608846664
11/23/2012 16:00:00	0.500547945499
11/26/2012 16:00:00	0.506971776485
11/27/2012 16:00:00	0.501239597797
11/28/2012 16:00:00	0.514680206776
11/29/2012 16:00:00	0.523574352264
11/30/2012 16:00:00	0.521696925163
12/3/2012 16:00:00	0.51912766695
12/4/2012 16:00:00	0.515767335892
12/5/2012 16:00:00	0.49985653162
12/6/2012 16:00:00	0.509047567844
12/7/2012 16:00:00	0.50035071373
12/10/2012 16:00:00	0.504797279835
12/11/2012 16:00:00	0.524266004562
12/12/2012 16:00:00	0.520708203316
12/13/2012 16:00:00	0.508947908878
12/14/2012 16:00:00	0.494519859552
12/17/2012 16:00:00	0.513791024685
12/18/2012 16:00:00	0.537607848644
12/19/2012 16:00:00	0.529899418354
12/20/2012 16:00:00	0.530294001102
12/21/2012 16:00:00	0.513791024685
12/24/2012 16:00:00	0.509442269802
12/26/2012 16:00:00	0.497385919094
12/27/2012 16:00:00	0.494618505239
12/28/2012 16:00:00	0.480289101601
12/31/2012 16:00:00	0.511616826057
1/2/2013 16:00:00	0.559348762035
1/3/2013 16:00:00	0.551245629787
1/4/2013 16:00:00	0.54581040144
1/7/2013 16:00:00	0.546403348446
1/8/2013 16:00:00	0.543240308762
1/9/2013 16:00:00	0.548775136471
1/10/2013 16:00:00	0.558459639549
1/11/2013 16:00:00	0.560534596443
1/14/2013 16:00:00	0.553320467472
1/15/2013 16:00:00	0.545117974281
1/16/2013 16:00:00	0.551245629787
1/17/2013 16:00:00	0.559744358063
1/18/2013 16:00:00	0.556582152843
1/22/2013 16:00:00	0.558855354786
1/23/2013 16:00:00	0.567946910858
1/24/2013 16:00:00	0.545316159725
1/25/2013 16:00:00	0.553419172764
1/28/2013 16:00:00	0.557372510433
1/29/2013 16:00:00	0.557372510433
1/30/2013 16:00:00	0.554309129715
1/31/2013 16:00:00	0.550751268864
2/1/2013 16:00:00	0.56883597374
2/4/2013 16:00:00	0.539880812168
2/5/2013 16:00:00	0.563598930836
2/6/2013 16:00:00	0.558361113071
2/7/2013 16:00:00	0.559744358063
2/8/2013 16:00:00	0.576742529869
2/11/2013 16:00:00	0.576544165611
2/12/2013 16:00:00	0.569824397564
2/13/2013 16:00:00	0.576445639133
2/14/2013 16:00:00	0.575259804726
2/15/2013 16:00:00	0.570318698883
2/19/2013 16:00:00	0.582770586014
2/20/2013 16:00:00	0.556186616421
2/21/2013 16:00:00	0.538102149963
2/22/2013 16:00:00	0.553913295269
2/25/2013 16:00:00	0.533258974552
2/26/2013 16:00:00	0.53968256712
2/27/2013 16:00:00	0.556087970734
2/28/2013 16:00:00	0.55401211977
3/1/2013 16:00:00	0.559744358063
3/4/2013 16:00:00	0.566958367825
3/5/2013 16:00:00	0.5918623209
3/6/2013 16:00:00	0.588107168674
3/7/2013 16:00:00	0.593246400356
3/8/2013 16:00:00	0.593938052654
3/11/2013 16:00:00	0.600064814091
3/12/2013 16:00:00	0.592752099037
3/13/2013 16:00:00	0.590874552727
3/14/2013 16:00:00	0.596902728081
3/15/2013 16:00:00	0.59126919508
3/18/2013 16:00:00	0.587217211723
3/19/2013 16:00:00	0.584845542908
3/20/2013 16:00:00	0.596012890339
3/21/2013 16:00:00	0.576939761639
3/22/2013 16:00:00	0.592850863934
3/25/2013 16:00:00	0.58682256937
3/26/2013 16:00:00	0.595815658569
3/27/2013 16:00:00	0.598977386951
3/28/2013 16:00:00	0.602436602116
4/1/2013 16:00:00	0.590775191784
4/2/2013 16:00:00	0.604116857052
4/3/2013 16:00:00	0.588107168674
4/4/2013 16:00:00	0.588403344154
4/5/2013 16:00:00	0.573975086212
4/8/2013 16:00:00	0.582770586014
4/9/2013 16:00:00	0.59423404932
4/10/2013 16:00:00	0.629020631313
4/11/2013 16:00:00	0.627933502197
4/12/2013 16:00:00	0.627241849899
4/15/2013 16:00:00	0.589095771313
4/16/2013 16:00:00	0.613702714443
4/17/2013 16:00:00	0.577829658985
4/18/2013 16:00:00	0.552826166153
4/19/2013 16:00:00	0.575753986835
4/22/2013 16:00:00	0.593443632126
4/23/2013 16:00:00	0.610935270786
4/24/2013 16:00:00	0.609453260899
4/25/2013 16:00:00	0.619336128235
4/26/2013 16:00:00	0.614098250866
4/29/2013 16:00:00	0.630403876305
4/30/2013 16:00:00	0.64424020052
5/1/2013 16:00:00	0.63603746891
5/2/2013 16:00:00	0.659063875675
5/3/2013 16:00:00	0.682089269161
5/6/2013 16:00:00	0.690884709358
5/7/2013 16:00:00	0.689204514027
5/8/2013 16:00:00	0.699977457523
5/9/2013 16:00:00	0.697505712509
5/10/2013 16:00:00	0.709364831448
5/13/2013 16:00:00	0.712132513523
5/14/2013 16:00:00	0.722608089447
5/15/2013 16:00:00	0.727944612503
5/16/2013 16:00:00	0.725275695324
5/17/2013 16:00:00	0.745733082294
5/20/2013 16:00:00	0.742372810841
5/21/2013 16:00:00	0.745140135288
5/22/2013 16:00:00	0.726956069469
5/23/2013 16:00:00	0.719050228596
5/24/2013 16:00:00	0.718654811382
5/28/2013 16:00:00	0.733478486538
5/29/2013 16:00:00	0.722409784794
5/30/2013 16:00:00	0.734170079231
5/31/2013 16:00:00	0.713219583035
6/3/2013 16:00:00	0.717370033264
6/4/2013 16:00:00	0.706598520279
6/5/2013 16:00:00	0.679520070553
6/6/2013 16:00:00	0.687821447849
6/7/2013 16:00:00	0.716579854488
6/10/2013 16:00:00	0.716875731945
6/11/2013 16:00:00	0.696122705936
6/12/2013 16:00:00	0.672009110451
6/13/2013 16:00:00	0.696122705936
6/14/2013 16:00:00	0.683867931366
6/17/2013 16:00:00	0.702842533588
6/18/2013 16:00:00	0.719445049763
6/19/2013 16:00:00	0.696814239025
6/20/2013 16:00:00	0.645425975323
6/21/2013 16:00:00	0.636333346367
6/24/2013 16:00:00	0.616667449474
6/25/2013 16:00:00	0.629811108112
6/26/2013 16:00:00	0.647006571293
6/27/2013 16:00:00	0.65422052145
6/28/2013 16:00:00	0.655999302864
7/1/2013 16:00:00	0.670032918453
7/2/2013 16:00:00	0.670329809189
7/3/2013 16:00:00	0.679421365261
7/5/2013 16:00:00	0.69444257021
7/8/2013 16:00:00	0.696715533733
7/9/2013 16:00:00	0.709464371204
7/10/2013 16:00:00	0.721422195435
7/11/2013 16:00:00	0.76638764143
7/12/2013 16:00:00	0.774391889572
7/15/2013 16:00:00	0.780420064926
7/16/2013 16:00:00	0.777356684208
7/17/2013 16:00:00	0.782890498638
7/18/2013 16:00:00	0.777159333229
7/19/2013 16:00:00	0.753540098667
7/22/2013 16:00:00	0.75897538662
7/23/2013 16:00:00	0.742076635361
7/24/2013 16:00:00	0.749092578888
7/25/2013 16:00:00	0.762631654739
7/26/2013 16:00:00	0.775281906128
7/29/2013 16:00:00	0.771724224091
7/30/2013 16:00:00	0.783187448978
7/31/2013 16:00:00	0.788128554821
8/1/2013 16:00:00	0.812143564224
8/2/2013 16:00:00	0.82568269968
8/5/2013 16:00:00	0.82746130228
8/6/2013 16:00:00	0.812736272812
8/7/2013 16:00:00	0.808091521263
8/8/2013 16:00:00	0.818863213062
8/9/2013 16:00:00	0.810067713261
8/12/2013 16:00:00	0.815108120441
8/13/2013 16:00:00	0.828647375107
8/14/2013 16:00:00	0.819456100464
8/15/2013 16:00:00	0.778345406055
8/16/2013 16:00:00	0.775577843189
8/19/2013 16:00:00	0.772514402866
8/20/2013 16:00:00	0.783088803291
8/21/2013 16:00:00	0.775281906128
8/22/2013 16:00:00	0.797418177128
8/23/2013 16:00:00	0.8142182827
8/26/2013 16:00:00	0.814909756184
8/27/2013 16:00:00	0.763620138168
8/28/2013 16:00:00	0.7735029459
8/29/2013 16:00:00	0.789512813091
8/30/2013 16:00:00	0.774787664413
9/3/2013 16:00:00	0.787535488605
9/4/2013 16:00:00	0.813230514526
9/5/2013 16:00:00	0.816788494587
9/6/2013 16:00:00	0.819753110409
9/9/2013 16:00:00	0.848609447479
9/10/2013 16:00:00	0.861456990242
9/11/2013 16:00:00	0.857108831406
9/12/2013 16:00:00	0.853254318237
9/13/2013 16:00:00	0.85602170229
9/16/2013 16:00:00	0.848807573318
9/17/2013 16:00:00	0.865804791451
9/18/2013 16:00:00	0.897626817226
9/19/2013 16:00:00	0.903160750866
9/20/2013 16:00:00	0.893278956413
9/23/2013 16:00:00	0.888238191605
9/24/2013 16:00:00	0.888435661793
9/25/2013 16:00:00	0.880035638809
9/26/2013 16:00:00	0.90019595623
9/27/2013 16:00:00	0.895946621895
9/30/2013 16:00:00	0.890314221382
10/1/2013 16:00:00	0.916996777058
10/2/2013 16:00:00	0.915316581726
10/3/2013 16:00:00	0.883494794369
10/4/2013 16:00:00	0.906224131584
10/7/2013 16:00:00	0.883791685104
10/8/2013 16:00:00	0.833785712719
10/9/2013 16:00:00	0.824595451355
10/10/2013 16:00:00	0.876972317696
10/11/2013 16:00:00	0.896736681461
10/14/2013 16:00:00	0.915316581726
10/15/2013 16:00:00	0.905532419682
10/16/2013 16:00:00	0.936464548111
10/17/2013 16:00:00	0.951585292816
10/18/2013 16:00:00	0.998625636101
10/21/2013 16:00:00	1.00435769558
10/22/2013 16:00:00	1.00781691074
10/23/2013 16:00:00	0.991608798504
10/24/2013 16:00:00	1.00396251678
10/25/2013 16:00:00	1.0240238905
10/28/2013 16:00:00	1.02609932423
10/29/2013 16:00:00	1.03104031086
10/30/2013 16:00:00	1.0277787447
10/31/2013 16:00:00	1.02115786076
11/1/2013 16:00:00	1.0206631422
11/4/2013 16:00:00	1.02560520172
11/5/2013 16:00:00	1.02995312214
11/6/2013 16:00:00	1.02817463875
11/7/2013 16:00:00	0.971152424812
11/8/2013 16:00:00	1.00949692726
11/11/2013 16:00:00	1.00465357304
11/12/2013 16:00:00	1.00959563255
11/13/2013 16:00:00	1.04576539993
11/14/2013 16:00:00	1.0538687706
11/15/2013 16:00:00	1.06118178368
11/18/2013 16:00:00	1.03183090687
11/19/2013 16:00:00	1.02165174484
11/20/2013 16:00:00	1.0145368576
11/21/2013 16:00:00	1.04556727409
11/22/2013 16:00:00	1.06207096577
11/25/2013 16:00:00	1.06908786297
11/26/2013 16:00:00	1.08677780628
11/27/2013 16:00:00	1.10851931572
11/29/2013 16:00:00	1.12670254707
12/2/2013 16:00:00	1.11968576908
12/3/2013 16:00:00	1.11642503738
12/4/2013 16:00:00	1.11929142475
12/5/2013 16:00:00	1.11583209038
12/6/2013 16:00:00	1.13885843754
12/9/2013 16:00:00	1.15249657631
12/10/2013 16:00:00	1.15042078495
12/11/2013 16:00:00	1.10743236542
12/12/2013 16:00:00	1.09843921661
12/13/2013 16:00:00	1.09320139885
12/16/2013 16:00:00	1.11197733879
12/17/2013 16:00:00	1.1049618721
12/18/2013 16:00:00	1.14310765266
12/19/2013 16:00:00	1.13283026218
12/20/2013 16:00:00	1.16692435741
12/23/2013 16:00:00	1.20467567444
12/24/2013 16:00:00	1.206356287
12/26/2013 16:00:00	1.21811544895
12/27/2013 16:00:00	1.20922124386
12/30/2013 16:00:00	1.20289731026
12/31/2013 16:00:00	1.2265162468
1/2/2014 16:00:00	1.19785642624
1/3/2014 16:00:00	1.17176675797
1/6/2014 16:00:00	1.15931487083
1/7/2014 16:00:00	1.18935799599
1/8/2014 16:00:00	1.19825208187
1/9/2014 16:00:00	1.1858985424
1/10/2014 16:00:00	1.19775795937
1/13/2014 16:00:00	1.14449131489
1/14/2014 16:00:00	1.21001243591
1/15/2014 16:00:00	1.23827600479
1/16/2014 16:00:00	1.24084579945
1/17/2014 16:00:00	1.21880805492
1/21/2014 16:00:00	1.24608373642
1/22/2014 16:00:00	1.2576457262
1/23/2014 16:00:00	1.24252605438
1/24/2014 16:00:00	1.16890060902
1/27/2014 16:00:00	1.13490521908
1/28/2014 16:00:00	1.13450956345
1/29/2014 16:00:00	1.09873557091
1/30/2014 16:00:00	1.15664684772
1/31/2014 16:00:00	1.14854300022
2/3/2014 16:00:00	1.07244837284
2/4/2014 16:00:00	1.09339869022
2/5/2014 16:00:00	1.0833183527
2/6/2014 16:00:00	1.12482500076
2/7/2014 16:00:00	1.18451559544
2/10/2014 16:00:00	1.20625650883
2/11/2014 16:00:00	1.24756574631
2/12/2014 16:00:00	1.25349533558
2/13/2014 16:00:00	1.28571176529
2/14/2014 16:00:00	1.28946757317
2/18/2014 16:00:00	1.30962777138
2/19/2014 16:00:00	1.28096830845
2/20/2014 16:00:00	1.2995480299
2/21/2014 16:00:00	1.29282712936
2/24/2014 16:00:00	1.31555747986
2/25/2014 16:00:00	1.31081366539
2/26/2014 16:00:00	1.30646502972
2/27/2014 16:00:00	1.33216011524
2/28/2014 16:00:00	1.32543957233
3/3/2014 16:00:00	1.29638493061
3/4/2014 16:00:00	1.34856426716
3/5/2014 16:00:00	1.35963320732
3/6/2014 16:00:00	1.35449361801
3/7/2014 16:00:00	1.33512496948
3/10/2014 16:00:00	1.33789145947
3/11/2014 16:00:00	1.32128846645
3/12/2014 16:00:00	1.33611226082
3/13/2014 16:00:00	1.27938747406
3/14/2014 16:00:00	1.25309944153
3/17/2014 16:00:00	1.28650295734
3/18/2014 16:00:00	1.33275294304
3/19/2014 16:00:00	1.31081366539
3/20/2014 16:00:00	1.32109117508
3/21/2014 16:00:00	1.27266669273
3/24/2014 16:00:00	1.24064743519
3/25/2014 16:00:00	1.25211191177
3/26/2014 16:00:00	1.20447766781
3/27/2014 16:00:00	1.18313133717
3/28/2014 16:00:00	1.19083976746
3/31/2014 16:00:00	1.21455776691
4/1/2014 16:00:00	1.28037548065
4/2/2014 16:00:00	1.29045557976
4/3/2014 16:00:00	1.26001727581
4/4/2014 16:00:00	1.16000652313
4/7/2014 16:00:00	1.12522065639
4/8/2014 16:00:00	1.15664684772
4/9/2014 16:00:00	1.21594202518
4/10/2014 16:00:00	1.1036760807
4/11/2014 16:00:00	1.06513464451
4/14/2014 16:00:00	1.08905076981
4/15/2014 16:00:00	1.09992134571
4/16/2014 16:00:00	1.14261341095
4/17/2014 16:00:00	1.14320659637
4/21/2014 16:00:00	1.16909873486
4/22/2014 16:00:00	1.19775795937
4/23/2014 16:00:00	1.1651455164
4/24/2014 16:00:00	1.19953680038
4/25/2014 16:00:00	1.14162528515
4/28/2014 16:00:00	1.15387952328
4/29/2014 16:00:00	1.17937648296
4/30/2014 16:00:00	1.18985211849
5/1/2014 16:00:00	1.20052540302
5/2/2014 16:00:00	1.19459545612
5/5/2014 16:00:00	1.21159315109
5/6/2014 16:00:00	1.16474986076
5/7/2014 16:00:00	1.15427541733
5/8/2014 16:00:00	1.15032184124
5/9/2014 16:00:00	1.16376233101
5/12/2014 16:00:00	1.2204874754
5/13/2014 16:00:00	1.22305738926
5/14/2014 16:00:00	1.20487320423
5/15/2014 16:00:00	1.17700469494
5/16/2014 16:00:00	1.19894373417
5/19/2014 16:00:00	1.22463810444
5/20/2014 16:00:00	1.21119856834
5/21/2014 16:00:00	1.24539101124
5/22/2014 16:00:00	1.26080775261
5/23/2014 16:00:00	1.28907227516
5/27/2014 16:00:00	1.33749651909
5/28/2014 16:00:00	1.32484638691
5/29/2014 16:00:00	1.35172772408
5/30/2014 16:00:00	1.35054147243
6/2/2014 16:00:00	1.34718096256
6/3/2014 16:00:00	1.34520506859
6/4/2014 16:00:00	1.35943567753
6/5/2014 16:00:00	1.39481437206
6/6/2014 16:00:00	1.41734659672
6/9/2014 16:00:00	1.41477739811
6/10/2014 16:00:00	1.42288148403
6/11/2014 16:00:00	1.42070686817
6/12/2014 16:00:00	1.38354849815
6/13/2014 16:00:00	1.39303588867
6/16/2014 16:00:00	1.39817500114
6/17/2014 16:00:00	1.40015089512
6/18/2014 16:00:00	1.4256477356
6/19/2014 16:00:00	1.42011415958
6/20/2014 16:00:00	1.42525315285
6/23/2014 16:00:00	1.4268335104
6/24/2014 16:00:00	1.42288148403
6/25/2014 16:00:00	1.44901442528
6/26/2014 16:00:00	1.45296859741
6/27/2014 16:00:00	1.46739900112
6/30/2014 16:00:00	1.47827219963
7/1/2014 16:00:00	1.52788984776
7/2/2014 16:00:00	1.5338203907
7/3/2014 16:00:00	1.56327533722
7/7/2014 16:00:00	1.5482519865
7/8/2014 16:00:00	1.49428462982
7/9/2014 16:00:00	1.5280880928
7/10/2014 16:00:00	1.51365673542
7/11/2014 16:00:00	1.53994894028
7/14/2014 16:00:00	1.56940305233
7/15/2014 16:00:00	1.55299627781
7/16/2014 16:00:00	1.57058930397
7/17/2014 16:00:00	1.50792443752
7/18/2014 16:00:00	1.57928776741
7/21/2014 16:00:00	1.57355451584
7/22/2014 16:00:00	1.60478889942
7/23/2014 16:00:00	1.63483679295
7/24/2014 16:00:00	1.62910366058
7/25/2014 16:00:00	1.60913705826
7/28/2014 16:00:00	1.61111485958
7/29/2014 16:00:00	1.60300958157
7/30/2014 16:00:00	1.622184515
7/31/2014 16:00:00	1.52334356308
8/1/2014 16:00:00	1.50574934483
8/4/2014 16:00:00	1.53658819199
8/5/2014 16:00:00	1.50060963631
8/6/2014 16:00:00	1.49803996086
8/7/2014 16:00:00	1.48360931873
8/8/2014 16:00:00	1.51523852348
8/11/2014 16:00:00	1.54271614552
8/12/2014 16:00:00	1.5391575098
8/13/2014 16:00:00	1.58917212486
8/14/2014 16:00:00	1.61368453503
8/15/2014 16:00:00	1.63562738895
8/18/2014 16:00:00	1.67516422272
8/19/2014 16:00:00	1.70402514935
8/20/2014 16:00:00	1.70402514935
8/21/2014 16:00:00	1.71371221542
8/22/2014 16:00:00	1.72043323517
8/25/2014 16:00:00	1.73960840702
8/26/2014 16:00:00	1.74553871155
8/27/2014 16:00:00	1.7457369566
8/28/2014 16:00:00	1.73862051964
8/29/2014 16:00:00	1.75898134708
9/2/2014 16:00:00	1.77361011505
9/3/2014 16:00:00	1.74316644669
9/4/2014 16:00:00	1.73763144016
9/5/2014 16:00:00	1.7645162344
9/8/2014 16:00:00	1.77341187
9/9/2014 16:00:00	1.73031759262
9/10/2014 16:00:00	1.77044677734
9/11/2014 16:00:00	1.76906323433
9/12/2014 16:00:00	1.74118995667
9/15/2014 16:00:00	1.68880438805
9/16/2014 16:00:00	1.73446893692
9/17/2014 16:00:00	1.7429690361
9/18/2014 16:00:00	1.78052854538
9/19/2014 16:00:00	1.77657532692
9/22/2014 16:00:00	1.72834014893
9/23/2014 16:00:00	1.71331632137
9/24/2014 16:00:00	1.76886570454
9/25/2014 16:00:00	1.65658140182
9/26/2014 16:00:00	1.70956087112
9/29/2014 16:00:00	1.70382785797
9/30/2014 16:00:00	1.71015405655
10/1/2014 16:00:00	1.62831330299
10/2/2014 16:00:00	1.62752199173
10/3/2014 16:00:00	1.67654776573
10/6/2014 16:00:00	1.66508233547
10/7/2014 16:00:00	1.59470689297
10/8/2014 16:00:00	1.68682658672
10/9/2014 16:00:00	1.60281217098
10/10/2014 16:00:00	1.48281812668
10/13/2014 16:00:00	1.41343176365
10/14/2014 16:00:00	1.41600191593
10/15/2014 16:00:00	1.38575649261
10/16/2014 16:00:00	1.36420834064
10/17/2014 16:00:00	1.41758286953
10/20/2014 16:00:00	1.47866690159
10/21/2014 16:00:00	1.59431123734
10/22/2014 16:00:00	1.56960129738
10/23/2014 16:00:00	1.64136052132
10/24/2014 16:00:00	1.67911708355
10/27/2014 16:00:00	1.68544363976
10/28/2014 16:00:00	1.76076042652
10/29/2014 16:00:00	1.73960840702
10/30/2014 16:00:00	1.75048112869
10/31/2014 16:00:00	1.82263457775
11/3/2014 16:00:00	1.84141516685
11/4/2014 16:00:00	1.82184433937
11/5/2014 16:00:00	1.82164728642
11/6/2014 16:00:00	1.83726358414
11/7/2014 16:00:00	1.83271706104
11/10/2014 16:00:00	1.85149693489
11/11/2014 16:00:00	1.86909091473
11/12/2014 16:00:00	1.87936997414
11/13/2014 16:00:00	1.90348780155
11/14/2014 16:00:00	1.92108082771
11/17/2014 16:00:00	1.9030919075
11/18/2014 16:00:00	1.94579184055
11/19/2014 16:00:00	1.92108082771
11/20/2014 16:00:00	1.9465816021
11/21/2014 16:00:00	1.9606180191
11/24/2014 16:00:00	2.00489926338
11/25/2014 16:00:00	2.01142263412
11/26/2014 16:00:00	2.05254006386
11/28/2014 16:00:00	2.08318114281
12/1/2014 16:00:00	2.00628304482
12/2/2014 16:00:00	2.02782964706
12/3/2014 16:00:00	2.04621434212
12/4/2014 16:00:00	2.04008603096
12/5/2014 16:00:00	2.04146981239
12/8/2014 16:00:00	1.99738717079
12/9/2014 16:00:00	2.01676011086
12/10/2014 16:00:00	1.9191044569
12/11/2014 16:00:00	1.9491519928
12/12/2014 16:00:00	1.88470745087
12/15/2014 16:00:00	1.82817065716
12/16/2014 16:00:00	1.73743402958
12/17/2014 16:00:00	1.83074009418
12/18/2014 16:00:00	1.96496653557
12/19/2014 16:00:00	1.98690891266
12/22/2014 16:00:00	2.00523805618
12/23/2014 16:00:00	1.98605895042
12/24/2014 16:00:00	1.99021136761
12/26/2014 16:00:00	2.03054499626
12/29/2014 16:00:00	2.0309407711
12/30/2014 16:00:00	1.98902487755
12/31/2014 16:00:00	1.92674446106
1/2/2015 16:00:00	1.91092741489
1/5/2015 16:00:00	1.82492089272
1/6/2015 16:00:00	1.75255668163
1/7/2015 16:00:00	1.81997692585
1/8/2015 16:00:00	1.92377793789
1/9/2015 16:00:00	1.88482892513
1/12/2015 16:00:00	1.82689750195
1/13/2015 16:00:00	1.82531571388
1/14/2015 16:00:00	1.79724013805
1/15/2015 16:00:00	1.72586512566
1/16/2015 16:00:00	1.78735399246
1/20/2015 16:00:00	1.82689750195
1/21/2015 16:00:00	1.85497319698
1/22/2015 16:00:00	1.95818090439
1/23/2015 16:00:00	1.97123003006
1/26/2015 16:00:00	1.96688044071
1/27/2015 16:00:00	1.81463885307
1/28/2015 16:00:00	1.783400774
1/29/2015 16:00:00	1.8350045681
1/30/2015 16:00:00	1.79289054871
2/2/2015 16:00:00	1.83994674683
2/3/2015 16:00:00	1.89016723633
2/4/2015 16:00:00	1.88522350788
2/5/2015 16:00:00	1.93524646759
2/6/2015 16:00:00	1.90005230904
2/9/2015 16:00:00	1.87909448147
2/10/2015 16:00:00	1.96905612946
2/11/2015 16:00:00	1.99120020866
2/12/2015 16:00:00	2.060795784
2/13/2015 16:00:00	2.11279511452
2/17/2015 16:00:00	2.11852931976
2/18/2015 16:00:00	2.1276242733
2/19/2015 16:00:00	2.15965366364
2/20/2015 16:00:00	2.20117402077
2/23/2015 16:00:00	2.20987486839
2/24/2015 16:00:00	2.21442103386
2/25/2015 16:00:00	2.19662666321
2/26/2015 16:00:00	2.23004150391
2/27/2015 16:00:00	2.2005815506
3/2/2015 16:00:00	2.25989580154
3/3/2015 16:00:00	2.22747063637
3/4/2015 16:00:00	2.20275640488
3/5/2015 16:00:00	2.212444067
3/6/2015 16:00:00	2.136323452
3/9/2015 16:00:00	2.15688538551
3/10/2015 16:00:00	2.03746509552
3/11/2015 16:00:00	2.00167918205
3/12/2015 16:00:00	2.04003500938
3/13/2015 16:00:00	2.0137398243
3/16/2015 16:00:00	2.09084868431
3/17/2015 16:00:00	2.1025147438
3/18/2015 16:00:00	2.1630153656
3/19/2015 16:00:00	2.17349410057
3/20/2015 16:00:00	2.21857309341
3/23/2015 16:00:00	2.19998788834
3/24/2015 16:00:00	2.17764568329
3/25/2015 16:00:00	2.02580428123
3/26/2015 16:00:00	2.0091946125
3/27/2015 16:00:00	2.02857303619
3/30/2015 16:00:00	2.10153770447
3/31/2015 16:00:00	2.03648257256
4/1/2015 16:00:00	2.00207638741
4/2/2015 16:00:00	2.00543856621
4/6/2015 16:00:00	2.05368518829
4/7/2015 16:00:00	2.04419398308
4/8/2015 16:00:00	2.09283661842
4/9/2015 16:00:00	2.13179087639
4/10/2015 16:00:00	2.15729951859
4/13/2015 16:00:00	2.14128255844
4/14/2015 16:00:00	2.12289309502
4/15/2015 16:00:00	2.16046237946
4/16/2015 16:00:00	2.15294837952
4/17/2015 16:00:00	2.05230140686
4/20/2015 16:00:00	2.14405059814
4/21/2015 16:00:00	2.1715362072
4/22/2015 16:00:00	2.20673251152
4/23/2015 16:00:00	2.23322987556
4/24/2015 16:00:00	2.32062888145
4/27/2015 16:00:00	2.30579829216
4/28/2015 16:00:00	2.29077100754
4/29/2015 16:00:00	2.24707078934
4/30/2015 16:00:00	2.14148020744
5/1/2015 16:00:00	2.22808790207
5/4/2015 16:00:00	2.23599791527
5/5/2015 16:00:00	2.13001132011
5/6/2015 16:00:00	2.08453154564
5/7/2015 16:00:00	2.1203224659
5/8/2015 16:00:00	2.19803261757
5/11/2015 16:00:00	2.1739089489
5/12/2015 16:00:00	2.14582967758
5/13/2015 16:00:00	2.15690350533
5/14/2015 16:00:00	2.25241041183
5/15/2015 16:00:00	2.25221204758
5/18/2015 16:00:00	2.27989554405
5/19/2015 16:00:00	2.27336931229
5/20/2015 16:00:00	2.27712702751
5/21/2015 16:00:00	2.31291723251
5/22/2015 16:00:00	2.30658912659
5/26/2015 16:00:00	2.22670435905
5/27/2015 16:00:00	2.33387637138
5/28/2015 16:00:00	2.31667423248
5/29/2015 16:00:00	2.27752184868
6/1/2015 16:00:00	2.29749369621
6/2/2015 16:00:00	2.27653408051
6/3/2015 16:00:00	2.29650473595
6/4/2015 16:00:00	2.24647784233
6/5/2015 16:00:00	2.22947192192
6/8/2015 16:00:00	2.16125297546
6/9/2015 16:00:00	2.15057563782
6/10/2015 16:00:00	2.23580026627
6/11/2015 16:00:00	2.24806022644
6/12/2015 16:00:00	2.19091367722
6/15/2015 16:00:00	2.16066050529
6/16/2015 16:00:00	2.19368243217
6/17/2015 16:00:00	2.2120718956
6/18/2015 16:00:00	2.30560040474
6/19/2015 16:00:00	2.27040410042
6/22/2015 16:00:00	2.32517695427
6/23/2015 16:00:00	2.33091044426
6/24/2015 16:00:00	2.29512071609
6/25/2015 16:00:00	2.28009319305
6/26/2015 16:00:00	2.23777723312
6/29/2015 16:00:00	2.07958912849
6/30/2015 16:00:00	2.10331678391
7/1/2015 16:00:00	2.14642286301
7/2/2015 16:00:00	2.15453076363
7/6/2015 16:00:00	2.13633918762
7/7/2015 16:00:00	2.14721441269
7/8/2015 16:00:00	2.03964614868
7/9/2015 16:00:00	2.03371357918
7/10/2015 16:00:00	2.12823271751
7/13/2015 16:00:00	2.23698616028
7/14/2015 16:00:00	2.28187274933
7/15/2015 16:00:00	2.2927479744
7/16/2015 16:00:00	2.3823223114
7/17/2015 16:00:00	2.49127578735
7/20/2015 16:00:00	2.51915597916
7/21/2015 16:00:00	2.51223468781
7/22/2015 16:00:00	2.42977905273
7/23/2015 16:00:00	2.40071177483
7/24/2015 16:00:00	2.33249306679
7/27/2015 16:00:00	2.27257919312
7/28/2015 16:00:00	2.33249306679
7/29/2015 16:00:00	2.3585934639
7/30/2015 16:00:00	2.39141774178
7/31/2015 16:00:00	2.38410210609
8/3/2015 16:00:00	2.36215400696
8/4/2015 16:00:00	2.34692788124
8/5/2015 16:00:00	2.40189814568
8/6/2015 16:00:00	2.28661870956
8/7/2015 16:00:00	2.27752184868
8/10/2015 16:00:00	2.35444164276
8/11/2015 16:00:00	2.26466965675
8/12/2015 16:00:00	2.28464031219
8/13/2015 16:00:00	2.27435803413
8/14/2015 16:00:00	2.28661870956
8/17/2015 16:00:00	2.34277486801
8/18/2015 16:00:00	2.30540299416
8/19/2015 16:00:00	2.2620985508
8/20/2015 16:00:00	2.07583117485
8/21/2015 16:00:00	1.81758892536
8/24/2015 16:00:00	1.60225427151
8/25/2015 16:00:00	1.58109629154
8/26/2015 16:00:00	1.80928385258
8/27/2015 16:00:00	1.95066416264
8/28/2015 16:00:00	1.94908356667
8/31/2015 16:00:00	1.87671172619
9/1/2015 16:00:00	1.7064614296
9/2/2015 16:00:00	1.84527206421
9/3/2015 16:00:00	1.81481981277
9/4/2015 16:00:00	1.7541154623
9/8/2015 16:00:00	1.90301084518
9/9/2015 16:00:00	1.83676850796
9/10/2015 16:00:00	1.8954962492
9/11/2015 16:00:00	1.92614555359
9/14/2015 16:00:00	1.90894281864
9/15/2015 16:00:00	1.97557914257
9/16/2015 16:00:00	2.00860118866
9/17/2015 16:00:00	2.0141377449
9/18/2015 16:00:00	1.92891442776
9/21/2015 16:00:00	1.94532561302
9/22/2015 16:00:00	1.85950899124
9/23/2015 16:00:00	1.86247479916
9/24/2015 16:00:00	1.84092116356
9/25/2015 16:00:00	1.7962334156
9/28/2015 16:00:00	1.64140594006
9/29/2015 16:00:00	1.61708438396
9/30/2015 16:00:00	1.72405922413
10/1/2015 16:00:00	1.74818348885
10/2/2015 16:00:00	1.83894443512
10/5/2015 16:00:00	1.9227836132
10/6/2015 16:00:00	1.89529883862
10/7/2015 16:00:00	1.92575001717
10/8/2015 16:00:00	1.94928050041
10/9/2015 16:00:00	1.9730091095
10/12/2015 16:00:00	1.98961865902
10/13/2015 16:00:00	1.95066416264
10/14/2015 16:00:00	1.94236016273
10/15/2015 16:00:00	2.03727293015
10/16/2015 16:00:00	2.0625834465
10/19/2015 16:00:00	2.09956002235
10/20/2015 16:00:00	2.06475925446
10/21/2015 16:00:00	2.03153944016
10/22/2015 16:00:00	2.15196013451
10/23/2015 16:00:00	2.33091044426
10/26/2015 16:00:00	2.33783125877
10/27/2015 16:00:00	2.35305762291
10/28/2015 16:00:00	2.40763354301
10/29/2015 16:00:00	2.39873480797
10/30/2015 16:00:00	2.36591005325
11/2/2015 16:00:00	2.44658613205
11/3/2015 16:00:00	2.46992015839
11/4/2015 16:00:00	2.47090744972
11/5/2015 16:00:00	2.44915747643
11/6/2015 16:00:00	2.45726394653
11/9/2015 16:00:00	2.37817025185
11/10/2015 16:00:00	2.36136269569
11/11/2015 16:00:00	2.35088205338
11/12/2015 16:00:00	2.28266358376
11/13/2015 16:00:00	2.14840054512
11/16/2015 16:00:00	2.23797607422
11/17/2015 16:00:00	2.24568724632
11/18/2015 16:00:00	2.37441325188
11/19/2015 16:00:00	2.37797236443
11/20/2015 16:00:00	2.42523145676
11/23/2015 16:00:00	2.40565514565
11/24/2015 16:00:00	2.39814186096
11/25/2015 16:00:00	2.40348052979
11/27/2015 16:00:00	2.41218018532
11/30/2015 16:00:00	2.39695525169
12/1/2015 16:00:00	2.46813964844
12/2/2015 16:00:00	2.42325377464
12/3/2015 16:00:00	2.29966855049
12/4/2015 16:00:00	2.45766019821
12/7/2015 16:00:00	2.4276034832
12/8/2015 16:00:00	2.42780184746
12/9/2015 16:00:00	2.31469678879
12/10/2015 16:00:00	2.34752058983
12/11/2015 16:00:00	2.18656349182
12/14/2015 16:00:00	2.23560285568
12/15/2015 16:00:00	2.27356815338
12/16/2015 16:00:00	2.37401747704
12/17/2015 16:00:00	2.2751493454
12/18/2015 16:00:00	2.15018057823
12/21/2015 16:00:00	2.21404838562
12/22/2015 16:00:00	2.25596904755
12/23/2015 16:00:00	2.30757808685
12/24/2015 16:00:00	2.30283308029
12/28/2015 16:00:00	2.30223965645
12/29/2015 16:00:00	2.40723705292
12/30/2015 16:00:00	2.34574079514
12/31/2015 16:00:00	2.25873827934
1/4/2016 16:00:00	2.12071800232
1/5/2016 16:00:00	2.10173487663
1/6/2016 16:00:00	2.04538083076
1/7/2016 16:00:00	1.85080826283
1/8/2016 16:00:00	1.80710840225
1/11/2016 16:00:00	1.82292735577
1/12/2016 16:00:00	1.88442373276
1/13/2016 16:00:00	1.68728041649
1/14/2016 16:00:00	1.79643034935
1/15/2016 16:00:00	1.63132119179
1/19/2016 16:00:00	1.63824260235
1/20/2016 16:00:00	1.62341213226
1/21/2016 16:00:00	1.62934446335
1/22/2016 16:00:00	1.76973628998
1/25/2016 16:00:00	1.69004869461
1/26/2016 16:00:00	1.73829615116
1/27/2016 16:00:00	1.60897684097
1/28/2016 16:00:00	1.67245006561
1/29/2016 16:00:00	1.78140294552
2/1/2016 16:00:00	1.79148757458
2/2/2016 16:00:00	1.67778861523
2/3/2016 16:00:00	1.65406060219
2/4/2016 16:00:00	1.65109467506
2/5/2016 16:00:00	1.48123979568
2/8/2016 16:00:00	1.41361427307
2/9/2016 16:00:00	1.39720153809
2/10/2016 16:00:00	1.41381168365
2/11/2016 16:00:00	1.41045081615
2/12/2016 16:00:00	1.47056221962
2/16/2016 16:00:00	1.56844139099
2/17/2016 16:00:00	1.67680108547
2/18/2016 16:00:00	1.61985301971
2/19/2016 16:00:00	1.63666045666
2/22/2016 16:00:00	1.71397435665
2/23/2016 16:00:00	1.62855279446
2/24/2016 16:00:00	1.67699837685
2/25/2016 16:00:00	1.72326862812
2/26/2016 16:00:00	1.71931374073
2/29/2016 16:00:00	1.67383480072
3/1/2016 16:00:00	1.83400094509
3/2/2016 16:00:00	1.83597779274
3/3/2016 16:00:00	1.82569622993
3/4/2016 16:00:00	1.82885956764
3/7/2016 16:00:00	1.79484915733
3/8/2016 16:00:00	1.74739289284
3/9/2016 16:00:00	1.78080952168
3/10/2016 16:00:00	1.77408695221
3/11/2016 16:00:00	1.86603426933
3/14/2016 16:00:00	1.87690937519
3/15/2016 16:00:00	1.87572300434
3/16/2016 16:00:00	1.92357575893
3/17/2016 16:00:00	1.91803812981
3/18/2016 16:00:00	1.92911148071
3/21/2016 16:00:00	1.95204913616
3/22/2016 16:00:00	1.96944975853
3/23/2016 16:00:00	1.92258644104
3/24/2016 16:00:00	1.92199349403
3/28/2016 16:00:00	1.91507220268
3/29/2016 16:00:00	2.0066242218
3/30/2016 16:00:00	2.0366795063
3/31/2016 16:00:00	2.02481532097
4/1/2016 16:00:00	2.09224367142
4/4/2016 16:00:00	2.06633996964
4/5/2016 16:00:00	2.01077651978
4/6/2016 16:00:00	2.10707378387
4/7/2016 16:00:00	2.01611590385
4/8/2016 16:00:00	2.01136994362
4/11/2016 16:00:00	1.98981618881
4/12/2016 16:00:00	2.03628468513
4/13/2016 16:00:00	2.11577486992
4/14/2016 16:00:00	2.11715865135
4/15/2016 16:00:00	2.10094428062
4/18/2016 16:00:00	2.13198852539
4/19/2016 16:00:00	2.0952103138
4/20/2016 16:00:00	2.10035157204
4/21/2016 16:00:00	2.10094428062
4/22/2016 16:00:00	2.00583267212
4/25/2016 16:00:00	2.00425076485
4/26/2016 16:00:00	1.97676551342
4/27/2016 16:00:00	1.9293088913
4/28/2016 16:00:00	1.86089265347
4/29/2016 16:00:00	1.83123230934
5/2/2016 16:00:00	1.87967813015
5/3/2016 16:00:00	1.82965040207
5/4/2016 16:00:00	1.79346418381
5/5/2016 16:00:00	1.79247641563
5/6/2016 16:00:00	1.81837928295
5/9/2016 16:00:00	1.83439600468
5/10/2016 16:00:00	1.91131532192
5/11/2016 16:00:00	1.85911297798
5/12/2016 16:00:00	1.83301210403
5/13/2016 16:00:00	1.81086599827
5/16/2016 16:00:00	1.88066625595
5/17/2016 16:00:00	1.80849277973
5/18/2016 16:00:00	1.82905721664
5/19/2016 16:00:00	1.80018806458
5/20/2016 16:00:00	1.86029982567
5/23/2016 16:00:00	1.85120379925
5/24/2016 16:00:00	1.96450686455
5/25/2016 16:00:00	2.00682258606
5/26/2016 16:00:00	2.02362918854
5/27/2016 16:00:00	2.05408120155
5/31/2016 16:00:00	2.06633996964
6/1/2016 16:00:00	2.06713151932
6/2/2016 16:00:00	2.07879662514
6/3/2016 16:00:00	2.05032372475
6/6/2016 16:00:00	2.07227182388
6/7/2016 16:00:00	2.0576403141
6/8/2016 16:00:00	2.06673574448
6/9/2016 16:00:00	2.0576403141
6/10/2016 16:00:00	1.98843288422
6/13/2016 16:00:00	1.93741667271
6/14/2016 16:00:00	1.93840563297
6/15/2016 16:00:00	1.92100417614
6/16/2016 16:00:00	1.93484640121
6/17/2016 16:00:00	1.86860466003
6/20/2016 16:00:00	1.90221989155
6/21/2016 16:00:00	1.92120242119
6/22/2016 16:00:00	1.90874540806
6/23/2016 16:00:00	1.9892231226
6/24/2016 16:00:00	1.74561333656
6/27/2016 16:00:00	1.64397621155
6/28/2016 16:00:00	1.74699687958
6/29/2016 16:00:00	1.83775758743
6/30/2016 16:00:00	1.90459287167
7/1/2016 16:00:00	1.93069350719
7/5/2016 16:00:00	1.89648509026
7/6/2016 16:00:00	1.94117259979
7/7/2016 16:00:00	1.95956289768
7/8/2016 16:00:00	2.05012583733
7/11/2016 16:00:00	2.08512544632
7/12/2016 16:00:00	2.11794924736
7/13/2016 16:00:00	2.10311865807
7/14/2016 16:00:00	2.14582967758
7/15/2016 16:00:00	2.1337685585
7/18/2016 16:00:00	2.17628145218
7/19/2016 16:00:00	2.15374064445
7/20/2016 16:00:00	2.22749471664
7/21/2016 16:00:00	2.2142469883
7/22/2016 16:00:00	2.23995280266
7/25/2016 16:00:00	2.24192881584
7/26/2016 16:00:00	2.24944400787
7/27/2016 16:00:00	2.29334163666
7/28/2016 16:00:00	2.31825637817
7/29/2016 16:00:00	2.33348226547
8/1/2016 16:00:00	2.37006258965
8/2/2016 16:00:00	2.31667423248
8/3/2016 16:00:00	2.33862328529
8/4/2016 16:00:00	2.359582901
8/5/2016 16:00:00	2.42780184746
8/8/2016 16:00:00	2.4200899601
8/9/2016 16:00:00	2.43610668182
8/10/2016 16:00:00	2.41732192039
8/11/2016 16:00:00	2.448564291
8/12/2016 16:00:00	2.45311164856
8/15/2016 16:00:00	2.48395824432
8/16/2016 16:00:00	2.44480681419
8/17/2016 16:00:00	2.45627570152
8/18/2016 16:00:00	2.4586482048
8/19/2016 16:00:00	2.45528697968
8/22/2016 16:00:00	2.45766019821
8/23/2016 16:00:00	2.47229290009
8/24/2016 16:00:00	2.42463803291
8/25/2016 16:00:00	2.41316914558
8/26/2016 16:00:00	2.42483615875
8/29/2016 16:00:00	2.43155860901
8/30/2016 16:00:00	2.40961003304
8/31/2016 16:00:00	2.40328192711
9/1/2016 16:00:00	2.41395950317
9/2/2016 16:00:00	2.44223618507
9/6/2016 16:00:00	2.48751783371
9/7/2016 16:00:00	2.49206566811
9/8/2016 16:00:00	2.44935488701
9/9/2016 16:00:00	2.26368141174
9/12/2016 16:00:00	2.37975215912
9/13/2016 16:00:00	2.32359480858
9/14/2016 16:00:00	2.35345244408
9/15/2016 16:00:00	2.46260309219
9/16/2016 16:00:00	2.45983529091
9/19/2016 16:00:00	2.4276034832
9/20/2016 16:00:00	2.44104981422
9/21/2016 16:00:00	2.51203727722
9/22/2016 16:00:00	2.57076525688
9/23/2016 16:00:00	2.52449464798
9/26/2016 16:00:00	2.46181225777
9/27/2016 16:00:00	2.53161358833
9/28/2016 16:00:00	2.54545474052
9/29/2016 16:00:00	2.49147295952
9/30/2016 16:00:00	2.54268550873
10/3/2016 16:00:00	2.53695201874
10/4/2016 16:00:00	2.52251625061
10/5/2016 16:00:00	2.54881644249
10/6/2016 16:00:00	2.54486107826
10/7/2016 16:00:00	2.52825164795
10/10/2016 16:00:00	2.57353258133
10/11/2016 16:00:00	2.46715116501
10/12/2016 16:00:00	2.46200942993
10/13/2016 16:00:00	2.4331407547
10/14/2016 16:00:00	2.43867778778
10/17/2016 16:00:00	2.42187047005
10/18/2016 16:00:00	2.48395824432
10/19/2016 16:00:00	2.48494696617
10/20/2016 16:00:00	2.47446703911
10/21/2016 16:00:00	2.50135970116
10/24/2016 16:00:00	2.5925154686
10/25/2016 16:00:00	2.56661248207
10/26/2016 16:00:00	2.51737570763
10/27/2016 16:00:00	2.48217821121
10/28/2016 16:00:00	2.43927049637
10/31/2016 16:00:00	2.42542886734
11/1/2016 16:00:00	2.37559962273
11/2/2016 16:00:00	2.31370687485
11/3/2016 16:00:00	2.24707078934
11/4/2016 16:00:00	2.22156357765
11/7/2016 16:00:00	2.38074016571
11/8/2016 16:00:00	2.42740607262
11/9/2016 16:00:00	2.46141648293
11/10/2016 16:00:00	2.3443570137
11/11/2016 16:00:00	2.34238004684
11/14/2016 16:00:00	2.26328492165
11/15/2016 16:00:00	2.36808514595
11/16/2016 16:00:00	2.40664410591
11/17/2016 16:00:00	2.46240544319
11/18/2016 16:00:00	2.43472242355
11/21/2016 16:00:00	2.50788497925
11/22/2016 16:00:00	2.53042721748
11/23/2016 16:00:00	2.49997425079
11/25/2016 16:00:00	2.52409887314
11/28/2016 16:00:00	2.51005935669
11/29/2016 16:00:00	2.53418397903
11/30/2016 16:00:00	2.45212340355
12/1/2016 16:00:00	2.31746530533
12/2/2016 16:00:00	2.3267583847
12/5/2016 16:00:00	2.38054299355
12/6/2016 16:00:00	2.39774632454
12/7/2016 16:00:00	2.48672699928
12/8/2016 16:00:00	2.501953125
12/9/2016 16:00:00	2.56048178673
12/12/2016 16:00:00	2.52488970757
12/13/2016 16:00:00	2.62356090546
12/14/2016 16:00:00	2.60437965393
12/15/2016 16:00:00	2.62019872665
12/16/2016 16:00:00	2.58836317062
12/19/2016 16:00:00	2.62000083923
12/20/2016 16:00:00	2.65163874626
12/21/2016 16:00:00	2.64234519005
12/22/2016 16:00:00	2.61940813065
12/23/2016 16:00:00	2.62751460075
12/27/2016 16:00:00	2.66587543488
12/28/2016 16:00:00	2.60418248177
12/29/2016 16:00:00	2.59152746201
12/30/2016 16:00:00	2.51579403877
1/3/2017 16:00:00	2.57669758797
1/4/2017 16:00:00	2.62059473991
1/5/2017 16:00:00	2.66706180573
1/6/2017 16:00:00	2.73468780518
1/9/2017 16:00:00	2.76237130165
1/10/2017 16:00:00	2.77818965912
1/11/2017 16:00:00	2.79954528809
1/12/2017 16:00:00	2.78530788422
1/13/2017 16:00:00	2.81734132767
1/17/2017 16:00:00	2.79084563255
1/18/2017 16:00:00	2.80982732773
1/19/2017 16:00:00	2.80231356621
1/20/2017 16:00:00	2.82050609589
1/23/2017 16:00:00	2.82683229446
1/24/2017 16:00:00	2.88575911522
1/25/2017 16:00:00	2.96999430656
1/26/2017 16:00:00	2.98225259781
1/27/2017 16:00:00	2.9964902401
1/30/2017 16:00:00	2.92846894264
1/31/2017 16:00:00	2.9122543335
2/1/2017 16:00:00	2.96762108803
2/2/2017 16:00:00	2.96010613441
2/3/2017 16:00:00	2.98581242561
2/6/2017 16:00:00	2.9968855381
2/7/2017 16:00:00	3.02773213387
2/8/2017 16:00:00	3.04473805428
2/9/2017 16:00:00	3.07637619972
2/10/2017 16:00:00	3.10682702065
2/13/2017 16:00:00	3.16140151024
2/14/2017 16:00:00	3.19106197357
2/15/2017 16:00:00	3.24603295326
2/16/2017 16:00:00	3.24326395988
2/17/2017 16:00:00	3.28399825096
2/21/2017 16:00:00	3.33620023727
2/22/2017 16:00:00	3.33659648895
2/23/2017 16:00:00	3.30060768127
2/24/2017 16:00:00	3.31840443611
2/27/2017 16:00:00	3.32829093933
2/28/2017 16:00:00	3.3021903038
3/1/2017 16:00:00	3.4089679718
3/2/2017 16:00:00	3.35518312454
3/3/2017 16:00:00	3.37258338928
3/6/2017 16:00:00	3.34925079346
3/7/2017 16:00:00	3.33264112473
3/8/2017 16:00:00	3.34964728355
3/9/2017 16:00:00	3.35992884636
3/10/2017 16:00:00	3.39670777321
3/13/2017 16:00:00	3.4164814949
3/14/2017 16:00:00	3.39117121696
3/15/2017 16:00:00	3.45049214363
3/16/2017 16:00:00	3.44851398468
3/17/2017 16:00:00	3.44020962715
3/20/2017 16:00:00	3.45049214363
3/21/2017 16:00:00	3.29665279388
3/22/2017 16:00:00	3.36151123047
3/23/2017 16:00:00	3.33461880684
3/24/2017 16:00:00	3.35281062126
3/27/2017 16:00:00	3.37060666084
3/28/2017 16:00:00	3.43388271332
3/29/2017 16:00:00	3.47936081886
3/30/2017 16:00:00	3.4967622757
3/31/2017 16:00:00	3.48845720291
4/3/2017 16:00:00	3.48094320297
4/4/2017 16:00:00	3.4967622757
4/5/2017 16:00:00	3.45681905746
4/6/2017 16:00:00	3.45958733559
4/7/2017 16:00:00	3.45563220978
4/10/2017 16:00:00	3.45958733559
4/11/2017 16:00:00	3.41608643532
4/12/2017 16:00:00	3.37100243568
4/13/2017 16:00:00	3.33105921745
4/17/2017 16:00:00	3.41015434265
4/18/2017 16:00:00	3.40026688576
4/19/2017 16:00:00	3.41213130951
4/20/2017 16:00:00	3.49478459358
4/21/2017 16:00:00	3.49320340157
4/24/2017 16:00:00	3.62015008926
4/25/2017 16:00:00	3.70042991638
4/26/2017 16:00:00	3.68421602249
4/27/2017 16:00:00	3.74867796898
4/28/2017 16:00:00	3.77003240585
5/1/2017 16:00:00	3.8649456501
5/2/2017 16:00:00	3.88788342476
5/3/2017 16:00:00	3.84952235222
5/4/2017 16:00:00	3.85347747803
5/5/2017 16:00:00	3.89539837837
5/8/2017 16:00:00	3.91873049736
5/9/2017 16:00:00	3.96183776855
5/10/2017 16:00:00	3.96816420555
5/11/2017 16:00:00	3.95867300034
5/12/2017 16:00:00	3.9843788147
5/15/2017 16:00:00	4.02155208588
5/16/2017 16:00:00	4.07217407227
5/17/2017 16:00:00	3.76410079002
5/18/2017 16:00:00	3.85940909386
5/19/2017 16:00:00	3.9060754776
5/22/2017 16:00:00	4.00731515884
5/23/2017 16:00:00	4.01720237732
5/24/2017 16:00:00	4.0725684166
5/25/2017 16:00:00	4.17974185944
5/26/2017 16:00:00	4.19753789902
5/30/2017 16:00:00	4.20623826981
5/31/2017 16:00:00	4.20109701157
6/1/2017 16:00:00	4.2513217926
6/2/2017 16:00:00	4.39645957947
6/5/2017 16:00:00	4.39290094376
6/6/2017 16:00:00	4.34307146072
6/7/2017 16:00:00	4.39052867889
6/8/2017 16:00:00	4.40239191055
6/9/2017 16:00:00	4.08403778076
6/12/2017 16:00:00	4.0100851059
6/13/2017 16:00:00	4.10381126404
6/14/2017 16:00:00	4.04883956909
6/15/2017 16:00:00	3.99426531792
6/16/2017 16:00:00	3.94641423225
6/19/2017 16:00:00	4.13742733002
6/20/2017 16:00:00	4.0437002182
6/21/2017 16:00:00	4.16115570068
6/22/2017 16:00:00	4.15640878677
6/23/2017 16:00:00	4.20307397842
6/26/2017 16:00:00	4.14731264114
6/27/2017 16:00:00	3.91912674904
6/28/2017 16:00:00	4.08364152908
6/29/2017 16:00:00	3.87562298775
6/30/2017 16:00:00	3.86217880249
7/3/2017 16:00:00	3.75698208809
7/5/2017 16:00:00	3.86415529251
7/6/2017 16:00:00	3.76212358475
7/7/2017 16:00:00	3.87483334541
7/10/2017 16:00:00	3.95590519905
7/11/2017 16:00:00	3.98833298683
7/12/2017 16:00:00	4.13030815125
7/13/2017 16:00:00	4.15759420395
7/14/2017 16:00:00	4.25527763367
7/17/2017 16:00:00	4.25764989853
7/18/2017 16:00:00	4.34228038788
7/19/2017 16:00:00	4.4217710495
7/20/2017 16:00:00	4.43837976456
7/21/2017 16:00:00	4.43165826797
7/24/2017 16:00:00	4.48939609528
7/25/2017 16:00:00	4.45934104919
7/26/2017 16:00:00	4.49928426743
7/27/2017 16:00:00	4.41900110245
7/28/2017 16:00:00	4.40476465225
7/31/2017 16:00:00	4.34742259979
8/1/2017 16:00:00	4.37589693069
8/2/2017 16:00:00	4.40792942047
8/3/2017 16:00:00	4.36205434799
8/4/2017 16:00:00	4.37905883789
8/7/2017 16:00:00	4.45657205582
8/8/2017 16:00:00	4.43996238708
8/9/2017 16:00:00	4.42256164551
8/10/2017 16:00:00	4.13544940948
8/11/2017 16:00:00	4.22996664047
8/14/2017 16:00:00	4.39448308945
8/15/2017 16:00:00	4.40239191055
8/16/2017 16:00:00	4.42533016205
8/17/2017 16:00:00	4.15324497223
8/18/2017 16:00:00	4.13861370087
8/21/2017 16:00:00	4.13109970093
8/22/2017 16:00:00	4.31499290466
8/23/2017 16:00:00	4.26674556732
8/24/2017 16:00:00	4.231153965
8/25/2017 16:00:00	4.20267915726
8/28/2017 16:00:00	4.23945760727
8/29/2017 16:00:00	4.29166030884
8/30/2017 16:00:00	4.44035625458
8/31/2017 16:00:00	4.56651353836
9/1/2017 16:00:00	4.56334972382
9/5/2017 16:00:00	4.44114971161
9/6/2017 16:00:00	4.47950935364
9/7/2017 16:00:00	4.50719261169
9/8/2017 16:00:00	4.39606618881
9/11/2017 16:00:00	4.53606176376
9/12/2017 16:00:00	4.57442140579
9/13/2017 16:00:00	4.59340572357
9/14/2017 16:00:00	4.51589393616
9/15/2017 16:00:00	4.55227661133
9/18/2017 16:00:00	4.541203022
9/19/2017 16:00:00	4.56058263779
9/20/2017 16:00:00	4.5226149559
9/21/2017 16:00:00	4.43561267853
9/22/2017 16:00:00	4.42453956604
9/25/2017 16:00:00	4.28572893143
9/26/2017 16:00:00	4.31499290466
9/27/2017 16:00:00	4.4320526123
9/28/2017 16:00:00	4.42453956604
9/29/2017 16:00:00	4.51826524734
10/2/2017 16:00:00	4.53092050552
10/3/2017 16:00:00	4.55939435959
10/4/2017 16:00:00	4.57125902176
10/5/2017 16:00:00	4.7029504776
10/6/2017 16:00:00	4.71995639801
10/9/2017 16:00:00	4.708091259
10/10/2017 16:00:00	4.71797895432
10/11/2017 16:00:00	4.75910806656
10/12/2017 16:00:00	4.73340177536
10/13/2017 16:00:00	4.78639554977
10/16/2017 16:00:00	4.83582925797
10/17/2017 16:00:00	4.85283565521
10/18/2017 16:00:00	4.83424711227
10/19/2017 16:00:00	4.78085803986
10/20/2017 16:00:00	4.81566143036
10/23/2017 16:00:00	4.72588825226
10/24/2017 16:00:00	4.75001192093
10/25/2017 16:00:00	4.69227313995
10/26/2017 16:00:00	4.64877176285
10/27/2017 16:00:00	5.04938411713
10/30/2017 16:00:00	5.08537197113
10/31/2017 16:00:00	5.13915634155
11/1/2017 16:00:00	5.1324338913
11/2/2017 16:00:00	5.10633230209
11/3/2017 16:00:00	5.24870252609
11/6/2017 16:00:00	5.302090168
11/7/2017 16:00:00	5.31079149246
11/8/2017 16:00:00	5.37723112106
11/9/2017 16:00:00	5.29101753235
11/10/2017 16:00:00	5.28943681717
11/13/2017 16:00:00	5.30525398254
11/14/2017 16:00:00	5.25186491013
11/15/2017 16:00:00	5.17474842072
11/16/2017 16:00:00	5.3685297966
11/17/2017 16:00:00	5.3084192276
11/20/2017 16:00:00	5.29536867142
11/21/2017 16:00:00	5.46225690842
11/22/2017 16:00:00	5.48400831223
11/24/2017 16:00:00	5.54570245743
11/27/2017 16:00:00	5.53660583496
11/28/2017 16:00:00	5.57733917236
11/29/2017 16:00:00	5.29062223434
11/30/2017 16:00:00	5.42191934586
12/1/2017 16:00:00	5.34954833984
12/4/2017 16:00:00	5.16486310959
12/5/2017 16:00:00	5.17237615585
12/6/2017 16:00:00	5.24079322815
12/7/2017 16:00:00	5.29260110855
12/8/2017 16:00:00	5.36259841919
12/11/2017 16:00:00	5.48558950424
12/12/2017 16:00:00	5.46502590179
12/13/2017 16:00:00	5.4923119545
12/14/2017 16:00:00	5.48440361023
12/15/2017 16:00:00	5.66276216507
12/18/2017 16:00:00	5.8082947731
12/19/2017 16:00:00	5.71377801895
12/20/2017 16:00:00	5.69004869461
12/21/2017 16:00:00	5.68728113174
12/22/2017 16:00:00	5.6682972908
12/26/2017 16:00:00	5.57654905319
12/27/2017 16:00:00	5.57654905319
12/28/2017 16:00:00	5.59157705307
12/29/2017 16:00:00	5.48598623276
1/2/2018 16:00:00	5.7675614357
1/3/2018 16:00:00	5.93642759323
1/4/2018 16:00:00	5.97122907639
1/5/2018 16:00:00	6.15156316757
1/8/2018 16:00:00	6.21998119354
1/9/2018 16:00:00	6.2247262001
1/10/2018 16:00:00	6.18043470383
1/11/2018 16:00:00	6.30421686172
1/12/2018 16:00:00	6.43788671494
1/16/2018 16:00:00	6.38805532455
1/17/2018 16:00:00	6.58935117722
1/18/2018 16:00:00	6.5956788063
1/19/2018 16:00:00	6.65895318985
1/22/2018 16:00:00	6.86697244644
1/23/2018 16:00:00	7.04097938538
1/24/2018 16:00:00	6.89821624756
1/25/2018 16:00:00	6.8895149231
1/26/2018 16:00:00	7.19719314575
1/29/2018 16:00:00	7.10188341141
1/30/2018 16:00:00	6.92036151886
1/31/2018 16:00:00	7.00578403473
2/1/2018 16:00:00	6.83059072495
2/2/2018 16:00:00	6.41336679459
2/5/2018 16:00:00	5.67304325104
2/6/2018 16:00:00	6.11043548584
2/7/2018 16:00:00	5.86880207062
2/8/2018 16:00:00	5.14152908325
2/9/2018 16:00:00	5.38355731964
2/12/2018 16:00:00	5.68490743637
2/13/2018 16:00:00	5.75411558151
2/14/2018 16:00:00	6.09105682373
2/15/2018 16:00:00	6.40941286087
2/16/2018 16:00:00	6.33783197403
2/20/2018 16:00:00	6.36946964264
2/21/2018 16:00:00	6.31212663651
2/22/2018 16:00:00	6.31331300735
2/23/2018 16:00:00	6.68940734863
2/26/2018 16:00:00	6.95793247223
2/27/2018 16:00:00	6.70878410339
2/28/2018 16:00:00	6.57392835617
3/1/2018 16:00:00	6.2575507164
3/2/2018 16:00:00	6.42958164215
3/5/2018 16:00:00	6.6312713623
3/6/2018 16:00:00	6.71511173248
3/7/2018 16:00:00	6.76533699036
3/8/2018 16:00:00	6.86618232727
3/9/2018 16:00:00	7.26600456238
3/12/2018 16:00:00	7.3747587204
3/13/2018 16:00:00	7.10702562332
3/14/2018 16:00:00	7.08290100098
3/15/2018 16:00:00	7.05126333237
3/16/2018 16:00:00	7.00459718704
3/19/2018 16:00:00	6.5648317337
3/20/2018 16:00:00	6.61307954788
3/21/2018 16:00:00	6.51737689972
3/22/2018 16:00:00	6.04122829437
3/23/2018 16:00:00	5.55321502686
3/26/2018 16:00:00	6.17806243896
3/27/2018 16:00:00	5.58564424515
3/28/2018 16:00:00	5.39304876328
3/29/2018 16:00:00	5.69163036346
4/2/2018 16:00:00	5.18621778488
4/3/2018 16:00:00	5.36022567749
4/4/2018 16:00:00	5.61372232437
4/5/2018 16:00:00	5.70191192627
4/6/2018 16:00:00	5.27638483047
4/9/2018 16:00:00	5.38197565079
4/10/2018 16:00:00	5.73750543594
4/11/2018 16:00:00	5.6410112381
4/12/2018 16:00:00	5.83874702454
4/13/2018 16:00:00	5.75213766098
4/16/2018 16:00:00	5.87908411026
4/17/2018 16:00:00	6.25517845154
4/18/2018 16:00:00	6.29867982864
4/19/2018 16:00:00	6.12743997574
4/20/2018 16:00:00	5.8336057663
4/23/2018 16:00:00	5.78773021698
4/24/2018 16:00:00	5.41875505447
4/25/2018 16:00:00	5.44011068344
4/26/2018 16:00:00	5.7774477005
4/27/2018 16:00:00	5.79089450836
4/30/2018 16:00:00	5.66750717163
5/1/2018 16:00:00	5.85179758072
5/2/2018 16:00:00	5.74976491928
5/3/2018 16:00:00	5.75016069412
5/4/2018 16:00:00	6.07365703583
5/7/2018 16:00:00	6.21800279617
5/8/2018 16:00:00	6.19743871689
5/9/2018 16:00:00	6.40506315231
5/10/2018 16:00:00	6.60437965393
5/11/2018 16:00:00	6.58460712433
5/14/2018 16:00:00	6.61386966705
5/15/2018 16:00:00	6.39992237091
5/16/2018 16:00:00	6.51777076721
5/17/2018 16:00:00	6.44421386719
5/18/2018 16:00:00	6.34099435806
5/21/2018 16:00:00	6.45172786713
5/22/2018 16:00:00	6.41811227798
5/23/2018 16:00:00	6.5794634819
5/24/2018 16:00:00	6.57392835617
5/25/2018 16:00:00	6.59053850174
5/29/2018 16:00:00	6.50630283356
5/30/2018 16:00:00	6.64511346817
5/31/2018 16:00:00	6.6308760643
6/1/2018 16:00:00	6.93934488297
6/4/2018 16:00:00	7.11730718613
6/5/2018 16:00:00	7.19086360931
6/6/2018 16:00:00	7.30950593948
6/7/2018 16:00:00	7.13984918594
6/8/2018 16:00:00	7.13510322571
6/11/2018 16:00:00	7.19086360931
6/12/2018 16:00:00	7.30476045609
6/13/2018 16:00:00	7.2964553833
6/14/2018 16:00:00	7.51831531525
6/15/2018 16:00:00	7.44357061386
6/18/2018 16:00:00	7.4269618988
6/19/2018 16:00:00	7.3605222702
6/20/2018 16:00:00	7.51475572586
6/21/2018 16:00:00	7.3201842308
6/22/2018 16:00:00	7.24662637711
6/25/2018 16:00:00	6.78392362595
6/26/2018 16:00:00	6.85866928101
6/27/2018 16:00:00	6.5834197998
6/28/2018 16:00:00	6.74477243423
6/29/2018 16:00:00	6.77561903
7/2/2018 16:00:00	6.92747974396
7/3/2018 16:00:00	6.68901109695
7/5/2018 16:00:00	6.93460035324
7/6/2018 16:00:00	7.24662637711
7/9/2018 16:00:00	7.44831705093
7/10/2018 16:00:00	7.46611261368
7/11/2018 16:00:00	7.35696268082
7/12/2018 16:00:00	7.72000551224
7/13/2018 16:00:00	7.74254894257
7/16/2018 16:00:00	7.69034576416
7/17/2018 16:00:00	7.83271598816
7/18/2018 16:00:00	7.7828874588
7/19/2018 16:00:00	7.66780376434
7/20/2018 16:00:00	7.65712594986
7/23/2018 16:00:00	7.72356414795
7/24/2018 16:00:00	7.82203769684
7/25/2018 16:00:00	8.1483039856
7/26/2018 16:00:00	7.79237794876
7/27/2018 16:00:00	7.46729898453
7/30/2018 16:00:00	7.14577960968
7/31/2018 16:00:00	7.28815126419
8/1/2018 16:00:00	7.38780927658
8/2/2018 16:00:00	7.68204212189
8/3/2018 16:00:00	7.75085306168
8/6/2018 16:00:00	7.89322280884
8/7/2018 16:00:00	7.97033977509
8/8/2018 16:00:00	7.99169540405
8/9/2018 16:00:00	7.98457717896
8/10/2018 16:00:00	7.79831075668
8/13/2018 16:00:00	7.77576684952
8/14/2018 16:00:00	7.91932535172
8/15/2018 16:00:00	7.63102436066
8/16/2018 16:00:00	7.70102357864
8/17/2018 16:00:00	7.69983768463
8/20/2018 16:00:00	7.68441390991
8/21/2018 16:00:00	7.76390361786
8/22/2018 16:00:00	7.85407018661
8/23/2018 16:00:00	7.81491851807
8/24/2018 16:00:00	8.03203201294
8/27/2018 16:00:00	8.27406215668
8/28/2018 16:00:00	8.31084251404
8/29/2018 16:00:00	8.60151386261
8/30/2018 16:00:00	8.55286884308
8/31/2018 16:00:00	8.57778549194
9/4/2018 16:00:00	8.47575283051
9/5/2018 16:00:00	8.13881111145
9/6/2018 16:00:00	7.91695261002
9/7/2018 16:00:00	7.83864784241
9/10/2018 16:00:00	7.90745639801
9/11/2018 16:00:00	8.0830488205
9/12/2018 16:00:00	8.01305007935
9/13/2018 16:00:00	8.25033378601
9/14/2018 16:00:00	8.18745613098
9/17/2018 16:00:00	7.84220647812
9/18/2018 16:00:00	8.02847194672
9/19/2018 16:00:00	8.01067638397
9/20/2018 16:00:00	8.26219940186
9/21/2018 16:00:00	8.1305065155
9/24/2018 16:00:00	8.2005033493
9/25/2018 16:00:00	8.23372364044
9/26/2018 16:00:00	8.22541904449
9/27/2018 16:00:00	8.45321083069
9/28/2018 16:00:00	8.44015693665
10/1/2018 16:00:00	8.48880195618
10/2/2018 16:00:00	8.44015693665
10/3/2018 16:00:00	8.46507358551
10/4/2018 16:00:00	7.98220157623
10/5/2018 16:00:00	7.68204212189
10/8/2018 16:00:00	7.54441738129
10/9/2018 16:00:00	7.60255146027
10/10/2018 16:00:00	6.61663961411
10/11/2018 16:00:00	6.34850931168
10/12/2018 16:00:00	6.88476800919
10/15/2018 16:00:00	6.62494516373
10/16/2018 16:00:00	7.19561100006
10/17/2018 16:00:00	7.21933841705
10/18/2018 16:00:00	6.71867036819
10/19/2018 16:00:00	6.69138383865
10/22/2018 16:00:00	6.79222869873
10/23/2018 16:00:00	6.71748590469
10/24/2018 16:00:00	5.80394506454
10/25/2018 16:00:00	6.3995256424
10/26/2018 16:00:00	5.90241765976
10/29/2018 16:00:00	5.58683156967
10/30/2018 16:00:00	5.80275774002
10/31/2018 16:00:00	6.19427585602
11/1/2018 16:00:00	6.46477842331
11/2/2018 16:00:00	6.17529249191
11/5/2018 16:00:00	6.1147851944
11/6/2018 16:00:00	6.24410486221
11/7/2018 16:00:00	6.81833028793
11/8/2018 16:00:00	6.70206165314
11/9/2018 16:00:00	6.36155986786
11/12/2018 16:00:00	5.80275774002
11/13/2018 16:00:00	5.800385952
11/14/2018 16:00:00	5.65327119827
11/15/2018 16:00:00	5.9558057785
11/16/2018 16:00:00	5.89055252075
11/19/2018 16:00:00	5.32581949234
11/20/2018 16:00:00	5.03040218353
11/21/2018 16:00:00	5.14311027527
11/23/2018 16:00:00	5.02921533585
11/26/2018 16:00:00	5.37446260452
11/27/2018 16:00:00	5.43022441864
11/28/2018 16:00:00	5.94512939453
11/29/2018 16:00:00	5.89055252075
11/30/2018 16:00:00	6.01394033432
12/3/2018 16:00:00	6.32240819931
12/4/2018 16:00:00	5.6271686554
12/6/2018 16:00:00	5.70903158188
12/7/2018 16:00:00	5.1502289772
12/10/2018 16:00:00	5.31158161163
12/11/2018 16:00:00	5.3685297966
12/12/2018 16:00:00	5.50378131866
12/13/2018 16:00:00	5.50496864319
12/14/2018 16:00:00	5.08972215652
12/17/2018 16:00:00	4.76108598709
12/18/2018 16:00:00	4.8405752182
12/19/2018 16:00:00	4.49058055878
12/20/2018 16:00:00	4.3102478981
12/21/2018 16:00:00	3.89381551743
12/24/2018 16:00:00	3.60551691055
12/26/2018 16:00:00	4.26023340225
12/27/2018 16:00:00	4.32082271576
12/28/2018 16:00:00	4.30300283432
12/31/2018 16:00:00	4.40042066574
1/2/2019 16:00:00	4.46338415146
1/3/2019 16:00:00	4.03094625473
1/4/2019 16:00:00	4.54654550552
1/7/2019 16:00:00	4.69148445129
1/8/2019 16:00:00	4.82691907883
1/9/2019 16:00:00	4.94096851349
1/10/2019 16:00:00	4.98848962784
1/11/2019 16:00:00	4.92908811569
1/14/2019 16:00:00	4.80078220367
1/15/2019 16:00:00	5.06689834595
1/16/2019 16:00:00	5.07402563095
1/17/2019 16:00:00	5.19282817841
1/18/2019 16:00:00	5.33539056778
1/22/2019 16:00:00	5.04076194763
1/23/2019 16:00:00	5.04551458359
1/24/2019 16:00:00	5.13461589813
1/25/2019 16:00:00	5.3175702095
1/28/2019 16:00:00	5.12154626846
1/29/2019 16:00:00	4.97660923004
1/30/2019 16:00:00	5.34964704514
1/31/2019 16:00:00	5.58487319946
2/1/2019 16:00:00	5.51359272003
2/4/2019 16:00:00	5.71555757523
2/5/2019 16:00:00	5.86643457413
2/6/2019 16:00:00	5.82010269165
2/7/2019 16:00:00	5.58249855042
2/8/2019 16:00:00	5.61101102829
2/11/2019 16:00:00	5.59794235229
2/12/2019 16:00:00	5.84029960632
2/13/2019 16:00:00	5.85217857361
2/14/2019 16:00:00	5.87356281281
2/15/2019 16:00:00	5.94365644455
2/19/2019 16:00:00	5.97929573059
2/20/2019 16:00:00	5.97454452515
2/21/2019 16:00:00	5.90682792664
2/22/2019 16:00:00	6.03513240814
2/25/2019 16:00:00	6.1016626358
2/26/2019 16:00:00	6.12067127228
2/27/2019 16:00:00	6.1016626358
2/28/2019 16:00:00	6.06364536285
3/1/2019 16:00:00	6.18482398987
3/4/2019 16:00:00	6.18601226807
3/5/2019 16:00:00	6.20145463943
3/6/2019 16:00:00	6.09453344345
3/7/2019 16:00:00	5.87237501144
3/8/2019 16:00:00	5.83911037445
3/11/2019 16:00:00	6.20383167267
3/12/2019 16:00:00	6.3048119545
3/13/2019 16:00:00	6.44143486023
3/14/2019 16:00:00	6.41292381287
3/15/2019 16:00:00	6.57211780548
3/18/2019 16:00:00	6.63151884079
3/19/2019 16:00:00	6.69804763794
3/20/2019 16:00:00	6.77529621124
3/21/2019 16:00:00	7.08904504776
3/22/2019 16:00:00	6.62555265427
3/25/2019 16:00:00	6.58395671844
3/26/2019 16:00:00	6.67427825928
3/27/2019 16:00:00	6.54355049133
3/28/2019 16:00:00	6.58514451981
3/29/2019 16:00:00	6.73370027542
4/1/2019 16:00:00	6.99872255325
4/2/2019 16:00:00	7.07597255707
4/3/2019 16:00:00	7.19838094711
4/4/2019 16:00:00	7.18768501282
4/5/2019 16:00:00	7.29583311081
4/8/2019 16:00:00	7.35287761688
4/9/2019 16:00:00	7.27206468582
4/10/2019 16:00:00	7.38971996307
4/11/2019 16:00:00	7.33386278152
4/12/2019 16:00:00	7.42418384552
4/15/2019 16:00:00	7.43012619019
4/16/2019 16:00:00	7.50262069702
4/17/2019 16:00:00	7.57749319077
4/18/2019 16:00:00	7.60126113892
4/22/2019 16:00:00	7.66543722153
4/23/2019 16:00:00	7.95660400391
4/24/2019 16:00:00	7.87935733795
4/25/2019 16:00:00	7.96730089188
4/26/2019 16:00:00	7.99582242966
4/29/2019 16:00:00	8.03860664368
4/30/2019 16:00:00	7.85439920425
5/1/2019 16:00:00	7.76407766342
5/2/2019 16:00:00	7.66900348663
5/3/2019 16:00:00	8.03028869629
5/6/2019 16:00:00	7.88648748398
5/7/2019 16:00:00	7.42774963379
5/8/2019 16:00:00	7.36238431931
5/9/2019 16:00:00	7.24591827393
5/10/2019 16:00:00	7.26612138748
5/13/2019 16:00:00	6.5150270462
5/14/2019 16:00:00	6.71943950653
5/15/2019 16:00:00	6.99872255325
5/16/2019 16:00:00	7.21739578247
5/17/2019 16:00:00	6.99277973175
5/20/2019 16:00:00	6.64218950272
5/21/2019 16:00:00	6.84184837341
5/22/2019 16:00:00	6.75271558762
5/23/2019 16:00:00	6.43421363831
5/24/2019 16:00:00	6.42470598221
5/28/2019 16:00:00	6.35577726364
5/29/2019 16:00:00	6.19652509689
5/30/2019 16:00:00	6.2702088356
5/31/2019 16:00:00	5.96834468842
6/3/2019 16:00:00	5.58685493469
6/4/2019 16:00:00	6.03965139389
6/5/2019 16:00:00	6.17275714874
6/6/2019 16:00:00	6.31536960602
6/7/2019 16:00:00	6.67546606064
6/10/2019 16:00:00	6.91909694672
6/11/2019 16:00:00	6.94524288177
6/12/2019 16:00:00	6.82758665085
6/13/2019 16:00:00	6.93930006027
6/14/2019 16:00:00	6.84897899628
6/17/2019 16:00:00	6.97376537323
6/18/2019 16:00:00	7.27562904358
6/19/2019 16:00:00	7.36119651794
6/20/2019 16:00:00	7.5632314682
6/21/2019 16:00:00	7.52876710892
6/24/2019 16:00:00	7.52639055252
6/25/2019 16:00:00	7.14133453369
6/26/2019 16:00:00	7.23165607452
6/27/2019 16:00:00	7.31009292603
6/28/2019 16:00:00	7.34099340439
7/1/2019 16:00:00	7.63334989548
7/2/2019 16:00:00	7.72604894638
7/3/2019 16:00:00	7.89718294144
7/5/2019 16:00:00	7.84608221054
7/8/2019 16:00:00	7.68088626862
7/9/2019 16:00:00	7.79616641998
7/10/2019 16:00:00	8.02672386169
7/11/2019 16:00:00	8.00533103943
7/12/2019 16:00:00	8.13962364197
7/15/2019 16:00:00	8.20855331421
7/16/2019 16:00:00	8.09208583832
7/17/2019 16:00:00	7.97205400467
7/18/2019 16:00:00	8.00652122498
7/19/2019 16:00:00	7.81280374527
7/22/2019 16:00:00	7.99701166153
7/23/2019 16:00:00	8.15150928497
7/24/2019 16:00:00	8.32502174377
7/25/2019 16:00:00	8.0873336792
7/26/2019 16:00:00	8.32739925385
7/29/2019 16:00:00	8.25014877319
7/30/2019 16:00:00	8.13962364197
7/31/2019 16:00:00	7.79616641998
8/1/2019 16:00:00	7.68682956696
8/2/2019 16:00:00	7.3350520134
8/5/2019 16:00:00	6.56494235992
8/6/2019 16:00:00	6.83471775055
8/7/2019 16:00:00	6.93454647064
8/8/2019 16:00:00	7.39328432083
8/9/2019 16:00:00	7.17461204529
8/12/2019 16:00:00	6.93454647064
8/13/2019 16:00:00	7.38971996307
8/14/2019 16:00:00	6.72775840759
8/15/2019 16:00:00	6.69923639297
8/16/2019 16:00:00	7.00822973251
8/19/2019 16:00:00	7.33623933792
8/20/2019 16:00:00	7.18530702591
8/21/2019 16:00:00	7.36832761765
8/22/2019 16:00:00	7.29702186584
8/23/2019 16:00:00	6.6291179657
8/26/2019 16:00:00	6.8977060318
8/27/2019 16:00:00	6.85611009598
8/28/2019 16:00:00	6.92503833771
8/29/2019 16:00:00	7.23997545242
8/30/2019 16:00:00	7.18887376785
9/3/2019 16:00:00	6.97970724106
9/4/2019 16:00:00	7.27325248718
9/5/2019 16:00:00	7.67494487762
9/6/2019 16:00:00	7.65355300903
9/9/2019 16:00:00	7.60482692719
9/10/2019 16:00:00	7.54183959961
9/11/2019 16:00:00	7.74506282806
9/12/2019 16:00:00	7.8413271904
9/13/2019 16:00:00	7.75813436508
9/16/2019 16:00:00	7.65117549896
9/17/2019 16:00:00	7.75219392776
9/18/2019 16:00:00	7.74744081497
9/19/2019 16:00:00	7.78190469742
9/20/2019 16:00:00	7.53708457947
9/23/2019 16:00:00	7.54421615601
9/24/2019 16:00:00	7.24591827393
9/25/2019 16:00:00	7.47766399384
9/26/2019 16:00:00	7.40279102325
9/27/2019 16:00:00	7.1342048645
9/30/2019 16:00:00	7.32435512543
10/1/2019 16:00:00	7.14727783203
10/2/2019 16:00:00	6.78123807907
10/3/2019 16:00:00	7.00466394424
10/4/2019 16:00:00	7.2993979454
10/7/2019 16:00:00	7.23165607452
10/8/2019 16:00:00	6.90245819092
10/9/2019 16:00:00	7.11162471771
10/10/2019 16:00:00	7.26731061935
10/11/2019 16:00:00	7.53946304321
10/14/2019 16:00:00	7.54778194427
10/15/2019 16:00:00	7.83419418335
10/16/2019 16:00:00	7.77596187592
10/17/2019 16:00:00	7.82944107056
10/18/2019 16:00:00	7.60482692719
10/21/2019 16:00:00	7.80567359924
10/22/2019 16:00:00	7.62503147125
10/23/2019 16:00:00	7.6606836319
10/24/2019 16:00:00	7.88054418564
10/25/2019 16:00:00	8.06000041962
10/28/2019 16:00:00	8.30600643158
10/29/2019 16:00:00	8.11466693878
10/30/2019 16:00:00	8.22875785828
10/31/2019 16:00:00	8.23469924927
11/1/2019 16:00:00	8.45812606812
11/4/2019 16:00:00	8.6090593338
11/5/2019 16:00:00	8.61975383759
11/6/2019 16:00:00	8.56508827209
11/7/2019 16:00:00	8.65184116364
11/8/2019 16:00:00	8.7540473938
11/11/2019 16:00:00	8.71720695496
11/12/2019 16:00:00	8.78851318359
11/13/2019 16:00:00	8.77544021606
11/14/2019 16:00:00	8.77306175232
11/15/2019 16:00:00	8.93825721741
11/18/2019 16:00:00	8.98460578918
11/19/2019 16:00:00	9.0214471817
11/20/2019 16:00:00	8.86338710785
11/21/2019 16:00:00	8.79445552826
11/22/2019 16:00:00	8.81822490692
11/25/2019 16:00:00	9.12365341187
11/26/2019 16:00:00	9.17832183838
11/27/2019 16:00:00	9.36371803284
11/29/2019 16:00:00	9.23893070221
12/2/2019 16:00:00	8.94182300568
12/3/2019 16:00:00	8.74097824097
12/4/2019 16:00:00	8.87051391602
12/5/2019 16:00:00	8.91686534882
12/6/2019 16:00:00	9.19258117676
12/9/2019 16:00:00	9.07968235016
12/10/2019 16:00:00	9.05947971344
12/11/2019 16:00:00	9.19614696503
12/12/2019 16:00:00	9.40649986267
12/13/2019 16:00:00	9.49088001251
12/16/2019 16:00:00	9.76303482056
12/17/2019 16:00:00	9.77610588074
12/18/2019 16:00:00	9.7986869812
12/19/2019 16:00:00	9.99834537506
12/20/2019 16:00:00	10.1171884537
12/23/2019 16:00:00	10.1920614243
12/24/2019 16:00:00	10.2052555084
12/26/2019 16:00:00	10.470375061
12/27/2019 16:00:00	10.4394617081
12/30/2019 16:00:00	10.2314138412
12/31/2019 16:00:00	10.2896690369
1/2/2020 16:00:00	10.7996912003
1/3/2020 16:00:00	10.5060424805
1/6/2020 16:00:00	10.7057714462
1/7/2020 16:00:00	10.692694664
1/8/2020 16:00:00	10.9387903214
1/9/2020 16:00:00	11.2146091461
1/10/2020 16:00:00	11.1230640411
1/13/2020 16:00:00	11.5118246078
1/14/2020 16:00:00	11.3774833679
1/15/2020 16:00:00	11.3846178055
1/16/2020 16:00:00	11.7020425797
1/17/2020 16:00:00	11.8768081665
1/21/2020 16:00:00	11.8708648682
1/22/2020 16:00:00	11.9517049789
1/23/2020 16:00:00	12.0622711182
1/24/2020 16:00:00	11.7495994568
1/27/2020 16:00:00	11.0231971741
1/28/2020 16:00:00	11.5356025696
1/29/2020 16:00:00	11.5772151947
1/30/2020 16:00:00	11.7079877853
1/31/2020 16:00:00	11.1325750351
2/3/2020 16:00:00	11.6437911987
2/4/2020 16:00:00	12.4391441345
2/5/2020 16:00:00	12.5829973221
2/6/2020 16:00:00	12.8897256851
2/7/2020 16:00:00	12.723282814
2/10/2020 16:00:00	13.1821880341
2/11/2020 16:00:00	13.1916971207
2/12/2020 16:00:00	13.5780801773
2/13/2020 16:00:00	13.5257692337
2/14/2020 16:00:00	13.6173124313
2/18/2020 16:00:00	13.6410894394
2/19/2020 16:00:00	14.0357952118
2/20/2020 16:00:00	13.6363353729
2/21/2020 16:00:00	12.8564376831
2/24/2020 16:00:00	11.3751049042
2/25/2020 16:00:00	10.4549207687
2/26/2020 16:00:00	10.5987730026
2/27/2020 16:00:00	9.01401042938
2/28/2020 16:00:00	9.15429782867
3/2/2020 16:00:00	10.4038000107
3/3/2020 16:00:00	9.42416954041
3/4/2020 16:00:00	10.5678634644
3/5/2020 16:00:00	9.64054489136
3/6/2020 16:00:00	9.13527393341
3/9/2020 16:00:00	7.27944898605
3/10/2020 16:00:00	8.41244125366
3/11/2020 16:00:00	7.33057117462
3/12/2020 16:00:00	5.32138109207
3/13/2020 16:00:00	6.75753593445
3/16/2020 16:00:00	4.4285402298
3/17/2020 16:00:00	5.150182724
3/18/2020 16:00:00	4.67344713211
3/19/2020 16:00:00	4.78163480759
3/20/2020 16:00:00	4.22167491913
3/23/2020 16:00:00	4.23475456238
3/24/2020 16:00:00	5.17871665955
3/25/2020 16:00:00	5.05864095688
3/26/2020 16:00:00	5.88252687454
3/27/2020 16:00:00	5.27144861221
3/30/2020 16:00:00	5.82546138763
3/31/2020 16:00:00	5.66377639771
4/1/2020 16:00:00	4.9611530304
4/2/2020 16:00:00	5.25480413437
4/3/2020 16:00:00	5.0431842804
4/6/2020 16:00:00	6.09890079498
4/7/2020 16:00:00	6.08701324463
4/8/2020 16:00:00	6.47577381134
4/9/2020 16:00:00	6.49955034256
4/13/2020 16:00:00	6.72543621063
4/14/2020 16:00:00	7.59806728363
4/15/2020 16:00:00	7.34602594376
4/16/2020 16:00:00	7.73954105377
4/17/2020 16:00:00	7.93332624435
4/20/2020 16:00:00	7.67653226852
4/21/2020 16:00:00	6.82767963409
4/22/2020 16:00:00	7.43162345886
4/23/2020 16:00:00	7.38288116455
4/24/2020 16:00:00	7.73954105377
4/27/2020 16:00:00	7.89052867889
4/28/2020 16:00:00	7.46372365952
4/29/2020 16:00:00	8.24005508423
4/30/2020 16:00:00	8.2947435379
5/1/2020 16:00:00	7.55051088333
5/4/2020 16:00:00	7.8168182373
5/5/2020 16:00:00	8.06647968292
5/6/2020 16:00:00	8.2257900238
5/7/2020 16:00:00	8.54678344727
5/8/2020 16:00:00	8.89155673981
5/11/2020 16:00:00	9.11268424988
5/12/2020 16:00:00	8.57055950165
5/13/2020 16:00:00	8.24600124359
5/14/2020 16:00:00	8.51944160461
5/15/2020 16:00:00	8.66567325592
5/18/2020 16:00:00	9.16737270355
5/19/2020 16:00:00	9.09723186493
5/20/2020 16:00:00	9.62984466553
5/21/2020 16:00:00	9.33381557465
5/22/2020 16:00:00	9.41822624207
5/26/2020 16:00:00	9.37899017334
5/27/2020 16:00:00	9.51095581055
5/28/2020 16:00:00	9.45032405853
5/29/2020 16:00:00	9.84027385712
6/1/2020 16:00:00	9.96153831482
6/2/2020 16:00:00	10.1600799561
6/3/2020 16:00:00	10.2979869843
6/4/2020 16:00:00	10.0887479782
6/5/2020 16:00:00	10.686747551
6/8/2020 16:00:00	10.9245223999
6/9/2020 16:00:00	11.1682424545
6/10/2020 16:00:00	11.5712680817
6/11/2020 16:00:00	9.86761856079
6/12/2020 16:00:00	10.081615448
6/15/2020 16:00:00	10.4370880127
6/16/2020 16:00:00	10.9887247086
6/17/2020 16:00:00	11.0957183838
6/18/2020 16:00:00	11.1813192368
6/19/2020 16:00:00	11.1658639908
6/22/2020 16:00:00	11.5629472733
6/23/2020 16:00:00	11.8649187088
6/24/2020 16:00:00	11.1658639908
6/25/2020 16:00:00	11.4618940353
6/26/2020 16:00:00	10.6380081177
6/29/2020 16:00:00	10.9780216217
6/30/2020 16:00:00	11.6093111038
7/1/2020 16:00:00	12.0242271423
7/2/2020 16:00:00	12.2798347473
7/6/2020 16:00:00	13.1821880341
7/7/2020 16:00:00	12.9230127335
7/8/2020 16:00:00	13.4199609756
7/9/2020 16:00:00	13.7552213669
7/10/2020 16:00:00	14.0464954376
7/13/2020 16:00:00	13.1786222458
7/14/2020 16:00:00	13.4580059052
7/15/2020 16:00:00	13.5245838165
7/16/2020 16:00:00	13.2344970703
7/17/2020 16:00:00	13.2963161469
7/20/2020 16:00:00	14.4281206131
7/21/2020 16:00:00	13.966840744
7/22/2020 16:00:00	14.1285266876
7/23/2020 16:00:00	13.021689415
7/24/2020 16:00:00	12.6364974976
7/27/2020 16:00:00	13.3153409958
7/28/2020 16:00:00	12.814825058
7/29/2020 16:00:00	13.2511405945
7/30/2020 16:00:00	13.4663267136
7/31/2020 16:00:00	14.1927261353
8/3/2020 16:00:00	14.7217731476
8/4/2020 16:00:00	14.9131822586
8/5/2020 16:00:00	15.0320692062
8/6/2020 16:00:00	15.6074781418
8/7/2020 16:00:00	15.0974569321
8/10/2020 16:00:00	14.8941574097
8/11/2020 16:00:00	14.048871994
8/12/2020 16:00:00	15.0998325348
8/13/2020 16:00:00	15.2056427002
8/14/2020 16:00:00	15.161655426
8/17/2020 16:00:00	15.6621694565
8/18/2020 16:00:00	16.12225914
8/19/2020 16:00:00	15.8072109222
8/20/2020 16:00:00	16.4575233459
8/21/2020 16:00:00	16.801109314
8/24/2020 16:00:00	17.1125907898
8/25/2020 16:00:00	17.5120487213
8/26/2020 16:00:00	18.6331539154
8/27/2020 16:00:00	18.4643344879
8/28/2020 16:00:00	18.7496681213
8/31/2020 16:00:00	19.1836032867
9/1/2020 16:00:00	20.1798725128
9/2/2020 16:00:00	20.7493419647
9/3/2020 16:00:00	17.5631713867
9/4/2020 16:00:00	16.8391475677
9/8/2020 16:00:00	14.459031105
9/9/2020 16:00:00	15.7014026642
9/10/2020 16:00:00	14.7931051254
9/11/2020 16:00:00	14.4697322845
9/14/2020 16:00:00	15.2151546478
9/15/2020 16:00:00	15.8618984222
9/16/2020 16:00:00	15.0998325348
9/17/2020 16:00:00	14.4043455124
9/18/2020 16:00:00	13.8479547501
9/21/2020 16:00:00	14.0120191574
9/22/2020 16:00:00	14.7776508331
9/23/2020 16:00:00	13.4092617035
9/24/2020 16:00:00	13.605424881
9/25/2020 16:00:00	14.5588979721
9/28/2020 16:00:00	15.4220199585
9/29/2020 16:00:00	15.2603330612
9/30/2020 16:00:00	15.5623006821
10/1/2020 16:00:00	16.2910842896
10/2/2020 16:00:00	14.9476594925
10/5/2020 16:00:00	15.8904314041
10/6/2020 16:00:00	15.0368242264
10/7/2020 16:00:00	15.8274230957
10/8/2020 16:00:00	16.0604400635
10/9/2020 16:00:00	16.7749519348
10/12/2020 16:00:00	18.3395042419
10/13/2020 16:00:00	18.3418827057
10/14/2020 16:00:00	17.8889217377
10/15/2020 16:00:00	17.5191860199
10/16/2020 16:00:00	17.250497818
10/19/2020 16:00:00	16.3933181763
10/20/2020 16:00:00	16.499130249
10/21/2020 16:00:00	16.4563331604
10/22/2020 16:00:00	16.4646587372
10/23/2020 16:00:00	16.5609531403
10/26/2020 16:00:00	15.806022644
10/27/2020 16:00:00	16.1793289185
10/28/2020 16:00:00	14.2807044983
10/29/2020 16:00:00	15.0071029663
10/30/2020 16:00:00	13.9632740021
11/2/2020 16:00:00	13.9680290222
11/3/2020 16:00:00	14.6706523895
11/4/2020 16:00:00	16.6536865234
11/5/2020 16:00:00	17.9388523102
11/6/2020 16:00:00	17.9994869232
11/9/2020 16:00:00	16.900970459
11/10/2020 16:00:00	15.989109993
11/11/2020 16:00:00	17.0638465881
11/12/2020 16:00:00	16.8141784668
11/13/2020 16:00:00	17.2552566528
11/16/2020 16:00:00	17.6523342133
11/17/2020 16:00:00	17.4894657135
11/18/2020 16:00:00	17.0840549469
11/19/2020 16:00:00	17.5072956085
11/20/2020 16:00:00	17.1518211365
11/23/2020 16:00:00	17.1553897858
11/24/2020 16:00:00	17.8568210602
11/25/2020 16:00:00	18.1932697296
11/27/2020 16:00:00	18.6902198792
11/30/2020 16:00:00	18.7865200043
12/1/2020 16:00:00	19.524805069
12/2/2020 16:00:00	19.603269577
12/3/2020 16:00:00	19.6829280853
12/4/2020 16:00:00	19.9242649078
12/7/2020 16:00:00	20.2619037628
12/8/2020 16:00:00	20.4473724365
12/9/2020 16:00:00	19.0777931213
12/10/2020 16:00:00	19.3120002747
12/11/2020 16:00:00	19.1764678955
12/14/2020 16:00:00	19.585439682
12/15/2020 16:00:00	20.1941375732
12/16/2020 16:00:00	20.5329666138
12/17/2020 16:00:00	20.9538249969
12/18/2020 16:00:00	20.7255649567
12/21/2020 16:00:00	20.6482887268
12/22/2020 16:00:00	20.811164856
12/23/2020 16:00:00	20.497303009
12/24/2020 16:00:00	20.7636089325
12/28/2020 16:00:00	21.3865776062
12/29/2020 16:00:00	21.4495868683
12/30/2020 16:00:00	21.4460201263
12/31/2020 16:00:00	21.6136512756
1/4/2021 16:00:00	20.668504715
1/5/2021 16:00:00	21.1868457794
1/6/2021 16:00:00	20.3106479645
1/7/2021 16:00:00	21.777715683
1/8/2021 16:00:00	22.6218070984
1/11/2021 16:00:00	21.6219730377
1/12/2021 16:00:00	21.528049469
1/13/2021 16:00:00	21.9465351105
1/14/2021 16:00:00	21.6124591827
1/15/2021 16:00:00	21.0869846344
1/19/2021 16:00:00	22.0012187958
1/20/2021 16:00:00	23.534866333
1/21/2021 16:00:00	24.1197872162
1/22/2021 16:00:00	23.9010353088
1/25/2021 16:00:00	24.5644302368
1/26/2021 16:00:00	24.5905818939
1/27/2021 16:00:00	22.60754776
1/28/2021 16:00:00	22.9404277802
1/29/2021 16:00:00	21.5114097595
2/1/2021 16:00:00	23.0926036835
2/2/2021 16:00:00	24.2101402283
2/3/2021 16:00:00	23.9319458008
2/4/2021 16:00:00	24.778421402
2/5/2021 16:00:00	25.0375957489
2/8/2021 16:00:00	25.5274124146
2/9/2021 16:00:00	25.5155258179
2/10/2021 16:00:00	25.3348083496
2/11/2021 16:00:00	25.7437820435
2/12/2021 16:00:00	26.1812915802
2/16/2021 16:00:00	25.9625358582
2/17/2021 16:00:00	25.6011199951
2/18/2021 16:00:00	25.2563476562
2/19/2021 16:00:00	24.9234638214
2/22/2021 16:00:00	22.9927406311
2/23/2021 16:00:00	22.7882556915
2/24/2021 16:00:00	23.3375072479
2/25/2021 16:00:00	20.9003295898
2/26/2021 16:00:00	21.2141895294
3/1/2021 16:00:00	23.0640678406
3/2/2021 16:00:00	21.9584197998
3/3/2021 16:00:00	20.0538520813
3/4/2021 16:00:00	19.0623378754
3/5/2021 16:00:00	19.9159450531
3/8/2021 16:00:00	18.2134819031
3/9/2021 16:00:00	20.3582057953
3/10/2021 16:00:00	20.1846294403
3/11/2021 16:00:00	21.5851192474
3/12/2021 16:00:00	21.047744751
3/15/2021 16:00:00	21.7206459045
3/16/2021 16:00:00	22.0773105621
3/17/2021 16:00:00	22.3555011749
3/18/2021 16:00:00	20.3035202026
3/19/2021 16:00:00	20.5626907349
3/22/2021 16:00:00	21.6588287354
3/23/2021 16:00:00	21.375875473
3/24/2021 16:00:00	20.2963905334
3/25/2021 16:00:00	20.1870117188
3/26/2021 16:00:00	21.0786590576
3/29/2021 16:00:00	21.0667667389
3/30/2021 16:00:00	20.7671756744
3/31/2021 16:00:00	21.6992492676
4/1/2021 16:00:00	22.802520752
4/5/2021 16:00:00	24.1721000671
4/6/2021 16:00:00	24.115032196
4/7/2021 16:00:00	24.2933654785
4/8/2021 16:00:00	25.0518627167
4/9/2021 16:00:00	25.5060119629
4/12/2021 16:00:00	25.4061431885
4/13/2021 16:00:00	26.2763996124
4/14/2021 16:00:00	25.3538341522
4/15/2021 16:00:00	26.4737434387
4/16/2021 16:00:00	26.5855026245
4/19/2021 16:00:00	25.8602962494
4/20/2021 16:00:00	25.2943878174
4/21/2021 16:00:00	25.9340076447
4/22/2021 16:00:00	24.9900417328
4/23/2021 16:00:00	25.9316253662
4/26/2021 16:00:00	26.4452190399
4/27/2021 16:00:00	26.09806633
4/28/2021 16:00:00	25.8293800354
4/29/2021 16:00:00	26.088558197
4/30/2021 16:00:00	25.5987415314
5/3/2021 16:00:00	25.1802635193
5/4/2021 16:00:00	23.8534851074
5/5/2021 16:00:00	23.5752887726
5/6/2021 16:00:00	24.0912570953
5/7/2021 16:00:00	24.6809387207
5/10/2021 16:00:00	22.8262996674
5/11/2021 16:00:00	22.7121658325
5/12/2021 16:00:00	20.983549118
5/13/2021 16:00:00	21.4258098602
5/14/2021 16:00:00	22.8191642761
5/17/2021 16:00:00	22.4339694977
5/18/2021 16:00:00	21.963180542
5/19/2021 16:00:00	22.0440177917
5/20/2021 16:00:00	23.3184890747
5/21/2021 16:00:00	22.933298111
5/24/2021 16:00:00	24.0817451477
5/25/2021 16:00:00	24.1982555389
5/26/2021 16:00:00	24.4431629181
5/27/2021 16:00:00	24.1578292847
5/28/2021 16:00:00	24.3932285309
6/1/2021 16:00:00	24.1554527283
6/2/2021 16:00:00	24.2814769745
6/3/2021 16:00:00	23.5182228088
6/4/2021 16:00:00	24.7237319946
6/7/2021 16:00:00	24.9424819946
6/8/2021 16:00:00	24.9710216522
6/9/2021 16:00:00	24.9995517731
6/10/2021 16:00:00	25.7651844025
6/11/2021 16:00:00	25.9696674347
6/14/2021 16:00:00	26.6972579956
6/15/2021 16:00:00	26.2026882172
6/16/2021 16:00:00	25.9221096039
6/17/2021 16:00:00	26.8898525238
6/18/2021 16:00:00	26.2478656769
6/21/2021 16:00:00	26.7281742096
6/22/2021 16:00:00	27.474779129
6/23/2021 16:00:00	27.5223331451
6/24/2021 16:00:00	28.0287914276
6/25/2021 16:00:00	27.9408130646
6/28/2021 16:00:00	28.9299526215
6/29/2021 16:00:00	29.2557067871
6/30/2021 16:00:00	29.1273097992
7/1/2021 16:00:00	29.1415748596
7/2/2021 16:00:00	30.1307125092
7/6/2021 16:00:00	30.5349273682
7/7/2021 16:00:00	30.7299060822
7/8/2021 16:00:00	30.1972904205
7/9/2021 16:00:00	30.7085018158
7/12/2021 16:00:00	31.0936965942
7/13/2021 16:00:00	31.0770530701
7/14/2021 16:00:00	31.2458705902
7/15/2021 16:00:00	30.5991268158
7/16/2021 16:00:00	29.8477592468
7/19/2021 16:00:00	29.132062912
7/20/2021 16:00:00	30.0926647186
7/21/2021 16:00:00	30.779838562
7/22/2021 16:00:00	31.4265804291
7/23/2021 16:00:00	32.4704055786
7/26/2021 16:00:00	32.6059379578
7/27/2021 16:00:00	31.5407142639
7/28/2021 16:00:00	31.8854866028
7/29/2021 16:00:00	32.0424156189
7/30/2021 16:00:00	31.5621147156
8/2/2021 16:00:00	31.5525970459
8/3/2021 16:00:00	32.1018562317
8/4/2021 16:00:00	32.2611656189
8/5/2021 16:00:00	32.8674888611
8/6/2021 16:00:00	32.4394950867
8/9/2021 16:00:00	32.6130828857
8/10/2021 16:00:00	32.1256370544
8/11/2021 16:00:00	31.9520626068
8/12/2021 16:00:00	32.2849349976
8/13/2021 16:00:00	32.6083183289
8/16/2021 16:00:00	32.6653785706
8/17/2021 16:00:00	31.807012558
8/18/2021 16:00:00	30.8820819855
8/19/2021 16:00:00	31.3219604492
8/20/2021 16:00:00	32.2897033691
8/23/2021 16:00:00	33.7282295227
8/24/2021 16:00:00	34.0611114502
8/25/2021 16:00:00	34.0991668701
8/26/2021 16:00:00	33.52135849
8/27/2021 16:00:00	34.500995636
8/30/2021 16:00:00	35.6446876526
8/31/2021 16:00:00	35.5448303223
9/1/2021 16:00:00	35.7397994995
9/2/2021 16:00:00	35.689868927
9/3/2021 16:00:00	36.0108680725
9/7/2021 16:00:00	36.1582832336
9/8/2021 16:00:00	35.7873573303
9/9/2021 16:00:00	35.4045372009
9/10/2021 16:00:00	34.6080055237
9/13/2021 16:00:00	34.5295333862
9/14/2021 16:00:00	34.2323188782
9/15/2021 16:00:00	34.990814209
9/16/2021 16:00:00	35.0597686768
9/17/2021 16:00:00	33.8209686279
9/20/2021 16:00:00	31.7404518127
9/21/2021 16:00:00	31.7808628082
9/22/2021 16:00:00	32.7105522156
9/23/2021 16:00:00	33.6188545227
9/24/2021 16:00:00	33.7139701843
9/27/2021 16:00:00	32.9007759094
9/28/2021 16:00:00	30.1568698883
9/29/2021 16:00:00	29.9571342468
9/30/2021 16:00:00	29.6194992065
10/1/2021 16:00:00	30.1592483521
10/4/2021 16:00:00	28.3046092987
10/5/2021 16:00:00	29.3936157227
10/6/2021 16:00:00	29.973783493
10/7/2021 16:00:00	30.7845935822
10/8/2021 16:00:00	30.3114242554
10/11/2021 16:00:00	29.6385211945
10/12/2021 16:00:00	29.3365478516
10/13/2021 16:00:00	30.0237121582
10/14/2021 16:00:00	31.6809997559
10/15/2021 16:00:00	32.2683105469
10/18/2021 16:00:00	33.2360496521
10/19/2021 16:00:00	33.966003418
10/20/2021 16:00:00	33.8590087891
10/21/2021 16:00:00	34.4653282166
10/22/2021 16:00:00	33.5927009583
10/25/2021 16:00:00	34.6008682251
10/26/2021 16:00:00	34.9242401123
10/27/2021 16:00:00	35.200050354
10/28/2021 16:00:00	36.355632782
10/29/2021 16:00:00	36.8930091858
11/1/2021 16:00:00	37.2568054199
11/2/2021 16:00:00	37.753742218
11/3/2021 16:00:00	38.9521331787
11/4/2021 16:00:00	40.4049263
11/5/2021 16:00:00	40.554725647
11/8/2021 16:00:00	40.3882751465
11/9/2021 16:00:00	39.5560684204
11/10/2021 16:00:00	37.8227043152
11/11/2021 16:00:00	38.1294326782
11/12/2021 16:00:00	39.3396949768
11/15/2021 16:00:00	39.3278045654
11/16/2021 16:00:00	40.141002655
11/17/2021 16:00:00	40.1885490417
11/18/2021 16:00:00	41.4178352356
11/19/2021 16:00:00	42.1192817688
11/22/2021 16:00:00	40.6593399048
11/23/2021 16:00:00	40.1053352356
11/24/2021 16:00:00	40.4762611389
11/26/2021 16:00:00	38.243560791
11/29/2021 16:00:00	40.6189193726
11/30/2021 16:00:00	38.8736572266
12/1/2021 16:00:00	36.878742218
12/2/2021 16:00:00	37.5730400085
12/3/2021 16:00:00	35.6851043701
12/6/2021 16:00:00	36.519695282
12/7/2021 16:00:00	39.812877655
12/8/2021 16:00:00	40.3668823242
12/9/2021 16:00:00	38.6240005493
12/10/2021 16:00:00	39.8200035095
12/13/2021 16:00:00	38.1080245972
12/14/2021 16:00:00	36.9738464355
12/15/2021 16:00:00	39.420539856
12/16/2021 16:00:00	36.4127006531
12/17/2021 16:00:00	35.8563079834
12/20/2021 16:00:00	34.7839546204
12/21/2021 16:00:00	37.1093788147
12/22/2021 16:00:00	38.4337768555
12/23/2021 16:00:00	39.346824646
12/27/2021 16:00:00	41.2276191711
12/28/2021 16:00:00	40.7425613403
12/29/2021 16:00:00	40.6783676147
12/30/2021 16:00:00	40.2979278564
12/31/2021 16:00:00	39.5489387512
1/3/2022 16:00:00	40.6902542114
1/4/2022 16:00:00	39.1090545654
1/5/2022 16:00:00	35.5115432739
1/6/2022 16:00:00	35.4140472412
1/7/2022 16:00:00	34.2560958862
1/10/2022 16:00:00	34.3821182251
1/11/2022 16:00:00	35.8943634033
1/12/2022 16:00:00	36.3033218384
1/13/2022 16:00:00	33.6687927246
1/14/2022 16:00:00	34.1776275635
1/18/2022 16:00:00	31.7142810822
1/19/2022 16:00:00	30.6110191345
1/20/2022 16:00:00	29.426902771
1/21/2022 16:00:00	26.9492988586
1/24/2022 16:00:00	27.3392467499
1/25/2022 16:00:00	25.3229236603
1/26/2022 16:00:00	25.2753715515
1/27/2022 16:00:00	24.5192489624
1/28/2022 16:00:00	26.8066368103
1/31/2022 16:00:00	29.4031238556
2/1/2022 16:00:00	29.9642734528
2/2/2022 16:00:00	30.6728401184
2/3/2022 16:00:00	26.982585907
2/4/2022 16:00:00	27.9146614075
2/7/2022 16:00:00	27.2821788788
2/8/2022 16:00:00	28.2094993591
2/9/2022 16:00:00	29.9595146179
2/10/2022 16:00:00	27.9717273712
2/11/2022 16:00:00	25.3371906281
2/14/2022 16:00:00	25.4085254669
2/15/2022 16:00:00	27.2488918304
2/16/2022 16:00:00	27.244134903
2/17/2022 16:00:00	24.8283519745
2/18/2022 16:00:00	23.9866333008
2/22/2022 16:00:00	23.2447853088
2/23/2022 16:00:00	21.4662284851
2/24/2022 16:00:00	23.5681476593
2/25/2022 16:00:00	24.6856918335
2/28/2022 16:00:00	24.9472389221
3/1/2022 16:00:00	23.7964172363
3/2/2022 16:00:00	24.932975769
3/3/2022 16:00:00	23.8915252686
3/4/2022 16:00:00	22.8690929413
3/7/2022 16:00:00	20.3154067993
3/8/2022 16:00:00	20.0348320007
3/9/2022 16:00:00	22.1795539856
3/10/2022 16:00:00	21.4662284851
3/11/2022 16:00:00	20.1346950531
3/14/2022 16:00:00	18.9553394318
3/15/2022 16:00:00	20.7101097107
3/16/2022 16:00:00	23.0355377197
3/17/2022 16:00:00	23.805929184
3/18/2022 16:00:00	25.2848796844
3/21/2022 16:00:00	25.1041717529
3/22/2022 16:00:00	26.5878829956
3/23/2022 16:00:00	25.4655895233
3/24/2022 16:00:00	27.1157417297
3/25/2022 16:00:00	27.0729408264
3/28/2022 16:00:00	28.3046092987
3/29/2022 16:00:00	29.7550296783
3/30/2022 16:00:00	28.861000061
3/31/2022 16:00:00	27.6673793793
4/1/2022 16:00:00	27.5484924316
4/4/2022 16:00:00	29.2699680328
4/5/2022 16:00:00	27.3344917297
4/6/2022 16:00:00	25.5369243622
4/7/2022 16:00:00	25.7033672333
4/8/2022 16:00:00	24.6524009705
4/11/2022 16:00:00	22.9023857117
4/12/2022 16:00:00	22.60754776
4/13/2022 16:00:00	23.9628582001
4/14/2022 16:00:00	22.3507499695
4/18/2022 16:00:00	22.4125709534
4/19/2022 16:00:00	23.8534851074
4/20/2022 16:00:00	22.7787418365
4/21/2022 16:00:00	21.4424552917
4/22/2022 16:00:00	19.7399921417
4/25/2022 16:00:00	20.4723396301
4/26/2022 16:00:00	18.1706809998
4/27/2022 16:00:00	18.0898418427
4/28/2022 16:00:00	20.0015449524
4/29/2022 16:00:00	17.371761322
5/2/2022 16:00:00	18.189704895
5/3/2022 16:00:00	18.2325077057
5/4/2022 16:00:00	20.0395870209
5/5/2022 16:00:00	17.0531539917
5/6/2022 16:00:00	16.4587154388
5/9/2022 16:00:00	14.5137205124
5/10/2022 16:00:00	15.013045311
5/11/2022 16:00:00	13.6767587662
5/12/2022 16:00:00	13.5673809052
5/13/2022 16:00:00	15.0415792465
5/16/2022 16:00:00	14.5755414963
5/17/2022 16:00:00	15.6740550995
5/18/2022 16:00:00	13.3866739273
5/19/2022 16:00:00	13.115609169
5/20/2022 16:00:00	13.0014781952
5/23/2022 16:00:00	13.6434698105
5/24/2022 16:00:00	12.7922382355
5/25/2022 16:00:00	13.3058300018
5/26/2022 16:00:00	14.4186115265
5/27/2022 16:00:00	15.8309879303
5/31/2022 16:00:00	15.7168550491
6/1/2022 16:00:00	15.3506851196
6/2/2022 16:00:00	16.5966205597
6/3/2022 16:00:00	15.2841081619
6/6/2022 16:00:00	15.4743280411
6/7/2022 16:00:00	15.8500089645
6/8/2022 16:00:00	15.5266399384
6/9/2022 16:00:00	14.2616796494
6/10/2022 16:00:00	12.7399263382
6/13/2022 16:00:00	10.9756441116
6/14/2022 16:00:00	11.0469760895
6/15/2022 16:00:00	11.8411426544
6/16/2022 16:00:00	10.3954744339
6/17/2022 16:00:00	10.7806720734
6/21/2022 16:00:00	11.5938577652
6/22/2022 16:00:00	11.5510587692
6/23/2022 16:00:00	12.0456285477
6/24/2022 16:00:00	13.3058300018
6/27/2022 16:00:00	12.9919700623
6/28/2022 16:00:00	11.8078546524
6/29/2022 16:00:00	11.8316316605
6/30/2022 16:00:00	11.4131498337
7/1/2022 16:00:00	11.598610878
7/5/2022 16:00:00	12.19780159
7/6/2022 16:00:00	12.4308204651
7/7/2022 16:00:00	13.201210022
7/8/2022 16:00:00	13.2630300522
7/11/2022 16:00:00	12.416554451
7/12/2022 16:00:00	12.055138588
7/13/2022 16:00:00	11.9790506363
7/14/2022 16:00:00	12.1026926041
7/15/2022 16:00:00	12.7399263382
7/18/2022 16:00:00	12.4450902939
7/19/2022 16:00:00	13.5340909958
7/20/2022 16:00:00	14.2141256332
7/21/2022 16:00:00	14.818072319
7/22/2022 16:00:00	14.0429296494
7/25/2022 16:00:00	13.8336896896
7/26/2022 16:00:00	12.9967241287
7/27/2022 16:00:00	14.6183423996
7/28/2022 16:00:00	15.0368242264
7/29/2022 16:00:00	15.8642787933
8/1/2022 16:00:00	15.8404998779
8/2/2022 16:00:00	15.6930799484
8/3/2022 16:00:00	16.9485282898
8/4/2022 16:00:00	17.1910591125
8/5/2022 16:00:00	16.7820854187
8/8/2022 16:00:00	16.6108875275
8/9/2022 16:00:00	16.0402336121
8/10/2022 16:00:00	17.3574962616
8/11/2022 16:00:00	17.0959434509
8/12/2022 16:00:00	18.0613059998
8/15/2022 16:00:00	18.494052887
8/16/2022 16:00:00	18.3751678467
8/17/2022 16:00:00	17.7379379272
8/18/2022 16:00:00	17.8568210602
8/19/2022 16:00:00	16.8106174469
8/22/2022 16:00:00	15.4885940552
8/23/2022 16:00:00	15.4362850189
8/24/2022 16:00:00	15.5551719666
8/25/2022 16:00:00	16.3731117249
8/26/2022 16:00:00	14.380569458
8/29/2022 16:00:00	13.9383087158
8/30/2022 16:00:00	13.4722709656
8/31/2022 16:00:00	13.2249860764
9/1/2022 16:00:00	13.2392530441
9/2/2022 16:00:00	12.6876173019
9/6/2022 16:00:00	12.3975334167
9/7/2022 16:00:00	13.1298770905
9/8/2022 16:00:00	13.343873024
9/9/2022 16:00:00	14.1903486252
9/12/2022 16:00:00	14.7086963654
9/13/2022 16:00:00	12.2881574631
9/14/2022 16:00:00	12.5639743805
9/15/2022 16:00:00	11.9314985275
9/16/2022 16:00:00	11.6984777451
9/19/2022 16:00:00	11.9790506363
9/20/2022 16:00:00	11.6937227249
9/21/2022 16:00:00	11.051733017
9/22/2022 16:00:00	10.6427621841
9/23/2022 16:00:00	10.1339254379
9/26/2022 16:00:00	9.99601745605
9/27/2022 16:00:00	10.00552845
9/28/2022 16:00:00	10.5904512405
9/29/2022 16:00:00	9.6964225769
9/30/2022 16:00:00	9.18758392334
10/3/2022 16:00:00	9.82481956482
10/4/2022 16:00:00	10.7378721237
10/5/2022 16:00:00	10.7378721237
10/6/2022 16:00:00	10.4668092728
10/7/2022 16:00:00	9.27318668365
10/10/2022 16:00:00	8.98309898376
10/11/2022 16:00:00	8.62643718719
10/12/2022 16:00:00	8.60741615295
10/13/2022 16:00:00	9.18282985687
10/14/2022 16:00:00	8.35537719727
10/17/2022 16:00:00	9.17807388306
10/18/2022 16:00:00	9.40633869171
10/19/2022 16:00:00	9.29220485687
10/20/2022 16:00:00	9.13527393341
10/21/2022 16:00:00	9.78202056885
10/24/2022 16:00:00	10.1149044037
10/25/2022 16:00:00	10.7236042023
10/26/2022 16:00:00	10.0150375366
10/27/2022 16:00:00	9.46340179443
10/28/2022 16:00:00	10.3193912506
10/31/2022 16:00:00	9.96272754669
11/1/2022 16:00:00	9.65362071991
11/2/2022 16:00:00	8.65497112274
11/3/2022 16:00:00	8.15564537048
11/4/2022 16:00:00	8.53608322144
11/7/2022 16:00:00	8.80714702606
11/8/2022 16:00:00	8.99736499786
11/9/2022 16:00:00	8.36964321136
11/10/2022 16:00:00	10.200501442
11/11/2022 16:00:00	10.7806720734
11/14/2022 16:00:00	10.495341301
11/15/2022 16:00:00	10.9185791016
11/16/2022 16:00:00	10.4763183594
11/17/2022 16:00:00	10.3954744339
11/18/2022 16:00:00	10.3859653473
11/21/2022 16:00:00	10.0721035004
11/22/2022 16:00:00	10.495341301
11/23/2022 16:00:00	10.8092031479
11/25/2022 16:00:00	10.5856962204
11/28/2022 16:00:00	10.1196575165
11/29/2022 16:00:00	9.87712860107
11/30/2022 16:00:00	11.2039070129
12/1/2022 16:00:00	11.2657279968
12/2/2022 16:00:00	11.1325750351
12/5/2022 16:00:00	10.571428299
12/6/2022 16:00:00	9.90090847015
12/7/2022 16:00:00	9.78202056885
12/8/2022 16:00:00	10.1291704178
12/9/2022 16:00:00	9.93419361115
12/12/2022 16:00:00	10.2956104279
12/13/2022 16:00:00	10.6189842224
12/14/2022 16:00:00	10.3669424057
12/15/2022 16:00:00	9.33975791931
12/16/2022 16:00:00	9.06394290924
12/19/2022 16:00:00	8.68826007843
12/20/2022 16:00:00	8.65021705627
12/21/2022 16:00:00	9.02589893341
12/22/2022 16:00:00	8.38440227509
12/23/2022 16:00:00	8.40830230713
12/27/2022 16:00:00	8.04978942871
12/28/2022 16:00:00	7.72473859787
12/29/2022 16:00:00	8.26967525482
12/30/2022 16:00:00	8.26967525482
1/3/2023 16:00:00	8.08325195312
1/4/2023 16:00:00	8.20753669739
1/5/2023 16:00:00	7.82034349442
1/6/2023 16:00:00	8.43220043182
1/9/2023 16:00:00	8.60906887054
1/10/2023 16:00:00	8.83851623535
1/11/2023 16:00:00	9.27828979492
1/12/2023 16:00:00	9.42169570923
1/13/2023 16:00:00	9.60812187195
1/17/2023 16:00:00	9.66070270538
1/18/2023 16:00:00	9.30219078064
1/19/2023 16:00:00	9.01060199738
1/20/2023 16:00:00	9.74674701691
1/23/2023 16:00:00	10.3872880936
1/24/2023 16:00:00	10.3251447678
1/25/2023 16:00:00	10.248664856
1/26/2023 16:00:00	10.8414030075
1/27/2023 16:00:00	11.1521129608
1/30/2023 16:00:00	10.4828901291
1/31/2023 16:00:00	10.9513454437
2/1/2023 16:00:00	11.6588096619
2/2/2023 16:00:00	12.8634119034
2/3/2023 16:00:00	12.1989679337
2/6/2023 16:00:00	11.8882598877
2/7/2023 16:00:00	12.6244049072
2/8/2023 16:00:00	11.9456195831
2/9/2023 16:00:00	11.6253509521
2/10/2023 16:00:00	11.3863420486
2/13/2023 16:00:00	11.9264993668
2/14/2023 16:00:00	12.1846284866
2/15/2023 16:00:00	12.4570980072
2/16/2023 16:00:00	11.7448549271
2/17/2023 16:00:00	11.4915046692
2/21/2023 16:00:00	10.6836605072
2/22/2023 16:00:00	10.6932191849
2/23/2023 16:00:00	10.9609069824
2/24/2023 16:00:00	10.4064092636
2/27/2023 16:00:00	10.6310758591
2/28/2023 16:00:00	10.578494072
3/1/2023 16:00:00	10.3203668594
3/2/2023 16:00:00	10.5689325333
3/3/2023 16:00:00	11.2142543793
3/6/2023 16:00:00	11.2620573044
3/7/2023 16:00:00	10.8414030075
3/8/2023 16:00:00	10.9895877838
3/9/2023 16:00:00	10.4111909866
3/10/2023 16:00:00	9.98097515106
3/13/2023 16:00:00	10.1960821152
3/14/2023 16:00:00	10.8892068863
3/15/2023 16:00:00	11.0469512939
3/16/2023 16:00:00	11.9217205048
3/17/2023 16:00:00	11.7448549271
3/20/2023 16:00:00	11.8691358566
3/21/2023 16:00:00	12.3710536957
3/22/2023 16:00:00	11.8662109375
3/23/2023 16:00:00	12.2893180847
3/24/2023 16:00:00	12.4143276215
3/27/2023 16:00:00	12.1595020294
3/28/2023 16:00:00	11.9575643539
3/29/2023 16:00:00	12.61145401
3/30/2023 16:00:00	12.9528255463
3/31/2023 16:00:00	13.5874853134
4/3/2023 16:00:00	13.4913234711
4/4/2023 16:00:00	13.3566999435
4/5/2023 16:00:00	12.9287843704
4/6/2023 16:00:00	13.1884183884
4/10/2023 16:00:00	13.1595726013
4/11/2023 16:00:00	12.9047460556
4/12/2023 16:00:00	12.563375473
4/13/2023 16:00:00	13.284579277
4/14/2023 16:00:00	13.207652092
4/17/2023 16:00:00	13.2220745087
4/18/2023 16:00:00	13.2316913605
4/19/2023 16:00:00	13.2028427124
4/20/2023 16:00:00	12.8951301575
4/21/2023 16:00:00	12.919169426
4/24/2023 16:00:00	12.8422393799
4/25/2023 16:00:00	12.1162309647
4/26/2023 16:00:00	12.3181667328
4/27/2023 16:00:00	13.3134279251
4/28/2023 16:00:00	13.5826759338
5/1/2023 16:00:00	13.5442113876
5/2/2023 16:00:00	13.1836099625
5/3/2023 16:00:00	12.9239778519
5/4/2023 16:00:00	12.7797374725
5/5/2023 16:00:00	13.5634431839
5/8/2023 16:00:00	13.674030304
5/9/2023 16:00:00	13.4095869064
5/10/2023 16:00:00	13.8423128128
5/11/2023 16:00:00	13.9577026367
5/12/2023 16:00:00	13.8134622574
5/15/2023 16:00:00	14.025015831
5/16/2023 16:00:00	14.0779047012
5/17/2023 16:00:00	14.5827465057
5/18/2023 16:00:00	15.3664560318
5/19/2023 16:00:00	15.2606773376
5/22/2023 16:00:00	15.4193429947
5/23/2023 16:00:00	14.8231496811
5/24/2023 16:00:00	14.5827465057
5/25/2023 16:00:00	15.6357040405
5/26/2023 16:00:00	16.818479538
5/30/2023 16:00:00	17.0540752411
5/31/2023 16:00:00	16.7078952789
6/1/2023 16:00:00	17.3137073517
6/2/2023 16:00:00	17.7031574249
6/5/2023 16:00:00	17.7416210175
6/6/2023 16:00:00	17.7223854065
6/7/2023 16:00:00	16.818479538
6/8/2023 16:00:00	17.3954410553
6/9/2023 16:00:00	17.6069946289
6/12/2023 16:00:00	18.5060997009
6/13/2023 16:00:00	18.919588089
6/14/2023 16:00:00	19.3234615326
6/15/2023 16:00:00	20.0013904572
6/16/2023 16:00:00	19.6167526245
6/20/2023 16:00:00	19.5205898285
6/21/2023 16:00:00	18.7382621765
6/22/2023 16:00:00	19.360458374
6/23/2023 16:00:00	18.7864933014
6/26/2023 16:00:00	18.0437145233
6/27/2023 16:00:00	18.9360141754
6/28/2023 16:00:00	19.0517730713
6/29/2023 16:00:00	18.9215488434
6/30/2023 16:00:00	19.7752571106
7/3/2023 16:00:00	19.9103050232
7/5/2023 16:00:00	19.8958358765
7/6/2023 16:00:00	19.4279842377
7/7/2023 16:00:00	19.2302322388
7/10/2023 16:00:00	19.2447032928
7/11/2023 16:00:00	19.5196266174
7/12/2023 16:00:00	20.2431125641
7/13/2023 16:00:00	21.2511672974
7/14/2023 16:00:00	21.2318725586
7/17/2023 16:00:00	21.8203086853
7/18/2023 16:00:00	22.3412151337
7/19/2023 16:00:00	22.3412151337
7/20/2023 16:00:00	20.7736682892
7/21/2023 16:00:00	20.5903835297
7/24/2023 16:00:00	20.67237854
7/25/2023 16:00:00	21.0871734619
7/26/2023 16:00:00	20.8701305389
7/27/2023 16:00:00	20.6916751862
7/28/2023 16:00:00	21.8106632233
7/31/2023 16:00:00	21.8540725708
8/1/2023 16:00:00	21.685256958
8/2/2023 16:00:00	20.2672290802
8/3/2023 16:00:00	20.1225299835
8/4/2023 16:00:00	19.8427829742
8/7/2023 16:00:00	20.3347511292
8/8/2023 16:00:00	19.8138446808
8/9/2023 16:00:00	19.1530609131
8/10/2023 16:00:00	19.2398796082
8/11/2023 16:00:00	18.8540229797
8/14/2023 16:00:00	19.4810409546
8/15/2023 16:00:00	18.8829612732
8/16/2023 16:00:00	18.2559375763
8/17/2023 16:00:00	17.6385669708
8/18/2023 16:00:00	17.5565738678
8/21/2023 16:00:00	18.4054584503
8/22/2023 16:00:00	18.3234634399
8/23/2023 16:00:00	19.1868247986
8/24/2023 16:00:00	17.9231357574
8/25/2023 16:00:00	18.3475818634
8/28/2023 16:00:00	18.7575588226
8/29/2023 16:00:00	19.9537181854
8/30/2023 16:00:00	20.2865219116
8/31/2023 16:00:00	20.4698028564
9/1/2023 16:00:00	20.3974571228
9/5/2023 16:00:00	20.450510025
9/6/2023 16:00:00	19.9103050232
9/7/2023 16:00:00	19.4762172699
9/8/2023 16:00:00	19.5340957642
9/11/2023 16:00:00	20.1996994019
9/12/2023 16:00:00	19.5533885956
9/13/2023 16:00:00	19.7463188171
9/14/2023 16:00:00	20.2093524933
9/15/2023 16:00:00	19.1723537445
9/18/2023 16:00:00	19.21575737
9/19/2023 16:00:00	19.1000080109
9/20/2023 16:00:00	18.2718410492
9/21/2023 16:00:00	17.2311954498
9/22/2023 16:00:00	17.2457141876
9/25/2023 16:00:00	17.4732074738
9/26/2023 16:00:00	16.6939315796
9/27/2023 16:00:00	16.7955741882
9/28/2023 16:00:00	17.2021541595
9/29/2023 16:00:00	17.2408733368
10/2/2023 16:00:00	17.6522960663
10/3/2023 16:00:00	16.718132019
10/4/2023 16:00:00	17.3957633972
10/5/2023 16:00:00	17.2118377686
10/6/2023 16:00:00	18.0782318115
10/9/2023 16:00:00	18.3444499969
10/10/2023 16:00:00	18.644536972
10/11/2023 16:00:00	19.041437149
10/12/2023 16:00:00	18.8187885284
10/13/2023 16:00:00	18.1072731018
10/16/2023 16:00:00	18.7171440125
10/17/2023 16:00:00	18.5380592346
10/18/2023 16:00:00	17.7539405823
10/19/2023 16:00:00	17.2795982361
10/20/2023 16:00:00	16.5003204346
10/23/2023 16:00:00	16.645526886
10/24/2023 16:00:00	17.1150302887
10/25/2023 16:00:00	15.8614120483
10/26/2023 16:00:00	14.9369297028
10/27/2023 16:00:00	15.1498985291
10/30/2023 16:00:00	15.6387615204
10/31/2023 16:00:00	15.8662528992
11/1/2023 16:00:00	16.6842517853
11/2/2023 16:00:00	17.5700111389
11/3/2023 16:00:00	18.1895618439
11/6/2023 16:00:00	18.397687912
11/7/2023 16:00:00	18.9155960083
11/8/2023 16:00:00	18.9494762421
11/9/2023 16:00:00	18.4993343353
11/10/2023 16:00:00	19.7335910797
11/13/2023 16:00:00	19.5545005798
11/14/2023 16:00:00	20.7839202881
11/15/2023 16:00:00	20.8420009613
11/16/2023 16:00:00	20.8758831024
11/17/2023 16:00:00	20.8904037476
11/20/2023 16:00:00	21.6358013153
11/21/2023 16:00:00	21.2437381744
11/22/2023 16:00:00	21.4905929565
11/24/2023 16:00:00	21.3841056824
11/27/2023 16:00:00	21.3211841583
11/28/2023 16:00:00	21.4905929565
11/29/2023 16:00:00	21.4131507874
11/30/2023 16:00:00	21.2340602875
12/1/2023 16:00:00	21.4131507874
12/4/2023 16:00:00	20.8032798767
12/5/2023 16:00:00	20.9533290863
12/6/2023 16:00:00	20.5806312561
12/7/2023 16:00:00	21.4421901703
12/8/2023 16:00:00	21.6987228394
12/11/2023 16:00:00	22.2505073547
12/12/2023 16:00:00	22.7877674103
12/13/2023 16:00:00	23.5912513733
12/14/2023 16:00:00	23.5525245667
12/15/2023 16:00:00	23.8332614899
12/18/2023 16:00:00	24.3317985535
12/19/2023 16:00:00	24.6948204041
12/20/2023 16:00:00	23.5975856781
12/21/2023 16:00:00	24.380279541
12/22/2023 16:00:00	24.4775085449
12/26/2023 16:00:00	24.9247646332
12/27/2023 16:00:00	25.0560264587
12/28/2023 16:00:00	24.9928321838
12/29/2023 16:00:00	24.6476631165
1/2/2024 16:00:00	23.3982639313
1/3/2024 16:00:00	22.649597168
1/4/2024 16:00:00	22.270406723
1/5/2024 16:00:00	22.3530502319
1/8/2024 16:00:00	23.6996765137
1/9/2024 16:00:00	23.8552436829
1/10/2024 16:00:00	24.3268051147
1/11/2024 16:00:00	24.443479538
1/12/2024 16:00:00	24.472650528
1/16/2024 16:00:00	24.4580669403
1/17/2024 16:00:00	24.0351161957
1/18/2024 16:00:00	25.0657501221
1/19/2024 16:00:00	26.5144691467
1/22/2024 16:00:00	26.6214199066
1/23/2024 16:00:00	26.9374141693
1/24/2024 16:00:00	27.3798084259
1/25/2024 16:00:00	27.4575939178
1/26/2024 16:00:00	26.9520015717
1/29/2024 16:00:00	27.7444210052
1/30/2024 16:00:00	27.1902103424
1/31/2024 16:00:00	25.5907897949
2/1/2024 16:00:00	26.4950218201
2/2/2024 16:00:00	27.8270683289
2/5/2024 16:00:00	27.68608284
2/6/2024 16:00:00	27.5256538391
2/7/2024 16:00:00	28.3472442627
2/8/2024 16:00:00	28.4639186859
2/9/2024 16:00:00	29.3000926971
2/12/2024 16:00:00	28.9549255371
2/13/2024 16:00:00	27.583990097
2/14/2024 16:00:00	28.4590606689
2/15/2024 16:00:00	28.6972675323
2/16/2024 16:00:00	27.9097118378
2/20/2024 16:00:00	27.2631378174
2/21/2024 16:00:00	26.9228343964
2/22/2024 16:00:00	29.2514724731
2/23/2024 16:00:00	28.9840946198
2/26/2024 16:00:00	28.9452018738
2/27/2024 16:00:00	29.1250801086
2/28/2024 16:00:00	28.6535148621
2/29/2024 16:00:00	29.3438453674
3/1/2024 16:00:00	30.6904716492
3/4/2024 16:00:00	30.3258647919
3/5/2024 16:00:00	28.7021331787
3/6/2024 16:00:00	29.2320308685
3/7/2024 16:00:00	30.5349063873
3/8/2024 16:00:00	29.1979999542
3/11/2024 16:00:00	28.8576984406
3/12/2024 16:00:00	30.0827903748
3/13/2024 16:00:00	29.3827362061
3/14/2024 16:00:00	29.144525528
3/15/2024 16:00:00	28.0798625946
3/18/2024 16:00:00	28.8722801208
3/19/2024 16:00:00	29.0716018677
3/20/2024 16:00:00	30.1035118103
3/21/2024 16:00:00	30.4938335419
3/22/2024 16:00:00	30.557258606
3/25/2024 16:00:00	30.2450065613
3/26/2024 16:00:00	29.9620227814
3/27/2024 16:00:00	30.2254905701
3/28/2024 16:00:00	30.0352096558
4/1/2024 16:00:00	30.2206058502
4/2/2024 16:00:00	29.410692215
4/3/2024 16:00:00	29.6058540344
4/4/2024 16:00:00	28.2104549408
4/5/2024 16:00:00	29.2057743073
4/8/2024 16:00:00	29.2252883911
4/9/2024 16:00:00	29.5277900696
4/10/2024 16:00:00	28.7520236969
4/11/2024 16:00:00	30.1035118103
4/12/2024 16:00:00	28.6495704651
4/15/2024 16:00:00	27.2102603912
4/16/2024 16:00:00	27.215139389
4/17/2024 16:00:00	26.2051830292
4/18/2024 16:00:00	25.7367954254
4/19/2024 16:00:00	24.1413593292
4/22/2024 16:00:00	24.8439350128
4/23/2024 16:00:00	25.9514713287
4/24/2024 16:00:00	26.2051830292
4/25/2024 16:00:00	25.7855854034
4/26/2024 16:00:00	26.9711875916
4/29/2024 16:00:00	27.2931976318
4/30/2024 16:00:00	25.7319164276
5/1/2024 16:00:00	25.1757068634
5/2/2024 16:00:00	26.1076011658
5/3/2024 16:00:00	27.6640071869
5/6/2024 16:00:00	28.5715045929
5/7/2024 16:00:00	28.5715045929
5/8/2024 16:00:00	28.5178337097
5/9/2024 16:00:00	28.6739597321
5/10/2024 16:00:00	28.8691215515
5/13/2024 16:00:00	29.0594062805
5/14/2024 16:00:00	29.6009731293
5/15/2024 16:00:00	30.9670963287
5/16/2024 16:00:00	30.7768154144
5/17/2024 16:00:00	30.7085094452
5/20/2024 16:00:00	31.3427791595
5/21/2024 16:00:00	31.5037899017
5/22/2024 16:00:00	31.4842739105
5/23/2024 16:00:00	31.0158882141
5/24/2024 16:00:00	31.8843517303
5/28/2024 16:00:00	32.230758667
5/29/2024 16:00:00	31.5574550629
5/30/2024 16:00:00	30.5426235199
5/31/2024 16:00:00	30.5084705353
6/3/2024 16:00:00	30.8060894012
6/4/2024 16:00:00	31.0354042053
6/5/2024 16:00:00	32.9089431763
6/6/2024 16:00:00	32.8699150085
6/7/2024 16:00:00	32.7479438782
6/10/2024 16:00:00	33.0943565369
6/11/2024 16:00:00	33.7774124146
6/12/2024 16:00:00	35.1093788147
6/13/2024 16:00:00	35.6704673767
6/14/2024 16:00:00	36.1876449585
6/17/2024 16:00:00	37.5000991821
6/18/2024 16:00:00	37.5196151733
6/20/2024 16:00:00	36.6365127563
6/21/2024 16:00:00	36.2998657227
6/24/2024 16:00:00	35.070350647
6/25/2024 16:00:00	36.2413101196
6/26/2024 16:00:00	36.4680747986
6/27/2024 16:00:00	36.73254776
6/28/2024 16:00:00	36.154624939
7/1/2024 16:00:00	36.7472381592
7/2/2024 16:00:00	37.8737068176
7/3/2024 16:00:00	38.8042678833
7/5/2024 16:00:00	39.9797058105
7/8/2024 16:00:00	40.2441749573
7/9/2024 16:00:00	40.3323440552
7/10/2024 16:00:00	41.5959358215
7/11/2024 16:00:00	38.8630332947
7/12/2024 16:00:00	39.4948387146
7/15/2024 16:00:00	39.7887001038
7/16/2024 16:00:00	39.8180885315
7/17/2024 16:00:00	36.3162498474
7/18/2024 16:00:00	35.7726020813
7/19/2024 16:00:00	34.8028678894
7/22/2024 16:00:00	36.321144104
7/23/2024 16:00:00	35.9293365479
7/24/2024 16:00:00	32.055267334
7/25/2024 16:00:00	30.9875793457
7/26/2024 16:00:00	31.8740577698
7/29/2024 16:00:00	32.06016922
7/30/2024 16:00:00	30.75248909
7/31/2024 16:00:00	33.4413146973
8/1/2024 16:00:00	31.0316581726
8/2/2024 16:00:00	28.7689342499
8/5/2024 16:00:00	26.2613239288
8/6/2024 16:00:00	26.9176139832
8/7/2024 16:00:00	26.0507221222
8/8/2024 16:00:00	28.4358921051
8/9/2024 16:00:00	28.822807312
8/12/2024 16:00:00	29.0187110901
8/13/2024 16:00:00	31.129611969
8/14/2024 16:00:00	31.1834850311
8/15/2024 16:00:00	33.5294723511
8/16/2024 16:00:00	33.6176300049
8/19/2024 16:00:00	34.9204101562
8/20/2024 16:00:00	34.704914093
8/21/2024 16:00:00	35.1799850464
8/22/2024 16:00:00	33.4902915955
8/23/2024 16:00:00	34.5432853699
8/26/2024 16:00:00	33.5294723511
8/27/2024 16:00:00	33.8135375977
8/28/2024 16:00:00	32.6674766541
8/29/2024 16:00:00	32.4960594177
8/30/2024 16:00:00	33.602935791
9/3/2024 16:00:00	30.5369930267
9/4/2024 16:00:00	30.2774162292
9/5/2024 16:00:00	30.3753700256
9/6/2024 16:00:00	27.9118423462
9/9/2024 16:00:00	28.9501457214
9/10/2024 16:00:00	29.7288742065
9/11/2024 16:00:00	31.6242752075
9/12/2024 16:00:00	32.5597419739
9/13/2024 16:00:00	32.9858283997
9/16/2024 16:00:00	32.5450363159
9/17/2024 16:00:00	32.5646247864
9/18/2024 16:00:00	32.1385269165
9/19/2024 16:00:00	34.5677757263
9/20/2024 16:00:00	34.3473777771
9/23/2024 16:00:00	34.6020622253
9/24/2024 16:00:00	35.0918312073
9/25/2024 16:00:00	35.2146682739
9/26/2024 16:00:00	35.9615097046
9/27/2024 16:00:00	35.342414856
9/30/2024 16:00:00	35.6175689697
10/1/2024 16:00:00	34.1091346741
10/2/2024 16:00:00	34.2368927002
10/3/2024 16:00:00	34.1582679749
10/4/2024 16:00:00	35.3620643616
10/7/2024 16:00:00	34.1975784302
10/8/2024 16:00:00	35.6814422607
10/9/2024 16:00:00	36.5413017273
10/10/2024 16:00:00	36.4135513306
10/11/2024 16:00:00	36.5069007874
10/14/2024 16:00:00	37.4404563904
10/15/2024 16:00:00	35.9467697144
10/16/2024 16:00:00	35.927116394
10/17/2024 16:00:00	36.0352134705
10/18/2024 16:00:00	36.6739616394
10/21/2024 16:00:00	36.8754081726
10/22/2024 16:00:00	36.983505249
10/23/2024 16:00:00	35.2736206055
10/24/2024 16:00:00	36.1138267517
10/25/2024 16:00:00	36.7230873108
10/28/2024 16:00:00	36.757484436
10/29/2024 16:00:00	37.7745704651
10/30/2024 16:00:00	36.9343719482
10/31/2024 16:00:00	34.1238822937
11/1/2024 16:00:00	34.8510627747
11/4/2024 16:00:00	34.5267829895
11/5/2024 16:00:00	35.8386802673
11/6/2024 16:00:00	38.7474327087
11/7/2024 16:00:00	40.5605010986
11/8/2024 16:00:00	40.6587638855
11/11/2024 16:00:00	40.5850601196
11/12/2024 16:00:00	40.3639564514
11/13/2024 16:00:00	40.1870765686
11/14/2024 16:00:00	39.3370437622
11/15/2024 16:00:00	36.4921607971
11/18/2024 16:00:00	37.2291755676
11/19/2024 16:00:00	37.976020813
11/20/2024 16:00:00	37.9318008423
11/21/2024 16:00:00	38.3052215576
11/22/2024 16:00:00	38.4477081299
11/25/2024 16:00:00	38.6245994568
11/26/2024 16:00:00	39.2240371704
11/27/2024 16:00:00	38.2757415771
11/29/2024 16:00:00	39.2535133362
12/2/2024 16:00:00	40.5261039734
12/3/2024 16:00:00	40.8847770691
12/4/2024 16:00:00	42.3784713745
12/5/2024 16:00:00	42.0296134949
12/6/2024 16:00:00	43.1105728149
12/9/2024 16:00:00	42.1033172607
12/10/2024 16:00:00	41.64635849
12/11/2024 16:00:00	43.8721580505
12/12/2024 16:00:00	43.0024757385
12/13/2024 16:00:00	43.9262046814
12/16/2024 16:00:00	45.8375358582
12/17/2024 16:00:00	45.2233543396
12/18/2024 16:00:00	40.3344764709
12/19/2024 16:00:00	39.7645111084
12/20/2024 16:00:00	40.7963371277
12/23/2024 16:00:00	41.9326553345
12/24/2024 16:00:00	43.5989151001
12/26/2024 16:00:00	43.5052490234
12/27/2024 16:00:00	41.7354660034
12/30/2024 16:00:00	40.0593414307
12/31/2024 16:00:00	39.0092926025
1/2/2025 16:00:00	38.7628059387
1/3/2025 16:00:00	40.6213264465
1/6/2025 16:00:00	42.0065956116
1/7/2025 16:00:00	39.7438354492
1/8/2025 16:00:00	39.7734146118
1/10/2025 16:00:00	37.8754463196
1/13/2025 16:00:00	37.4810562134
1/14/2025 16:00:00	37.3479652405
1/15/2025 16:00:00	39.8720054626
1/16/2025 16:00:00	39.05859375
1/17/2025 16:00:00	40.9861373901
1/21/2025 16:00:00	41.6664428711
1/22/2025 16:00:00	43.2834129333
1/23/2025 16:00:00	43.549621582
1/24/2025 16:00:00	42.7657852173
1/27/2025 16:00:00	39.0142250061
1/28/2025 16:00:00	40.7445793152
1/29/2025 16:00:00	40.4931564331
1/30/2025 16:00:00	41.000919342
1/31/2025 16:00:00	40.7790870667
2/3/2025 16:00:00	39.7931289673
2/4/2025 16:00:00	41.2375564575
2/5/2025 16:00:00	41.7749023438
2/6/2025 16:00:00	42.4009780884
2/7/2025 16:00:00	40.7840194702
2/10/2025 16:00:00	42.2185783386
2/11/2025 16:00:00	41.9178657532
2/12/2025 16:00:00	42.0016670227
2/13/2025 16:00:00	43.7714653015
2/14/2025 16:00:00	44.2841529846
2/18/2025 16:00:00	44.5602226257
2/19/2025 16:00:00	44.5651512146
2/20/2025 16:00:00	44.0228767395
2/21/2025 16:00:00	41.2671394348
2/24/2025 16:00:00	39.7832641602
2/25/2025 16:00:00	38.2649040222
2/26/2025 16:00:00	38.511390686
2/27/2025 16:00:00	35.3168983459
2/28/2025 16:00:00	36.9338645935
3/3/2025 16:00:00	34.5478553772
3/4/2025 16:00:00	34.1682548523
3/5/2025 16:00:00	35.4992980957
3/6/2025 16:00:00	32.5562171936
3/7/2025 16:00:00	33.2316093445
3/10/2025 16:00:00	29.4849758148
3/11/2025 16:00:00	29.1398906708
3/12/2025 16:00:00	30.1357040405
3/13/2025 16:00:00	28.4891605377
3/14/2025 16:00:00	30.5103664398
3/17/2025 16:00:00	31.101940155
3/18/2025 16:00:00	29.5342712402
3/19/2025 16:00:00	30.6829090118
3/20/2025 16:00:00	30.3674049377
3/21/2025 16:00:00	30.6533336639
3/24/2025 16:00:00	32.6005935669
3/25/2025 16:00:00	33.1823043823
3/26/2025 16:00:00	31.3370857239
3/27/2025 16:00:00	30.8030986786
3/28/2025 16:00:00	28.3507175446
3/31/2025 16:00:00	28.3309402466
4/1/2025 16:00:00	28.9835891724
4/2/2025 16:00:00	29.6312961578
4/3/2025 16:00:00	24.8699169159
4/4/2025 16:00:00	20.3162002563
4/7/2025 16:00:00	20.3953132629
4/8/2025 16:00:00	19.2333984375
4/9/2025 16:00:00	26.0120544434
4/10/2025 16:00:00	22.8130817413
4/11/2025 16:00:00	24.0194950104
4/14/2025 16:00:00	24.5238170624
4/15/2025 16:00:00	24.6177597046
4/16/2025 16:00:00	22.3928165436
4/17/2025 16:00:00	22.3285369873
4/21/2025 16:00:00	20.6969165802
4/22/2025 16:00:00	22.2790966034
4/23/2025 16:00:00	23.7574443817
4/24/2025 16:00:00	25.7796726227
4/25/2025 16:00:00	26.6300964355
4/28/2025 16:00:00	26.6103172302
4/29/2025 16:00:00	27.1294708252
4/30/2025 16:00:00	27.1344146729
5/1/2025 16:00:00	28.0688915253
5/2/2025 16:00:00	29.3840789795
5/5/2025 16:00:00	28.8748149872
5/6/2025 16:00:00	28.0540561676
5/7/2025 16:00:00	28.3803844452
5/8/2025 16:00:00	29.2258625031
5/9/2025 16:00:00	29.1566429138
5/12/2025 16:00:00	32.6868858337
5/13/2025 16:00:00	34.1850090027
5/14/2025 16:00:00	34.7882194519
5/15/2025 16:00:00	34.8969955444
5/16/2025 16:00:00	35.3271484375
5/19/2025 16:00:00	35.4210929871
5/20/2025 16:00:00	35.0502662659
5/21/2025 16:00:00	33.5916938782
5/22/2025 16:00:00	33.7647476196
5/23/2025 16:00:00	32.7907142639
5/27/2025 16:00:00	35.0749855042
5/28/2025 16:00:00	34.6250610352
5/29/2025 16:00:00	34.7931671143
5/30/2025 16:00:00	34.6102256775
6/2/2025 16:00:00	35.4062614441
6/3/2025 16:00:00	36.2319564819
6/4/2025 16:00:00	36.5236740112
6/5/2025 16:00:00	35.6732521057
6/6/2025 16:00:00	36.6917800903
6/9/2025 16:00:00	36.8549423218
6/10/2025 16:00:00	37.5669250488
6/11/2025 16:00:00	37.1812667847
6/12/2025 16:00:00	37.423538208
6/13/2025 16:00:00	36.0094642639
6/16/2025 16:00:00	37.4779281616
6/17/2025 16:00:00	36.3703994751
6/18/2025 16:00:00	36.3209571838
6/20/2025 16:00:00	35.8215789795
6/23/2025 16:00:00	36.934047699
6/24/2025 16:00:00	38.6151161194
6/25/2025 16:00:00	38.9116210938
6/26/2025 16:00:00	39.9776229858
6/27/2025 16:00:00	40.3693161011
6/30/2025 16:00:00	41.1527023315
7/1/2025 16:00:00	40.1065330505
7/2/2025 16:00:00	40.9047966003
7/3/2025 16:00:00	42.0501251221
7/7/2025 16:00:00	41.1130409241
7/8/2025 16:00:00	41.1675758362
7/9/2025 16:00:00	42.0203819275
7/10/2025 16:00:00	41.8270111084
7/11/2025 16:00:00	41.5096969604
7/14/2025 16:00:00	41.9509658813
7/15/2025 16:00:00	42.0600471497
7/16/2025 16:00:00	42.1790428162
7/17/2025 16:00:00	43.1607551575
7/18/2025 16:00:00	43.0120124817
7/21/2025 16:00:00	43.6664886475
7/22/2025 16:00:00	42.9872207642
7/23/2025 16:00:00	43.5524520874
7/24/2025 16:00:00	43.8400230408
7/25/2025 16:00:00	44.0879325867
7/28/2025 16:00:00	44.5192947388
7/29/2025 16:00:00	44.3160057068
7/30/2025 16:00:00	44.4697151184
7/31/2025 16:00:00	43.7359085083
8/1/2025 16:00:00	41.1130409241
8/4/2025 16:00:00	43.3640403748
8/5/2025 16:00:00	42.4616584778
8/6/2025 16:00:00	44.0482635498
8/7/2025 16:00:00	44.4945030212
8/8/2025 16:00:00	45.6943778992
8/11/2025 16:00:00	45.292766571
8/12/2025 16:00:00	46.9636688232
8/13/2025 16:00:00	47.0330848694
8/14/2025 16:00:00	46.9041671753
8/15/2025 16:00:00	46.2397766113
8/18/2025 16:00:00	46.1802711487
8/19/2025 16:00:00	44.2961730957
8/20/2025 16:00:00	43.4879951477
8/21/2025 16:00:00	42.883102417
8/22/2025 16:00:00	44.8118209839
8/25/2025 16:00:00	44.4201278687
8/26/2025 16:00:00	44.9357757568
8/27/2025 16:00:00	45.1390647888
8/28/2025 16:00:00	45.9621124268
8/29/2025 16:00:00	44.3060951233
9/2/2025 16:00:00	43.1756324768
9/3/2025 16:00:00	44.1821365356
9/4/2025 16:00:00	45.3770523071
9/5/2025 16:00:00	45.5257987976
9/8/2025 16:00:00	46.1753196716
9/9/2025 16:00:00	46.5521392822
9/10/2025 16:00:00	46.6017227173
9/11/2025 16:00:00	47.3851089478
9/12/2025 16:00:00	47.9751319885
9/15/2025 16:00:00	49.199798584
9/16/2025 16:00:00	49.0659255981
9/17/2025 16:00:00	48.7535591125
9/18/2025 16:00:00	50.0674743652
9/19/2025 16:00:00	51.0591087341
9/22/2025 16:00:00	51.9218254089
9/23/2025 16:00:00	50.8756523132
9/24/2025 16:00:00	50.3287467957
9/25/2025 16:00:00	49.6537857056
9/26/2025 16:00:00	50.249332428
9/29/2025 16:00:00	50.9193267822
9/30/2025 16:00:00	51.3163604736
10/1/2025 16:00:00	52.0409393311
10/2/2025 16:00:00	52.6761856079
10/3/2025 16:00:00	51.9615325928
10/6/2025 16:00:00	53.1228523254
10/7/2025 16:00:00	52.2642707825
10/8/2025 16:00:00	54.0360221863
10/9/2025 16:00:00	53.8226127625
10/10/2025 16:00:00	48.1748428345
10/13/2025 16:00:00	51.2319908142
10/14/2025 16:00:00	50.1897773743
10/15/2025 16:00:00	51.2170982361
10/16/2025 16:00:00	50.6463699341
10/17/2025 16:00:00	51.6091690063
10/20/2025 16:00:00	53.5446968079
10/21/2025 16:00:00	53.4851379395
10/22/2025 16:00:00	51.9119033813
10/23/2025 16:00:00	53.2121810913
10/24/2025 16:00:00	54.8697853088
10/27/2025 16:00:00	57.7830123901
10/28/2025 16:00:00	59.1031417847
10/29/2025 16:00:00	59.8575019836
10/30/2025 16:00:00	57.1179771423
10/31/2025 16:00:00	57.9269332886
11/3/2025 16:00:00	58.7210006714
11/4/2025 16:00:00	55.1278610229
11/5/2025 16:00:00	56.199848175
11/6/2025 16:00:00	53.0484046936
11/7/2025 16:00:00	52.4975242615
11/10/2025 16:00:00	55.9368095398
11/11/2025 16:00:00	55.4752616882
11/12/2025 16:00:00	55.361114502
11/13/2025 16:00:00	51.9416885376
11/14/2025 16:00:00	51.9813804626
11/17/2025 16:00:00	50.6463699341
11/18/2025 16:00:00	48.8150596619
11/19/2025 16:00:00	49.6537857056
11/20/2025 16:00:00	46.1053123474
11/21/2025 16:00:00	47.1276702881
11/24/2025 16:00:00	50.700958252
11/25/2025 16:00:00	51.6240539551
11/26/2025 16:00:00	52.9739570618
11/28/2025 16:00:00	54.1352806091
12/1/2025 16:00:00	53.6489181519
12/2/2025 16:00:00	54.8896408081
12/3/2025 16:00:00	55.2767448425
12/4/2025 16:00:00	55.0980758667
12/5/2025 16:00:00	55.7333335876
12/8/2025 16:00:00	55.3859329224
12/9/2025 16:00:00	55.5943717957
12/10/2025 16:00:00	56.2296218872
12/11/2025 16:00:00	55.6936302185
12/12/2025 16:00:00	52.4280433655
12/15/2025 16:00:00	51.6339836121
12/16/2025 16:00:00	51.9416885376
12/17/2025 16:00:00	49.0334243774
12/18/2025 16:00:00	51.1277656555
12/19/2025 16:00:00	53.1228523254
12/22/2025 16:00:00	53.8474349976
12/23/2025 16:00:00	54.6017913818
12/24/2025 16:00:00	55.0352363586
12/26/2025 16:00:00	54.9855308533
12/29/2025 16:00:00	54.1703414917
12/30/2025 16:00:00	53.7826309204
12/31/2025 16:00:00	52.4107246399
1/2/2026 16:00:00	52.0428924561
1/5/2026 16:00:00	53.2855606079
1/6/2026 16:00:00	54.6872901917
1/7/2026 16:00:00	54.8463478088
1/8/2026 16:00:00	53.8720970154
1/9/2026 16:00:00	55.432888031
1/12/2026 16:00:00	55.5621261597
1/13/2026 16:00:00	55.2738265991
1/14/2026 16:00:00	53.514213562
1/15/2026 16:00:00	54.0609855652
1/16/2026 16:00:00	53.82239151
1/20/2026 16:00:00	50.4323997498
1/21/2026 16:00:00	52.420665741
1/22/2026 16:00:00	53.5838050842
1/23/2026 16:00:00	54.0609855652
1/26/2026 16:00:00	54.7568817139
1/27/2026 16:00:00	56.2083129883
1/28/2026 16:00:00	56.7252616882
1/29/2026 16:00:00	55.7112503052
1/30/2026 16:00:00	53.683216095
2/2/2026 16:00:00	54.776763916
2/3/2026 16:00:00	52.211894989
2/4/2026 16:00:00	49.4680900574
2/5/2026 16:00:00	47.3605232239
2/6/2026 16:00:00	50.29322052
2/9/2026 16:00:00	51.4364738464
2/10/2026 16:00:00	50.7206993103
2/11/2026 16:00:00	51.0984687805
2/12/2026 16:00:00	47.9768867493
2/13/2026 16:00:00	48.1856536865
2/17/2026 16:00:00	48.0663566589
2/18/2026 16:00:00	49.1002578735
2/19/2026 16:00:00	48.5435447693
2/20/2026 16:00:00	49.766330719
2/23/2026 16:00:00	47.9570121765
2/24/2026 16:00:00	49.4879684448
2/25/2026 16:00:00	51.5657081604
2/26/2026 16:00:00	49.7563896179
2/27/2026 16:00:00	49.2294960022
3/2/2026 16:00:00	49.4084396362
3/3/2026 16:00:00	47.8178253174
3/4/2026 16:00:00	49.9651527405
3/5/2026 16:00:00	49.507850647
3/6/2026 16:00:00	47.2611122131
3/9/2026 16:00:00	49.1002578735
3/10/2026 16:00:00	49.1102027893
3/11/2026 16:00:00	49.0604896545
3/12/2026 16:00:00	46.5552787781
3/13/2026 16:00:00	45.6605567932
3/16/2026 16:00:00	47.1815795898
3/17/2026 16:00:00	47.8774757385
3/18/2026 16:00:00	45.8295593262
3/19/2026 16:00:00	45.421962738
3/20/2026 16:00:00	42.8272781372
3/23/2026 16:00:00	44.3085327148
3/24/2026 16:00:00	43.3641052246
3/25/2026 16:00:00	44.2025489807
3/26/2026 16:00:00	41.055896759
3/27/2026 16:00:00	38.6162414551
3/30/2026 16:00:00	37.7299995422
3/31/2026 16:00:00	41.5039978027
4/1/2026 16:00:00	43.0474510193
4/2/2026 16:00:00	43.1470336914
4/6/2026 16:00:00	43.9137763977
4/7/2026 16:00:00	43.9635696411
4/8/2026 16:00:00	47.7973098755
4/9/2026 16:00:00	48.7532539368
4/10/2026 16:00:00	48.9623680115
4/13/2026 16:00:00	50.4460754395
4/14/2026 16:00:00	53.184463501
4/15/2026 16:00:00	55.4150085449
4/16/2026 16:00:00	56.1917114258
4/17/2026 16:00:00	58.342590332
4/20/2026 16:00:00	57.8347434998
4/21/2026 16:00:00	57.1576156616
4/22/2026 16:00:00	59.9557495117
4/23/2026 16:00:00	58.9699287415
4/24/2026 16:00:00	62.2958297729
4/27/2026 16:00:00	62.3754882812
4/28/2026 16:00:00	60.4835128784
4/29/2026 16:00:00	61.5987854004
4/30/2026 16:00:00	63.2716903687
5/1/2026 16:00:00	65.0242614746
5/4/2026 16:00:00	64.6359100342
5/5/2026 16:00:00	67.1054229736
5/6/2026 16:00:00	71.2677764893
5/7/2026 16:00:00	71.0387420654
5/8/2026 16:00:00	75.9578933716
5/11/2026 16:00:00	76.6350250244
5/12/2026 16:00:00	74.6434631348
5/13/2026 16:00:00	76.9138336182
5/14/2026 16:00:00	78.6166152954
5/15/2026 16:00:00	75.0218505859
5/18/2026 16:00:00	74.0061645508
5/19/2026 16:00:00	72.6220397949
5/20/2026 16:00:00	76.186920166
5/21/2026 16:00:00	76.6250610352
5/22/2026 16:00:00	77.5112991333
5/26/2026 16:00:00	81.6039428711
5/27/2026 16:00:00	81.3251266479
5/28/2026 16:00:00	83.3266448975
5/29/2026 16:00:00	84.2029266357
6/1/2026 16:00:00	85.6766815186
6/2/2026 16:00:00	86.8516921997
6/3/2026 16:00:00	86.194480896
6/4/2026 16:00:00	84.8601379395
6/5/2026 16:00:00	72.7415390015
6/8/2026 16:00:00	75.9479293823
6/9/2026 16:00:00	73.4086990356
6/10/2026 16:00:00	68.9774856567
6/11/2026 16:00:00	75.6890335083
6/12/2026 16:00:00	77.1926498413
6/15/2026 16:00:00	84.2327957153
6/16/2026 16:00:00	79.5924758911
6/17/2026 16:00:00	77.2125701904
6/18/2026 16:00:00	82.5200653076
6/22/2026 16:00:00	82.2312927246
6/23/2026 16:00:00	74.1256637573
6/24/2026 16:00:00	73.158531189
6/25/2026 16:00:00	74.8053436279
6/26/2026 16:00:00	71.691368103
6/29/2026 16:00:00	77.0410232544
6/30/2026 16:00:00	80.8436737061
7/1/2026 16:00:00	77.3105010986
7/2/2026 16:00:00	73.2084350586
7/6/2026 16:00:00	76.2725067139
7/7/2026 16:00:00	72.0905990601
7/8/2026 16:00:00	72.5796508789
7/9/2026 16:00:00	76.1926574707
7/10/2026 16:00:00	76.8813323975
7/13/2026 16:00:00	72.4998016357
7/14/2026 16:00:00	74.8752059937
7/15/2026 16:00:00	74.296333313
7/16/2026 16:00:00	70.6034698486
7/17/2026 16:00:00	67.3996658325
7/20/2026 16:00:00	67.5194396973
7/21/2026 16:00:00	71.2322616577
7/22/2026 16:00:00	70.1443557739
7/23/2026 16:00:00	66.1720428467
7/24/2026 16:00:00	63.8764801025
7/27/2026 16:00:00	63.2776412964
7/28/2026 16:00:00	61.4411888123
7/29/2026 16:00:00	57.6385421753
7/30/2026 16:00:00	63.1778297424
7/31/2026 16:00:00	64.4952850342
8/3/2026 16:00:00	67.8288345337
8/4/2026 16:00:00	74.6755981445
8/5/2026 16:00:00	72.6994171143
8/6/2026 16:00:00	71.8909835815
8/7/2026 16:00:00	74.3262710571
8/10/2026 16:00:00	73.6575698853
8/11/2026 16:00:00	72.9189910889
8/12/2026 16:00:00	74.4560241699
8/13/2026 16:00:00	77.0010986328
8/14/2026 16:00:00	76.6417999268
8/17/2026 16:00:00	76.2525482178
8/18/2026 16:00:00	72.3900146484
8/19/2026 16:00:00	71.9209213257
8/20/2026 16:00:00	70.3439788818
8/21/2026 16:00:00	71.0326385498
8/24/2026 16:00:00	68.8768157959
8/25/2026 16:00:00	70.1343765259
8/26/2026 16:00:00	70.3339920044
8/27/2026 16:00:00	73.158531189
8/28/2026 16:00:00	71.7113265991
8/31/2026 16:00:00	71.7811889648
9/1/2026 16:00:00	69.0165405273
9/2/2026 16:00:00	69.4656677246
9/3/2026 16:00:00	71.8909835815
9/4/2026 16:00:00	72.2303314209
9/8/2026 16:00:00	72.0207366943
9/9/2026 16:00:00	71.4119110107
9/10/2026 16:00:00	69.076423645
9/11/2026 16:00:00	70.8430099487
9/14/2026 16:00:00	69.1363067627
9/15/2026 16:00:00	67.768951416
9/16/2026 16:00:00	67.7988967896
9/17/2026 16:00:00	71.2422332764
9/18/2026 16:00:00	72.4998016357
9/21/2026 16:00:00	78.7577056885
9/22/2026 16:00:00	80.6740036011
9/23/2026 16:00:00	78.6600036621
9/24/2026 16:00:00	76.8899993896
