Date	Close
1/2/1953 16:00:00	6.50001414872e+15
1/5/1953 16:00:00	6.4113761208e+15
1/6/1953 16:00:00	6.56072126432e+15
1/7/1953 16:00:00	6.65377976432e+15
1/8/1953 16:00:00	6.65545850568e+15
1/9/1953 16:00:00	6.87450101194e+15
1/12/1953 16:00:00	7.03836989878e+15
1/13/1953 16:00:00	6.90629394618e+15
1/14/1953 16:00:00	6.87540823605e+15
1/15/1953 16:00:00	6.81228055216e+15
1/16/1953 16:00:00	6.91009728438e+15
1/19/1953 16:00:00	6.94448682326e+15
1/20/1953 16:00:00	6.81479751853e+15
1/21/1953 16:00:00	6.88060588926e+15
1/22/1953 16:00:00	6.84988617031e+15
1/23/1953 16:00:00	6.88387444943e+15
1/26/1953 16:00:00	6.91808234917e+15
1/27/1953 16:00:00	6.91982777371e+15
1/28/1953 16:00:00	6.85618943908e+15
1/29/1953 16:00:00	6.79333975573e+15
1/30/1953 16:00:00	6.66747925227e+15
2/2/1953 16:00:00	6.57584813643e+15
2/3/1953 16:00:00	6.54697973208e+15
2/4/1953 16:00:00	6.63971280796e+15
2/5/1953 16:00:00	6.82698064817e+15
2/6/1953 16:00:00	6.57189968115e+15
2/9/1953 16:00:00	7.1839614279e+15
2/10/1953 16:00:00	7.25464127668e+15
2/11/1953 16:00:00	7.22160512745e+15
2/13/1953 16:00:00	7.11944755968e+15
2/16/1953 16:00:00	7.22328546758e+15
2/17/1953 16:00:00	7.329134751e+15
2/18/1953 16:00:00	7.36634512309e+15
2/19/1953 16:00:00	7.29704300168e+15
2/20/1953 16:00:00	7.26375745232e+15
2/24/1953 16:00:00	7.1259140574e+15
2/25/1953 16:00:00	7.02560033561e+15
2/26/1953 16:00:00	6.99398189632e+15
2/27/1953 16:00:00	7.02895693055e+15
3/2/1953 16:00:00	6.9973683258e+15
3/3/1953 16:00:00	6.93275896549e+15
3/4/1953 16:00:00	7.13139261875e+15
3/5/1953 16:00:00	7.13324885576e+15
3/6/1953 16:00:00	7.06695351677e+15
3/9/1953 16:00:00	7.10244514035e+15
3/10/1953 16:00:00	7.03654396842e+15
3/11/1953 16:00:00	6.87110426598e+15
3/12/1953 16:00:00	6.87289275225e+15
3/13/1953 16:00:00	6.80984309324e+15
3/16/1953 16:00:00	6.81161563376e+15
3/17/1953 16:00:00	6.71730001383e+15
3/18/1953 16:00:00	6.78192490953e+15
3/19/1953 16:00:00	6.81553020615e+15
3/20/1953 16:00:00	6.81730422701e+15
3/23/1953 16:00:00	6.94730386759e+15
3/24/1953 16:00:00	6.8504911551e+15
3/25/1953 16:00:00	6.91680009523e+15
3/26/1953 16:00:00	7.01663386298e+15
3/27/1953 16:00:00	6.9851534229e+15
3/30/1953 16:00:00	7.31802152038e+15
3/31/1953 16:00:00	7.56660121795e+15
4/1/1953 16:00:00	7.64248909884e+15
4/2/1953 16:00:00	7.64469825504e+15
4/6/1953 16:00:00	8.20718723783e+15
4/7/1953 16:00:00	8.12735073964e+15
4/8/1953 16:00:00	7.92685435867e+15
4/9/1953 16:00:00	7.96838756736e+15
4/10/1953 16:00:00	8.01020359394e+15
4/13/1953 16:00:00	8.09209060143e+15
4/14/1953 16:00:00	7.97345162172e+15
4/15/1953 16:00:00	7.89668089339e+15
4/16/1953 16:00:00	7.93799160362e+15
4/17/1953 16:00:00	8.21536509537e+15
4/20/1953 16:00:00	8.13544904602e+15
4/21/1953 16:00:00	8.17841026101e+15
4/22/1953 16:00:00	8.38523458826e+15
4/23/1953 16:00:00	8.68360790011e+15
4/24/1953 16:00:00	8.64181388266e+15
4/27/1953 16:00:00	8.51226381589e+15
4/28/1953 16:00:00	8.34217850314e+15
4/29/1953 16:00:00	8.1766265875e+15
4/30/1953 16:00:00	8.21987327552e+15
5/1/1953 16:00:00	8.13987395606e+15
5/4/1953 16:00:00	7.85776630223e+15
5/5/1953 16:00:00	7.86000000713e+15
5/6/1953 16:00:00	7.86223434681e+15
5/7/1953 16:00:00	7.98085108009e+15
5/8/1953 16:00:00	7.98311977378e+15
5/11/1953 16:00:00	7.98538911252e+15
5/12/1953 16:00:00	8.14604697948e+15
5/13/1953 16:00:00	8.18902509711e+15
5/14/1953 16:00:00	8.02757246594e+15
5/15/1953 16:00:00	8.02985444096e+15
5/18/1953 16:00:00	8.15178721372e+15
5/19/1953 16:00:00	8.19479561652e+15
5/20/1953 16:00:00	7.95128125926e+15
5/21/1953 16:00:00	7.83545321165e+15
5/22/1953 16:00:00	7.87627886522e+15
5/25/1953 16:00:00	7.91738105062e+15
5/26/1953 16:00:00	8.03702285423e+15
5/27/1953 16:00:00	8.23890245421e+15
5/28/1953 16:00:00	8.44756092545e+15
5/29/1953 16:00:00	8.36463339127e+15
6/1/1953 16:00:00	8.74587906515e+15
6/2/1953 16:00:00	8.70359748484e+15
6/3/1953 16:00:00	8.75040818168e+15
6/4/1953 16:00:00	8.9317096846e+15
6/5/1953 16:00:00	8.84225575281e+15
6/8/1953 16:00:00	8.93538845049e+15
6/9/1953 16:00:00	9.3976540799e+15
6/10/1953 16:00:00	9.4986551723e+15
6/11/1953 16:00:00	9.20184720194e+15
6/12/1953 16:00:00	9.1565462166e+15
6/15/1953 16:00:00	9.39670257412e+15
6/16/1953 16:00:00	9.44849604454e+15
6/17/1953 16:00:00	9.10422108417e+15
6/18/1953 16:00:00	9.10673635362e+15
6/19/1953 16:00:00	9.10925231786e+15
6/22/1953 16:00:00	9.01737258014e+15
6/23/1953 16:00:00	8.8336186387e+15
6/24/1953 16:00:00	8.83605914742e+15
6/25/1953 16:00:00	8.74787408273e+15
6/26/1953 16:00:00	8.75029090227e+15
6/29/1953 16:00:00	8.79742878606e+15
6/30/1953 16:00:00	8.79985929639e+15
7/1/1953 16:00:00	8.71209106919e+15
7/2/1953 16:00:00	8.62550163565e+15
7/3/1953 16:00:00	8.58392965416e+15
7/6/1953 16:00:00	8.58620513541e+15
7/7/1953 16:00:00	8.41414202931e+15
7/8/1953 16:00:00	8.4587967476e+15
7/9/1953 16:00:00	8.5037602536e+15
7/10/1953 16:00:00	8.54903519247e+15
7/13/1953 16:00:00	8.8112383046e+15
7/14/1953 16:00:00	8.90379149906e+15
7/15/1953 16:00:00	8.81467446146e+15
7/16/1953 16:00:00	8.81701110984e+15
7/17/1953 16:00:00	8.59365696711e+15
7/20/1953 16:00:00	8.77042552364e+15
7/21/1953 16:00:00	8.81757374138e+15
7/22/1953 16:00:00	8.77476999609e+15
7/23/1953 16:00:00	8.7770960663e+15
7/24/1953 16:00:00	8.77942275322e+15
7/27/1953 16:00:00	8.96122718326e+15
7/28/1953 16:00:00	8.87137735807e+15
7/29/1953 16:00:00	8.73724630907e+15
7/30/1953 16:00:00	8.51667349595e+15
7/31/1953 16:00:00	8.21732888305e+15
8/3/1953 16:00:00	8.13733389476e+15
8/4/1953 16:00:00	8.22059398516e+15
8/5/1953 16:00:00	8.30497909098e+15
8/6/1953 16:00:00	8.18218930214e+15
8/7/1953 16:00:00	8.22520116265e+15
8/10/1953 16:00:00	8.22738154973e+15
8/11/1953 16:00:00	8.27069942278e+15
8/12/1953 16:00:00	8.23146933633e+15
8/13/1953 16:00:00	8.27480873176e+15
8/14/1953 16:00:00	8.35988850046e+15
8/17/1953 16:00:00	8.44612357133e+15
8/18/1953 16:00:00	8.53353351603e+15
8/19/1953 16:00:00	8.70848097049e+15
8/20/1953 16:00:00	8.75514505919e+15
8/21/1953 16:00:00	8.66812771232e+15
8/24/1953 16:00:00	8.97895209278e+15
8/25/1953 16:00:00	9.16614776951e+15
8/26/1953 16:00:00	9.21607058234e+15
8/27/1953 16:00:00	9.31418218815e+15
8/28/1953 16:00:00	9.36516261472e+15
8/31/1953 16:00:00	9.85626236993e+15
9/1/1953 16:00:00	9.75381299666e+15
9/2/1953 16:00:00	9.60118640379e+15
9/3/1953 16:00:00	9.6538804394e+15
9/4/1953 16:00:00	9.5542553899e+15
9/8/1953 16:00:00	9.55640629993e+15
9/9/1953 16:00:00	9.50834890449e+15
9/10/1953 16:00:00	9.75983429381e+15
9/11/1953 16:00:00	1.01235068293e+16
9/14/1953 16:00:00	1.06681166156e+16
9/15/1953 16:00:00	1.04377593766e+16
9/16/1953 16:00:00	1.02705426984e+16
9/17/1953 16:00:00	1.02175377571e+16
9/18/1953 16:00:00	1.03846369854e+16
9/21/1953 16:00:00	1.04431080088e+16
9/22/1953 16:00:00	1.00496011377e+16
9/23/1953 16:00:00	9.99812238036e+15
9/24/1953 16:00:00	1.00003732164e+16
9/25/1953 16:00:00	9.94924178382e+15
9/28/1953 16:00:00	9.73941962389e+15
9/29/1953 16:00:00	9.69008089846e+15
9/30/1953 16:00:00	9.84580240055e+15
10/1/1953 16:00:00	9.69053791105e+15
10/2/1953 16:00:00	9.53853717771e+15
10/5/1953 16:00:00	9.69040416092e+15
10/6/1953 16:00:00	9.84549579818e+15
10/7/1953 16:00:00	9.58568220606e+15
10/8/1953 16:00:00	9.53676103518e+15
10/9/1953 16:00:00	9.48817744132e+15
10/13/1953 16:00:00	9.58921800532e+15
10/14/1953 16:00:00	9.4393396525e+15
10/15/1953 16:00:00	9.14432232708e+15
10/16/1953 16:00:00	8.95626204431e+15
10/19/1953 16:00:00	8.911604271e+15
10/20/1953 16:00:00	8.91302648252e+15
10/21/1953 16:00:00	8.86866282595e+15
10/22/1953 16:00:00	8.7791175398e+15
10/23/1953 16:00:00	8.69078316421e+15
10/26/1953 16:00:00	8.7807010328e+15
10/27/1953 16:00:00	8.82697816771e+15
10/28/1953 16:00:00	8.78319756541e+15
10/29/1953 16:00:00	8.4703792693e+15
10/30/1953 16:00:00	8.51451075848e+15
11/2/1953 16:00:00	8.38672596578e+15
11/4/1953 16:00:00	8.55700509837e+15
11/5/1953 16:00:00	8.42836318013e+15
11/6/1953 16:00:00	8.42978910271e+15
11/9/1953 16:00:00	8.3887121281e+15
11/10/1953 16:00:00	8.68570676971e+15
11/12/1953 16:00:00	8.59869704392e+15
11/13/1953 16:00:00	8.51285536702e+15
11/16/1953 16:00:00	8.68656247188e+15
11/17/1953 16:00:00	8.82076393128e+15
11/18/1953 16:00:00	8.77709874617e+15
11/19/1953 16:00:00	8.68886886007e+15
11/20/1953 16:00:00	8.64608315639e+15
11/23/1953 16:00:00	8.73547218251e+15
11/24/1953 16:00:00	8.55867511979e+15
11/25/1953 16:00:00	8.5601230886e+15
11/27/1953 16:00:00	8.43143429604e+15
11/30/1953 16:00:00	8.30532643785e+15
12/1/1953 16:00:00	8.3069439503e+15
12/2/1953 16:00:00	8.14186725032e+15
12/3/1953 16:00:00	8.10287883876e+15
12/4/1953 16:00:00	8.10445692327e+15
12/7/1953 16:00:00	8.14635599634e+15
12/8/1953 16:00:00	8.22913546522e+15
12/9/1953 16:00:00	8.27188381629e+15
12/10/1953 16:00:00	8.31492328206e+15
12/11/1953 16:00:00	8.35825632546e+15
12/14/1953 16:00:00	8.40188543452e+15
12/15/1953 16:00:00	8.40352175229e+15
12/16/1953 16:00:00	8.15136075209e+15
12/17/1953 16:00:00	8.15294827868e+15
12/18/1953 16:00:00	8.11390680426e+15
12/21/1953 16:00:00	8.15585473205e+15
12/22/1953 16:00:00	8.36066210563e+15
12/23/1953 16:00:00	8.40430377254e+15
12/24/1953 16:00:00	8.3213334764e+15
12/28/1953 16:00:00	8.40644574652e+15
12/29/1953 16:00:00	8.57734024946e+15
12/30/1953 16:00:00	8.36167948174e+15
12/31/1953 16:00:00	8.27927098963e+15
1/4/1954 16:00:00	8.1559312203e+15
1/5/1954 16:00:00	8.03503957577e+15
1/6/1954 16:00:00	7.99622185772e+15
1/7/1954 16:00:00	8.07641287063e+15
1/8/1954 16:00:00	8.19778750466e+15
1/11/1954 16:00:00	8.32159593722e+15
1/12/1954 16:00:00	8.1974165514e+15
1/13/1954 16:00:00	8.03478718937e+15
1/14/1954 16:00:00	7.91628685074e+15
1/15/1954 16:00:00	7.6829333932e+15
1/18/1954 16:00:00	7.68391390986e+15
1/19/1954 16:00:00	7.45963323185e+15
1/20/1954 16:00:00	7.42449025089e+15
1/21/1954 16:00:00	7.38957068168e+15
1/22/1954 16:00:00	7.31923172629e+15
1/25/1954 16:00:00	7.24978859824e+15
1/26/1954 16:00:00	7.11174025255e+15
1/27/1954 16:00:00	7.18037873148e+15
1/28/1954 16:00:00	7.18129511085e+15
1/29/1954 16:00:00	7.1136005073e+15
2/1/1954 16:00:00	7.21589244869e+15
2/2/1954 16:00:00	7.25109694808e+15
2/3/1954 16:00:00	7.18227962573e+15
2/4/1954 16:00:00	7.04571415051e+15
2/5/1954 16:00:00	6.94604230548e+15
2/8/1954 16:00:00	7.01232751848e+15
2/9/1954 16:00:00	7.04622084993e+15
2/10/1954 16:00:00	7.08033084029e+15
2/11/1954 16:00:00	7.14832164558e+15
2/12/1954 16:00:00	7.08080650047e+15
2/15/1954 16:00:00	7.14880187331e+15
2/16/1954 16:00:00	7.35405046762e+15
2/17/1954 16:00:00	7.31932939719e+15
2/18/1954 16:00:00	7.32001782431e+15
2/19/1954 16:00:00	7.25032152943e+15
2/23/1954 16:00:00	7.32049536549e+15
2/24/1954 16:00:00	7.32118390231e+15
2/25/1954 16:00:00	7.25147650466e+15
2/26/1954 16:00:00	7.04364964076e+15
3/1/1954 16:00:00	6.97750959894e+15
3/2/1954 16:00:00	6.91219957951e+15
3/3/1954 16:00:00	6.9129160049e+15
3/4/1954 16:00:00	6.84841631575e+15
3/5/1954 16:00:00	6.75251837645e+15
3/8/1954 16:00:00	6.8164243517e+15
3/9/1954 16:00:00	6.78512885809e+15
3/10/1954 16:00:00	6.72222152993e+15
3/11/1954 16:00:00	6.62868151433e+15
3/12/1954 16:00:00	6.62936855399e+15
3/15/1954 16:00:00	6.72255848192e+15
3/16/1954 16:00:00	6.72325525157e+15
3/17/1954 16:00:00	6.69253501299e+15
3/18/1954 16:00:00	6.59955399723e+15
3/19/1954 16:00:00	6.53894185078e+15
3/22/1954 16:00:00	6.56989246825e+15
3/23/1954 16:00:00	6.69242613423e+15
3/24/1954 16:00:00	6.78679293052e+15
3/25/1954 16:00:00	6.81930944975e+15
3/26/1954 16:00:00	6.72396963535e+15
3/29/1954 16:00:00	6.63040529482e+15
3/30/1954 16:00:00	6.6310925131e+15
3/31/1954 16:00:00	6.44672605818e+15
4/1/1954 16:00:00	6.26908192158e+15
4/2/1954 16:00:00	6.24104562169e+15
4/5/1954 16:00:00	6.21317801441e+15
4/6/1954 16:00:00	6.3834698432e+15
4/7/1954 16:00:00	6.3254166191e+15
4/8/1954 16:00:00	6.12321194591e+15
4/9/1954 16:00:00	6.12378787087e+15
4/12/1954 16:00:00	5.98560732732e+15
4/13/1954 16:00:00	5.93232676562e+15
4/14/1954 16:00:00	5.79987292587e+15
4/15/1954 16:00:00	5.74878752261e+15
4/19/1954 16:00:00	5.87689008405e+15
4/20/1954 16:00:00	5.87744284106e+15
4/21/1954 16:00:00	5.93055102562e+15
4/22/1954 16:00:00	5.90451443055e+15
4/23/1954 16:00:00	5.85219353709e+15
4/26/1954 16:00:00	5.77436637916e+15
4/27/1954 16:00:00	5.87756489549e+15
4/28/1954 16:00:00	5.85183948234e+15
4/29/1954 16:00:00	5.59114704916e+15
4/30/1954 16:00:00	5.54248395331e+15
5/3/1954 16:00:00	5.59143749489e+15
5/4/1954 16:00:00	5.54258418521e+15
5/5/1954 16:00:00	5.54291945258e+15
5/6/1954 16:00:00	5.39738843892e+15
5/7/1954 16:00:00	5.30384729844e+15
5/10/1954 16:00:00	5.32709541859e+15
5/11/1954 16:00:00	5.39660070866e+15
5/12/1954 16:00:00	5.27960973888e+15
5/13/1954 16:00:00	5.37108782841e+15
5/14/1954 16:00:00	5.23150015927e+15
5/17/1954 16:00:00	5.2092993921e+15
5/18/1954 16:00:00	5.2096144993e+15
5/19/1954 16:00:00	5.27710230537e+15
5/20/1954 16:00:00	5.20908493725e+15
5/21/1954 16:00:00	5.11984556269e+15
5/24/1954 16:00:00	5.12015525895e+15
5/25/1954 16:00:00	5.16422698458e+15
5/26/1954 16:00:00	5.03174495725e+15
5/27/1954 16:00:00	5.07481202932e+15
5/28/1954 16:00:00	5.01024214314e+15
6/1/1954 16:00:00	5.0104491083e+15
6/2/1954 16:00:00	5.03191682789e+15
6/3/1954 16:00:00	5.03212468835e+15
6/4/1954 16:00:00	5.05371552354e+15
6/7/1954 16:00:00	5.11843980183e+15
6/8/1954 16:00:00	5.46863002628e+15
6/9/1954 16:00:00	5.56451709343e+15
6/10/1954 16:00:00	5.46683756304e+15
6/11/1954 16:00:00	5.32361867206e+15
6/14/1954 16:00:00	5.30075931058e+15
6/15/1954 16:00:00	5.18624322659e+15
6/16/1954 16:00:00	5.05271480004e+15
6/17/1954 16:00:00	5.09598642983e+15
6/18/1954 16:00:00	5.05264149737e+15
6/21/1954 16:00:00	5.052850214e+15
6/22/1954 16:00:00	5.03152690706e+15
6/23/1954 16:00:00	5.01032399871e+15
6/24/1954 16:00:00	4.94665998133e+15
6/25/1954 16:00:00	4.96779518034e+15
6/28/1954 16:00:00	4.92590043288e+15
6/29/1954 16:00:00	4.84284925886e+15
6/30/1954 16:00:00	4.96513794602e+15
7/1/1954 16:00:00	4.96573192862e+15
7/2/1954 16:00:00	4.77705009687e+15
7/6/1954 16:00:00	4.61704837856e+15
7/7/1954 16:00:00	4.59839975193e+15
7/8/1954 16:00:00	4.59903806307e+15
7/9/1954 16:00:00	4.50465501523e+15
7/12/1954 16:00:00	4.52376726989e+15
7/13/1954 16:00:00	4.56149009977e+15
7/14/1954 16:00:00	4.52444109511e+15
7/15/1954 16:00:00	4.48752035666e+15
7/16/1954 16:00:00	4.54295906168e+15
7/19/1954 16:00:00	4.58043567233e+15
7/20/1954 16:00:00	4.65594488787e+15
7/21/1954 16:00:00	4.55925060786e+15
7/22/1954 16:00:00	4.44679038265e+15
7/23/1954 16:00:00	4.42887736579e+15
7/26/1954 16:00:00	4.41106113615e+15
7/27/1954 16:00:00	4.33914055693e+15
7/28/1954 16:00:00	4.30386708544e+15
7/29/1954 16:00:00	4.25166276851e+15
7/30/1954 16:00:00	4.18309019875e+15
8/2/1954 16:00:00	4.13282505047e+15
8/3/1954 16:00:00	4.14922547243e+15
8/4/1954 16:00:00	4.16563343156e+15
8/5/1954 16:00:00	4.21586635091e+15
8/6/1954 16:00:00	4.38585106663e+15
8/9/1954 16:00:00	4.49366813115e+15
8/10/1954 16:00:00	4.3837771775e+15
8/11/1954 16:00:00	4.24176353644e+15
8/12/1954 16:00:00	4.27660233752e+15
8/13/1954 16:00:00	4.22552313911e+15
8/16/1954 16:00:00	4.09025573117e+15
8/17/1954 16:00:00	4.07463427191e+15
8/18/1954 16:00:00	4.09151422411e+15
8/19/1954 16:00:00	4.05960872412e+15
8/20/1954 16:00:00	4.02807641769e+15
8/23/1954 16:00:00	4.10846916814e+15
8/24/1954 16:00:00	4.17459845494e+15
8/25/1954 16:00:00	4.25886812344e+15
8/26/1954 16:00:00	4.29380501434e+15
8/27/1954 16:00:00	4.24231985133e+15
8/30/1954 16:00:00	4.37970291055e+15
8/31/1954 16:00:00	4.61220563002e+15
9/1/1954 16:00:00	4.51742918309e+15
9/2/1954 16:00:00	4.40660866261e+15
9/3/1954 16:00:00	4.29939497067e+15
9/7/1954 16:00:00	4.23028348055e+15
9/8/1954 16:00:00	4.23062050855e+15
9/9/1954 16:00:00	4.19713565625e+15
9/10/1954 16:00:00	4.16400633431e+15
9/13/1954 16:00:00	4.0479230309e+15
9/14/1954 16:00:00	3.98423218302e+15
9/15/1954 16:00:00	3.98462602939e+15
9/16/1954 16:00:00	3.92210476691e+15
9/17/1954 16:00:00	3.82977340516e+15
9/20/1954 16:00:00	3.87460949048e+15
9/21/1954 16:00:00	3.79890820779e+15
9/22/1954 16:00:00	3.71033167685e+15
9/23/1954 16:00:00	3.65332141562e+15
9/24/1954 16:00:00	3.58368196705e+15
9/27/1954 16:00:00	3.54319703769e+15
9/28/1954 16:00:00	3.48986816002e+15
9/29/1954 16:00:00	3.5432021803e+15
9/30/1954 16:00:00	3.61107761505e+15
10/1/1954 16:00:00	3.61114597509e+15
10/4/1954 16:00:00	3.55601210485e+15
10/5/1954 16:00:00	3.50185348879e+15
10/6/1954 16:00:00	3.46196906868e+15
10/7/1954 16:00:00	3.47549725226e+15
10/8/1954 16:00:00	3.4890947755e+15
10/11/1954 16:00:00	3.56867696874e+15
10/12/1954 16:00:00	3.60993134334e+15
10/13/1954 16:00:00	3.62430337172e+15
10/14/1954 16:00:00	3.74969834791e+15
10/15/1954 16:00:00	3.80812885576e+15
10/18/1954 16:00:00	3.76367503651e+15
10/19/1954 16:00:00	3.73449831888e+15
10/20/1954 16:00:00	3.64779482259e+15
10/21/1954 16:00:00	3.66214950951e+15
10/22/1954 16:00:00	3.64822777786e+15
10/25/1954 16:00:00	3.71856720353e+15
10/26/1954 16:00:00	3.71878619349e+15
10/27/1954 16:00:00	3.69021737077e+15
10/28/1954 16:00:00	3.74742760716e+15
10/29/1954 16:00:00	3.82040677121e+15
11/1/1954 16:00:00	3.77636236848e+15
11/3/1954 16:00:00	3.54231815561e+15
11/4/1954 16:00:00	3.4214483053e+15
11/5/1954 16:00:00	3.44710152861e+15
11/8/1954 16:00:00	3.35608791642e+15
11/9/1954 16:00:00	3.30579972192e+15
11/10/1954 16:00:00	3.30566679357e+15
11/11/1954 16:00:00	3.219708303e+15
11/12/1954 16:00:00	3.19603676046e+15
11/15/1954 16:00:00	3.20765838096e+15
11/16/1954 16:00:00	3.18391473603e+15
11/17/1954 16:00:00	3.16059252683e+15
11/18/1954 16:00:00	3.21879126541e+15
11/19/1954 16:00:00	3.21904770754e+15
11/22/1954 16:00:00	3.18377447792e+15
11/23/1954 16:00:00	3.05571512349e+15
11/24/1954 16:00:00	3.00087493571e+15
11/26/1954 16:00:00	2.91492284596e+15
11/29/1954 16:00:00	2.91541599677e+15
11/30/1954 16:00:00	2.98868000555e+15
12/1/1954 16:00:00	3.06434940147e+15
12/2/1954 16:00:00	3.00925774135e+15
12/3/1954 16:00:00	2.92296134009e+15
12/6/1954 16:00:00	2.86082096502e+15
12/7/1954 16:00:00	2.82069850539e+15
12/8/1954 16:00:00	2.83113112168e+15
12/9/1954 16:00:00	2.87154010307e+15
12/10/1954 16:00:00	2.90261036511e+15
12/13/1954 16:00:00	2.90310143289e+15
12/14/1954 16:00:00	2.96565413455e+15
12/15/1954 16:00:00	2.90185647914e+15
12/16/1954 16:00:00	2.80920688553e+15
12/17/1954 16:00:00	2.5719201077e+15
12/20/1954 16:00:00	2.70454729699e+15
12/21/1954 16:00:00	2.68605378485e+15
12/22/1954 16:00:00	2.69556018415e+15
12/23/1954 16:00:00	2.68643444795e+15
12/27/1954 16:00:00	2.76168526151e+15
12/28/1954 16:00:00	2.6748392531e+15
12/29/1954 16:00:00	2.60090459956e+15
12/30/1954 16:00:00	2.60134462434e+15
12/31/1954 16:00:00	2.54802559237e+15
1/3/1955 16:00:00	2.39156569949e+15
1/4/1955 16:00:00	2.45602904723e+15
1/5/1955 16:00:00	2.63902032615e+15
1/6/1955 16:00:00	2.74921871254e+15
1/7/1955 16:00:00	2.68200083641e+15
1/10/1955 16:00:00	2.57954059552e+15
1/11/1955 16:00:00	2.60663127151e+15
1/12/1955 16:00:00	2.62509045364e+15
1/13/1955 16:00:00	2.66190995755e+15
1/14/1955 16:00:00	2.69941705441e+15
1/17/1955 16:00:00	2.86032860553e+15
1/18/1955 16:00:00	2.80976852557e+15
1/19/1955 16:00:00	2.77019140207e+15
1/20/1955 16:00:00	2.73155148249e+15
1/21/1955 16:00:00	2.66484431154e+15
1/24/1955 16:00:00	2.64672481006e+15
1/25/1955 16:00:00	2.64709220613e+15
1/26/1955 16:00:00	2.55552061719e+15
1/27/1955 16:00:00	2.54717110601e+15
1/28/1955 16:00:00	2.50388628881e+15
1/31/1955 16:00:00	2.41885302997e+15
2/1/1955 16:00:00	2.40293703767e+15
2/2/1955 16:00:00	2.4195249642e+15
2/3/1955 16:00:00	2.46075868361e+15
2/4/1955 16:00:00	2.35261211517e+15
2/7/1955 16:00:00	2.35298757077e+15
2/8/1955 16:00:00	2.455523974e+15
2/9/1955 16:00:00	2.39733599905e+15
2/10/1955 16:00:00	2.33299827171e+15
2/11/1955 16:00:00	2.31775149643e+15
2/14/1955 16:00:00	2.37190883611e+15
2/15/1955 16:00:00	2.37214330231e+15
2/16/1955 16:00:00	2.39642526217e+15
2/17/1955 16:00:00	2.38069314896e+15
2/18/1955 16:00:00	2.38109591804e+15
2/21/1955 16:00:00	2.38942564415e+15
2/23/1955 16:00:00	2.39769802679e+15
2/24/1955 16:00:00	2.43039590211e+15
2/25/1955 16:00:00	2.44724718752e+15
2/28/1955 16:00:00	2.41447820356e+15
3/1/1955 16:00:00	2.39859099755e+15
3/2/1955 16:00:00	2.33421958958e+15
3/3/1955 16:00:00	2.31117544578e+15
3/4/1955 16:00:00	2.2731322723e+15
3/7/1955 16:00:00	2.31862862013e+15
3/8/1955 16:00:00	2.45026401846e+15
3/9/1955 16:00:00	2.52551693829e+15
3/10/1955 16:00:00	2.47399071756e+15
3/11/1955 16:00:00	2.60077656061e+15
3/14/1955 16:00:00	2.79942817227e+15
3/15/1955 16:00:00	2.6106439919e+15
3/16/1955 16:00:00	2.55624197407e+15
3/17/1955 16:00:00	2.53020012998e+15
3/18/1955 16:00:00	2.5219233759e+15
3/21/1955 16:00:00	2.56568205529e+15
3/22/1955 16:00:00	2.52170037812e+15
3/23/1955 16:00:00	2.42652687606e+15
3/24/1955 16:00:00	2.36929366134e+15
3/25/1955 16:00:00	2.36969450181e+15
3/28/1955 16:00:00	2.39403171823e+15
3/29/1955 16:00:00	2.38634879893e+15
3/30/1955 16:00:00	2.45922881006e+15
3/31/1955 16:00:00	2.44287739674e+15
4/1/1955 16:00:00	2.36850872512e+15
4/4/1955 16:00:00	2.4008085402e+15
4/5/1955 16:00:00	2.36873477726e+15
4/6/1955 16:00:00	2.33723337132e+15
4/7/1955 16:00:00	2.30629158059e+15
4/11/1955 16:00:00	2.28359319252e+15
4/12/1955 16:00:00	2.24600403751e+15
4/13/1955 16:00:00	2.23895511991e+15
4/14/1955 16:00:00	2.2245390519e+15
4/15/1955 16:00:00	2.20289313255e+15
4/18/1955 16:00:00	2.14537957095e+15
4/19/1955 16:00:00	2.15965378864e+15
4/20/1955 16:00:00	2.14593984935e+15
4/21/1955 16:00:00	2.13937804227e+15
4/22/1955 16:00:00	2.19549375724e+15
4/25/1955 16:00:00	2.18143170651e+15
4/26/1955 16:00:00	2.14592520888e+15
4/27/1955 16:00:00	2.18091575456e+15
4/28/1955 16:00:00	2.2598757501e+15
4/29/1955 16:00:00	2.20790927865e+15
5/2/1955 16:00:00	2.19384532572e+15
5/3/1955 16:00:00	2.25911139739e+15
5/4/1955 16:00:00	2.26707263897e+15
5/5/1955 16:00:00	2.23743115162e+15
5/6/1955 16:00:00	2.23043874775e+15
5/9/1955 16:00:00	2.22338717453e+15
5/10/1955 16:00:00	2.23817780757e+15
5/11/1955 16:00:00	2.31234766026e+15
5/12/1955 16:00:00	2.35918122177e+15
5/13/1955 16:00:00	2.31204520343e+15
5/16/1955 16:00:00	2.38974639247e+15
5/17/1955 16:00:00	2.40593856696e+15
5/18/1955 16:00:00	2.34081196212e+15
5/19/1955 16:00:00	2.30195506506e+15
5/20/1955 16:00:00	2.25609230348e+15
5/23/1955 16:00:00	2.30884694252e+15
5/24/1955 16:00:00	2.31697299662e+15
5/25/1955 16:00:00	2.28646127811e+15
5/26/1955 16:00:00	2.24126100092e+15
5/27/1955 16:00:00	2.23431653045e+15
5/31/1955 16:00:00	2.24216592241e+15
6/1/1955 16:00:00	2.22780244325e+15
6/2/1955 16:00:00	2.22091588646e+15
6/3/1955 16:00:00	2.16280676686e+15
6/6/1955 16:00:00	1.94415122499e+15
6/7/1955 16:00:00	1.90151792284e+15
6/8/1955 16:00:00	2.0093052893e+15
6/9/1955 16:00:00	2.04185726663e+15
6/10/1955 16:00:00	2.00945701697e+15
6/13/1955 16:00:00	1.95203576505e+15
6/14/1955 16:00:00	1.94626016579e+15
6/15/1955 16:00:00	1.91587195425e+15
6/16/1955 16:00:00	1.90421049013e+15
6/17/1955 16:00:00	1.8866054703e+15
6/20/1955 16:00:00	1.88107399449e+15
6/21/1955 16:00:00	1.83437347795e+15
6/22/1955 16:00:00	1.82328438572e+15
6/23/1955 16:00:00	1.80106885125e+15
6/24/1955 16:00:00	1.77921569134e+15
6/27/1955 16:00:00	1.77412449656e+15
6/28/1955 16:00:00	1.80170603848e+15
6/29/1955 16:00:00	1.80208285042e+15
6/30/1955 16:00:00	1.76912213448e+15
7/1/1955 16:00:00	1.75322849623e+15
7/5/1955 16:00:00	1.68932202706e+15
7/6/1955 16:00:00	1.51122582493e+15
7/7/1955 16:00:00	1.57322457207e+15
7/8/1955 16:00:00	1.56890367415e+15
7/11/1955 16:00:00	1.55996661822e+15
7/12/1955 16:00:00	1.56029287236e+15
7/13/1955 16:00:00	1.61579654583e+15
7/14/1955 16:00:00	1.61613447634e+15
7/15/1955 16:00:00	1.59717903198e+15
7/18/1955 16:00:00	1.60698594336e+15
7/19/1955 16:00:00	1.63600279701e+15
7/20/1955 16:00:00	1.62165031758e+15
7/21/1955 16:00:00	1.5735820002e+15
7/22/1955 16:00:00	1.53670325164e+15
7/25/1955 16:00:00	1.48743883008e+15
7/26/1955 16:00:00	1.47910447729e+15
7/27/1955 16:00:00	1.45799821443e+15
7/28/1955 16:00:00	1.48771521044e+15
7/29/1955 16:00:00	1.48372423327e+15
8/1/1955 16:00:00	1.54854429122e+15
8/2/1955 16:00:00	1.53975907241e+15
8/3/1955 16:00:00	1.53104141887e+15
8/4/1955 16:00:00	1.61217600018e+15
8/5/1955 16:00:00	1.58855464854e+15
8/8/1955 16:00:00	1.61723323287e+15
8/9/1955 16:00:00	1.68522195545e+15
8/10/1955 16:00:00	1.68564174772e+15
8/11/1955 16:00:00	1.64013598643e+15
8/12/1955 16:00:00	1.63071946147e+15
8/15/1955 16:00:00	1.64090610361e+15
8/16/1955 16:00:00	1.67577388488e+15
8/17/1955 16:00:00	1.67112856264e+15
8/18/1955 16:00:00	1.68164816628e+15
8/19/1955 16:00:00	1.66174067797e+15
8/22/1955 16:00:00	1.66717580091e+15
8/23/1955 16:00:00	1.60226049766e+15
8/24/1955 16:00:00	1.59312235918e+15
8/25/1955 16:00:00	1.57460630162e+15
8/26/1955 16:00:00	1.55637924642e+15
8/29/1955 16:00:00	1.55678187012e+15
8/30/1955 16:00:00	1.56636012962e+15
8/31/1955 16:00:00	1.53901486057e+15
9/1/1955 16:00:00	1.5168247115e+15
9/2/1955 16:00:00	1.49509441431e+15
9/6/1955 16:00:00	1.46940395592e+15
9/7/1955 16:00:00	1.474030912e+15
9/8/1955 16:00:00	1.47017854909e+15
9/9/1955 16:00:00	1.47061762211e+15
9/12/1955 16:00:00	1.44130444661e+15
9/13/1955 16:00:00	1.38379304792e+15
9/14/1955 16:00:00	1.36455055675e+15
9/15/1955 16:00:00	1.38804258557e+15
9/16/1955 16:00:00	1.35695702814e+15
9/19/1955 16:00:00	1.35353044496e+15
9/20/1955 16:00:00	1.35772731481e+15
9/21/1955 16:00:00	1.33519380553e+15
9/22/1955 16:00:00	1.33557975983e+15
9/23/1955 16:00:00	1.313552855e+15
9/26/1955 16:00:00	1.57714312595e+15
9/27/1955 16:00:00	1.46944031156e+15
9/28/1955 16:00:00	1.39704976092e+15
9/29/1955 16:00:00	1.42551483797e+15
9/30/1955 16:00:00	1.46297107837e+15
10/3/1955 16:00:00	1.58271826157e+15
10/4/1955 16:00:00	1.54528152547e+15
10/5/1955 16:00:00	1.52736842771e+15
10/6/1955 16:00:00	1.55945647119e+15
10/7/1955 16:00:00	1.5970889951e+15
10/10/1955 16:00:00	1.73665179871e+15
10/11/1955 16:00:00	1.78551024705e+15
10/12/1955 16:00:00	1.68571305426e+15
10/13/1955 16:00:00	1.70687896579e+15
10/14/1955 16:00:00	1.72839647118e+15
10/17/1955 16:00:00	1.71289250905e+15
10/18/1955 16:00:00	1.67645669451e+15
10/19/1955 16:00:00	1.63080028514e+15
10/20/1955 16:00:00	1.57198549975e+15
10/21/1955 16:00:00	1.57245497772e+15
10/24/1955 16:00:00	1.5352610036e+15
10/25/1955 16:00:00	1.56764078209e+15
10/26/1955 16:00:00	1.60561980871e+15
10/27/1955 16:00:00	1.60125826691e+15
10/28/1955 16:00:00	1.60173648727e+15
10/31/1955 16:00:00	1.60221485044e+15
11/1/1955 16:00:00	1.61234525318e+15
11/2/1955 16:00:00	1.60309431838e+15
11/3/1955 16:00:00	1.50700114019e+15
11/4/1955 16:00:00	1.4318044996e+15
11/7/1955 16:00:00	1.4155993396e+15
11/9/1955 16:00:00	1.37097411027e+15
11/10/1955 16:00:00	1.36353446717e+15
11/11/1955 16:00:00	1.31329612473e+15
11/14/1955 16:00:00	1.21361592094e+15
11/15/1955 16:00:00	1.23067950732e+15
11/16/1955 16:00:00	1.25485485383e+15
11/17/1955 16:00:00	1.28316701916e+15
11/18/1955 16:00:00	1.29079684551e+15
11/21/1955 16:00:00	1.31661476318e+15
11/22/1955 16:00:00	1.27983302465e+15
11/23/1955 16:00:00	1.27668142651e+15
11/25/1955 16:00:00	1.28068653016e+15
11/28/1955 16:00:00	1.30623168809e+15
11/29/1955 16:00:00	1.29194205901e+15
11/30/1955 16:00:00	1.29962523872e+15
12/1/1955 16:00:00	1.31103775468e+15
12/2/1955 16:00:00	1.30778167687e+15
12/5/1955 16:00:00	1.28610038286e+15
12/6/1955 16:00:00	1.28653587339e+15
12/7/1955 16:00:00	1.30139995109e+15
12/8/1955 16:00:00	1.27620328739e+15
12/9/1955 16:00:00	1.2730672907e+15
12/12/1955 16:00:00	1.31261496079e+15
12/13/1955 16:00:00	1.30934237724e+15
12/14/1955 16:00:00	1.34295920948e+15
12/15/1955 16:00:00	1.34721991489e+15
12/16/1955 16:00:00	1.34384150952e+15
12/19/1955 16:00:00	1.35193925248e+15
12/20/1955 16:00:00	1.36010039449e+15
12/21/1955 16:00:00	1.27901952079e+15
12/22/1955 16:00:00	1.31882541607e+15
12/23/1955 16:00:00	1.31181397407e+15
12/27/1955 16:00:00	1.33447139033e+15
12/28/1955 16:00:00	1.35004776441e+15
12/29/1955 16:00:00	1.34281232852e+15
12/30/1955 16:00:00	1.31653805668e+15
1/3/1956 16:00:00	1.343004466e+15
1/4/1956 16:00:00	1.35846677075e+15
1/5/1956 16:00:00	1.36280440614e+15
1/6/1956 16:00:00	1.3437972353e+15
1/9/1956 16:00:00	1.40157062824e+15
1/10/1956 16:00:00	1.43841870655e+15
1/11/1956 16:00:00	1.41377894626e+15
1/12/1956 16:00:00	1.38153761768e+15
1/13/1956 16:00:00	1.38993769791e+15
1/16/1956 16:00:00	1.43838318817e+15
1/17/1956 16:00:00	1.40538702688e+15
1/18/1956 16:00:00	1.43426822952e+15
1/19/1956 16:00:00	1.47644773552e+15
1/20/1956 16:00:00	1.52895562389e+15
1/23/1956 16:00:00	1.54309770545e+15
1/24/1956 16:00:00	1.48385774548e+15
1/25/1956 16:00:00	1.47563162428e+15
1/26/1956 16:00:00	1.50212089067e+15
1/27/1956 16:00:00	1.51593571758e+15
1/30/1956 16:00:00	1.49849125589e+15
1/31/1956 16:00:00	1.46805636744e+15
2/1/1956 16:00:00	1.44704873872e+15
2/2/1956 16:00:00	1.43066352454e+15
2/3/1956 16:00:00	1.37297965238e+15
2/6/1956 16:00:00	1.37344456138e+15
2/7/1956 16:00:00	1.38965111275e+15
2/8/1956 16:00:00	1.43408953531e+15
2/9/1956 16:00:00	1.48043265113e+15
2/10/1956 16:00:00	1.48528389414e+15
2/13/1956 16:00:00	1.49015531289e+15
2/14/1956 16:00:00	1.50820834245e+15
2/15/1956 16:00:00	1.44631042058e+15
2/16/1956 16:00:00	1.46366675417e+15
2/17/1956 16:00:00	1.39561992789e+15
2/20/1956 16:00:00	1.40413642208e+15
2/21/1956 16:00:00	1.39243553919e+15
2/23/1956 16:00:00	1.35682665276e+15
2/24/1956 16:00:00	1.32242946071e+15
2/27/1956 16:00:00	1.32661997763e+15
2/28/1956 16:00:00	1.31203666765e+15
2/29/1956 16:00:00	1.32358943538e+15
3/1/1956 16:00:00	1.30530758103e+15
3/2/1956 16:00:00	1.28368803879e+15
3/5/1956 16:00:00	1.26254812358e+15
3/6/1956 16:00:00	1.26297563902e+15
3/7/1956 16:00:00	1.26692133719e+15
3/8/1956 16:00:00	1.25675340777e+15
3/9/1956 16:00:00	1.21175413906e+15
3/12/1956 16:00:00	1.1788745061e+15
3/13/1956 16:00:00	1.18248296579e+15
3/14/1956 16:00:00	1.14742976079e+15
3/15/1956 16:00:00	1.11376687287e+15
3/16/1956 16:00:00	1.10521800557e+15
3/19/1956 16:00:00	1.07320131072e+15
3/20/1956 16:00:00	1.05657471647e+15
3/21/1956 16:00:00	1.09575675438e+15
3/22/1956 16:00:00	1.06409947239e+15
3/23/1956 16:00:00	1.05885926696e+15
3/26/1956 16:00:00	1.07034417773e+15
3/27/1956 16:00:00	1.09610141951e+15
3/28/1956 16:00:00	1.07899708624e+15
3/29/1956 16:00:00	1.07936244887e+15
4/2/1956 16:00:00	1.06546323325e+15
4/3/1956 16:00:00	1.0770394156e+15
4/4/1956 16:00:00	1.06033834994e+15
4/5/1956 16:00:00	1.07462478086e+15
4/6/1956 16:00:00	1.05797613345e+15
4/9/1956 16:00:00	1.07221857933e+15
4/10/1956 16:00:00	1.1178070349e+15
4/11/1956 16:00:00	1.09128643933e+15
4/12/1956 16:00:00	1.11191857622e+15
4/13/1956 16:00:00	1.11530727333e+15
4/16/1956 16:00:00	1.11571880277e+15
4/17/1956 16:00:00	1.11905574821e+15
4/18/1956 16:00:00	1.13138172135e+15
4/19/1956 16:00:00	1.14395366454e+15
4/20/1956 16:00:00	1.13206407441e+15
4/23/1956 16:00:00	1.13856812191e+15
4/24/1956 16:00:00	1.16654515656e+15
4/25/1956 16:00:00	1.17963225559e+15
4/26/1956 16:00:00	1.15120297553e+15
4/27/1956 16:00:00	1.11436962938e+15
4/30/1956 16:00:00	1.0880228347e+15
5/1/1956 16:00:00	1.10283927016e+15
5/2/1956 16:00:00	1.10325677588e+15
5/3/1956 16:00:00	1.09193766543e+15
5/4/1956 16:00:00	1.08077573314e+15
5/7/1956 16:00:00	1.10116401505e+15
5/8/1956 16:00:00	1.11328502136e+15
5/9/1956 16:00:00	1.11964400166e+15
5/10/1956 16:00:00	1.1739064944e+15
5/11/1956 16:00:00	1.17753798074e+15
5/14/1956 16:00:00	1.19718275422e+15
5/15/1956 16:00:00	1.23688786946e+15
5/16/1956 16:00:00	1.26127384364e+15
5/17/1956 16:00:00	1.21616311728e+15
5/18/1956 16:00:00	1.23332906172e+15
5/21/1956 16:00:00	1.26443063591e+15
5/22/1956 16:00:00	1.32472931809e+15
5/23/1956 16:00:00	1.34770502693e+15
5/24/1956 16:00:00	1.38653859802e+15
5/25/1956 16:00:00	1.38706350479e+15
5/28/1956 16:00:00	1.43537261617e+15
5/29/1956 16:00:00	1.3358706778e+15
5/31/1956 16:00:00	1.32879340958e+15
6/1/1956 16:00:00	1.29541787003e+15
6/4/1956 16:00:00	1.27407539544e+15
6/5/1956 16:00:00	1.2709988568e+15
6/6/1956 16:00:00	1.28916410152e+15
6/7/1956 16:00:00	1.26073631457e+15
6/8/1956 16:00:00	1.3313844483e+15
6/11/1956 16:00:00	1.27903578441e+15
6/12/1956 16:00:00	1.22582912562e+15
6/13/1956 16:00:00	1.22291003898e+15
6/14/1956 16:00:00	1.23011698949e+15
6/15/1956 16:00:00	1.22718456595e+15
6/18/1956 16:00:00	1.24458361512e+15
6/19/1956 16:00:00	1.23815320877e+15
6/20/1956 16:00:00	1.22491544765e+15
6/21/1956 16:00:00	1.19835897448e+15
6/22/1956 16:00:00	1.21193336012e+15
6/25/1956 16:00:00	1.22571011498e+15
6/26/1956 16:00:00	1.19903845368e+15
6/27/1956 16:00:00	1.17314023344e+15
6/28/1956 16:00:00	1.17039647216e+15
6/29/1956 16:00:00	1.18037219419e+15
7/2/1956 16:00:00	1.18403240625e+15
7/3/1956 16:00:00	1.15544443248e+15
7/5/1956 16:00:00	1.12153080241e+15
7/6/1956 16:00:00	1.1039468611e+15
7/9/1956 16:00:00	1.08967161583e+15
7/10/1956 16:00:00	1.0698693805e+15
7/11/1956 16:00:00	1.06182065189e+15
7/12/1956 16:00:00	1.06780137153e+15
7/13/1956 16:00:00	1.059775602e+15
7/16/1956 16:00:00	1.03236117235e+15
7/17/1956 16:00:00	1.02200756148e+15
7/18/1956 16:00:00	1.02239446645e+15
7/19/1956 16:00:00	1.02278151789e+15
7/20/1956 16:00:00	1.02051673267e+15
7/23/1956 16:00:00	1.02090307326e+15
7/24/1956 16:00:00	1.0212895601e+15
7/25/1956 16:00:00	1.01637474285e+15
7/26/1956 16:00:00	1.01413096002e+15
7/27/1956 16:00:00	1.03809932404e+15
7/30/1956 16:00:00	1.04389908824e+15
7/31/1956 16:00:00	1.01977533416e+15
8/1/1956 16:00:00	1.00695348623e+15
8/2/1956 16:00:00	1.00473945119e+15
8/3/1956 16:00:00	1.00511981891e+15
8/6/1956 16:00:00	1.0469129927e+15
8/7/1956 16:00:00	1.03364205475e+15
8/8/1956 16:00:00	1.02328491999e+15
8/9/1956 16:00:00	1.02367230854e+15
8/10/1956 16:00:00	1.03997184854e+15
8/13/1956 16:00:00	1.07015641455e+15
8/14/1956 16:00:00	1.10995380807e+15
8/15/1956 16:00:00	1.04241765156e+15
8/16/1956 16:00:00	1.04825098405e+15
8/17/1956 16:00:00	1.05412648776e+15
8/20/1956 16:00:00	1.09039896661e+15
8/21/1956 16:00:00	1.11390935781e+15
8/22/1956 16:00:00	1.14996547089e+15
8/23/1956 16:00:00	1.10700589391e+15
8/24/1956 16:00:00	1.11041599031e+15
8/27/1956 16:00:00	1.13156879493e+15
8/28/1956 16:00:00	1.13792891635e+15
8/29/1956 16:00:00	1.15345886887e+15
8/30/1956 16:00:00	1.18506012506e+15
8/31/1956 16:00:00	1.14039048189e+15
9/4/1956 16:00:00	1.11327768156e+15
9/5/1956 16:00:00	1.10483740445e+15
9/6/1956 16:00:00	1.09942302156e+15
9/7/1956 16:00:00	1.12031492253e+15
9/10/1956 16:00:00	1.13874077446e+15
9/11/1956 16:00:00	1.15145093845e+15
9/12/1956 16:00:00	1.17666996565e+15
9/13/1956 16:00:00	1.24744318186e+15
9/14/1956 16:00:00	1.15812172574e+15
9/17/1956 16:00:00	1.16487220109e+15
9/18/1956 16:00:00	1.19052132404e+15
9/19/1956 16:00:00	1.23317224973e+15
9/20/1956 16:00:00	1.23368837401e+15
9/21/1956 16:00:00	1.20694088283e+15
9/24/1956 16:00:00	1.22068486806e+15
9/25/1956 16:00:00	1.27159101281e+15
9/26/1956 16:00:00	1.26502596447e+15
9/27/1956 16:00:00	1.28317416663e+15
9/28/1956 16:00:00	1.30525705329e+15
10/1/1956 16:00:00	1.36090331691e+15
10/2/1956 16:00:00	1.28766558501e+15
10/3/1956 16:00:00	1.22321952446e+15
10/4/1956 16:00:00	1.22373148318e+15
10/5/1956 16:00:00	1.21074661776e+15
10/8/1956 16:00:00	1.21125335615e+15
10/9/1956 16:00:00	1.2317144048e+15
10/10/1956 16:00:00	1.18118021649e+15
10/11/1956 16:00:00	1.18489305505e+15
10/12/1956 16:00:00	1.16923134028e+15
10/15/1956 16:00:00	1.17924385433e+15
10/16/1956 16:00:00	1.19898779459e+15
10/17/1956 16:00:00	1.22564899483e+15
10/18/1956 16:00:00	1.21940287665e+15
10/19/1956 16:00:00	1.22997000744e+15
10/22/1956 16:00:00	1.23047299549e+15
10/23/1956 16:00:00	1.2411640981e+15
10/24/1956 16:00:00	1.25541148785e+15
10/25/1956 16:00:00	1.26291142827e+15
10/26/1956 16:00:00	1.22829404129e+15
10/29/1956 16:00:00	1.2186476033e+15
10/30/1956 16:00:00	1.22249696278e+15
10/31/1956 16:00:00	1.2835726888e+15
11/1/1956 16:00:00	1.2050839769e+15
11/2/1956 16:00:00	1.16923754891e+15
11/5/1956 16:00:00	1.12528530617e+15
11/7/1956 16:00:00	1.15894163366e+15
11/8/1956 16:00:00	1.18766804742e+15
11/9/1956 16:00:00	1.21734350453e+15
11/12/1956 16:00:00	1.2044510571e+15
11/13/1956 16:00:00	1.22477245403e+15
11/14/1956 16:00:00	1.24552434999e+15
11/15/1956 16:00:00	1.26676601215e+15
11/16/1956 16:00:00	1.26729619656e+15
11/19/1956 16:00:00	1.30316013993e+15
11/20/1956 16:00:00	1.34036735895e+15
11/21/1956 16:00:00	1.35994194758e+15
11/23/1956 16:00:00	1.31781076362e+15
11/26/1956 16:00:00	1.34069808764e+15
11/27/1956 16:00:00	1.33728968957e+15
11/28/1956 16:00:00	1.38296817264e+15
11/29/1956 16:00:00	1.38346520107e+15
11/30/1956 16:00:00	1.3204975011e+15
12/3/1956 16:00:00	1.24264174551e+15
12/4/1956 16:00:00	1.25349803985e+15
12/5/1956 16:00:00	1.2087155131e+15
12/6/1956 16:00:00	1.17601493126e+15
12/7/1956 16:00:00	1.16049967051e+15
12/10/1956 16:00:00	1.17671030664e+15
12/11/1956 16:00:00	1.20273584097e+15
12/12/1956 16:00:00	1.22943240954e+15
12/13/1956 16:00:00	1.19938096944e+15
12/14/1956 16:00:00	1.19659697567e+15
12/17/1956 16:00:00	1.19709779196e+15
12/18/1956 16:00:00	1.19755098145e+15
12/19/1956 16:00:00	1.20788610107e+15
12/20/1956 16:00:00	1.23491430136e+15
12/21/1956 16:00:00	1.21152958764e+15
12/26/1956 16:00:00	1.21202503459e+15
12/27/1956 16:00:00	1.21253230803e+15
12/28/1956 16:00:00	1.19971526294e+15
12/31/1956 16:00:00	1.19036570792e+15
1/2/1957 16:00:00	1.22622684238e+15
1/3/1957 16:00:00	1.19292865786e+15
1/4/1957 16:00:00	1.19016857092e+15
1/7/1957 16:00:00	1.20691103571e+15
1/8/1957 16:00:00	1.22050999541e+15
1/9/1957 16:00:00	1.23100088164e+15
1/10/1957 16:00:00	1.22131201164e+15
1/11/1957 16:00:00	1.22853427745e+15
1/14/1957 16:00:00	1.25613669918e+15
1/15/1957 16:00:00	1.3124666387e+15
1/16/1957 16:00:00	1.30550992954e+15
1/17/1957 16:00:00	1.30605632959e+15
1/18/1957 16:00:00	1.35806108762e+15
1/21/1957 16:00:00	1.38185324433e+15
1/22/1957 16:00:00	1.37051534069e+15
1/23/1957 16:00:00	1.33962348753e+15
1/24/1957 16:00:00	1.32497557315e+15
1/25/1957 16:00:00	1.34051570634e+15
1/28/1957 16:00:00	1.37151420022e+15
1/29/1957 16:00:00	1.35247648743e+15
1/30/1957 16:00:00	1.33379477672e+15
1/31/1957 16:00:00	1.34946683675e+15
2/1/1957 16:00:00	1.36154367362e+15
2/4/1957 16:00:00	1.36987898389e+15
2/5/1957 16:00:00	1.42916142387e+15
2/6/1957 16:00:00	1.43804457e+15
2/7/1957 16:00:00	1.45535170151e+15
2/8/1957 16:00:00	1.48566187053e+15
2/11/1957 16:00:00	1.56478243836e+15
2/12/1957 16:00:00	1.58413993166e+15
2/13/1957 16:00:00	1.51351665086e+15
2/14/1957 16:00:00	1.51862355697e+15
2/15/1957 16:00:00	1.46534352304e+15
2/18/1957 16:00:00	1.47024144903e+15
2/19/1957 16:00:00	1.46655364907e+15
2/20/1957 16:00:00	1.45430294566e+15
2/21/1957 16:00:00	1.46763147144e+15
2/25/1957 16:00:00	1.47682836503e+15
2/26/1957 16:00:00	1.47311982204e+15
2/27/1957 16:00:00	1.47804794268e+15
2/28/1957 16:00:00	1.49165721148e+15
3/1/1957 16:00:00	1.44406928933e+15
3/4/1957 16:00:00	1.41109067441e+15
3/5/1957 16:00:00	1.39539944809e+15
3/6/1957 16:00:00	1.39598346994e+15
3/7/1957 16:00:00	1.39656773622e+15
3/8/1957 16:00:00	1.41320474975e+15
3/11/1957 16:00:00	1.44233208886e+15
3/12/1957 16:00:00	1.4429357536e+15
3/13/1957 16:00:00	1.41420603032e+15
3/14/1957 16:00:00	1.41071848288e+15
3/15/1957 16:00:00	1.4153743874e+15
3/18/1957 16:00:00	1.43638082309e+15
3/19/1957 16:00:00	1.41616488365e+15
3/20/1957 16:00:00	1.41267250553e+15
3/21/1957 16:00:00	1.40919265441e+15
3/22/1957 16:00:00	1.41383962573e+15
3/25/1957 16:00:00	1.43072922853e+15
3/26/1957 16:00:00	1.43127086469e+15
3/27/1957 16:00:00	1.41099526771e+15
3/28/1957 16:00:00	1.40346108411e+15
3/29/1957 16:00:00	1.41210088846e+15
4/1/1957 16:00:00	1.40862635085e+15
4/2/1957 16:00:00	1.38085430422e+15
4/3/1957 16:00:00	1.36959634439e+15
4/4/1957 16:00:00	1.38187551843e+15
4/5/1957 16:00:00	1.37850566428e+15
4/8/1957 16:00:00	1.38695229581e+15
4/9/1957 16:00:00	1.3478677976e+15
4/10/1957 16:00:00	1.33315863636e+15
4/11/1957 16:00:00	1.33371660833e+15
4/12/1957 16:00:00	1.33427481382e+15
4/15/1957 16:00:00	1.33483325294e+15
4/16/1957 16:00:00	1.33162475762e+15
4/17/1957 16:00:00	1.32467292543e+15
4/18/1957 16:00:00	1.29540356515e+15
4/22/1957 16:00:00	1.29232728963e+15
4/23/1957 16:00:00	1.27483569848e+15
4/24/1957 16:00:00	1.27182805005e+15
4/25/1957 16:00:00	1.28294911577e+15
4/26/1957 16:00:00	1.29062679199e+15
4/29/1957 16:00:00	1.26957655191e+15
4/30/1957 16:00:00	1.27010791263e+15
5/1/1957 16:00:00	1.24598860279e+15
5/2/1957 16:00:00	1.21561781174e+15
5/3/1957 16:00:00	1.22276930918e+15
5/6/1957 16:00:00	1.22662807576e+15
5/7/1957 16:00:00	1.23722333567e+15
5/8/1957 16:00:00	1.22414529463e+15
5/9/1957 16:00:00	1.22130687816e+15
5/10/1957 16:00:00	1.20511830696e+15
5/13/1957 16:00:00	1.18265764032e+15
5/14/1957 16:00:00	1.19914889358e+15
5/15/1957 16:00:00	1.18661655083e+15
5/16/1957 16:00:00	1.17104888649e+15
5/17/1957 16:00:00	1.16206961204e+15
5/20/1957 16:00:00	1.14693676224e+15
5/21/1957 16:00:00	1.14741679405e+15
5/22/1957 16:00:00	1.16325050751e+15
5/23/1957 16:00:00	1.16373736718e+15
5/24/1957 16:00:00	1.15796777811e+15
5/27/1957 16:00:00	1.19263215546e+15
5/28/1957 16:00:00	1.19959544327e+15
5/29/1957 16:00:00	1.16752931243e+15
5/31/1957 16:00:00	1.14288728715e+15
6/3/1957 16:00:00	1.14641875132e+15
6/4/1957 16:00:00	1.15302914789e+15
6/5/1957 16:00:00	1.15351172958e+15
6/6/1957 16:00:00	1.1169173505e+15
6/7/1957 16:00:00	1.11442478986e+15
6/10/1957 16:00:00	1.10898958259e+15
6/11/1957 16:00:00	1.10652248223e+15
6/12/1957 16:00:00	1.09821913597e+15
6/13/1957 16:00:00	1.09289360238e+15
6/14/1957 16:00:00	1.0933510153e+15
6/17/1957 16:00:00	1.08805918401e+15
6/18/1957 16:00:00	1.09993776709e+15
6/19/1957 16:00:00	1.12357504344e+15
6/20/1957 16:00:00	1.14490743367e+15
6/21/1957 16:00:00	1.16677723544e+15
6/24/1957 16:00:00	1.19233509099e+15
6/25/1957 16:00:00	1.16380522593e+15
6/26/1957 16:00:00	1.17053814187e+15
6/27/1957 16:00:00	1.15844162002e+15
6/28/1957 16:00:00	1.14961756113e+15
7/1/1957 16:00:00	1.1439565018e+15
7/2/1957 16:00:00	1.11087922888e+15
7/3/1957 16:00:00	1.07320659025e+15
7/5/1957 16:00:00	1.05964523359e+15
7/8/1957 16:00:00	1.04356046907e+15
7/9/1957 16:00:00	1.04399723441e+15
7/10/1957 16:00:00	1.03903419685e+15
7/11/1957 16:00:00	1.04751666484e+15
7/12/1957 16:00:00	1.03439792467e+15
7/15/1957 16:00:00	1.03216488113e+15
7/16/1957 16:00:00	1.04588655361e+15
7/17/1957 16:00:00	1.06796332464e+15
7/18/1957 16:00:00	1.07119145789e+15
7/19/1957 16:00:00	1.06884780305e+15
7/22/1957 16:00:00	1.07486206763e+15
7/23/1957 16:00:00	1.06970395774e+15
7/24/1957 16:00:00	1.06734545969e+15
7/25/1957 16:00:00	1.06501504508e+15
7/26/1957 16:00:00	1.07653546973e+15
7/29/1957 16:00:00	1.11349463041e+15
7/30/1957 16:00:00	1.11394998662e+15
7/31/1957 16:00:00	1.11439484572e+15
8/1/1957 16:00:00	1.12074196923e+15
8/2/1957 16:00:00	1.13009797837e+15
8/5/1957 16:00:00	1.16052055564e+15
8/6/1957 16:00:00	1.20444821867e+15
8/7/1957 16:00:00	1.17560204849e+15
8/8/1957 16:00:00	1.18872364312e+15
8/9/1957 16:00:00	1.1860170573e+15
8/12/1957 16:00:00	1.23127602444e+15
8/13/1957 16:00:00	1.23186614241e+15
8/14/1957 16:00:00	1.2794166091e+15
8/15/1957 16:00:00	1.2800032141e+15
8/16/1957 16:00:00	1.27354484476e+15
8/19/1957 16:00:00	1.3513842353e+15
8/20/1957 16:00:00	1.31400046667e+15
8/21/1957 16:00:00	1.29989613999e+15
8/22/1957 16:00:00	1.32579490403e+15
8/23/1957 16:00:00	1.38576437811e+15
8/26/1957 16:00:00	1.44151860375e+15
8/27/1957 16:00:00	1.37175060702e+15
8/28/1957 16:00:00	1.36855204916e+15
8/29/1957 16:00:00	1.38471264978e+15
8/30/1957 16:00:00	1.3185908081e+15
9/3/1957 16:00:00	1.29714877827e+15
9/4/1957 16:00:00	1.3300167294e+15
9/5/1957 16:00:00	1.35303290449e+15
9/6/1957 16:00:00	1.36514141063e+15
9/9/1957 16:00:00	1.40052885646e+15
9/10/1957 16:00:00	1.44112806332e+15
9/11/1957 16:00:00	1.40454011264e+15
9/12/1957 16:00:00	1.34916541654e+15
9/13/1957 16:00:00	1.35363481484e+15
9/16/1957 16:00:00	1.3733748192e+15
9/17/1957 16:00:00	1.37017247412e+15
9/18/1957 16:00:00	1.36310705923e+15
9/19/1957 16:00:00	1.39071524376e+15
9/20/1957 16:00:00	1.4585736768e+15
9/23/1957 16:00:00	1.56037607481e+15
9/24/1957 16:00:00	1.52887020827e+15
9/25/1957 16:00:00	1.52963228043e+15
9/26/1957 16:00:00	1.57080576136e+15
9/27/1957 16:00:00	1.57624067851e+15
9/30/1957 16:00:00	1.59104431337e+15
10/1/1957 16:00:00	1.55399291315e+15
10/2/1957 16:00:00	1.51809510869e+15
10/3/1957 16:00:00	1.51440860475e+15
10/4/1957 16:00:00	1.55058823113e+15
10/7/1957 16:00:00	1.61076480359e+15
10/8/1957 16:00:00	1.64522546848e+15
10/9/1957 16:00:00	1.64109997088e+15
10/10/1957 16:00:00	1.76019545984e+15
10/11/1957 16:00:00	1.76107283708e+15
10/14/1957 16:00:00	1.72401985211e+15
10/15/1957 16:00:00	1.67221056654e+15
10/16/1957 16:00:00	1.71350079459e+15
10/17/1957 16:00:00	1.79794030129e+15
10/18/1957 16:00:00	1.84341352488e+15
10/21/1957 16:00:00	2.00563106597e+15
10/22/1957 16:00:00	2.03245435766e+15
10/23/1957 16:00:00	1.75750920102e+15
10/24/1957 16:00:00	1.76382083478e+15
10/25/1957 16:00:00	1.77562151035e+15
10/28/1957 16:00:00	1.7985411767e+15
10/29/1957 16:00:00	1.76582007544e+15
10/30/1957 16:00:00	1.72296477456e+15
10/31/1957 16:00:00	1.71853301641e+15
11/1/1957 16:00:00	1.79846323189e+15
11/4/1957 16:00:00	1.80496237307e+15
11/6/1957 16:00:00	1.80023328379e+15
11/7/1957 16:00:00	1.76748139782e+15
11/8/1957 16:00:00	1.83402735035e+15
11/11/1957 16:00:00	1.83494152944e+15
11/12/1957 16:00:00	1.91063434564e+15
11/13/1957 16:00:00	1.92365422264e+15
11/14/1957 16:00:00	1.93686565129e+15
11/15/1957 16:00:00	1.80183839592e+15
11/18/1957 16:00:00	1.84754483547e+15
11/19/1957 16:00:00	1.87736754254e+15
11/20/1957 16:00:00	1.86628373192e+15
11/21/1957 16:00:00	1.78464220937e+15
11/22/1957 16:00:00	1.73545614801e+15
11/25/1957 16:00:00	1.69341971525e+15
11/26/1957 16:00:00	1.82863634829e+15
11/27/1957 16:00:00	1.6744649327e+15
11/29/1957 16:00:00	1.61384252034e+15
12/2/1957 16:00:00	1.65831067961e+15
12/3/1957 16:00:00	1.65887220546e+15
12/4/1957 16:00:00	1.6393773855e+15
12/5/1957 16:00:00	1.64006352035e+15
12/6/1957 16:00:00	1.66559938966e+15
12/9/1957 16:00:00	1.71195252321e+15
12/10/1957 16:00:00	1.76002837555e+15
12/11/1957 16:00:00	1.76622528112e+15
12/12/1957 16:00:00	1.76147933443e+15
12/13/1957 16:00:00	1.7348926951e+15
12/16/1957 16:00:00	1.81593791261e+15
12/17/1957 16:00:00	1.91347206476e+15
12/18/1957 16:00:00	1.9142729175e+15
12/19/1957 16:00:00	1.86008967056e+15
12/20/1957 16:00:00	1.90202928013e+15
12/23/1957 16:00:00	1.90282534368e+15
12/24/1957 16:00:00	1.8975617871e+15
12/26/1957 16:00:00	1.83798816155e+15
12/27/1957 16:00:00	1.86190102924e+15
12/30/1957 16:00:00	1.88622383026e+15
12/31/1957 16:00:00	1.82713315713e+15
1/2/1958 16:00:00	1.78198039163e+15
1/3/1958 16:00:00	1.71611012127e+15
1/6/1958 16:00:00	1.73794972672e+15
1/7/1958 16:00:00	1.70105681561e+15
1/8/1958 16:00:00	1.7017687654e+15
1/9/1958 16:00:00	1.73380191069e+15
1/10/1958 16:00:00	1.7826887296e+15
1/13/1958 16:00:00	1.76677420277e+15
1/14/1958 16:00:00	1.74553226347e+15
1/15/1958 16:00:00	1.70286514453e+15
1/16/1958 16:00:00	1.69835433846e+15
1/17/1958 16:00:00	1.69386080271e+15
1/20/1958 16:00:00	1.66345801169e+15
1/21/1958 16:00:00	1.66921545638e+15
1/22/1958 16:00:00	1.68516579433e+15
1/23/1958 16:00:00	1.66521109606e+15
1/24/1958 16:00:00	1.62530897922e+15
1/27/1958 16:00:00	1.64057540753e+15
1/28/1958 16:00:00	1.6359678302e+15
1/29/1958 16:00:00	1.60637927376e+15
1/30/1958 16:00:00	1.63087461774e+15
1/31/1958 16:00:00	1.6311661723e+15
2/3/1958 16:00:00	1.59209900506e+15
2/4/1958 16:00:00	1.54460475196e+15
2/5/1958 16:00:00	1.57231954234e+15
2/6/1958 16:00:00	1.58686959358e+15
2/7/1958 16:00:00	1.62547919288e+15
2/10/1958 16:00:00	1.65552979311e+15
2/11/1958 16:00:00	1.70136698912e+15
2/12/1958 16:00:00	1.72804637912e+15
2/13/1958 16:00:00	1.72337804687e+15
2/14/1958 16:00:00	1.67630615699e+15
2/17/1958 16:00:00	1.70236023811e+15
2/18/1958 16:00:00	1.69731188863e+15
2/19/1958 16:00:00	1.70253987255e+15
2/20/1958 16:00:00	1.73401125323e+15
2/21/1958 16:00:00	1.73411337079e+15
2/24/1958 16:00:00	1.76636499634e+15
2/25/1958 16:00:00	1.77187836754e+15
2/26/1958 16:00:00	1.73335882905e+15
2/27/1958 16:00:00	1.76552715581e+15
2/28/1958 16:00:00	1.74365124448e+15
3/3/1958 16:00:00	1.70611333252e+15
3/4/1958 16:00:00	1.68038730892e+15
3/5/1958 16:00:00	1.6655712789e+15
3/6/1958 16:00:00	1.60519021666e+15
3/7/1958 16:00:00	1.59576259346e+15
3/10/1958 16:00:00	1.58162224046e+15
3/11/1958 16:00:00	1.54872706507e+15
3/12/1958 16:00:00	1.55814240515e+15
3/13/1958 16:00:00	1.55381600585e+15
3/14/1958 16:00:00	1.56795339208e+15
3/17/1958 16:00:00	1.60090167958e+15
3/18/1958 16:00:00	1.62041792603e+15
3/19/1958 16:00:00	1.59621444788e+15
3/20/1958 16:00:00	1.59649980617e+15
3/21/1958 16:00:00	1.56325871956e+15
3/24/1958 16:00:00	1.54478454596e+15
3/25/1958 16:00:00	1.55850385084e+15
3/26/1958 16:00:00	1.57702469327e+15
3/27/1958 16:00:00	1.5912542413e+15
3/28/1958 16:00:00	1.58657895804e+15
3/31/1958 16:00:00	1.6008597022e+15
4/1/1958 16:00:00	1.6200555826e+15
4/2/1958 16:00:00	1.6590671567e+15
4/3/1958 16:00:00	1.67429313268e+15
4/7/1958 16:00:00	1.68977229539e+15
4/8/1958 16:00:00	1.67973938045e+15
4/9/1958 16:00:00	1.65454208466e+15
4/10/1958 16:00:00	1.64998056947e+15
4/11/1958 16:00:00	1.64527054297e+15
4/14/1958 16:00:00	1.61571640677e+15
4/15/1958 16:00:00	1.56740365919e+15
4/16/1958 16:00:00	1.60523503232e+15
4/17/1958 16:00:00	1.58615643432e+15
4/18/1958 16:00:00	1.5388235143e+15
4/21/1958 16:00:00	1.511728234e+15
4/22/1958 16:00:00	1.52984988046e+15
4/23/1958 16:00:00	1.53015516395e+15
4/24/1958 16:00:00	1.49421202243e+15
4/25/1958 16:00:00	1.47257948951e+15
4/28/1958 16:00:00	1.4857781308e+15
4/29/1958 16:00:00	1.5075705856e+15
4/30/1958 16:00:00	1.46315505698e+15
5/1/1958 16:00:00	1.4547097072e+15
5/2/1958 16:00:00	1.43798000199e+15
5/5/1958 16:00:00	1.42984349432e+15
5/6/1958 16:00:00	1.40930243269e+15
5/7/1958 16:00:00	1.41755672923e+15
5/8/1958 16:00:00	1.41366439659e+15
5/9/1958 16:00:00	1.40163874719e+15
5/12/1958 16:00:00	1.43808258883e+15
5/13/1958 16:00:00	1.44638905708e+15
5/14/1958 16:00:00	1.49673748548e+15
5/15/1958 16:00:00	1.47917438987e+15
5/16/1958 16:00:00	1.47490383699e+15
5/19/1958 16:00:00	1.48784122075e+15
5/20/1958 16:00:00	1.4485413953e+15
5/21/1958 16:00:00	1.45693268525e+15
5/22/1958 16:00:00	1.43568458012e+15
5/23/1958 16:00:00	1.42733157896e+15
5/26/1958 16:00:00	1.42727418506e+15
5/27/1958 16:00:00	1.43547488903e+15
5/28/1958 16:00:00	1.42709557412e+15
5/29/1958 16:00:00	1.40226700326e+15
6/2/1958 16:00:00	1.38610404898e+15
6/3/1958 16:00:00	1.37035448777e+15
6/4/1958 16:00:00	1.36646885624e+15
6/5/1958 16:00:00	1.36276176363e+15
6/6/1958 16:00:00	1.35524036286e+15
6/9/1958 16:00:00	1.36321833092e+15
6/10/1958 16:00:00	1.37125798869e+15
6/11/1958 16:00:00	1.37133874337e+15
6/12/1958 16:00:00	1.34804280482e+15
6/13/1958 16:00:00	1.32152950108e+15
6/16/1958 16:00:00	1.31061486294e+15
6/17/1958 16:00:00	1.33290650799e+15
6/18/1958 16:00:00	1.29524352658e+15
6/19/1958 16:00:00	1.36062620101e+15
6/20/1958 16:00:00	1.33744776203e+15
6/23/1958 16:00:00	1.35262829621e+15
6/24/1958 16:00:00	1.36798519641e+15
6/25/1958 16:00:00	1.36020147271e+15
6/26/1958 16:00:00	1.33697591497e+15
6/27/1958 16:00:00	1.33321375758e+15
6/30/1958 16:00:00	1.3030530243e+15
7/1/1958 16:00:00	1.3030256215e+15
7/2/1958 16:00:00	1.29933803496e+15
7/3/1958 16:00:00	1.28482890743e+15
7/7/1958 16:00:00	1.27423049965e+15
7/8/1958 16:00:00	1.29204453568e+15
7/9/1958 16:00:00	1.30654568438e+15
7/10/1958 16:00:00	1.29203300099e+15
7/11/1958 16:00:00	1.26695684742e+15
7/14/1958 16:00:00	1.31657162536e+15
7/15/1958 16:00:00	1.31670177013e+15
7/16/1958 16:00:00	1.30558918116e+15
7/17/1958 16:00:00	1.27997031147e+15
7/18/1958 16:00:00	1.26211786179e+15
7/21/1958 16:00:00	1.21649882797e+15
7/22/1958 16:00:00	1.20978918589e+15
7/23/1958 16:00:00	1.2097637444e+15
7/24/1958 16:00:00	1.19319939173e+15
7/25/1958 16:00:00	1.16716485018e+15
7/28/1958 16:00:00	1.15448811158e+15
7/29/1958 16:00:00	1.1700288371e+15
7/30/1958 16:00:00	1.16046075918e+15
7/31/1958 16:00:00	1.1541820516e+15
8/1/1958 16:00:00	1.12936331837e+15
8/4/1958 16:00:00	1.09919712041e+15
8/5/1958 16:00:00	1.11386588932e+15
8/6/1958 16:00:00	1.13483116845e+15
8/7/1958 16:00:00	1.11067450275e+15
8/8/1958 16:00:00	1.09312534721e+15
8/11/1958 16:00:00	1.08466583877e+15
8/12/1958 16:00:00	1.11644663502e+15
8/13/1958 16:00:00	1.11068123784e+15
8/14/1958 16:00:00	1.10497924242e+15
8/15/1958 16:00:00	1.13169337669e+15
8/18/1958 16:00:00	1.15319812461e+15
8/19/1958 16:00:00	1.14715427194e+15
8/20/1958 16:00:00	1.14731351023e+15
8/21/1958 16:00:00	1.12591703995e+15
8/22/1958 16:00:00	1.11711576664e+15
8/25/1958 16:00:00	1.11736011586e+15
8/26/1958 16:00:00	1.10864971795e+15
8/27/1958 16:00:00	1.1058498377e+15
8/28/1958 16:00:00	1.12375392063e+15
8/29/1958 16:00:00	1.11798498185e+15
9/2/1958 16:00:00	1.10329650718e+15
9/3/1958 16:00:00	1.08877816141e+15
9/4/1958 16:00:00	1.09478212778e+15
9/5/1958 16:00:00	1.10663731741e+15
9/8/1958 16:00:00	1.09509619114e+15
9/9/1958 16:00:00	1.07201008772e+15
9/10/1958 16:00:00	1.0835387948e+15
9/11/1958 16:00:00	1.06372794529e+15
9/12/1958 16:00:00	1.06959188705e+15
9/15/1958 16:00:00	1.04167868634e+15
9/16/1958 16:00:00	1.01734649909e+15
9/17/1958 16:00:00	1.01740641159e+15
9/18/1958 16:00:00	1.01503611331e+15
9/19/1958 16:00:00	1.01529869559e+15
9/22/1958 16:00:00	1.02867073383e+15
9/23/1958 16:00:00	1.00484888894e+15
9/24/1958 16:00:00	9.94709414869e+14
9/25/1958 16:00:00	1.00518635606e+15
9/26/1958 16:00:00	1.0002650173e+15
9/29/1958 16:00:00	9.90229455749e+14
9/30/1958 16:00:00	9.77711231516e+14
10/1/1958 16:00:00	9.8280044751e+14
10/2/1958 16:00:00	9.73000466126e+14
10/3/1958 16:00:00	9.63332033389e+14
10/6/1958 16:00:00	9.21980957645e+14
10/7/1958 16:00:00	9.22145781941e+14
10/8/1958 16:00:00	9.24693547315e+14
10/9/1958 16:00:00	9.24932758636e+14
10/10/1958 16:00:00	9.06627014124e+14
10/13/1958 16:00:00	8.95575738315e+14
10/14/1958 16:00:00	9.13570902795e+14
10/15/1958 16:00:00	9.50252762917e+14
10/16/1958 16:00:00	9.31269187971e+14
10/17/1958 16:00:00	9.03431632392e+14
10/20/1958 16:00:00	9.14902055257e+14
10/21/1958 16:00:00	9.15121184897e+14
10/22/1958 16:00:00	9.24501512118e+14
10/23/1958 16:00:00	9.31691812943e+14
10/24/1958 16:00:00	9.41296571482e+14
10/27/1958 16:00:00	9.62841557512e+14
10/28/1958 16:00:00	9.53076466599e+14
10/29/1958 16:00:00	9.26496772832e+14
10/30/1958 16:00:00	9.15042461624e+14
10/31/1958 16:00:00	9.12993474875e+14
11/3/1958 16:00:00	9.01836230093e+14
11/5/1958 16:00:00	8.7741286262e+14
11/6/1958 16:00:00	8.56028688529e+14
11/7/1958 16:00:00	8.66774927611e+14
11/10/1958 16:00:00	8.52081221195e+14
11/11/1958 16:00:00	8.31485130003e+14
11/12/1958 16:00:00	8.27544008221e+14
11/13/1958 16:00:00	8.39784548028e+14
11/14/1958 16:00:00	8.27839038074e+14
11/17/1958 16:00:00	8.20120910473e+14
11/18/1958 16:00:00	8.26322441015e+14
11/19/1958 16:00:00	8.24607902505e+14
11/20/1958 16:00:00	8.24887125611e+14
11/21/1958 16:00:00	8.49004812112e+14
11/24/1958 16:00:00	8.8030302404e+14
11/25/1958 16:00:00	9.32681482359e+14
11/26/1958 16:00:00	8.86089598211e+14
11/28/1958 16:00:00	8.55708878803e+14
12/1/1958 16:00:00	8.45521231049e+14
12/2/1958 16:00:00	8.58025781101e+14
12/3/1958 16:00:00	8.5408288557e+14
12/4/1958 16:00:00	8.54372089286e+14
12/5/1958 16:00:00	8.58835847393e+14
12/8/1958 16:00:00	8.59092341174e+14
12/9/1958 16:00:00	8.4249711361e+14
12/10/1958 16:00:00	8.12059241793e+14
12/11/1958 16:00:00	8.18185723502e+14
12/12/1958 16:00:00	8.2437262069e+14
12/15/1958 16:00:00	8.18682855365e+14
12/16/1958 16:00:00	8.09104339556e+14
12/17/1958 16:00:00	7.93855927531e+14
12/18/1958 16:00:00	7.8466656532e+14
12/19/1958 16:00:00	7.88656946816e+14
12/22/1958 16:00:00	8.03922226819e+14
12/23/1958 16:00:00	8.17657257883e+14
12/24/1958 16:00:00	7.86460552125e+14
12/29/1958 16:00:00	7.60573775534e+14
12/30/1958 16:00:00	7.51882814517e+14
12/31/1958 16:00:00	7.3980665696e+14
1/2/1959 16:00:00	7.31448088551e+14
1/5/1959 16:00:00	7.23216847396e+14
1/6/1959 16:00:00	7.26802231669e+14
1/7/1959 16:00:00	7.53946183143e+14
1/8/1959 16:00:00	7.3301329612e+14
1/9/1959 16:00:00	7.17954961933e+14
1/12/1959 16:00:00	7.18198070943e+14
1/13/1959 16:00:00	7.29996402704e+14
1/14/1959 16:00:00	7.25156253006e+14
1/15/1959 16:00:00	7.17021720498e+14
1/16/1959 16:00:00	7.17264513501e+14
1/19/1959 16:00:00	7.22461633241e+14
1/20/1959 16:00:00	7.21039049116e+14
1/21/1959 16:00:00	7.09644601336e+14
1/22/1959 16:00:00	7.1151252158e+14
1/23/1959 16:00:00	7.10120291054e+14
1/26/1959 16:00:00	7.2013304472e+14
1/27/1959 16:00:00	7.20376891255e+14
1/28/1959 16:00:00	7.43858784599e+14
1/29/1959 16:00:00	7.42378074643e+14
1/30/1959 16:00:00	7.32262653531e+14
2/2/1959 16:00:00	7.42688775468e+14
2/3/1959 16:00:00	7.39483213391e+14
2/4/1959 16:00:00	7.48325593714e+14
2/5/1959 16:00:00	7.59053217326e+14
2/6/1959 16:00:00	7.77100552528e+14
2/9/1959 16:00:00	8.10405759747e+14
2/10/1959 16:00:00	7.77636053525e+14
2/11/1959 16:00:00	7.75967764484e+14
2/12/1959 16:00:00	7.92727469861e+14
2/13/1959 16:00:00	7.74136402112e+14
2/16/1959 16:00:00	7.70744075098e+14
2/17/1959 16:00:00	7.78208919515e+14
2/18/1959 16:00:00	7.78410236363e+14
2/19/1959 16:00:00	7.27147843229e+14
2/20/1959 16:00:00	7.27394065068e+14
2/24/1959 16:00:00	7.29322854628e+14
2/25/1959 16:00:00	7.38011049697e+14
2/26/1959 16:00:00	7.34830999307e+14
2/27/1959 16:00:00	7.31669934138e+14
3/2/1959 16:00:00	7.20052769359e+14
3/3/1959 16:00:00	6.98699414254e+14
3/4/1959 16:00:00	6.95748020965e+14
3/5/1959 16:00:00	6.92813915552e+14
3/6/1959 16:00:00	7.00982735836e+14
3/9/1959 16:00:00	7.02820515026e+14
3/10/1959 16:00:00	6.9824099388e+14
3/11/1959 16:00:00	6.95293957904e+14
3/12/1959 16:00:00	6.87644120578e+14
3/13/1959 16:00:00	6.84800165784e+14
3/16/1959 16:00:00	7.06780515868e+14
3/17/1959 16:00:00	6.89257270329e+14
3/18/1959 16:00:00	6.94238119536e+14
3/19/1959 16:00:00	6.96094375639e+14
3/20/1959 16:00:00	6.94801281344e+14
3/23/1959 16:00:00	7.15635862319e+14
3/24/1959 16:00:00	7.10990012844e+14
3/25/1959 16:00:00	7.1451810535e+14
3/26/1959 16:00:00	7.19737325919e+14
3/30/1959 16:00:00	7.31629422169e+14
3/31/1959 16:00:00	7.31935633814e+14
4/1/1959 16:00:00	7.21996293705e+14
4/2/1959 16:00:00	7.10662309202e+14
4/3/1959 16:00:00	6.94685036034e+14
4/6/1959 16:00:00	6.88660466698e+14
4/7/1959 16:00:00	6.92069512212e+14
4/8/1959 16:00:00	7.03352706609e+14
4/9/1959 16:00:00	7.0525169043e+14
4/10/1959 16:00:00	7.02326534751e+14
4/13/1959 16:00:00	6.9621628883e+14
4/14/1959 16:00:00	6.8543151065e+14
4/15/1959 16:00:00	6.76420898445e+14
4/16/1959 16:00:00	6.59958399828e+14
4/17/1959 16:00:00	6.44030279021e+14
4/20/1959 16:00:00	6.35744443687e+14
4/21/1959 16:00:00	6.37411871273e+14
4/22/1959 16:00:00	6.50333150079e+14
4/23/1959 16:00:00	6.54937681681e+14
4/24/1959 16:00:00	6.42093607256e+14
4/27/1959 16:00:00	6.36684288187e+14
4/28/1959 16:00:00	6.43916971427e+14
4/29/1959 16:00:00	6.51309447799e+14
4/30/1959 16:00:00	6.55920891841e+14
5/1/1959 16:00:00	6.53275887718e+14
5/4/1959 16:00:00	6.53549305767e+14
5/5/1959 16:00:00	6.50918174664e+14
5/6/1959 16:00:00	6.55523641116e+14
5/7/1959 16:00:00	6.80580583832e+14
5/8/1959 16:00:00	6.65537038292e+14
5/11/1959 16:00:00	6.43498772302e+14
5/12/1959 16:00:00	6.43768098295e+14
5/13/1959 16:00:00	6.42614320874e+14
5/14/1959 16:00:00	6.30106703303e+14
5/15/1959 16:00:00	6.37284543174e+14
5/18/1959 16:00:00	6.37525802212e+14
5/19/1959 16:00:00	6.32073757956e+14
5/20/1959 16:00:00	6.39127535637e+14
5/21/1959 16:00:00	6.37986227856e+14
5/22/1959 16:00:00	6.3122696662e+14
5/25/1959 16:00:00	6.37032285635e+14
5/26/1959 16:00:00	6.40077699876e+14
5/27/1959 16:00:00	6.37421485851e+14
5/28/1959 16:00:00	6.30673358319e+14
5/29/1959 16:00:00	6.21281129082e+14
6/1/1959 16:00:00	6.22896678703e+14
6/2/1959 16:00:00	6.35397709765e+14
6/3/1959 16:00:00	6.35663645195e+14
6/4/1959 16:00:00	6.55513974631e+14
6/5/1959 16:00:00	6.60207576937e+14
6/8/1959 16:00:00	6.86984144879e+14
6/9/1959 16:00:00	7.01217965638e+14
6/10/1959 16:00:00	6.69690054411e+14
6/11/1959 16:00:00	6.6852567635e+14
6/12/1959 16:00:00	6.6736443722e+14
6/15/1959 16:00:00	6.78132421706e+14
6/16/1959 16:00:00	6.9369796427e+14
6/17/1959 16:00:00	6.75210312205e+14
6/18/1959 16:00:00	6.77060798251e+14
6/19/1959 16:00:00	6.74359864274e+14
6/22/1959 16:00:00	6.74696001948e+14
6/23/1959 16:00:00	6.750053461e+14
6/24/1959 16:00:00	6.64755463268e+14
6/25/1959 16:00:00	6.53233818701e+14
6/26/1959 16:00:00	6.4487537228e+14
6/29/1959 16:00:00	6.32394140443e+14
6/30/1959 16:00:00	6.29887186305e+14
7/1/1959 16:00:00	6.13585937602e+14
7/2/1959 16:00:00	6.04574859108e+14
7/6/1959 16:00:00	5.93132671703e+14
7/7/1959 16:00:00	5.81981157535e+14
7/8/1959 16:00:00	5.82271248627e+14
7/9/1959 16:00:00	5.83802119082e+14
7/10/1959 16:00:00	5.85337898482e+14
7/13/1959 16:00:00	6.00616977371e+14
7/14/1959 16:00:00	5.97038629601e+14
7/15/1959 16:00:00	5.9603025242e+14
7/16/1959 16:00:00	6.01443485854e+14
7/17/1959 16:00:00	6.08215051555e+14
7/20/1959 16:00:00	6.1771369499e+14
7/21/1959 16:00:00	6.01930647043e+14
7/22/1959 16:00:00	5.95753666479e+14
7/23/1959 16:00:00	5.94773095019e+14
7/24/1959 16:00:00	5.95069562311e+14
7/27/1959 16:00:00	5.83889835825e+14
7/28/1959 16:00:00	5.75478474789e+14
7/29/1959 16:00:00	5.67230686197e+14
7/30/1959 16:00:00	5.711009696e+14
7/31/1959 16:00:00	5.7138563742e+14
8/3/1959 16:00:00	5.65634683354e+14
8/4/1959 16:00:00	5.68298246193e+14
8/5/1959 16:00:00	5.78166308205e+14
8/6/1959 16:00:00	5.79680292063e+14
8/7/1959 16:00:00	5.89808222849e+14
8/10/1959 16:00:00	6.27856653544e+14
8/11/1959 16:00:00	6.03529888156e+14
8/12/1959 16:00:00	6.07727254742e+14
8/13/1959 16:00:00	6.10651576309e+14
8/14/1959 16:00:00	6.06999252626e+14
8/17/1959 16:00:00	6.0991819019e+14
8/18/1959 16:00:00	6.28651389345e+14
8/19/1959 16:00:00	6.38558987015e+14
8/20/1959 16:00:00	6.10890764444e+14
8/21/1959 16:00:00	6.12514684159e+14
8/24/1959 16:00:00	6.19439389827e+14
8/25/1959 16:00:00	6.15717093209e+14
8/26/1959 16:00:00	6.13358558164e+14
8/27/1959 16:00:00	5.9775585424e+14
8/28/1959 16:00:00	5.98053808302e+14
8/31/1959 16:00:00	5.98351910882e+14
9/1/1959 16:00:00	6.20447267371e+14
9/2/1959 16:00:00	6.19410659475e+14
9/3/1959 16:00:00	6.39859204924e+14
9/4/1959 16:00:00	6.31765095414e+14
9/8/1959 16:00:00	6.58269536397e+14
9/9/1959 16:00:00	6.73134834437e+14
9/10/1959 16:00:00	6.83972465145e+14
9/11/1959 16:00:00	6.69043805378e+14
9/14/1959 16:00:00	6.84309424991e+14
9/15/1959 16:00:00	6.95437473845e+14
9/16/1959 16:00:00	6.94190027227e+14
9/17/1959 16:00:00	7.05527756423e+14
9/18/1959 16:00:00	7.13916899312e+14
9/21/1959 16:00:00	7.49998634187e+14
9/22/1959 16:00:00	7.55598739907e+14
9/23/1959 16:00:00	7.2805062087e+14
9/24/1959 16:00:00	6.9018245962e+14
9/25/1959 16:00:00	6.92132615771e+14
9/28/1959 16:00:00	6.78524246898e+14
9/29/1959 16:00:00	6.6527547124e+14
9/30/1959 16:00:00	6.87696956044e+14
10/1/1959 16:00:00	6.85008553436e+14
10/2/1959 16:00:00	6.76196265879e+14
10/5/1959 16:00:00	6.79603849868e+14
10/6/1959 16:00:00	6.81515018221e+14
10/7/1959 16:00:00	6.86479707527e+14
10/8/1959 16:00:00	6.91490878261e+14
10/9/1959 16:00:00	6.84127074465e+14
10/12/1959 16:00:00	6.73809357136e+14
10/13/1959 16:00:00	6.80197374561e+14
10/14/1959 16:00:00	6.95746579982e+14
10/15/1959 16:00:00	6.91455040018e+14
10/16/1959 16:00:00	6.73236874038e+14
10/19/1959 16:00:00	6.85603785249e+14
10/20/1959 16:00:00	6.98243238283e+14
10/21/1959 16:00:00	7.0336140521e+14
10/22/1959 16:00:00	7.22806565741e+14
10/23/1959 16:00:00	7.01836564368e+14
10/26/1959 16:00:00	6.89587284383e+14
10/27/1959 16:00:00	6.71446063067e+14
10/28/1959 16:00:00	6.70343412818e+14
10/29/1959 16:00:00	6.72218571141e+14
10/30/1959 16:00:00	6.69621938946e+14
11/2/1959 16:00:00	6.72978730209e+14
11/4/1959 16:00:00	6.79345569636e+14
11/5/1959 16:00:00	6.76712448009e+14
11/6/1959 16:00:00	6.66569400258e+14
11/9/1959 16:00:00	6.71379060574e+14
11/10/1959 16:00:00	6.7176736949e+14
11/11/1959 16:00:00	6.72155902998e+14
11/12/1959 16:00:00	6.82977236212e+14
11/13/1959 16:00:00	6.95550153425e+14
11/16/1959 16:00:00	7.17785855189e+14
11/17/1959 16:00:00	7.13321795656e+14
11/18/1959 16:00:00	6.8954485242e+14
11/19/1959 16:00:00	6.91485124435e+14
11/20/1959 16:00:00	6.91885062197e+14
11/23/1959 16:00:00	6.87641707366e+14
11/24/1959 16:00:00	6.77295020515e+14
11/25/1959 16:00:00	6.74678779115e+14
11/27/1959 16:00:00	6.66093225611e+14
11/30/1959 16:00:00	6.45892814727e+14
12/1/1959 16:00:00	6.33564922008e+14
12/2/1959 16:00:00	6.36656686366e+14
12/3/1959 16:00:00	6.32872803904e+14
12/4/1959 16:00:00	6.29120363645e+14
12/7/1959 16:00:00	6.25399034018e+14
12/8/1959 16:00:00	6.13603964557e+14
12/9/1959 16:00:00	6.25809578146e+14
12/10/1959 16:00:00	6.2481989025e+14
12/11/1959 16:00:00	6.29226866915e+14
12/14/1959 16:00:00	6.24146872187e+14
12/15/1959 16:00:00	6.28546196651e+14
12/16/1959 16:00:00	6.27551202865e+14
12/17/1959 16:00:00	6.30624967172e+14
12/18/1959 16:00:00	6.2144167011e+14
12/21/1959 16:00:00	6.20463704077e+14
12/22/1959 16:00:00	6.22156895372e+14
12/23/1959 16:00:00	6.29211393539e+14
12/24/1959 16:00:00	6.28216325837e+14
12/28/1959 16:00:00	6.28579670508e+14
12/29/1959 16:00:00	6.18090051155e+14
12/30/1959 16:00:00	6.03857430533e+14
12/31/1959 16:00:00	6.01635256827e+14
1/4/1960 16:00:00	6.00704059863e+14
1/5/1960 16:00:00	5.87012374575e+14
1/6/1960 16:00:00	5.94777202554e+14
1/7/1960 16:00:00	6.07713525902e+14
1/8/1960 16:00:00	6.14543834499e+14
1/11/1960 16:00:00	6.37254289565e+14
1/12/1960 16:00:00	6.50045869377e+14
1/13/1960 16:00:00	6.60342597894e+14
1/14/1960 16:00:00	6.50595090023e+14
1/15/1960 16:00:00	6.50971378012e+14
1/18/1960 16:00:00	6.68379111545e+14
1/19/1960 16:00:00	6.90816315882e+14
1/20/1960 16:00:00	6.97361008256e+14
1/21/1960 16:00:00	6.93097988297e+14
1/22/1960 16:00:00	6.87328847135e+14
1/25/1960 16:00:00	7.10603450624e+14
1/26/1960 16:00:00	7.07825500028e+14
1/27/1960 16:00:00	7.12964206039e+14
1/28/1960 16:00:00	7.35790112167e+14
1/29/1960 16:00:00	7.5625231934e+14
2/1/1960 16:00:00	7.42834712511e+14
2/2/1960 16:00:00	7.09447898344e+14
2/3/1960 16:00:00	7.28946509589e+14
2/4/1960 16:00:00	7.31017314335e+14
2/5/1960 16:00:00	7.43026051321e+14
2/8/1960 16:00:00	7.68824670328e+14
2/9/1960 16:00:00	7.47997106415e+14
2/10/1960 16:00:00	7.62081387517e+14
2/11/1960 16:00:00	7.76515999779e+14
2/12/1960 16:00:00	7.6441174085e+14
2/15/1960 16:00:00	7.7714531739e+14
2/16/1960 16:00:00	7.95542727688e+14
2/17/1960 16:00:00	7.83042107116e+14
2/18/1960 16:00:00	7.50868244696e+14
2/19/1960 16:00:00	7.3415941757e+14
2/23/1960 16:00:00	7.46199222322e+14
2/24/1960 16:00:00	7.55070020826e+14
2/25/1960 16:00:00	7.48600606275e+14
2/26/1960 16:00:00	7.3879436019e+14
2/29/1960 16:00:00	7.40898198318e+14
3/1/1960 16:00:00	7.46374469942e+14
3/2/1960 16:00:00	7.62096071397e+14
3/3/1960 16:00:00	7.97468677867e+14
3/4/1960 16:00:00	8.0720999934e+14
3/7/1960 16:00:00	8.32162673848e+14
3/8/1960 16:00:00	8.58178471895e+14
3/9/1960 16:00:00	8.30023393422e+14
3/10/1960 16:00:00	8.40291469977e+14
3/11/1960 16:00:00	8.22870709864e+14
3/14/1960 16:00:00	8.19477339768e+14
3/15/1960 16:00:00	8.00714747769e+14
3/16/1960 16:00:00	7.88090732649e+14
3/17/1960 16:00:00	7.92197930325e+14
3/18/1960 16:00:00	7.90818071622e+14
3/21/1960 16:00:00	7.87608607589e+14
3/22/1960 16:00:00	7.78853881137e+14
3/23/1960 16:00:00	7.6103338241e+14
3/24/1960 16:00:00	7.50994163094e+14
3/25/1960 16:00:00	7.51428519402e+14
3/28/1960 16:00:00	7.56998173758e+14
3/29/1960 16:00:00	7.60801865644e+14
3/30/1960 16:00:00	7.66430407839e+14
3/31/1960 16:00:00	7.79169367077e+14
4/1/1960 16:00:00	7.76029376976e+14
4/4/1960 16:00:00	7.7287651533e+14
4/5/1960 16:00:00	7.80394112204e+14
4/6/1960 16:00:00	7.32295608582e+14
4/7/1960 16:00:00	7.32719150119e+14
4/8/1960 16:00:00	7.38104917314e+14
4/11/1960 16:00:00	7.46881421938e+14
4/12/1960 16:00:00	7.42224881149e+14
4/13/1960 16:00:00	7.42624505979e+14
4/14/1960 16:00:00	7.38005969711e+14
4/18/1960 16:00:00	7.33398007473e+14
4/19/1960 16:00:00	7.50306385168e+14
4/20/1960 16:00:00	7.79669489059e+14
4/21/1960 16:00:00	7.72940051435e+14
4/22/1960 16:00:00	7.80483719386e+14
4/25/1960 16:00:00	8.04295734217e+14
4/26/1960 16:00:00	7.97214818216e+14
4/27/1960 16:00:00	7.97675907402e+14
4/28/1960 16:00:00	8.18479848228e+14
4/29/1960 16:00:00	8.28522369639e+14
5/2/1960 16:00:00	8.40670895484e+14
5/3/1960 16:00:00	8.07450974183e+14
5/4/1960 16:00:00	8.00400984719e+14
5/5/1960 16:00:00	8.08292232112e+14
5/6/1960 16:00:00	8.1252214355e+14
5/9/1960 16:00:00	8.11098095093e+14
5/10/1960 16:00:00	8.28570046757e+14
5/11/1960 16:00:00	8.23218832857e+14
5/12/1960 16:00:00	8.10210098235e+14
5/13/1960 16:00:00	7.91821990651e+14
5/16/1960 16:00:00	7.9410864896e+14
5/17/1960 16:00:00	7.8539103118e+14
5/18/1960 16:00:00	7.87559396277e+14
5/19/1960 16:00:00	7.77126983086e+14
5/20/1960 16:00:00	7.75794052627e+14
5/23/1960 16:00:00	7.7446476773e+14
5/24/1960 16:00:00	7.78397970014e+14
5/25/1960 16:00:00	7.78723755876e+14
5/26/1960 16:00:00	7.79174150291e+14
5/27/1960 16:00:00	7.77775436437e+14
5/31/1960 16:00:00	7.74598070399e+14
6/1/1960 16:00:00	7.73025917511e+14
6/2/1960 16:00:00	7.62836587574e+14
6/3/1960 16:00:00	7.59805092549e+14
6/6/1960 16:00:00	7.32554544681e+14
6/7/1960 16:00:00	7.11535238221e+14
6/8/1960 16:00:00	6.9612315709e+14
6/9/1960 16:00:00	6.91915690246e+14
6/10/1960 16:00:00	6.93784622065e+14
6/13/1960 16:00:00	6.9257343546e+14
6/14/1960 16:00:00	6.95914285153e+14
6/15/1960 16:00:00	7.10021494176e+14
6/16/1960 16:00:00	7.11952065192e+14
6/17/1960 16:00:00	7.15471172265e+14
6/20/1960 16:00:00	7.25381571416e+14
6/21/1960 16:00:00	7.27364709427e+14
6/22/1960 16:00:00	7.21218411134e+14
6/23/1960 16:00:00	7.10317246453e+14
6/24/1960 16:00:00	7.07519011766e+14
6/27/1960 16:00:00	7.21923709441e+14
6/28/1960 16:00:00	7.36544917929e+14
6/29/1960 16:00:00	7.36558861193e+14
6/30/1960 16:00:00	7.36926002233e+14
7/1/1960 16:00:00	7.32299556605e+14
7/5/1960 16:00:00	7.34305275595e+14
7/6/1960 16:00:00	7.37964142093e+14
7/7/1960 16:00:00	7.26732247833e+14
7/8/1960 16:00:00	7.22224356548e+14
7/11/1960 16:00:00	7.41872042578e+14
7/12/1960 16:00:00	7.65421250032e+14
7/13/1960 16:00:00	7.72485874373e+14
7/14/1960 16:00:00	7.71109937353e+14
7/15/1960 16:00:00	7.75007329858e+14
7/18/1960 16:00:00	7.8953825617e+14
7/19/1960 16:00:00	7.89931805029e+14
7/20/1960 16:00:00	7.95765019244e+14
7/21/1960 16:00:00	8.1629989704e+14
7/22/1960 16:00:00	8.35646458133e+14
7/25/1960 16:00:00	8.59510591147e+14
7/26/1960 16:00:00	8.43640385037e+14
7/27/1960 16:00:00	8.59621829125e+14
7/28/1960 16:00:00	8.41754914749e+14
7/29/1960 16:00:00	7.98737866641e+14
8/1/1960 16:00:00	7.99136001081e+14
8/2/1960 16:00:00	8.19756999354e+14
8/3/1960 16:00:00	8.35372332587e+14
8/4/1960 16:00:00	8.27975424448e+14
8/5/1960 16:00:00	8.03297968103e+14
8/8/1960 16:00:00	7.99990846455e+14
8/9/1960 16:00:00	7.87358655733e+14
8/10/1960 16:00:00	7.78508431948e+14
8/11/1960 16:00:00	7.68231983868e+14
8/12/1960 16:00:00	7.54585660677e+14
8/15/1960 16:00:00	7.5660611657e+14
8/16/1960 16:00:00	7.51791316062e+14
8/17/1960 16:00:00	7.48714426373e+14
8/18/1960 16:00:00	7.49027788676e+14
8/19/1960 16:00:00	7.42593284033e+14
8/22/1960 16:00:00	7.34507236454e+14
8/23/1960 16:00:00	7.13335740002e+14
8/24/1960 16:00:00	7.0248522692e+14
8/25/1960 16:00:00	7.12070007885e+14
8/26/1960 16:00:00	7.20250727072e+14
8/29/1960 16:00:00	7.26925623589e+14
8/30/1960 16:00:00	7.49854441948e+14
8/31/1960 16:00:00	7.45101697311e+14
9/1/1960 16:00:00	7.40390390054e+14
9/2/1960 16:00:00	7.45680472881e+14
9/6/1960 16:00:00	7.64425116385e+14
9/7/1960 16:00:00	7.94159885822e+14
9/8/1960 16:00:00	7.96315129838e+14
9/9/1960 16:00:00	7.82014752226e+14
9/12/1960 16:00:00	7.98410848117e+14
9/13/1960 16:00:00	7.93111109336e+14
9/14/1960 16:00:00	8.09751226804e+14
9/15/1960 16:00:00	8.19440611126e+14
9/16/1960 16:00:00	8.25417439618e+14
9/19/1960 16:00:00	8.83041689697e+14
9/20/1960 16:00:00	8.74690441262e+14
9/21/1960 16:00:00	8.47810164643e+14
9/22/1960 16:00:00	8.58081946628e+14
9/23/1960 16:00:00	8.80582287711e+14
9/26/1960 16:00:00	9.20723575243e+14
9/27/1960 16:00:00	9.27775471563e+14
9/28/1960 16:00:00	9.5285457581e+14
9/29/1960 16:00:00	9.46275598019e+14
9/30/1960 16:00:00	8.98282553269e+14
10/3/1960 16:00:00	9.0507476846e+14
10/4/1960 16:00:00	9.24930853693e+14
10/5/1960 16:00:00	9.05157613115e+14
10/6/1960 16:00:00	8.88157426004e+14
10/7/1960 16:00:00	8.73702992567e+14
10/10/1960 16:00:00	8.69924620994e+14
10/11/1960 16:00:00	8.66169102396e+14
10/12/1960 16:00:00	8.68579304548e+14
10/13/1960 16:00:00	8.50447849157e+14
10/14/1960 16:00:00	8.36784367777e+14
10/17/1960 16:00:00	8.46709479627e+14
10/18/1960 16:00:00	8.60627696859e+14
10/19/1960 16:00:00	8.64669162742e+14
10/20/1960 16:00:00	8.83206471519e+14
10/21/1960 16:00:00	8.91733890525e+14
10/24/1960 16:00:00	9.41021070374e+14
10/25/1960 16:00:00	9.68867722212e+14
10/26/1960 16:00:00	9.21701979526e+14
10/27/1960 16:00:00	8.93145410268e+14
10/28/1960 16:00:00	9.04158576195e+14
10/31/1960 16:00:00	9.06670847247e+14
11/1/1960 16:00:00	8.7873954059e+14
11/2/1960 16:00:00	8.64484874023e+14
11/3/1960 16:00:00	8.56671892307e+14
11/4/1960 16:00:00	8.32804053448e+14
11/7/1960 16:00:00	8.25375451621e+14
11/9/1960 16:00:00	8.14162115392e+14
11/10/1960 16:00:00	7.67350623703e+14
11/11/1960 16:00:00	7.90343508854e+14
11/14/1960 16:00:00	8.0337300412e+14
11/15/1960 16:00:00	7.92521410589e+14
11/16/1960 16:00:00	7.98219579228e+14
11/17/1960 16:00:00	8.05904877498e+14
11/18/1960 16:00:00	7.93117077975e+14
11/21/1960 16:00:00	7.89741914691e+14
11/22/1960 16:00:00	7.99002888365e+14
11/23/1960 16:00:00	7.95530369309e+14
11/25/1960 16:00:00	7.81137513154e+14
11/28/1960 16:00:00	7.86600275869e+14
11/29/1960 16:00:00	7.93789232617e+14
11/30/1960 16:00:00	8.06536378604e+14
12/1/1960 16:00:00	8.1785658837e+14
12/2/1960 16:00:00	8.14207639963e+14
12/5/1960 16:00:00	8.18190660017e+14
12/6/1960 16:00:00	8.10776207878e+14
12/7/1960 16:00:00	7.8660640291e+14
12/8/1960 16:00:00	7.81374292951e+14
12/9/1960 16:00:00	7.61969151724e+14
12/12/1960 16:00:00	7.53564134962e+14
12/13/1960 16:00:00	7.51967690689e+14
12/14/1960 16:00:00	7.53678093639e+14
12/15/1960 16:00:00	7.60678284346e+14
12/16/1960 16:00:00	7.40207580679e+14
12/19/1960 16:00:00	7.43720866024e+14
12/20/1960 16:00:00	7.4561426323e+14
12/21/1960 16:00:00	7.2745180238e+14
12/22/1960 16:00:00	7.34159334242e+14
12/23/1960 16:00:00	7.32677503922e+14
12/27/1960 16:00:00	7.29591285781e+14
12/28/1960 16:00:00	7.20008713739e+14
12/29/1960 16:00:00	7.09109926181e+14
12/30/1960 16:00:00	7.07839041486e+14
1/3/1961 16:00:00	7.28293803119e+14
1/4/1961 16:00:00	6.97501300136e+14
1/5/1961 16:00:00	6.90011269677e+14
1/6/1961 16:00:00	6.94698429247e+14
1/9/1961 16:00:00	6.81174674814e+14
1/10/1961 16:00:00	6.75324432585e+14
1/11/1961 16:00:00	6.67991410897e+14
1/12/1961 16:00:00	6.62345689102e+14
1/13/1961 16:00:00	6.52548887767e+14
1/16/1961 16:00:00	6.52743773358e+14
1/17/1961 16:00:00	6.51430631706e+14
1/18/1961 16:00:00	6.48695181328e+14
1/19/1961 16:00:00	6.46052972377e+14
1/20/1961 16:00:00	6.39169022921e+14
1/23/1961 16:00:00	6.2823739168e+14
1/24/1961 16:00:00	6.22888830648e+14
1/25/1961 16:00:00	6.2022628708e+14
1/26/1961 16:00:00	6.17640291498e+14
1/27/1961 16:00:00	5.98117331275e+14
1/30/1961 16:00:00	5.76981929233e+14
1/31/1961 16:00:00	5.81919410438e+14
2/1/1961 16:00:00	5.78525303423e+14
2/2/1961 16:00:00	5.66768197575e+14
2/3/1961 16:00:00	5.69218166119e+14
2/6/1961 16:00:00	5.81061682297e+14
2/7/1961 16:00:00	5.8491146601e+14
2/8/1961 16:00:00	5.6817888245e+14
2/9/1961 16:00:00	5.74250143271e+14
2/10/1961 16:00:00	5.87459876779e+14
2/13/1961 16:00:00	5.98682507543e+14
2/14/1961 16:00:00	5.90177970103e+14
2/15/1961 16:00:00	5.75701204813e+14
2/16/1961 16:00:00	5.6523603489e+14
2/17/1961 16:00:00	5.70060513513e+14
2/20/1961 16:00:00	5.64396757416e+14
2/21/1961 16:00:00	5.63432108314e+14
2/23/1961 16:00:00	5.56727415631e+14
2/24/1961 16:00:00	5.50130369801e+14
2/27/1961 16:00:00	5.38033632108e+14
2/28/1961 16:00:00	5.33836750515e+14
3/1/1961 16:00:00	5.33974850102e+14
3/2/1961 16:00:00	5.23383417091e+14
3/3/1961 16:00:00	5.20426609174e+14
3/6/1961 16:00:00	5.17534306125e+14
3/7/1961 16:00:00	5.32134764265e+14
3/8/1961 16:00:00	5.32357480656e+14
3/9/1961 16:00:00	5.31490741206e+14
3/10/1961 16:00:00	5.31649472434e+14
3/13/1961 16:00:00	5.26413806473e+14
3/14/1961 16:00:00	5.33851762178e+14
3/15/1961 16:00:00	5.28608575305e+14
3/16/1961 16:00:00	5.11818563486e+14
3/17/1961 16:00:00	5.16998025226e+14
3/20/1961 16:00:00	4.96588800869e+14
3/21/1961 16:00:00	4.98644827903e+14
3/22/1961 16:00:00	4.9973291231e+14
3/23/1961 16:00:00	5.03749424679e+14
3/24/1961 16:00:00	5.05864308557e+14
3/27/1961 16:00:00	5.06992931858e+14
3/28/1961 16:00:00	5.06062664406e+14
3/29/1961 16:00:00	4.93096278742e+14
3/30/1961 16:00:00	4.90370244699e+14
4/3/1961 16:00:00	4.78054393548e+14
4/4/1961 16:00:00	4.76289323106e+14
4/5/1961 16:00:00	4.79980988971e+14
4/6/1961 16:00:00	4.77295389133e+14
4/7/1961 16:00:00	4.6911004467e+14
4/10/1961 16:00:00	4.57541140394e+14
4/11/1961 16:00:00	4.55041657826e+14
4/12/1961 16:00:00	4.6125911327e+14
4/13/1961 16:00:00	4.62315682334e+14
4/14/1961 16:00:00	4.59781682287e+14
4/17/1961 16:00:00	4.1159200465e+14
4/18/1961 16:00:00	4.56404092055e+14
4/19/1961 16:00:00	4.63402967051e+14
4/20/1961 16:00:00	4.63485810484e+14
4/21/1961 16:00:00	4.64460559317e+14
4/24/1961 16:00:00	4.93088230985e+14
4/25/1961 16:00:00	4.71771337905e+14
4/26/1961 16:00:00	4.6633225987e+14
4/27/1961 16:00:00	4.6817886806e+14
4/28/1961 16:00:00	4.7090268576e+14
5/1/1961 16:00:00	4.73647639094e+14
5/2/1961 16:00:00	4.63546403675e+14
5/3/1961 16:00:00	4.51925666525e+14
5/4/1961 16:00:00	4.45907415255e+14
5/5/1961 16:00:00	4.44254953191e+14
5/8/1961 16:00:00	4.46075743753e+14
5/9/1961 16:00:00	4.45396025699e+14
5/10/1961 16:00:00	4.4641140133e+14
5/11/1961 16:00:00	4.46562562113e+14
5/12/1961 16:00:00	4.44111689917e+14
5/15/1961 16:00:00	4.37516071634e+14
5/16/1961 16:00:00	4.3272245344e+14
5/17/1961 16:00:00	4.26388293358e+14
5/18/1961 16:00:00	4.33753070824e+14
5/19/1961 16:00:00	4.28981447776e+14
5/22/1961 16:00:00	4.36353153483e+14
5/23/1961 16:00:00	4.39811576569e+14
5/24/1961 16:00:00	4.48297338164e+14
5/25/1961 16:00:00	4.52733841039e+14
5/26/1961 16:00:00	4.44223592842e+14
5/31/1961 16:00:00	4.41738717852e+14
6/1/1961 16:00:00	4.41016366003e+14
6/2/1961 16:00:00	4.37862021094e+14
6/5/1961 16:00:00	4.30587711944e+14
6/6/1961 16:00:00	4.34740913841e+14
6/7/1961 16:00:00	4.58578918119e+14
6/8/1961 16:00:00	4.36688547081e+14
6/9/1961 16:00:00	4.36749164513e+14
6/12/1961 16:00:00	4.4668722125e+14
6/13/1961 16:00:00	4.53475857558e+14
6/14/1961 16:00:00	4.49998054506e+14
6/15/1961 16:00:00	4.55263839444e+14
6/16/1961 16:00:00	4.65858961779e+14
6/19/1961 16:00:00	4.78580777674e+14
6/20/1961 16:00:00	4.65679974122e+14
6/21/1961 16:00:00	4.65856268213e+14
6/22/1961 16:00:00	4.71406561727e+14
6/23/1961 16:00:00	4.6509991422e+14
6/26/1961 16:00:00	4.79456274054e+14
6/27/1961 16:00:00	4.79446191241e+14
6/28/1961 16:00:00	4.76653309198e+14
6/29/1961 16:00:00	4.7774145036e+14
6/30/1961 16:00:00	4.74962120083e+14
7/3/1961 16:00:00	4.62116458716e+14
7/5/1961 16:00:00	4.53251117862e+14
7/6/1961 16:00:00	4.49901822798e+14
7/7/1961 16:00:00	4.50000230826e+14
7/10/1961 16:00:00	4.50920929188e+14
7/11/1961 16:00:00	4.51790001533e+14
7/12/1961 16:00:00	4.58700502029e+14
7/13/1961 16:00:00	4.68448830491e+14
7/14/1961 16:00:00	4.58534562891e+14
7/17/1961 16:00:00	4.69141146343e+14
7/18/1961 16:00:00	4.77354388691e+14
7/19/1961 16:00:00	4.70048236418e+14
7/20/1961 16:00:00	4.70132267838e+14
7/21/1961 16:00:00	4.66539007325e+14
7/24/1961 16:00:00	4.66566482248e+14
7/25/1961 16:00:00	4.575682397e+14
7/26/1961 16:00:00	4.45270979037e+14
7/27/1961 16:00:00	4.29248855105e+14
7/28/1961 16:00:00	4.26906532193e+14
7/31/1961 16:00:00	4.26250638622e+14
8/1/1961 16:00:00	4.14363062164e+14
8/2/1961 16:00:00	4.22129522218e+14
8/3/1961 16:00:00	4.15175638233e+14
8/4/1961 16:00:00	4.08325433661e+14
8/7/1961 16:00:00	4.08447381221e+14
8/8/1961 16:00:00	4.05583924472e+14
8/9/1961 16:00:00	4.06501065584e+14
8/10/1961 16:00:00	4.02907251143e+14
8/11/1961 16:00:00	4.00837866159e+14
8/14/1961 16:00:00	4.06873471336e+14
8/15/1961 16:00:00	4.09278185848e+14
8/16/1961 16:00:00	4.06408904672e+14
8/17/1961 16:00:00	3.99073652728e+14
8/18/1961 16:00:00	3.96237326494e+14
8/21/1961 16:00:00	3.93412396506e+14
8/22/1961 16:00:00	3.93467006704e+14
8/23/1961 16:00:00	4.00661508971e+14
8/24/1961 16:00:00	4.08096240238e+14
8/25/1961 16:00:00	4.05894053449e+14
8/28/1961 16:00:00	4.05186673731e+14
8/29/1961 16:00:00	4.08274461876e+14
8/30/1961 16:00:00	4.0310716203e+14
8/31/1961 16:00:00	3.98011470254e+14
9/1/1961 16:00:00	3.95898414236e+14
9/5/1961 16:00:00	3.995203192e+14
9/6/1961 16:00:00	3.90763180976e+14
9/7/1961 16:00:00	3.92980089007e+14
9/8/1961 16:00:00	4.00971371628e+14
9/11/1961 16:00:00	4.11417054829e+14
9/12/1961 16:00:00	3.98620318099e+14
9/13/1961 16:00:00	3.98041596783e+14
9/14/1961 16:00:00	4.06153940767e+14
9/15/1961 16:00:00	4.03982605257e+14
9/18/1961 16:00:00	4.11480976829e+14
9/19/1961 16:00:00	4.32136103987e+14
9/20/1961 16:00:00	4.15248268779e+14
9/21/1961 16:00:00	4.1384711394e+14
9/22/1961 16:00:00	4.19308951704e+14
9/25/1961 16:00:00	4.36595816607e+14
9/26/1961 16:00:00	4.36691314182e+14
9/27/1961 16:00:00	4.22805838375e+14
9/28/1961 16:00:00	4.20596503858e+14
9/29/1961 16:00:00	4.17534865581e+14
10/2/1961 16:00:00	4.16832940826e+14
10/3/1961 16:00:00	4.16857488517e+14
10/4/1961 16:00:00	4.08442217938e+14
10/5/1961 16:00:00	3.97253492798e+14
10/6/1961 16:00:00	4.11905798061e+14
10/9/1961 16:00:00	3.93754810317e+14
10/10/1961 16:00:00	3.90279752939e+14
10/11/1961 16:00:00	3.89733068339e+14
10/12/1961 16:00:00	3.89880610947e+14
10/13/1961 16:00:00	3.9146153684e+14
10/16/1961 16:00:00	3.95188436833e+14
10/17/1961 16:00:00	3.94584875286e+14
10/18/1961 16:00:00	3.88175007438e+14
10/19/1961 16:00:00	3.8404847434e+14
10/20/1961 16:00:00	3.91802472088e+14
10/23/1961 16:00:00	3.90508676254e+14
10/24/1961 16:00:00	3.92045334336e+14
10/25/1961 16:00:00	3.85786345732e+14
10/26/1961 16:00:00	3.83123111958e+14
10/27/1961 16:00:00	3.85298145993e+14
10/30/1961 16:00:00	3.83988099303e+14
10/31/1961 16:00:00	3.80617662177e+14
11/1/1961 16:00:00	3.78018563577e+14
11/2/1961 16:00:00	3.72016120646e+14
11/3/1961 16:00:00	3.6617099944e+14
11/6/1961 16:00:00	3.57844495233e+14
11/8/1961 16:00:00	3.44101478967e+14
11/9/1961 16:00:00	3.45444456928e+14
11/10/1961 16:00:00	3.4134379316e+14
11/13/1961 16:00:00	3.38508247389e+14
11/14/1961 16:00:00	3.32786617711e+14
11/15/1961 16:00:00	3.3235278888e+14
11/16/1961 16:00:00	3.33063925538e+14
11/17/1961 16:00:00	3.33190014711e+14
11/20/1961 16:00:00	3.31581419255e+14
11/21/1961 16:00:00	3.30566839158e+14
11/22/1961 16:00:00	3.31840510837e+14
11/24/1961 16:00:00	3.29684139076e+14
11/27/1961 16:00:00	3.29795774469e+14
11/28/1961 16:00:00	3.30999286301e+14
11/29/1961 16:00:00	3.31005552327e+14
11/30/1961 16:00:00	3.36762079019e+14
12/1/1961 16:00:00	3.29883129024e+14
12/4/1961 16:00:00	3.26599808171e+14
12/5/1961 16:00:00	3.27813928676e+14
12/6/1961 16:00:00	3.26802920768e+14
12/7/1961 16:00:00	3.30784865397e+14
12/8/1961 16:00:00	3.25761059763e+14
12/11/1961 16:00:00	3.20839327953e+14
12/12/1961 16:00:00	3.17600880302e+14
12/13/1961 16:00:00	3.18682290705e+14
12/14/1961 16:00:00	3.25786544619e+14
12/15/1961 16:00:00	3.2534059408e+14
12/18/1961 16:00:00	3.28768890343e+14
12/19/1961 16:00:00	3.35609465544e+14
12/20/1961 16:00:00	3.3747242942e+14
12/21/1961 16:00:00	3.41110796662e+14
12/22/1961 16:00:00	3.40057572388e+14
12/26/1961 16:00:00	3.3843387481e+14
12/27/1961 16:00:00	3.29802753337e+14
12/28/1961 16:00:00	3.28810680419e+14
12/29/1961 16:00:00	3.30610152462e+14
1/2/1962 16:00:00	3.39236716623e+14
1/3/1962 16:00:00	3.36418704368e+14
1/4/1962 16:00:00	3.43506450559e+14
1/5/1962 16:00:00	3.5793553514e+14
1/8/1962 16:00:00	3.66220316939e+14
1/9/1962 16:00:00	3.65621441769e+14
1/10/1962 16:00:00	3.68869688052e+14
1/11/1962 16:00:00	3.61793742709e+14
1/12/1962 16:00:00	3.58095438872e+14
1/15/1962 16:00:00	3.60767112786e+14
1/16/1962 16:00:00	3.67255751744e+14
1/17/1962 16:00:00	3.78492326572e+14
1/18/1962 16:00:00	3.77926657288e+14
1/19/1962 16:00:00	3.71928832849e+14
1/22/1962 16:00:00	3.70654511387e+14
1/23/1962 16:00:00	3.79240475258e+14
1/24/1962 16:00:00	3.77191133758e+14
1/25/1962 16:00:00	3.779642765e+14
1/26/1962 16:00:00	3.81479036853e+14
1/29/1962 16:00:00	3.8572242438e+14
1/30/1962 16:00:00	3.80920562367e+14
1/31/1962 16:00:00	3.6935575686e+14
2/1/1962 16:00:00	3.62897795291e+14
2/2/1962 16:00:00	3.53981111173e+14
2/5/1962 16:00:00	3.52831370372e+14
2/6/1962 16:00:00	3.51729106304e+14
2/7/1962 16:00:00	3.45094296308e+14
2/8/1962 16:00:00	3.42825674765e+14
2/9/1962 16:00:00	3.44144450258e+14
2/12/1962 16:00:00	3.44872207226e+14
2/13/1962 16:00:00	3.44947641892e+14
2/14/1962 16:00:00	3.45078229924e+14
2/15/1962 16:00:00	3.40413339012e+14
2/16/1962 16:00:00	3.42883051297e+14
2/19/1962 16:00:00	3.45376161569e+14
2/20/1962 16:00:00	3.41851954927e+14
2/21/1962 16:00:00	3.46674634669e+14
2/23/1962 16:00:00	3.49203672901e+14
2/26/1962 16:00:00	3.54800418253e+14
2/27/1962 16:00:00	3.53055369233e+14
2/28/1962 16:00:00	3.51953847503e+14
3/1/1962 16:00:00	3.48383350298e+14
3/2/1962 16:00:00	3.49121826376e+14
3/5/1962 16:00:00	3.51078673181e+14
3/6/1962 16:00:00	3.54275095987e+14
3/7/1962 16:00:00	3.55663541623e+14
3/8/1962 16:00:00	3.48319280165e+14
3/9/1962 16:00:00	3.45434443371e+14
3/12/1962 16:00:00	3.45579019365e+14
3/13/1962 16:00:00	3.42711763545e+14
3/14/1962 16:00:00	3.38098089722e+14
3/15/1962 16:00:00	3.35897050784e+14
3/16/1962 16:00:00	3.37755640601e+14
3/19/1962 16:00:00	3.39059672776e+14
3/20/1962 16:00:00	3.41525031247e+14
3/21/1962 16:00:00	3.44027384016e+14
3/22/1962 16:00:00	3.45362464186e+14
3/23/1962 16:00:00	3.44908461587e+14
3/26/1962 16:00:00	3.53416648497e+14
3/27/1962 16:00:00	3.56019010647e+14
3/28/1962 16:00:00	3.51182919641e+14
3/29/1962 16:00:00	3.51329901566e+14
3/30/1962 16:00:00	3.58195708744e+14
4/2/1962 16:00:00	3.61471543374e+14
4/3/1962 16:00:00	3.69871804382e+14
4/4/1962 16:00:00	3.75225577341e+14
4/5/1962 16:00:00	3.68018996313e+14
4/6/1962 16:00:00	3.69460272547e+14
4/9/1962 16:00:00	3.78106014455e+14
4/10/1962 16:00:00	3.74200429456e+14
4/11/1962 16:00:00	3.76353372116e+14
4/12/1962 16:00:00	3.85226911001e+14
4/13/1962 16:00:00	3.84696531235e+14
4/16/1962 16:00:00	3.90364126923e+14
4/17/1962 16:00:00	3.84881656602e+14
4/18/1962 16:00:00	3.78827548374e+14
4/19/1962 16:00:00	3.73577497797e+14
4/23/1962 16:00:00	3.74397400565e+14
4/24/1962 16:00:00	3.75869933943e+14
4/25/1962 16:00:00	3.88065787029e+14
4/26/1962 16:00:00	3.99395566458e+14
4/27/1962 16:00:00	4.12586110078e+14
4/30/1962 16:00:00	4.32420870161e+14
5/1/1962 16:00:00	4.23692984662e+14
5/2/1962 16:00:00	4.18357674715e+14
5/3/1962 16:00:00	4.0770976704e+14
5/4/1962 16:00:00	4.13084788996e+14
5/7/1962 16:00:00	4.17035582133e+14
5/8/1962 16:00:00	4.33331815586e+14
5/9/1962 16:00:00	4.51275622638e+14
5/10/1962 16:00:00	4.66821153609e+14
5/11/1962 16:00:00	4.86622470338e+14
5/14/1962 16:00:00	4.76373923525e+14
5/15/1962 16:00:00	4.48981468364e+14
5/16/1962 16:00:00	4.50018653668e+14
5/17/1962 16:00:00	4.56985198491e+14
5/18/1962 16:00:00	4.58860366562e+14
5/21/1962 16:00:00	4.64259861205e+14
5/22/1962 16:00:00	4.91953888614e+14
5/23/1962 16:00:00	5.20908409544e+14
5/24/1962 16:00:00	5.33520275269e+14
5/25/1962 16:00:00	5.63636633427e+14
5/28/1962 16:00:00	6.76595778871e+14
5/29/1962 16:00:00	5.81813442094e+14
5/31/1962 16:00:00	5.35780749777e+14
6/1/1962 16:00:00	5.42535248947e+14
6/4/1962 16:00:00	6.00451222399e+14
6/5/1962 16:00:00	5.90415020467e+14
6/6/1962 16:00:00	5.65632137076e+14
6/7/1962 16:00:00	5.64624298838e+14
6/8/1962 16:00:00	5.63619070411e+14
6/11/1962 16:00:00	5.81396747861e+14
6/12/1962 16:00:00	6.26777828275e+14
6/13/1962 16:00:00	6.54031395442e+14
6/14/1962 16:00:00	6.95751830695e+14
6/15/1962 16:00:00	6.3540244341e+14
6/18/1962 16:00:00	6.41185623452e+14
6/19/1962 16:00:00	6.48433505514e+14
6/20/1962 16:00:00	6.75624568973e+14
6/21/1962 16:00:00	7.19318963672e+14
6/22/1962 16:00:00	7.55421506387e+14
6/25/1962 16:00:00	7.66173276067e+14
6/26/1962 16:00:00	7.71810490966e+14
6/27/1962 16:00:00	7.59608001737e+14
6/28/1962 16:00:00	6.81104186058e+14
6/29/1962 16:00:00	6.67699468653e+14
7/2/1962 16:00:00	6.28064785477e+14
7/3/1962 16:00:00	6.06488437152e+14
7/5/1962 16:00:00	5.96306218934e+14
7/6/1962 16:00:00	6.16889502717e+14
7/9/1962 16:00:00	6.03808878805e+14
7/10/1962 16:00:00	5.83335446134e+14
7/11/1962 16:00:00	5.67466528829e+14
7/12/1962 16:00:00	5.58150778103e+14
7/13/1962 16:00:00	5.64188287732e+14
7/16/1962 16:00:00	5.64424419606e+14
7/17/1962 16:00:00	5.95404438527e+14
7/18/1962 16:00:00	6.13439543255e+14
7/19/1962 16:00:00	6.05763880557e+14
7/20/1962 16:00:00	5.929939818e+14
7/23/1962 16:00:00	5.94481955095e+14
7/24/1962 16:00:00	6.08626328092e+14
7/25/1962 16:00:00	6.0476268287e+14
7/26/1962 16:00:00	5.94592692656e+14
7/27/1962 16:00:00	5.82139907114e+14
7/30/1962 16:00:00	5.62640659972e+14
7/31/1962 16:00:00	5.51074721661e+14
8/1/1962 16:00:00	5.63907905477e+14
8/2/1962 16:00:00	5.58237063449e+14
8/3/1962 16:00:00	5.53786709828e+14
8/6/1962 16:00:00	5.64394783337e+14
8/7/1962 16:00:00	5.75272523389e+14
8/8/1962 16:00:00	5.71874887705e+14
8/9/1962 16:00:00	5.69708030984e+14
8/10/1962 16:00:00	5.69946473057e+14
8/13/1962 16:00:00	5.67790281845e+14
8/14/1962 16:00:00	5.50160394919e+14
8/15/1962 16:00:00	5.37826439015e+14
8/16/1962 16:00:00	5.39159696436e+14
8/17/1962 16:00:00	5.29358782709e+14
8/20/1962 16:00:00	5.18732821218e+14
8/21/1962 16:00:00	5.25284521917e+14
8/22/1962 16:00:00	5.08328855548e+14
8/23/1962 16:00:00	5.1059684632e+14
8/24/1962 16:00:00	5.12877742071e+14
8/27/1962 16:00:00	5.14132015792e+14
8/28/1962 16:00:00	5.34141071005e+14
8/29/1962 16:00:00	5.3763593309e+14
8/30/1962 16:00:00	5.36732461767e+14
8/31/1962 16:00:00	5.2480883685e+14
9/4/1962 16:00:00	5.40033232597e+14
9/5/1962 16:00:00	5.52507431176e+14
9/6/1962 16:00:00	5.45851462468e+14
9/7/1962 16:00:00	5.44950571904e+14
9/10/1962 16:00:00	5.42925238341e+14
9/11/1962 16:00:00	5.3978954789e+14
9/12/1962 16:00:00	5.32230041895e+14
9/13/1962 16:00:00	5.36818321401e+14
9/14/1962 16:00:00	5.31523961132e+14
9/17/1962 16:00:00	5.26279239789e+14
9/18/1962 16:00:00	5.27553245562e+14
9/19/1962 16:00:00	5.2990917541e+14
9/20/1962 16:00:00	5.40953765375e+14
9/21/1962 16:00:00	5.64565209438e+14
9/24/1962 16:00:00	5.95466107043e+14
9/25/1962 16:00:00	5.85548747945e+14
9/26/1962 16:00:00	6.10587697722e+14
9/27/1962 16:00:00	6.22644156859e+14
9/28/1962 16:00:00	6.06730601348e+14
10/1/1962 16:00:00	6.31687141678e+14
10/2/1962 16:00:00	6.11367945987e+14
10/3/1962 16:00:00	6.08996168215e+14
10/4/1962 16:00:00	5.92261890209e+14
10/5/1962 16:00:00	5.79893718818e+14
10/8/1962 16:00:00	5.80113251206e+14
10/9/1962 16:00:00	5.75457132655e+14
10/10/1962 16:00:00	5.74463496769e+14
10/11/1962 16:00:00	5.80746672821e+14
10/12/1962 16:00:00	5.83441867267e+14
10/15/1962 16:00:00	5.73818118857e+14
10/16/1962 16:00:00	5.80090006285e+14
10/17/1962 16:00:00	5.86451886459e+14
10/18/1962 16:00:00	6.02838214008e+14
10/19/1962 16:00:00	6.27553160167e+14
10/22/1962 16:00:00	6.48193589183e+14
10/23/1962 16:00:00	6.9955091987e+14
10/24/1962 16:00:00	6.33755762863e+14
10/25/1962 16:00:00	6.5195824032e+14
10/26/1962 16:00:00	6.56509987781e+14
10/29/1962 16:00:00	6.13313011162e+14
10/30/1962 16:00:00	5.87095760469e+14
10/31/1962 16:00:00	5.87341479892e+14
11/1/1962 16:00:00	5.68842361313e+14
11/2/1962 16:00:00	5.49908524279e+14
11/5/1962 16:00:00	5.32965963705e+14
11/7/1962 16:00:00	5.23305730576e+14
11/8/1962 16:00:00	5.34240910019e+14
11/9/1962 16:00:00	5.2124617611e+14
11/12/1962 16:00:00	5.00145473251e+14
11/13/1962 16:00:00	5.03381908812e+14
11/14/1962 16:00:00	4.85275459707e+14
11/15/1962 16:00:00	4.90324856766e+14
11/16/1962 16:00:00	4.85616999582e+14
11/19/1962 16:00:00	4.94549713418e+14
11/20/1962 16:00:00	4.78847423408e+14
11/21/1962 16:00:00	4.69518823006e+14
11/23/1962 16:00:00	4.53015071624e+14
11/26/1962 16:00:00	4.56741551341e+14
11/27/1962 16:00:00	4.48888341375e+14
11/28/1962 16:00:00	4.40325042388e+14
11/29/1962 16:00:00	4.33682587637e+14
11/30/1962 16:00:00	4.37191799925e+14
12/3/1962 16:00:00	4.44109711969e+14
12/4/1962 16:00:00	4.28785640878e+14
12/5/1962 16:00:00	4.33859403931e+14
12/6/1962 16:00:00	4.23186181826e+14
12/7/1962 16:00:00	4.20126807242e+14
12/10/1962 16:00:00	4.36279119015e+14
12/11/1962 16:00:00	4.35612733453e+14
12/12/1962 16:00:00	4.29076359285e+14
12/13/1962 16:00:00	4.33357638969e+14
12/14/1962 16:00:00	4.30207628997e+14
12/17/1962 16:00:00	4.34511081238e+14
12/18/1962 16:00:00	4.40542126449e+14
12/19/1962 16:00:00	4.29663312519e+14
12/20/1962 16:00:00	4.24904482375e+14
12/21/1962 16:00:00	4.29136751351e+14
12/24/1962 16:00:00	4.29316359592e+14
12/26/1962 16:00:00	4.21276840202e+14
12/27/1962 16:00:00	4.23055987616e+14
12/28/1962 16:00:00	4.22427229924e+14
12/31/1962 16:00:00	4.19387579012e+14
1/2/1963 16:00:00	4.28288949997e+14
1/3/1963 16:00:00	4.07168377135e+14
1/4/1963 16:00:00	3.99680451484e+14
1/7/1963 16:00:00	3.99847731265e+14
1/8/1963 16:00:00	3.88772440921e+14
1/9/1963 16:00:00	3.9175280931e+14
1/10/1963 16:00:00	3.89734979469e+14
1/11/1963 16:00:00	3.87731565039e+14
1/14/1963 16:00:00	3.81439619235e+14
1/15/1963 16:00:00	3.83002475966e+14
1/16/1963 16:00:00	3.90921573307e+14
1/17/1963 16:00:00	3.83112126683e+14
1/18/1963 16:00:00	3.8255957641e+14
1/21/1963 16:00:00	3.8060739839e+14
1/22/1963 16:00:00	3.78669042921e+14
1/23/1963 16:00:00	3.7535562429e+14
1/24/1963 16:00:00	3.7345410014e+14
1/25/1963 16:00:00	3.7088446097e+14
1/28/1963 16:00:00	3.65631344725e+14
1/29/1963 16:00:00	3.65784373806e+14
1/30/1963 16:00:00	3.72563995445e+14
1/31/1963 16:00:00	3.66608609016e+14
2/1/1963 16:00:00	3.65432952458e+14
2/4/1963 16:00:00	3.67570748577e+14
2/5/1963 16:00:00	3.6905797781e+14
2/6/1963 16:00:00	3.64521026078e+14
2/7/1963 16:00:00	3.68628610627e+14
2/8/1963 16:00:00	3.68782894163e+14
2/11/1963 16:00:00	3.75630216759e+14
2/12/1963 16:00:00	3.75101556908e+14
2/13/1963 16:00:00	3.69782614454e+14
2/14/1963 16:00:00	3.66579790654e+14
2/15/1963 16:00:00	3.65405830605e+14
2/18/1963 16:00:00	3.64237225225e+14
2/19/1963 16:00:00	3.69652580755e+14
2/20/1963 16:00:00	3.75845175302e+14
2/21/1963 16:00:00	3.74630781496e+14
2/25/1963 16:00:00	3.82981202984e+14
2/26/1963 16:00:00	3.83141493565e+14
2/27/1963 16:00:00	3.91039714935e+14
2/28/1963 16:00:00	4.04213941807e+14
3/1/1963 16:00:00	4.08160819397e+14
3/4/1963 16:00:00	3.96852125454e+14
3/5/1963 16:00:00	3.96281034875e+14
3/6/1963 16:00:00	3.94975551412e+14
3/7/1963 16:00:00	3.87817458732e+14
3/8/1963 16:00:00	3.86550470777e+14
3/11/1963 16:00:00	3.83866484879e+14
3/12/1963 16:00:00	3.8120805307e+14
3/13/1963 16:00:00	3.77178502045e+14
3/14/1963 16:00:00	3.82842619504e+14
3/15/1963 16:00:00	3.77386578937e+14
3/18/1963 16:00:00	3.83053821104e+14
3/19/1963 16:00:00	3.85314059037e+14
3/20/1963 16:00:00	3.7767342294e+14
3/21/1963 16:00:00	3.79202618059e+14
3/22/1963 16:00:00	3.73818779772e+14
3/25/1963 16:00:00	3.73295565061e+14
3/26/1963 16:00:00	3.70738569424e+14
3/27/1963 16:00:00	3.66189500426e+14
3/28/1963 16:00:00	3.68325738746e+14
3/29/1963 16:00:00	3.6847989552e+14
4/1/1963 16:00:00	3.63969814341e+14
4/2/1963 16:00:00	3.64763011493e+14
4/3/1963 16:00:00	3.55626991753e+14
4/4/1963 16:00:00	3.48779321682e+14
4/5/1963 16:00:00	3.42114813824e+14
4/8/1963 16:00:00	3.38637737861e+14
4/9/1963 16:00:00	3.3996976002e+14
4/10/1963 16:00:00	3.42504797905e+14
4/11/1963 16:00:00	3.3539936895e+14
4/15/1963 16:00:00	3.30840629425e+14
4/16/1963 16:00:00	3.30402385102e+14
4/17/1963 16:00:00	3.33954744186e+14
4/18/1963 16:00:00	3.34678352504e+14
4/19/1963 16:00:00	3.30134881251e+14
4/22/1963 16:00:00	3.29123425718e+14
4/23/1963 16:00:00	3.258268436e+14
4/24/1963 16:00:00	3.23704448205e+14
4/25/1963 16:00:00	3.23280209953e+14
4/26/1963 16:00:00	3.23967976786e+14
4/29/1963 16:00:00	3.2522391869e+14
4/30/1963 16:00:00	3.23108052616e+14
5/1/1963 16:00:00	3.21011104275e+14
5/2/1963 16:00:00	3.18379710679e+14
5/3/1963 16:00:00	3.20701140058e+14
5/6/1963 16:00:00	3.27462942424e+14
5/7/1963 16:00:00	3.29303561176e+14
5/8/1963 16:00:00	3.2143284528e+14
5/9/1963 16:00:00	3.16582489621e+14
5/10/1963 16:00:00	3.14544138739e+14
5/13/1963 16:00:00	3.15213774932e+14
5/14/1963 16:00:00	3.19121794553e+14
5/15/1963 16:00:00	3.16513761639e+14
5/16/1963 16:00:00	3.1881537392e+14
5/17/1963 16:00:00	3.18948808932e+14
5/20/1963 16:00:00	3.23463966315e+14
5/21/1963 16:00:00	3.21367278148e+14
5/22/1963 16:00:00	3.21501781219e+14
5/23/1963 16:00:00	3.22189699933e+14
5/24/1963 16:00:00	3.23434270637e+14
5/27/1963 16:00:00	3.25800219991e+14
5/28/1963 16:00:00	3.24247521958e+14
5/29/1963 16:00:00	3.19908279084e+14
5/31/1963 16:00:00	3.13449900165e+14
6/3/1963 16:00:00	3.15184869593e+14
6/4/1963 16:00:00	3.15316785117e+14
6/5/1963 16:00:00	3.17603540262e+14
6/6/1963 16:00:00	3.17192626403e+14
6/7/1963 16:00:00	3.19496695143e+14
6/10/1963 16:00:00	3.26206676618e+14
6/11/1963 16:00:00	3.25216411784e+14
6/12/1963 16:00:00	3.20303162354e+14
6/13/1963 16:00:00	3.226360976e+14
6/14/1963 16:00:00	3.22771131716e+14
6/17/1963 16:00:00	3.20685320065e+14
6/18/1963 16:00:00	3.26323290346e+14
6/19/1963 16:00:00	3.25333320067e+14
6/20/1963 16:00:00	3.27152241615e+14
6/21/1963 16:00:00	3.23898987218e+14
6/24/1963 16:00:00	3.24592035244e+14
6/25/1963 16:00:00	3.26950912834e+14
6/26/1963 16:00:00	3.36117467353e+14
6/27/1963 16:00:00	3.40942707884e+14
6/28/1963 16:00:00	3.36908159554e+14
7/1/1963 16:00:00	3.44683924839e+14
7/2/1963 16:00:00	3.35746935766e+14
7/3/1963 16:00:00	3.28872431275e+14
7/5/1963 16:00:00	3.25598142502e+14
7/8/1963 16:00:00	3.3246706029e+14
7/9/1963 16:00:00	3.27984904578e+14
7/10/1963 16:00:00	3.30388048883e+14
7/11/1963 16:00:00	3.32814069279e+14
7/12/1963 16:00:00	3.34685767282e+14
7/15/1963 16:00:00	3.40643094312e+14
7/16/1963 16:00:00	3.41976724735e+14
7/17/1963 16:00:00	3.45724873222e+14
7/18/1963 16:00:00	3.51955836981e+14
7/19/1963 16:00:00	3.54604527067e+14
7/22/1963 16:00:00	3.62274640466e+14
7/23/1963 16:00:00	3.62368358213e+14
7/24/1963 16:00:00	3.5592652914e+14
7/25/1963 16:00:00	3.5672079477e+14
7/26/1963 16:00:00	3.52461757636e+14
7/29/1963 16:00:00	3.50769271904e+14
7/30/1963 16:00:00	3.4228314473e+14
7/31/1963 16:00:00	3.44249995363e+14
8/1/1963 16:00:00	3.45628071932e+14
8/2/1963 16:00:00	3.42162161548e+14
8/5/1963 16:00:00	3.36350857827e+14
8/6/1963 16:00:00	3.30087703265e+14
8/7/1963 16:00:00	3.33102735247e+14
8/8/1963 16:00:00	3.32691804e+14
8/9/1963 16:00:00	3.25946553802e+14
8/12/1963 16:00:00	3.24988290174e+14
8/13/1963 16:00:00	3.22353650993e+14
8/14/1963 16:00:00	3.18644318544e+14
8/15/1963 16:00:00	3.14998980688e+14
8/16/1963 16:00:00	3.13550675763e+14
8/19/1963 16:00:00	3.14238708732e+14
8/20/1963 16:00:00	3.15461763371e+14
8/21/1963 16:00:00	3.1669079071e+14
8/22/1963 16:00:00	3.13617107961e+14
8/23/1963 16:00:00	3.11115659701e+14
8/26/1963 16:00:00	3.09167419549e+14
8/27/1963 16:00:00	3.14535141266e+14
8/28/1963 16:00:00	3.07751536593e+14
8/29/1963 16:00:00	3.06868736253e+14
8/30/1963 16:00:00	3.02377382505e+14
9/3/1963 16:00:00	3.00504384621e+14
9/4/1963 16:00:00	3.01155849135e+14
9/5/1963 16:00:00	2.96778562985e+14
9/6/1963 16:00:00	2.98899536655e+14
9/9/1963 16:00:00	3.02533749483e+14
9/10/1963 16:00:00	2.97625455975e+14
9/11/1963 16:00:00	2.95299095933e+14
9/12/1963 16:00:00	2.95936005658e+14
9/13/1963 16:00:00	2.96083516274e+14
9/16/1963 16:00:00	2.9770496748e+14
9/17/1963 16:00:00	2.96863758845e+14
9/18/1963 16:00:00	3.0093085651e+14
9/19/1963 16:00:00	2.96062554611e+14
9/20/1963 16:00:00	2.95228162953e+14
9/23/1963 16:00:00	2.99776844984e+14
9/24/1963 16:00:00	2.95927931689e+14
9/25/1963 16:00:00	3.00980321126e+14
9/26/1963 16:00:00	3.08654854135e+14
9/27/1963 16:00:00	3.10883695135e+14
9/30/1963 16:00:00	3.16798994472e+14
10/1/1963 16:00:00	3.09976587511e+14
10/2/1963 16:00:00	3.09087989863e+14
10/3/1963 16:00:00	3.02488873172e+14
10/4/1963 16:00:00	3.02639650096e+14
10/7/1963 16:00:00	3.0481034411e+14
10/8/1963 16:00:00	3.05975864218e+14
10/9/1963 16:00:00	3.15348634084e+14
10/10/1963 16:00:00	3.11239548622e+14
10/11/1963 16:00:00	3.10870715056e+14
10/14/1963 16:00:00	3.10502612095e+14
10/15/1963 16:00:00	3.09613092206e+14
10/16/1963 16:00:00	3.02486485249e+14
10/17/1963 16:00:00	2.99108251988e+14
10/18/1963 16:00:00	2.98264178627e+14
10/21/1963 16:00:00	2.97918215939e+14
10/22/1963 16:00:00	3.03498372676e+14
10/23/1963 16:00:00	3.03143540996e+14
10/24/1963 16:00:00	2.99757969596e+14
10/25/1963 16:00:00	2.9094948249e+14
10/28/1963 16:00:00	2.8535523009e+14
10/29/1963 16:00:00	2.85963479568e+14
10/30/1963 16:00:00	2.94049449322e+14
10/31/1963 16:00:00	2.91286239431e+14
11/1/1963 16:00:00	2.93825565825e+14
11/4/1963 16:00:00	2.98815303042e+14
11/6/1963 16:00:00	3.06888632586e+14
11/7/1963 16:00:00	3.03962452429e+14
11/8/1963 16:00:00	3.00061131165e+14
11/11/1963 16:00:00	3.19130481683e+14
11/12/1963 16:00:00	3.18207755447e+14
11/13/1963 16:00:00	3.00562963357e+14
11/14/1963 16:00:00	3.04709185355e+14
11/15/1963 16:00:00	3.1249151605e+14
11/18/1963 16:00:00	3.19486318748e+14
11/19/1963 16:00:00	3.18561951439e+14
11/20/1963 16:00:00	3.10086649903e+14
11/21/1963 16:00:00	3.22214341472e+14
11/22/1963 16:00:00	3.4977412934e+14
11/26/1963 16:00:00	3.08318416073e+14
11/27/1963 16:00:00	3.10029262475e+14
11/29/1963 16:00:00	2.97636239255e+14
12/2/1963 16:00:00	2.92832247291e+14
12/3/1963 16:00:00	2.93462765013e+14
12/4/1963 16:00:00	2.91121080983e+14
12/5/1963 16:00:00	2.85967273933e+14
12/6/1963 16:00:00	2.89389512498e+14
12/9/1963 16:00:00	2.89987385521e+14
12/10/1963 16:00:00	2.89595989896e+14
12/11/1963 16:00:00	2.91171621969e+14
12/12/1963 16:00:00	2.91316757757e+14
12/13/1963 16:00:00	2.89539083002e+14
12/16/1963 16:00:00	2.86822975025e+14
12/17/1963 16:00:00	2.82258782789e+14
12/18/1963 16:00:00	2.83320886543e+14
12/19/1963 16:00:00	2.86239764848e+14
12/20/1963 16:00:00	2.8779017888e+14
12/23/1963 16:00:00	2.93604371614e+14
12/24/1963 16:00:00	2.91809534091e+14
12/26/1963 16:00:00	2.88104834567e+14
12/27/1963 16:00:00	2.86829206065e+14
12/30/1963 16:00:00	2.85561541918e+14
12/31/1963 16:00:00	2.80551427718e+14
1/2/1964 16:00:00	2.76126984125e+14
1/3/1964 16:00:00	2.75371006011e+14
1/6/1964 16:00:00	2.7328274593e+14
1/7/1964 16:00:00	2.72978423156e+14
1/8/1964 16:00:00	2.69595971583e+14
1/9/1964 16:00:00	2.6670280455e+14
1/10/1964 16:00:00	2.67262013548e+14
1/13/1964 16:00:00	2.67395231487e+14
1/14/1964 16:00:00	2.65818098569e+14
1/15/1964 16:00:00	2.62981352064e+14
1/16/1964 16:00:00	2.63948625006e+14
1/17/1964 16:00:00	2.63660113984e+14
1/20/1964 16:00:00	2.65049723722e+14
1/21/1964 16:00:00	2.63059858269e+14
1/22/1964 16:00:00	2.58593007406e+14
1/23/1964 16:00:00	2.57904864721e+14
1/24/1964 16:00:00	2.58033418547e+14
1/27/1964 16:00:00	2.58162036453e+14
1/28/1964 16:00:00	2.57883308625e+14
1/29/1964 16:00:00	2.62892923793e+14
1/30/1964 16:00:00	2.61772092875e+14
1/31/1964 16:00:00	2.5858375224e+14
2/3/1964 16:00:00	2.59120719819e+14
2/4/1964 16:00:00	2.60068155651e+14
2/5/1964 16:00:00	2.61430987675e+14
2/6/1964 16:00:00	2.59491924539e+14
2/7/1964 16:00:00	2.56753200803e+14
2/10/1964 16:00:00	2.58496827357e+14
2/11/1964 16:00:00	2.55365600655e+14
2/12/1964 16:00:00	2.53087561295e+14
2/13/1964 16:00:00	2.53609782086e+14
2/14/1964 16:00:00	2.5413328757e+14
2/17/1964 16:00:00	2.54259961436e+14
2/18/1964 16:00:00	2.53988379967e+14
2/19/1964 16:00:00	2.53299311981e+14
2/20/1964 16:00:00	2.52633184398e+14
2/24/1964 16:00:00	2.5196963183e+14
2/25/1964 16:00:00	2.52095227212e+14
2/26/1964 16:00:00	2.49859951749e+14
2/27/1964 16:00:00	2.52317212945e+14
2/28/1964 16:00:00	2.50867639981e+14
3/2/1964 16:00:00	2.49038888252e+14
3/3/1964 16:00:00	2.4645467652e+14
3/4/1964 16:00:00	2.48044467655e+14
3/5/1964 16:00:00	2.48168106522e+14
3/6/1964 16:00:00	2.45597117132e+14
3/9/1964 16:00:00	2.45339942417e+14
3/10/1964 16:00:00	2.42809226615e+14
3/11/1964 16:00:00	2.39566557073e+14
3/12/1964 16:00:00	2.38584795925e+14
3/13/1964 16:00:00	2.379737304e+14
3/16/1964 16:00:00	2.38092349463e+14
3/17/1964 16:00:00	2.36391677046e+14
3/18/1964 16:00:00	2.35769908622e+14
3/19/1964 16:00:00	2.36246469651e+14
3/20/1964 16:00:00	2.39963716879e+14
3/23/1964 16:00:00	2.39715848969e+14
3/24/1964 16:00:00	2.40931474462e+14
3/25/1964 16:00:00	2.3920025664e+14
3/26/1964 16:00:00	2.37124989303e+14
3/30/1964 16:00:00	2.37604656329e+14
3/31/1964 16:00:00	2.39172636863e+14
4/1/1964 16:00:00	2.36733205858e+14
4/2/1964 16:00:00	2.32525117536e+14
4/3/1964 16:00:00	2.30529289071e+14
4/6/1964 16:00:00	2.29600553758e+14
4/7/1964 16:00:00	2.32132298697e+14
4/8/1964 16:00:00	2.31887723492e+14
4/9/1964 16:00:00	2.3270422903e+14
4/10/1964 16:00:00	2.31059977697e+14
4/13/1964 16:00:00	2.31872514688e+14
4/14/1964 16:00:00	2.29886528996e+14
4/15/1964 16:00:00	2.29308687653e+14
4/16/1964 16:00:00	2.28042995486e+14
4/17/1964 16:00:00	2.25075002429e+14
4/20/1964 16:00:00	2.25523627047e+14
4/21/1964 16:00:00	2.25294440922e+14
4/22/1964 16:00:00	2.25739181567e+14
4/23/1964 16:00:00	2.26526894234e+14
4/24/1964 16:00:00	2.31726489328e+14
4/27/1964 16:00:00	2.35337114929e+14
4/28/1964 16:00:00	2.30455383877e+14
4/29/1964 16:00:00	2.31948635181e+14
4/30/1964 16:00:00	2.3416333368e+14
5/1/1964 16:00:00	2.2790344223e+14
5/4/1964 16:00:00	2.25283567145e+14
5/5/1964 16:00:00	2.21695334251e+14
5/6/1964 16:00:00	2.20488837291e+14
5/7/1964 16:00:00	2.19618306377e+14
5/8/1964 16:00:00	2.39880220591e+14
5/11/1964 16:00:00	2.19124717322e+14
5/12/1964 16:00:00	2.17283275872e+14
5/13/1964 16:00:00	2.18677281544e+14
5/14/1964 16:00:00	2.19434535017e+14
5/15/1964 16:00:00	2.17590489977e+14
5/18/1964 16:00:00	2.2059586373e+14
5/19/1964 16:00:00	2.23983619586e+14
5/20/1964 16:00:00	2.21085032399e+14
5/21/1964 16:00:00	2.18565877034e+14
5/22/1964 16:00:00	2.20616671024e+14
5/25/1964 16:00:00	2.21709583949e+14
5/26/1964 16:00:00	2.23139141693e+14
5/27/1964 16:00:00	2.24243727835e+14
5/28/1964 16:00:00	2.23351426725e+14
6/1/1964 16:00:00	2.25459938399e+14
6/2/1964 16:00:00	2.28942423621e+14
6/3/1964 16:00:00	2.30776188638e+14
6/4/1964 16:00:00	2.37842310074e+14
6/5/1964 16:00:00	2.34704401981e+14
6/8/1964 16:00:00	2.38020290402e+14
6/9/1964 16:00:00	2.33431634841e+14
6/10/1964 16:00:00	2.31078436056e+14
6/11/1964 16:00:00	2.28409540587e+14
6/12/1964 16:00:00	2.29551235271e+14
6/15/1964 16:00:00	2.26217214913e+14
6/16/1964 16:00:00	2.22610408322e+14
6/17/1964 16:00:00	2.19081060513e+14
6/18/1964 16:00:00	2.19190262442e+14
6/19/1964 16:00:00	2.18651346513e+14
6/22/1964 16:00:00	2.1682250843e+14
6/23/1964 16:00:00	2.19485194392e+14
6/24/1964 16:00:00	2.16998420008e+14
6/25/1964 16:00:00	2.15828242626e+14
6/26/1964 16:00:00	2.13715150418e+14
6/29/1964 16:00:00	2.12256381172e+14
6/30/1964 16:00:00	2.12052016115e+14
7/1/1964 16:00:00	2.07511978881e+14
7/2/1964 16:00:00	2.04907427958e+14
7/6/1964 16:00:00	2.02051324919e+14
7/7/1964 16:00:00	2.00990823788e+14
7/8/1964 16:00:00	2.01091008558e+14
7/9/1964 16:00:00	2.00326128983e+14
7/10/1964 16:00:00	1.99278529666e+14
7/13/1964 16:00:00	1.99662680176e+14
7/14/1964 16:00:00	2.01475228781e+14
7/15/1964 16:00:00	1.99264275707e+14
7/16/1964 16:00:00	1.97370957114e+14
7/17/1964 16:00:00	1.94659119835e+14
7/20/1964 16:00:00	1.96411256784e+14
7/21/1964 16:00:00	1.97889088657e+14
7/22/1964 16:00:00	1.97924465666e+14
7/23/1964 16:00:00	1.98023121995e+14
7/24/1964 16:00:00	1.98403911721e+14
7/27/1964 16:00:00	2.01047655306e+14
7/28/1964 16:00:00	2.02586663646e+14
7/29/1964 16:00:00	2.021063335e+14
7/30/1964 16:00:00	2.00758629482e+14
7/31/1964 16:00:00	2.00284555626e+14
8/3/1964 16:00:00	2.01528871529e+14
8/4/1964 16:00:00	2.0912896761e+14
8/5/1964 16:00:00	2.08020867033e+14
8/6/1964 16:00:00	2.13841619324e+14
8/7/1964 16:00:00	2.09577723979e+14
8/10/1964 16:00:00	2.10289954198e+14
8/11/1964 16:00:00	2.10394774159e+14
8/12/1964 16:00:00	2.07140658684e+14
8/13/1964 16:00:00	2.05449620195e+14
8/14/1964 16:00:00	2.05847780284e+14
8/17/1964 16:00:00	2.05653917787e+14
8/18/1964 16:00:00	2.0546037999e+14
8/19/1964 16:00:00	2.06154045521e+14
8/20/1964 16:00:00	2.08928987901e+14
8/21/1964 16:00:00	2.0782428288e+14
8/24/1964 16:00:00	2.09128014046e+14
8/25/1964 16:00:00	2.12559749754e+14
8/26/1964 16:00:00	2.13593009757e+14
8/27/1964 16:00:00	2.1058889833e+14
8/28/1964 16:00:00	2.08252256887e+14
8/31/1964 16:00:00	2.09558672835e+14
9/1/1964 16:00:00	2.0693502599e+14
9/2/1964 16:00:00	2.05846037181e+14
9/3/1964 16:00:00	2.03877359456e+14
9/4/1964 16:00:00	2.02518543495e+14
9/8/1964 16:00:00	2.01751139648e+14
9/9/1964 16:00:00	2.00395870903e+14
9/10/1964 16:00:00	1.99925101675e+14
9/11/1964 16:00:00	1.97465258907e+14
9/14/1964 16:00:00	1.98962165514e+14
9/15/1964 16:00:00	2.00756236856e+14
9/16/1964 16:00:00	1.98847389686e+14
9/17/1964 16:00:00	1.94995895659e+14
9/18/1964 16:00:00	1.97017393832e+14
9/21/1964 16:00:00	1.94328930505e+14
9/22/1964 16:00:00	1.94152220344e+14
9/23/1964 16:00:00	1.93975799073e+14
9/24/1964 16:00:00	1.93254023885e+14
9/25/1964 16:00:00	1.91993231258e+14
9/28/1964 16:00:00	1.91281860104e+14
9/29/1964 16:00:00	1.91644857253e+14
9/30/1964 16:00:00	1.91985693831e+14
10/1/1964 16:00:00	1.92619165006e+14
10/2/1964 16:00:00	1.90824988817e+14
10/5/1964 16:00:00	1.88253711567e+14
10/6/1964 16:00:00	1.87823893193e+14
10/7/1964 16:00:00	1.87626505491e+14
10/8/1964 16:00:00	1.86156474545e+14
10/9/1964 16:00:00	1.84960092805e+14
10/12/1964 16:00:00	1.8479669957e+14
10/13/1964 16:00:00	1.86660751659e+14
10/14/1964 16:00:00	1.87713812558e+14
10/15/1964 16:00:00	1.91195088129e+14
10/16/1964 16:00:00	1.87284906482e+14
10/19/1964 16:00:00	1.8659898802e+14
10/20/1964 16:00:00	1.84879288505e+14
10/21/1964 16:00:00	1.85481923646e+14
10/22/1964 16:00:00	1.8634330346e+14
10/23/1964 16:00:00	1.85146911485e+14
10/26/1964 16:00:00	1.86006029067e+14
10/27/1964 16:00:00	1.86091311739e+14
10/28/1964 16:00:00	1.87984953443e+14
10/29/1964 16:00:00	1.87817927287e+14
10/30/1964 16:00:00	1.86870041751e+14
11/2/1964 16:00:00	1.84635931898e+14
11/4/1964 16:00:00	1.84982400786e+14
11/5/1964 16:00:00	1.84819575201e+14
11/6/1964 16:00:00	1.84402320631e+14
11/9/1964 16:00:00	1.84748117907e+14
11/10/1964 16:00:00	1.86875998362e+14
11/11/1964 16:00:00	1.85419024045e+14
11/12/1964 16:00:00	1.84492768488e+14
11/13/1964 16:00:00	1.8433467424e+14
11/16/1964 16:00:00	1.81641279172e+14
11/17/1964 16:00:00	1.79245852663e+14
11/18/1964 16:00:00	1.77869973601e+14
11/19/1964 16:00:00	1.78204000864e+14
11/20/1964 16:00:00	1.77566123314e+14
11/23/1964 16:00:00	1.79341911842e+14
11/24/1964 16:00:00	1.80889483773e+14
11/25/1964 16:00:00	1.82926769751e+14
11/27/1964 16:00:00	1.84536764579e+14
11/30/1964 16:00:00	1.89461909046e+14
12/1/1964 16:00:00	1.95087247073e+14
12/2/1964 16:00:00	1.93545865545e+14
12/3/1964 16:00:00	1.9095591097e+14
12/4/1964 16:00:00	1.89732027524e+14
12/7/1964 16:00:00	1.89826600296e+14
12/8/1964 16:00:00	1.91996163855e+14
12/9/1964 16:00:00	1.95534205224e+14
12/10/1964 16:00:00	1.95647297335e+14
12/11/1964 16:00:00	1.94391015071e+14
12/14/1964 16:00:00	1.95860925145e+14
12/15/1964 16:00:00	1.97345141304e+14
12/16/1964 16:00:00	1.94967083054e+14
12/17/1964 16:00:00	1.92628002143e+14
12/18/1964 16:00:00	1.8979102559e+14
12/21/1964 16:00:00	1.89112554537e+14
12/22/1964 16:00:00	1.89744824381e+14
12/23/1964 16:00:00	1.90904816164e+14
12/24/1964 16:00:00	1.90750575277e+14
12/28/1964 16:00:00	1.91389539665e+14
12/29/1964 16:00:00	1.9309293535e+14
12/30/1964 16:00:00	1.89713366314e+14
12/31/1964 16:00:00	1.86675773277e+14
1/4/1965 16:00:00	1.90120293294e+14
1/5/1965 16:00:00	1.87337690888e+14
1/6/1965 16:00:00	1.85641413208e+14
1/7/1965 16:00:00	1.82947609987e+14
1/8/1965 16:00:00	1.82304319282e+14
1/11/1965 16:00:00	1.81912791854e+14
1/12/1965 16:00:00	1.80531655134e+14
1/13/1965 16:00:00	1.78919834399e+14
1/14/1965 16:00:00	1.78781097181e+14
1/15/1965 16:00:00	1.76465269709e+14
1/18/1965 16:00:00	1.74665596643e+14
1/19/1965 16:00:00	1.73800898241e+14
1/20/1965 16:00:00	1.73845859236e+14
1/21/1965 16:00:00	1.74179340613e+14
1/22/1965 16:00:00	1.72879175378e+14
1/25/1965 16:00:00	1.72054676816e+14
1/26/1965 16:00:00	1.71465357951e+14
1/27/1965 16:00:00	1.69507859022e+14
1/28/1965 16:00:00	1.68030825117e+14
1/29/1965 16:00:00	1.67683287881e+14
2/1/1965 16:00:00	1.67336860641e+14
2/2/1965 16:00:00	1.67433644111e+14
2/3/1965 16:00:00	1.66866942036e+14
2/4/1965 16:00:00	1.67187062191e+14
2/5/1965 16:00:00	1.68611195719e+14
2/8/1965 16:00:00	1.70493748742e+14
2/9/1965 16:00:00	1.68781003509e+14
2/10/1965 16:00:00	1.73332208673e+14
2/11/1965 16:00:00	1.78755077593e+14
2/12/1965 16:00:00	1.74759315364e+14
2/15/1965 16:00:00	1.75094340011e+14
2/16/1965 16:00:00	1.77540623696e+14
2/17/1965 16:00:00	1.76926777103e+14
2/18/1965 16:00:00	1.75127520643e+14
2/19/1965 16:00:00	1.7405660441e+14
2/23/1965 16:00:00	1.71367408981e+14
2/24/1965 16:00:00	1.680376226e+14
2/25/1965 16:00:00	1.67691245278e+14
2/26/1965 16:00:00	1.66461445841e+14
3/1/1965 16:00:00	1.67433451774e+14
3/2/1965 16:00:00	1.66427303944e+14
3/3/1965 16:00:00	1.67179935466e+14
3/4/1965 16:00:00	1.68597048902e+14
3/5/1965 16:00:00	1.69588150181e+14
3/8/1965 16:00:00	1.69462011656e+14
3/9/1965 16:00:00	1.70231900076e+14
3/10/1965 16:00:00	1.71006179359e+14
3/11/1965 16:00:00	1.68616057236e+14
3/12/1965 16:00:00	1.66934773804e+14
3/15/1965 16:00:00	1.66596068748e+14
3/16/1965 16:00:00	1.67129875147e+14
3/17/1965 16:00:00	1.67665776418e+14
3/18/1965 16:00:00	1.68868814844e+14
3/19/1965 16:00:00	1.68524820722e+14
3/22/1965 16:00:00	1.68625793118e+14
3/23/1965 16:00:00	1.67835038704e+14
3/24/1965 16:00:00	1.66828900149e+14
3/25/1965 16:00:00	1.68241895431e+14
3/26/1965 16:00:00	1.71879584192e+14
3/29/1965 16:00:00	1.72889615374e+14
3/30/1965 16:00:00	1.71842620489e+14
3/31/1965 16:00:00	1.71942009979e+14
4/1/1965 16:00:00	1.70906843501e+14
4/2/1965 16:00:00	1.69654631391e+14
4/5/1965 16:00:00	1.69532756829e+14
4/6/1965 16:00:00	1.69634333133e+14
4/7/1965 16:00:00	1.69062248302e+14
4/8/1965 16:00:00	1.66272956253e+14
4/9/1965 16:00:00	1.6311090418e+14
4/12/1965 16:00:00	1.60877467868e+14
4/13/1965 16:00:00	1.60349764692e+14
4/14/1965 16:00:00	1.59203352628e+14
4/15/1965 16:00:00	1.59503810895e+14
4/19/1965 16:00:00	1.57540602444e+14
4/20/1965 16:00:00	1.57634993596e+14
4/21/1965 16:00:00	1.58535241848e+14
4/22/1965 16:00:00	1.55981182485e+14
4/23/1965 16:00:00	1.5527388035e+14
4/26/1965 16:00:00	1.55165549232e+14
4/27/1965 16:00:00	1.54265716912e+14
4/28/1965 16:00:00	1.54354940359e+14
4/29/1965 16:00:00	1.54840350106e+14
4/30/1965 16:00:00	1.53749630268e+14
5/3/1965 16:00:00	1.53060303383e+14
5/4/1965 16:00:00	1.51598755479e+14
5/5/1965 16:00:00	1.50348004641e+14
5/6/1965 16:00:00	1.49301000566e+14
5/7/1965 16:00:00	1.49578176216e+14
5/10/1965 16:00:00	1.50417283103e+14
5/11/1965 16:00:00	1.50883324684e+14
5/12/1965 16:00:00	1.48877632732e+14
5/13/1965 16:00:00	1.47098076531e+14
5/14/1965 16:00:00	1.4792170138e+14
5/17/1965 16:00:00	1.50600206965e+14
5/18/1965 16:00:00	1.51066655982e+14
5/19/1965 16:00:00	1.49821088089e+14
5/20/1965 16:00:00	1.5217040964e+14
5/21/1965 16:00:00	1.54375951014e+14
5/24/1965 16:00:00	1.57795683861e+14
5/25/1965 16:00:00	1.54864746051e+14
5/26/1965 16:00:00	1.56334400872e+14
5/27/1965 16:00:00	1.5881789456e+14
5/28/1965 16:00:00	1.55659419365e+14
6/1/1965 16:00:00	1.53773123168e+14
6/2/1965 16:00:00	1.62235524306e+14
6/3/1965 16:00:00	1.6316971309e+14
6/4/1965 16:00:00	1.62002595452e+14
6/7/1965 16:00:00	1.63143491183e+14
6/8/1965 16:00:00	1.68505073522e+14
6/9/1965 16:00:00	1.73665585902e+14
6/10/1965 16:00:00	1.7560171492e+14
6/11/1965 16:00:00	1.72918369137e+14
6/14/1965 16:00:00	1.79623070091e+14
6/15/1965 16:00:00	1.76617225505e+14
6/16/1965 16:00:00	1.72040309633e+14
6/17/1965 16:00:00	1.6852624649e+14
6/18/1965 16:00:00	1.70826344314e+14
6/21/1965 16:00:00	1.72495909845e+14
6/22/1965 16:00:00	1.71461830271e+14
6/23/1965 16:00:00	1.74655026077e+14
6/24/1965 16:00:00	1.81444663611e+14
6/25/1965 16:00:00	1.84464253943e+14
6/28/1965 16:00:00	1.94244273703e+14
6/29/1965 16:00:00	1.88249003089e+14
6/30/1965 16:00:00	1.76638705579e+14
7/1/1965 16:00:00	1.741675822e+14
7/2/1965 16:00:00	1.69904336632e+14
7/6/1965 16:00:00	1.70673299195e+14
7/7/1965 16:00:00	1.72565056101e+14
7/8/1965 16:00:00	1.68129254409e+14
7/9/1965 16:00:00	1.66257156306e+14
7/12/1965 16:00:00	1.66356770019e+14
7/13/1965 16:00:00	1.66669034383e+14
7/14/1965 16:00:00	1.65033055321e+14
7/15/1965 16:00:00	1.65772978984e+14
7/16/1965 16:00:00	1.65872302601e+14
7/19/1965 16:00:00	1.66183285208e+14
7/20/1965 16:00:00	1.72314592121e+14
7/21/1965 16:00:00	1.75122172044e+14
7/22/1965 16:00:00	1.76613898458e+14
7/23/1965 16:00:00	1.75083682229e+14
7/26/1965 16:00:00	1.74953965157e+14
7/27/1965 16:00:00	1.76208696798e+14
7/28/1965 16:00:00	1.75149898373e+14
7/29/1965 16:00:00	1.70866469133e+14
7/30/1965 16:00:00	1.67393608915e+14
8/2/1965 16:00:00	1.66189537756e+14
8/3/1965 16:00:00	1.65858568112e+14
8/4/1965 16:00:00	1.63807923217e+14
8/5/1965 16:00:00	1.63906069462e+14
8/6/1965 16:00:00	1.62103302057e+14
8/9/1965 16:00:00	1.63240884622e+14
8/10/1965 16:00:00	1.63128689985e+14
8/11/1965 16:00:00	1.61548294434e+14
8/12/1965 16:00:00	1.59988889006e+14
8/13/1965 16:00:00	1.57837138147e+14
8/16/1965 16:00:00	1.5712914525e+14
8/17/1965 16:00:00	1.56226277533e+14
8/18/1965 16:00:00	1.56319881201e+14
8/19/1965 16:00:00	1.5740332492e+14
8/20/1965 16:00:00	1.57897134647e+14
8/23/1965 16:00:00	1.58593379642e+14
8/24/1965 16:00:00	1.57679965497e+14
8/25/1965 16:00:00	1.56974034233e+14
8/26/1965 16:00:00	1.55079394611e+14
8/27/1965 16:00:00	1.54781025852e+14
8/30/1965 16:00:00	1.54678661458e+14
8/31/1965 16:00:00	1.54768123741e+14
9/1/1965 16:00:00	1.54656449247e+14
9/2/1965 16:00:00	1.52022172435e+14
9/3/1965 16:00:00	1.4982911771e+14
9/7/1965 16:00:00	1.48238910843e+14
9/8/1965 16:00:00	1.46668690491e+14
9/9/1965 16:00:00	1.45486970615e+14
9/10/1965 16:00:00	1.44139003202e+14
9/13/1965 16:00:00	1.42808184851e+14
9/14/1965 16:00:00	1.44468196126e+14
9/15/1965 16:00:00	1.41890382419e+14
9/16/1965 16:00:00	1.39547944102e+14
9/17/1965 16:00:00	1.39292434716e+14
9/20/1965 16:00:00	1.3920677977e+14
9/21/1965 16:00:00	1.40303827731e+14
9/22/1965 16:00:00	1.38339660331e+14
9/23/1965 16:00:00	1.39929880014e+14
9/24/1965 16:00:00	1.39166282835e+14
9/27/1965 16:00:00	1.36043327776e+14
9/28/1965 16:00:00	1.36940563758e+14
9/29/1965 16:00:00	1.38770434351e+14
9/30/1965 16:00:00	1.39021650046e+14
10/1/1965 16:00:00	1.39104945486e+14
10/4/1965 16:00:00	1.38177027093e+14
10/5/1965 16:00:00	1.3575172114e+14
10/6/1965 16:00:00	1.35993334336e+14
10/7/1965 16:00:00	1.36238268873e+14
10/8/1965 16:00:00	1.3451794759e+14
10/11/1965 16:00:00	1.32021983769e+14
10/12/1965 16:00:00	1.32101085327e+14
10/13/1965 16:00:00	1.32023095795e+14
10/14/1965 16:00:00	1.32730131889e+14
10/15/1965 16:00:00	1.31703134208e+14
10/18/1965 16:00:00	1.3037429151e+14
10/19/1965 16:00:00	1.29827330544e+14
10/20/1965 16:00:00	1.29751717405e+14
10/21/1965 16:00:00	1.29063208424e+14
10/22/1965 16:00:00	1.28836262464e+14
10/25/1965 16:00:00	1.30124782977e+14
10/26/1965 16:00:00	1.27734824552e+14
10/27/1965 16:00:00	1.26453759234e+14
10/28/1965 16:00:00	1.27565222282e+14
10/29/1965 16:00:00	1.2659399236e+14
11/1/1965 16:00:00	1.27262325296e+14
11/3/1965 16:00:00	1.26891168472e+14
11/4/1965 16:00:00	1.26224563212e+14
11/5/1965 16:00:00	1.26595108424e+14
11/8/1965 16:00:00	1.27114978701e+14
11/9/1965 16:00:00	1.28219859256e+14
11/10/1965 16:00:00	1.2859766834e+14
11/11/1965 16:00:00	1.27315228367e+14
11/12/1965 16:00:00	1.2545421219e+14
11/15/1965 16:00:00	1.25091068115e+14
11/16/1965 16:00:00	1.25893572635e+14
11/17/1965 16:00:00	1.25088627694e+14
11/18/1965 16:00:00	1.26472642136e+14
11/19/1965 16:00:00	1.2640084277e+14
11/22/1965 16:00:00	1.28835534582e+14
11/23/1965 16:00:00	1.28153972763e+14
11/24/1965 16:00:00	1.27330026013e+14
11/26/1965 16:00:00	1.26959892432e+14
11/29/1965 16:00:00	1.2777697206e+14
11/30/1965 16:00:00	1.28600763956e+14
12/1/1965 16:00:00	1.28979223716e+14
12/2/1965 16:00:00	1.3011536212e+14
12/3/1965 16:00:00	1.29734270647e+14
12/6/1965 16:00:00	1.32557501143e+14
12/7/1965 16:00:00	1.29027517845e+14
12/8/1965 16:00:00	1.29342798798e+14
12/9/1965 16:00:00	1.28062181774e+14
12/10/1965 16:00:00	1.2709843085e+14
12/13/1965 16:00:00	1.2688571732e+14
12/14/1965 16:00:00	1.26673589603e+14
12/15/1965 16:00:00	1.26019646564e+14
12/16/1965 16:00:00	1.25516920884e+14
12/17/1965 16:00:00	1.25599548136e+14
12/20/1965 16:00:00	1.27285008237e+14
12/21/1965 16:00:00	1.25727401365e+14
12/22/1965 16:00:00	1.24497468088e+14
12/23/1965 16:00:00	1.24869866634e+14
12/27/1965 16:00:00	1.27555114942e+14
12/28/1965 16:00:00	1.27493126541e+14
12/29/1965 16:00:00	1.26243401766e+14
12/30/1965 16:00:00	1.24571001901e+14
12/31/1965 16:00:00	1.23504380468e+14
1/3/1966 16:00:00	1.24583869941e+14
1/4/1966 16:00:00	1.24236887897e+14
1/5/1966 16:00:00	1.21882655098e+14
1/6/1966 16:00:00	1.21127421123e+14
1/7/1966 16:00:00	1.20794223454e+14
1/10/1966 16:00:00	1.20048579162e+14
1/11/1966 16:00:00	1.19717262072e+14
1/12/1966 16:00:00	1.20613564117e+14
1/13/1966 16:00:00	1.1986997771e+14
1/14/1966 16:00:00	1.19405688086e+14
1/17/1966 16:00:00	1.18398786083e+14
1/18/1966 16:00:00	1.17634051886e+14
1/19/1966 16:00:00	1.18585870959e+14
1/20/1966 16:00:00	1.19876002432e+14
1/21/1966 16:00:00	1.19412103208e+14
1/24/1966 16:00:00	1.18541561735e+14
1/25/1966 16:00:00	1.17943616907e+14
1/26/1966 16:00:00	1.18556988831e+14
1/27/1966 16:00:00	1.18771713387e+14
1/28/1966 16:00:00	1.20062952013e+14
1/31/1966 16:00:00	1.21779211012e+14
2/1/1966 16:00:00	1.24495841328e+14
2/2/1966 16:00:00	1.23003107728e+14
2/3/1966 16:00:00	1.22523263061e+14
2/4/1966 16:00:00	1.20085026452e+14
2/7/1966 16:00:00	1.18939360592e+14
2/8/1966 16:00:00	1.19020129347e+14
2/9/1966 16:00:00	1.17215307749e+14
2/10/1966 16:00:00	1.18086603882e+14
2/11/1966 16:00:00	1.18166793552e+14
2/14/1966 16:00:00	1.19177828828e+14
2/15/1966 16:00:00	1.20469632018e+14
2/16/1966 16:00:00	1.20551439943e+14
2/17/1966 16:00:00	1.22548990323e+14
2/18/1966 16:00:00	1.23471267658e+14
2/21/1966 16:00:00	1.25673378137e+14
2/23/1966 16:00:00	1.27348912081e+14
2/24/1966 16:00:00	1.29789164283e+14
2/25/1966 16:00:00	1.28670427588e+14
2/28/1966 16:00:00	1.28459611126e+14
3/1/1966 16:00:00	1.33306444486e+14
3/2/1966 16:00:00	1.37303957978e+14
3/3/1966 16:00:00	1.35936845161e+14
3/4/1966 16:00:00	1.36993959405e+14
3/7/1966 16:00:00	1.42432830915e+14
3/8/1966 16:00:00	1.41844008386e+14
3/9/1966 16:00:00	1.38037924188e+14
3/10/1966 16:00:00	1.38131662302e+14
3/11/1966 16:00:00	1.38552919612e+14
3/14/1966 16:00:00	1.43249002405e+14
3/15/1966 16:00:00	1.45751900224e+14
3/16/1966 16:00:00	1.4320477589e+14
3/17/1966 16:00:00	1.41759394209e+14
3/18/1966 16:00:00	1.39992632795e+14
3/21/1966 16:00:00	1.36757183645e+14
3/22/1966 16:00:00	1.35561497987e+14
3/23/1966 16:00:00	1.37091511658e+14
3/24/1966 16:00:00	1.36377959705e+14
3/25/1966 16:00:00	1.35187612583e+14
3/28/1966 16:00:00	1.34961824803e+14
3/29/1966 16:00:00	1.36479127094e+14
3/30/1966 16:00:00	1.38658757116e+14
3/31/1966 16:00:00	1.36621522946e+14
4/1/1966 16:00:00	1.33337588793e+14
4/4/1966 16:00:00	1.296922555e+14
4/5/1966 16:00:00	1.27381105464e+14
4/6/1966 16:00:00	1.26297831327e+14
4/7/1966 16:00:00	1.25516997775e+14
4/11/1966 16:00:00	1.2546102865e+14
4/12/1966 16:00:00	1.26837666357e+14
4/13/1966 16:00:00	1.26484461061e+14
4/14/1966 16:00:00	1.25122823989e+14
4/15/1966 16:00:00	1.24638637173e+14
4/18/1966 16:00:00	1.26288979292e+14
4/19/1966 16:00:00	1.26377161333e+14
4/20/1966 16:00:00	1.24297430886e+14
4/21/1966 16:00:00	1.22830139021e+14
4/22/1966 16:00:00	1.23472958692e+14
4/25/1966 16:00:00	1.24260194256e+14
4/26/1966 16:00:00	1.24624725027e+14
4/27/1966 16:00:00	1.25528211082e+14
4/28/1966 16:00:00	1.28194227603e+14
4/29/1966 16:00:00	1.28428574361e+14
5/2/1966 16:00:00	1.29108726591e+14
5/3/1966 16:00:00	1.3366041889e+14
5/4/1966 16:00:00	1.35624450571e+14
5/5/1966 16:00:00	1.42386821448e+14
5/6/1966 16:00:00	1.42830681121e+14
5/9/1966 16:00:00	1.50244952018e+14
5/10/1966 16:00:00	1.46340560559e+14
5/11/1966 16:00:00	1.45552653387e+14
5/12/1966 16:00:00	1.5054006764e+14
5/13/1966 16:00:00	1.54481580144e+14
5/16/1966 16:00:00	1.60258896823e+14
5/17/1966 16:00:00	1.64738888001e+14
5/18/1966 16:00:00	1.56016840286e+14
5/19/1966 16:00:00	1.56517963285e+14
5/20/1966 16:00:00	1.54331257834e+14
5/23/1966 16:00:00	1.50106373729e+14
5/24/1966 16:00:00	1.47111079664e+14
5/25/1966 16:00:00	1.45610697838e+14
5/26/1966 16:00:00	1.45721215734e+14
5/27/1966 16:00:00	1.44435686104e+14
5/31/1966 16:00:00	1.50399030232e+14
6/1/1966 16:00:00	1.50492027277e+14
6/2/1966 16:00:00	1.51152610808e+14
6/3/1966 16:00:00	1.50720810375e+14
6/6/1966 16:00:00	1.54109200037e+14
6/7/1966 16:00:00	1.57210278127e+14
6/8/1966 16:00:00	1.56747645184e+14
6/9/1966 16:00:00	1.53604046603e+14
6/10/1966 16:00:00	1.48676142485e+14
6/13/1966 16:00:00	1.46638088203e+14
6/14/1966 16:00:00	1.45340861953e+14
6/15/1966 16:00:00	1.47189721522e+14
6/16/1966 16:00:00	1.48539666466e+14
6/17/1966 16:00:00	1.48295197817e+14
6/20/1966 16:00:00	1.48404671756e+14
6/21/1966 16:00:00	1.4727205985e+14
6/22/1966 16:00:00	1.46683947106e+14
6/23/1966 16:00:00	1.48380274532e+14
6/24/1966 16:00:00	1.47967287181e+14
6/27/1966 16:00:00	1.50569369871e+14
6/28/1966 16:00:00	1.52868324655e+14
6/29/1966 16:00:00	1.57065301982e+14
6/30/1966 16:00:00	1.5776983703e+14
7/1/1966 16:00:00	1.53071195977e+14
7/5/1966 16:00:00	1.51892051054e+14
7/6/1966 16:00:00	1.45391448689e+14
7/7/1966 16:00:00	1.43778861112e+14
7/8/1966 16:00:00	1.42705586278e+14
7/11/1966 16:00:00	1.43500567354e+14
7/12/1966 16:00:00	1.46341342229e+14
7/13/1966 16:00:00	1.4922956381e+14
7/14/1966 16:00:00	1.46668622782e+14
7/15/1966 16:00:00	1.45383135829e+14
7/18/1966 16:00:00	1.45812960542e+14
7/19/1966 16:00:00	1.49032272614e+14
7/20/1966 16:00:00	1.53203008351e+14
7/21/1966 16:00:00	1.53316105316e+14
7/22/1966 16:00:00	1.53812464953e+14
7/25/1966 16:00:00	1.62504131966e+14
7/26/1966 16:00:00	1.63238454805e+14
7/27/1966 16:00:00	1.6095918619e+14
7/28/1966 16:00:00	1.62877680919e+14
7/29/1966 16:00:00	1.63821118585e+14
8/1/1966 16:00:00	1.71447901773e+14
8/2/1966 16:00:00	1.71373053078e+14
8/3/1966 16:00:00	1.66348025377e+14
8/4/1966 16:00:00	1.61739934662e+14
8/5/1966 16:00:00	1.61285257789e+14
8/8/1966 16:00:00	1.62810630195e+14
8/9/1966 16:00:00	1.64351331013e+14
8/10/1966 16:00:00	1.66719563064e+14
8/11/1966 16:00:00	1.67073022672e+14
8/12/1966 16:00:00	1.66390026359e+14
8/15/1966 16:00:00	1.69008028725e+14
8/16/1966 16:00:00	1.75653343035e+14
8/17/1966 16:00:00	1.7862288408e+14
8/18/1966 16:00:00	1.85353556385e+14
8/19/1966 16:00:00	1.89326725129e+14
8/22/1966 16:00:00	1.99026114638e+14
8/23/1966 16:00:00	2.00236451131e+14
8/24/1966 16:00:00	1.92754243942e+14
8/25/1966 16:00:00	2.00198974022e+14
8/26/1966 16:00:00	2.13029131633e+14
8/29/1966 16:00:00	2.28684456796e+14
8/30/1966 16:00:00	2.16555108532e+14
8/31/1966 16:00:00	2.0583566084e+14
9/1/1966 16:00:00	2.01076509138e+14
9/2/1966 16:00:00	2.03381024338e+14
9/6/1966 16:00:00	2.0706944372e+14
9/7/1966 16:00:00	2.11955244522e+14
9/8/1966 16:00:00	2.14711866805e+14
9/9/1966 16:00:00	2.12588987757e+14
9/12/1966 16:00:00	1.99041949181e+14
9/13/1966 16:00:00	1.96069974218e+14
9/14/1966 16:00:00	1.90031707603e+14
9/15/1966 16:00:00	1.83301085816e+14
9/16/1966 16:00:00	1.83920853228e+14
9/19/1966 16:00:00	1.86658840683e+14
9/20/1966 16:00:00	1.90397272491e+14
9/21/1966 16:00:00	2.00153600637e+14
9/22/1966 16:00:00	1.98460971325e+14
9/23/1966 16:00:00	2.00426676522e+14
9/26/1966 16:00:00	1.989721257e+14
9/27/1966 16:00:00	1.96992762791e+14
9/28/1966 16:00:00	2.04581501196e+14
9/29/1966 16:00:00	2.11005889385e+14
9/30/1966 16:00:00	2.08922131257e+14
10/3/1966 16:00:00	2.22516523151e+14
10/4/1966 16:00:00	2.20892449883e+14
10/5/1966 16:00:00	2.24401201345e+14
10/6/1966 16:00:00	2.30431672909e+14
10/7/1966 16:00:00	2.3827723282e+14
10/10/1966 16:00:00	2.25483866781e+14
10/11/1966 16:00:00	2.21929643663e+14
10/12/1966 16:00:00	2.0301016324e+14
10/13/1966 16:00:00	2.04261342707e+14
10/14/1966 16:00:00	2.06615849464e+14
10/17/1966 16:00:00	1.99630463184e+14
10/18/1966 16:00:00	1.90305034876e+14
10/19/1966 16:00:00	1.94890361945e+14
10/20/1966 16:00:00	1.96586815022e+14
10/21/1966 16:00:00	1.9390440754e+14
10/24/1966 16:00:00	1.92291846272e+14
10/25/1966 16:00:00	1.8865062029e+14
10/26/1966 16:00:00	1.8389047636e+14
10/27/1966 16:00:00	1.79335146018e+14
10/28/1966 16:00:00	1.79261161173e+14
10/31/1966 16:00:00	1.79642666099e+14
11/1/1966 16:00:00	1.75467006167e+14
11/2/1966 16:00:00	1.75189243568e+14
11/3/1966 16:00:00	1.77332345886e+14
11/4/1966 16:00:00	1.75698100213e+14
11/7/1966 16:00:00	1.76291616636e+14
11/9/1966 16:00:00	1.71989652708e+14
11/10/1966 16:00:00	1.68917959108e+14
11/11/1966 16:00:00	1.68649811371e+14
11/14/1966 16:00:00	1.72145187824e+14
11/15/1966 16:00:00	1.70147969274e+14
11/16/1966 16:00:00	1.65852920475e+14
11/17/1966 16:00:00	1.69474670317e+14
11/18/1966 16:00:00	1.7277254509e+14
11/21/1966 16:00:00	1.80259790654e+14
11/22/1966 16:00:00	1.83143976864e+14
11/23/1966 16:00:00	1.79557769998e+14
11/25/1966 16:00:00	1.75164162852e+14
11/28/1966 16:00:00	1.7620132384e+14
11/29/1966 16:00:00	1.7810449362e+14
11/30/1966 16:00:00	1.780325398e+14
12/1/1966 16:00:00	1.80424189841e+14
12/2/1966 16:00:00	1.80114645658e+14
12/5/1966 16:00:00	1.79342833782e+14
12/6/1966 16:00:00	1.75395820255e+14
12/7/1966 16:00:00	1.69592902233e+14
12/8/1966 16:00:00	1.67635168979e+14
12/9/1966 16:00:00	1.67151190907e+14
12/12/1966 16:00:00	1.61927008901e+14
12/13/1966 16:00:00	1.63436445194e+14
12/14/1966 16:00:00	1.63957185867e+14
12/15/1966 16:00:00	1.70116701674e+14
12/16/1966 16:00:00	1.70460058175e+14
12/19/1966 16:00:00	1.72277805824e+14
12/20/1966 16:00:00	1.7434883597e+14
12/21/1966 16:00:00	1.71645554542e+14
12/22/1966 16:00:00	1.69866170542e+14
12/23/1966 16:00:00	1.7126704738e+14
12/27/1966 16:00:00	1.74177525796e+14
12/28/1966 16:00:00	1.76717943114e+14
12/29/1966 16:00:00	1.78427451194e+14
12/30/1966 16:00:00	1.78559169255e+14
1/3/1967 16:00:00	1.78256237925e+14
1/4/1967 16:00:00	1.77029943258e+14
1/5/1967 16:00:00	1.7007583291e+14
1/6/1967 16:00:00	1.66436079973e+14
1/9/1967 16:00:00	1.62472953665e+14
1/10/1967 16:00:00	1.62395077759e+14
1/11/1967 16:00:00	1.58562139096e+14
1/12/1967 16:00:00	1.56011941168e+14
1/13/1967 16:00:00	1.52381326832e+14
1/16/1967 16:00:00	1.5356441974e+14
1/17/1967 16:00:00	1.48342977511e+14
1/18/1967 16:00:00	1.45470362252e+14
1/19/1967 16:00:00	1.45242484499e+14
1/20/1967 16:00:00	1.44000196141e+14
1/23/1967 16:00:00	1.42419154689e+14
1/24/1967 16:00:00	1.4169026032e+14
1/25/1967 16:00:00	1.44755877759e+14
1/26/1967 16:00:00	1.45026193563e+14
1/27/1967 16:00:00	1.43080413044e+14
1/30/1967 16:00:00	1.40664673365e+14
1/31/1967 16:00:00	1.40746030306e+14
2/1/1967 16:00:00	1.41641936793e+14
2/2/1967 16:00:00	1.40092636319e+14
2/3/1967 16:00:00	1.36953815269e+14
2/6/1967 16:00:00	1.37688377986e+14
2/7/1967 16:00:00	1.38749510748e+14
2/8/1967 16:00:00	1.35019960624e+14
2/9/1967 16:00:00	1.36659200822e+14
2/10/1967 16:00:00	1.35357763137e+14
2/13/1967 16:00:00	1.3546309539e+14
2/14/1967 16:00:00	1.32781724921e+14
2/15/1967 16:00:00	1.3228332269e+14
2/16/1967 16:00:00	1.3403232193e+14
2/17/1967 16:00:00	1.33832119184e+14
2/20/1967 16:00:00	1.36062994828e+14
2/21/1967 16:00:00	1.36318702728e+14
2/23/1967 16:00:00	1.35802322932e+14
2/24/1967 16:00:00	1.35897147723e+14
2/27/1967 16:00:00	1.40174283774e+14
2/28/1967 16:00:00	1.38657870137e+14
3/1/1967 16:00:00	1.34278506043e+14
3/2/1967 16:00:00	1.31928244826e+14
3/3/1967 16:00:00	1.31424975674e+14
3/6/1967 16:00:00	1.32108970659e+14
3/7/1967 16:00:00	1.31903114316e+14
3/8/1967 16:00:00	1.31251681432e+14
3/9/1967 16:00:00	1.30014073121e+14
3/10/1967 16:00:00	1.28349938723e+14
3/13/1967 16:00:00	1.30297344079e+14
3/14/1967 16:00:00	1.30675483282e+14
3/15/1967 16:00:00	1.26946877764e+14
3/16/1967 16:00:00	1.2293690359e+14
3/17/1967 16:00:00	1.22211280314e+14
3/20/1967 16:00:00	1.2243076577e+14
3/21/1967 16:00:00	1.23188457848e+14
3/22/1967 16:00:00	1.22054787231e+14
3/23/1967 16:00:00	1.19195708644e+14
3/27/1967 16:00:00	1.19403829174e+14
3/28/1967 16:00:00	1.19222576209e+14
3/29/1967 16:00:00	1.19911130177e+14
3/30/1967 16:00:00	1.198642367e+14
3/31/1967 16:00:00	1.2190099786e+14
4/3/1967 16:00:00	1.25718355648e+14
4/4/1967 16:00:00	1.2580372785e+14
4/5/1967 16:00:00	1.23242439005e+14
4/6/1967 16:00:00	1.22646660668e+14
4/7/1967 16:00:00	1.24869292242e+14
4/10/1967 16:00:00	1.2947640887e+14
4/11/1967 16:00:00	1.26649772964e+14
4/12/1967 16:00:00	1.27003740194e+14
4/13/1967 16:00:00	1.23978398634e+14
4/14/1967 16:00:00	1.19958408326e+14
4/17/1967 16:00:00	1.17286628698e+14
4/18/1967 16:00:00	1.14187978705e+14
4/19/1967 16:00:00	1.1375604293e+14
4/20/1967 16:00:00	1.13092371406e+14
4/21/1967 16:00:00	1.12313508269e+14
4/24/1967 16:00:00	1.11064160591e+14
4/25/1967 16:00:00	1.09362983266e+14
4/26/1967 16:00:00	1.09541516817e+14
4/27/1967 16:00:00	1.06717135199e+14
4/28/1967 16:00:00	1.05886449631e+14
5/1/1967 16:00:00	1.06499566887e+14
5/2/1967 16:00:00	1.0700599296e+14
5/3/1967 16:00:00	1.0606085509e+14
5/4/1967 16:00:00	1.04687163094e+14
5/5/1967 16:00:00	1.04204540511e+14
5/8/1967 16:00:00	1.03720912311e+14
5/9/1967 16:00:00	1.06887311946e+14
5/10/1967 16:00:00	1.07606225702e+14
5/11/1967 16:00:00	1.06204176766e+14
5/12/1967 16:00:00	1.07040277055e+14
5/15/1967 16:00:00	1.09673836594e+14
5/16/1967 16:00:00	1.08007248179e+14
5/17/1967 16:00:00	1.0920107772e+14
5/18/1967 16:00:00	1.10067748686e+14
5/19/1967 16:00:00	1.11639186508e+14
5/22/1967 16:00:00	1.12999256993e+14
5/23/1967 16:00:00	1.1462570789e+14
5/24/1967 16:00:00	1.18481086282e+14
5/25/1967 16:00:00	1.14456707326e+14
5/26/1967 16:00:00	1.15255820047e+14
5/29/1967 16:00:00	1.16920362819e+14
5/31/1967 16:00:00	1.22392538955e+14
6/1/1967 16:00:00	1.17521322721e+14
6/2/1967 16:00:00	1.19234423912e+14
6/5/1967 16:00:00	1.24587418508e+14
6/6/1967 16:00:00	1.16861362357e+14
6/7/1967 16:00:00	1.14158828702e+14
6/8/1967 16:00:00	1.12275504994e+14
6/9/1967 16:00:00	1.11625564708e+14
6/12/1967 16:00:00	1.09798835257e+14
6/13/1967 16:00:00	1.07665592673e+14
6/14/1967 16:00:00	1.08403589246e+14
6/15/1967 16:00:00	1.08014017352e+14
6/16/1967 16:00:00	1.0773729731e+14
6/19/1967 16:00:00	1.07795304661e+14
6/20/1967 16:00:00	1.07857650779e+14
6/21/1967 16:00:00	1.08709510359e+14
6/22/1967 16:00:00	1.09572303026e+14
6/23/1967 16:00:00	1.09407679216e+14
6/26/1967 16:00:00	1.10619795965e+14
6/27/1967 16:00:00	1.11732857009e+14
6/28/1967 16:00:00	1.11679369667e+14
6/29/1967 16:00:00	1.13280448203e+14
6/30/1967 16:00:00	1.1393818961e+14
7/3/1967 16:00:00	1.12913577765e+14
7/5/1967 16:00:00	1.11174414458e+14
7/6/1967 16:00:00	1.11241025102e+14
7/7/1967 16:00:00	1.09780443232e+14
7/10/1967 16:00:00	1.08461118766e+14
7/11/1967 16:00:00	1.06936614089e+14
7/12/1967 16:00:00	1.0710542815e+14
7/13/1967 16:00:00	1.06944471144e+14
7/14/1967 16:00:00	1.0577876998e+14
7/17/1967 16:00:00	1.05726145376e+14
7/18/1967 16:00:00	1.03045941519e+14
7/19/1967 16:00:00	1.02543615462e+14
7/20/1967 16:00:00	1.01758017859e+14
7/21/1967 16:00:00	1.01088790943e+14
7/24/1967 16:00:00	1.02070953975e+14
7/25/1967 16:00:00	1.03591625843e+14
7/26/1967 16:00:00	1.00776952891e+14
7/27/1967 16:00:00	9.98089978861e+13
7/28/1967 16:00:00	9.93562632598e+13
7/31/1967 16:00:00	9.8403109068e+13
8/1/1967 16:00:00	9.64688182726e+13
8/2/1967 16:00:00	9.50655171506e+13
8/3/1967 16:00:00	9.54051279734e+13
8/4/1967 16:00:00	9.48884490128e+13
8/7/1967 16:00:00	9.56055625727e+13
8/8/1967 16:00:00	9.51831491078e+13
8/9/1967 16:00:00	9.4860332226e+13
8/10/1967 16:00:00	9.55787646876e+13
8/11/1967 16:00:00	9.65885600235e+13
8/14/1967 16:00:00	9.80961563038e+13
8/15/1967 16:00:00	9.76609927015e+13
8/16/1967 16:00:00	9.83086145841e+13
8/17/1967 16:00:00	9.7969334356e+13
8/18/1967 16:00:00	9.74346331864e+13
8/21/1967 16:00:00	9.90543330517e+13
8/22/1967 16:00:00	1.00511449312e+14
8/23/1967 16:00:00	1.00977336988e+14
8/24/1967 16:00:00	1.02572049423e+14
8/25/1967 16:00:00	1.03778986389e+14
8/28/1967 16:00:00	1.03937046415e+14
8/29/1967 16:00:00	1.03030090972e+14
8/30/1967 16:00:00	1.02336280699e+14
8/31/1967 16:00:00	1.00413421203e+14
9/1/1967 16:00:00	1.00166392898e+14
9/5/1967 16:00:00	9.84000483239e+13
9/6/1967 16:00:00	9.78652401923e+13
9/7/1967 16:00:00	9.79218430081e+13
9/8/1967 16:00:00	9.77819141395e+13
9/11/1967 16:00:00	9.71539676102e+13
9/12/1967 16:00:00	9.57518773418e+13
9/13/1967 16:00:00	9.26572530539e+13
9/14/1967 16:00:00	9.1980779986e+13
9/15/1967 16:00:00	9.17629161746e+13
9/18/1967 16:00:00	9.09154702635e+13
9/19/1967 16:00:00	9.19462766943e+13
9/20/1967 16:00:00	9.19994561291e+13
9/21/1967 16:00:00	9.01560806752e+13
9/22/1967 16:00:00	8.94171248753e+13
9/25/1967 16:00:00	8.77303361677e+13
9/26/1967 16:00:00	8.98994851963e+13
9/27/1967 16:00:00	8.97764087927e+13
9/28/1967 16:00:00	8.97428392634e+13
9/29/1967 16:00:00	8.98784566146e+13
10/2/1967 16:00:00	9.08943540968e+13
10/3/1967 16:00:00	8.98836456408e+13
10/4/1967 16:00:00	9.04621125442e+13
10/5/1967 16:00:00	8.98109557187e+13
10/6/1967 16:00:00	8.80294295569e+13
10/9/1967 16:00:00	8.7315363026e+13
10/10/1967 16:00:00	8.90489755195e+13
10/11/1967 16:00:00	9.03085079655e+13
10/12/1967 16:00:00	9.20309494206e+13
10/13/1967 16:00:00	9.11847096694e+13
10/16/1967 16:00:00	9.33757895685e+13
10/17/1967 16:00:00	9.39810467699e+13
10/18/1967 16:00:00	9.31977703717e+13
10/19/1967 16:00:00	9.26104045771e+13
10/20/1967 16:00:00	9.26602673859e+13
10/23/1967 16:00:00	9.38878045625e+13
10/24/1967 16:00:00	9.54178740589e+13
10/25/1967 16:00:00	9.50646653802e+13
10/26/1967 16:00:00	9.37058595064e+13
10/27/1967 16:00:00	9.357191227e+13
10/30/1967 16:00:00	9.3994063052e+13
10/31/1967 16:00:00	9.8399957594e+13
11/1/1967 16:00:00	1.00230113603e+14
11/2/1967 16:00:00	1.0139727057e+14
11/3/1967 16:00:00	1.03094108412e+14
11/6/1967 16:00:00	1.040957121e+14
11/8/1967 16:00:00	1.0521179657e+14
11/9/1967 16:00:00	1.03552564583e+14
11/10/1967 16:00:00	1.01404645294e+14
11/13/1967 16:00:00	1.02079355791e+14
11/14/1967 16:00:00	1.03998382009e+14
11/15/1967 16:00:00	1.02683171993e+14
11/16/1967 16:00:00	9.97286802298e+13
11/17/1967 16:00:00	9.90861594476e+13
11/20/1967 16:00:00	1.02716909321e+14
11/21/1967 16:00:00	9.77826534883e+13
11/22/1967 16:00:00	9.5983603023e+13
11/24/1967 16:00:00	9.51912068145e+13
11/27/1967 16:00:00	9.43158434565e+13
11/28/1967 16:00:00	9.32639645173e+13
11/29/1967 16:00:00	9.32301976686e+13
11/30/1967 16:00:00	9.46621551234e+13
12/1/1967 16:00:00	9.30462842165e+13
12/4/1967 16:00:00	9.12817628538e+13
12/5/1967 16:00:00	9.08054326637e+13
12/6/1967 16:00:00	8.96237036636e+13
12/7/1967 16:00:00	8.98559442592e+13
12/8/1967 16:00:00	9.0088898642e+13
12/11/1967 16:00:00	9.09328490244e+13
12/12/1967 16:00:00	9.11711107712e+13
12/13/1967 16:00:00	9.01685967631e+13
12/14/1967 16:00:00	8.97936690449e+13
12/15/1967 16:00:00	9.09802599008e+13
12/18/1967 16:00:00	9.1657864541e+13
12/19/1967 16:00:00	9.2072858685e+13
12/20/1967 16:00:00	9.04288637867e+13
12/21/1967 16:00:00	8.97029195265e+13
12/22/1967 16:00:00	9.01964852806e+13
12/26/1967 16:00:00	8.99962963785e+13
12/27/1967 16:00:00	8.80594233458e+13
12/28/1967 16:00:00	8.8122741188e+13
12/29/1967 16:00:00	8.64920377118e+13
1/2/1968 16:00:00	8.73742445718e+13
1/3/1968 16:00:00	8.85965991676e+13
1/4/1968 16:00:00	8.93367496002e+13
1/5/1968 16:00:00	8.7680564287e+13
1/8/1968 16:00:00	8.58127536519e+13
1/9/1968 16:00:00	8.61152757789e+13
1/10/1968 16:00:00	8.60049621249e+13
1/11/1968 16:00:00	8.56552437016e+13
1/12/1968 16:00:00	8.53869735405e+13
1/15/1968 16:00:00	8.60896463105e+13
1/16/1968 16:00:00	8.77016595705e+13
1/17/1968 16:00:00	8.81832772451e+13
1/18/1968 16:00:00	8.83291569867e+13
1/19/1968 16:00:00	8.92355495503e+13
1/22/1968 16:00:00	9.25493779682e+13
1/23/1968 16:00:00	9.36009373309e+13
1/24/1968 16:00:00	9.50329341512e+13
1/25/1968 16:00:00	9.45389989081e+13
1/26/1968 16:00:00	9.41391660822e+13
1/29/1968 16:00:00	9.43848834245e+13
1/30/1968 16:00:00	9.57374349168e+13
1/31/1968 16:00:00	9.76827164981e+13
2/1/1968 16:00:00	9.65933934996e+13
2/2/1968 16:00:00	9.75159294764e+13
2/5/1968 16:00:00	9.87384347224e+13
2/6/1968 16:00:00	9.85140001261e+13
2/7/1968 16:00:00	9.7996052881e+13
2/8/1968 16:00:00	1.01741750457e+14
2/9/1968 16:00:00	1.05170270013e+14
2/13/1968 16:00:00	1.07900188775e+14
2/14/1968 16:00:00	1.0389589404e+14
2/15/1968 16:00:00	1.03340670223e+14
2/16/1968 16:00:00	1.0445142817e+14
2/19/1968 16:00:00	1.03153079305e+14
2/20/1968 16:00:00	9.99089728323e+13
2/21/1968 16:00:00	9.98775712021e+13
2/23/1968 16:00:00	1.01040402881e+14
2/26/1968 16:00:00	1.03326458803e+14
2/27/1968 16:00:00	1.02049968607e+14
2/28/1968 16:00:00	1.0354537115e+14
2/29/1968 16:00:00	1.06009580803e+14
3/1/1968 16:00:00	1.06834682658e+14
3/4/1968 16:00:00	1.11030253983e+14
3/5/1968 16:00:00	1.11794756214e+14
3/6/1968 16:00:00	1.05890336091e+14
3/7/1968 16:00:00	1.06397067293e+14
3/8/1968 16:00:00	1.06583409795e+14
3/11/1968 16:00:00	1.02557189817e+14
3/12/1968 16:00:00	1.02214200349e+14
3/13/1968 16:00:00	1.02767710962e+14
3/14/1968 16:00:00	1.08612541594e+14
3/15/1968 16:00:00	1.05703609169e+14
3/18/1968 16:00:00	1.03969529649e+14
3/19/1968 16:00:00	1.0593544678e+14
3/20/1968 16:00:00	1.06000950416e+14
3/21/1968 16:00:00	1.08231272307e+14
3/22/1968 16:00:00	1.0787910933e+14
3/25/1968 16:00:00	1.0818464078e+14
3/26/1968 16:00:00	1.0595333715e+14
3/27/1968 16:00:00	1.03255376313e+14
3/28/1968 16:00:00	1.03550765941e+14
3/29/1968 16:00:00	1.01348664516e+14
4/1/1968 16:00:00	9.35683231524e+13
4/2/1968 16:00:00	9.31042603496e+13
4/3/1968 16:00:00	9.05731614956e+13
4/4/1968 16:00:00	8.94370169996e+13
4/5/1968 16:00:00	9.10503833808e+13
4/8/1968 16:00:00	8.61425980884e+13
4/10/1968 16:00:00	8.41014709349e+13
4/11/1968 16:00:00	8.18141829484e+13
4/15/1968 16:00:00	8.16569854873e+13
4/16/1968 16:00:00	8.15758851437e+13
4/17/1968 16:00:00	8.10389185643e+13
4/18/1968 16:00:00	8.03606363844e+13
4/19/1968 16:00:00	8.33867467626e+13
4/22/1968 16:00:00	8.47026797636e+13
4/23/1968 16:00:00	8.1204158574e+13
4/24/1968 16:00:00	8.04395702784e+13
4/25/1968 16:00:00	8.11762797409e+13
4/26/1968 16:00:00	7.96782643039e+13
4/29/1968 16:00:00	7.77796029209e+13
4/30/1968 16:00:00	7.89839012626e+13
5/1/1968 16:00:00	7.76887165715e+13
5/2/1968 16:00:00	7.62797888475e+13
5/3/1968 16:00:00	7.60744992397e+13
5/6/1968 16:00:00	7.67615902525e+13
5/7/1968 16:00:00	7.54428509536e+13
5/8/1968 16:00:00	7.54367902061e+13
5/9/1968 16:00:00	7.65916728042e+13
5/10/1968 16:00:00	7.63178868749e+13
5/13/1968 16:00:00	7.70100398157e+13
5/14/1968 16:00:00	7.71549413456e+13
5/15/1968 16:00:00	7.73001365265e+13
5/16/1968 16:00:00	7.83527344298e+13
5/17/1968 16:00:00	8.00641598721e+13
5/20/1968 16:00:00	8.10894180218e+13
5/21/1968 16:00:00	7.98952142854e+13
5/22/1968 16:00:00	7.92245575787e+13
5/23/1968 16:00:00	7.97316613272e+13
5/24/1968 16:00:00	7.92958414928e+13
5/27/1968 16:00:00	7.96557521795e+13
5/28/1968 16:00:00	7.80545277429e+13
5/29/1968 16:00:00	7.7344492724e+13
5/31/1968 16:00:00	7.55319445779e+13
6/3/1968 16:00:00	7.24926648363e+13
6/4/1968 16:00:00	7.15951265782e+13
6/5/1968 16:00:00	7.26603110631e+13
6/6/1968 16:00:00	7.09964238311e+13
6/7/1968 16:00:00	6.9631365053e+13
6/10/1968 16:00:00	6.93331757166e+13
6/11/1968 16:00:00	6.87974531999e+13
6/13/1968 16:00:00	6.96365536143e+13
6/14/1968 16:00:00	6.98216102117e+13
6/17/1968 16:00:00	7.18884715967e+13
6/18/1968 16:00:00	7.22070609977e+13
6/20/1968 16:00:00	6.88479389231e+13
6/21/1968 16:00:00	7.0582509538e+13
6/24/1968 16:00:00	7.11442602771e+13
6/25/1968 16:00:00	7.17653366797e+13
6/27/1968 16:00:00	7.19613889145e+13
6/28/1968 16:00:00	7.28411155332e+13
7/1/1968 16:00:00	7.3164678052e+13
7/2/1968 16:00:00	7.24503073836e+13
7/3/1968 16:00:00	6.98356687331e+13
7/8/1968 16:00:00	6.76553992996e+13
7/9/1968 16:00:00	6.70783914736e+13
7/11/1968 16:00:00	6.67366208262e+13
7/12/1968 16:00:00	6.68535777579e+13
7/15/1968 16:00:00	6.6973427423e+13
7/16/1968 16:00:00	6.80682954198e+13
7/18/1968 16:00:00	6.85403017639e+13
7/19/1968 16:00:00	7.05508939026e+13
7/22/1968 16:00:00	7.28849592477e+13
7/23/1968 16:00:00	7.3142553752e+13
7/25/1968 16:00:00	7.59115955943e+13
7/26/1968 16:00:00	7.49673887774e+13
7/29/1968 16:00:00	7.65633041859e+13
7/30/1968 16:00:00	7.62888951185e+13
8/1/1968 16:00:00	7.7377311957e+13
8/2/1968 16:00:00	7.89031302667e+13
8/5/1968 16:00:00	7.83358742707e+13
8/6/1968 16:00:00	7.73536151803e+13
8/8/1968 16:00:00	7.78398262236e+13
8/9/1968 16:00:00	7.79113483348e+13
8/12/1968 16:00:00	7.54696668621e+13
8/13/1968 16:00:00	7.42023441025e+13
8/15/1968 16:00:00	7.52514597668e+13
8/16/1968 16:00:00	7.37884847585e+13
8/19/1968 16:00:00	7.30762090263e+13
8/20/1968 16:00:00	7.31418356727e+13
8/22/1968 16:00:00	7.37201976736e+13
8/23/1968 16:00:00	7.3720246073e+13
8/26/1968 16:00:00	7.31378005004e+13
8/27/1968 16:00:00	7.33955572201e+13
8/29/1968 16:00:00	7.35243697176e+13
8/30/1968 16:00:00	7.32008295643e+13
9/3/1968 16:00:00	7.21749167496e+13
9/4/1968 16:00:00	7.06060591413e+13
9/5/1968 16:00:00	6.90832714214e+13
9/6/1968 16:00:00	6.8138094672e+13
9/9/1968 16:00:00	6.80248220686e+13
9/10/1968 16:00:00	6.90127460589e+13
9/12/1968 16:00:00	6.9426685707e+13
9/13/1968 16:00:00	6.87117637789e+13
9/16/1968 16:00:00	6.78895540635e+13
9/17/1968 16:00:00	6.73685603247e+13
9/19/1968 16:00:00	6.71949213131e+13
9/20/1968 16:00:00	6.70233840751e+13
9/23/1968 16:00:00	6.58320137271e+13
9/24/1968 16:00:00	6.51140738063e+13
9/26/1968 16:00:00	6.55547175621e+13
9/27/1968 16:00:00	6.56135894756e+13
9/30/1968 16:00:00	6.48955619625e+13
10/1/1968 16:00:00	6.45193946396e+13
10/3/1968 16:00:00	6.38231440169e+13
10/4/1968 16:00:00	6.29237474244e+13
10/7/1968 16:00:00	6.29281817498e+13
10/8/1968 16:00:00	6.28272954623e+13
10/10/1968 16:00:00	6.36108456898e+13
10/11/1968 16:00:00	6.37748718546e+13
10/14/1968 16:00:00	6.35157435538e+13
10/15/1968 16:00:00	6.30989172399e+13
10/17/1968 16:00:00	6.22151943732e+13
10/18/1968 16:00:00	6.0732824757e+13
10/21/1968 16:00:00	6.04379891253e+13
10/22/1968 16:00:00	6.11310962309e+13
10/24/1968 16:00:00	6.23852976381e+13
10/25/1968 16:00:00	6.17226774536e+13
10/28/1968 16:00:00	6.22322553016e+13
10/29/1968 16:00:00	6.33096655603e+13
10/31/1968 16:00:00	6.30526755206e+13
11/1/1968 16:00:00	6.36814033686e+13
11/4/1968 16:00:00	6.35818542475e+13
11/6/1968 16:00:00	6.32735649001e+13
11/7/1968 16:00:00	6.28096438753e+13
11/8/1968 16:00:00	6.19887786728e+13
11/12/1968 16:00:00	6.07765147428e+13
11/13/1968 16:00:00	5.98350376765e+13
11/14/1968 16:00:00	5.96951320893e+13
11/15/1968 16:00:00	5.87355970051e+13
11/18/1968 16:00:00	5.84579277207e+13
11/19/1968 16:00:00	5.8084946559e+13
11/21/1968 16:00:00	5.83183894102e+13
11/22/1968 16:00:00	5.77611112516e+13
11/25/1968 16:00:00	5.74429919853e+13
11/26/1968 16:00:00	5.61652681805e+13
11/27/1968 16:00:00	5.53698744371e+13
11/29/1968 16:00:00	5.44178899331e+13
12/2/1968 16:00:00	5.47657216187e+13
12/3/1968 16:00:00	5.48996487978e+13
12/5/1968 16:00:00	5.54211716525e+13
12/6/1968 16:00:00	5.49907344509e+13
12/9/1968 16:00:00	5.53838340193e+13
12/10/1968 16:00:00	5.57804708396e+13
12/12/1968 16:00:00	5.58733935805e+13
12/13/1968 16:00:00	5.54848995816e+13
12/16/1968 16:00:00	5.6188175086e+13
12/17/1968 16:00:00	5.68576057369e+13
12/19/1968 16:00:00	5.63250789287e+13
12/20/1968 16:00:00	5.73104962987e+13
12/23/1968 16:00:00	5.91374666072e+13
12/24/1968 16:00:00	5.9429804299e+13
12/26/1968 16:00:00	5.9201899559e+13
12/27/1968 16:00:00	5.98797508371e+13
12/30/1968 16:00:00	6.1478214444e+13
12/31/1968 16:00:00	6.13642707143e+13
1/2/1969 16:00:00	6.12254793037e+13
1/3/1969 16:00:00	6.10896623711e+13
1/6/1969 16:00:00	6.37673938946e+13
1/7/1969 16:00:00	6.60792356076e+13
1/8/1969 16:00:00	6.68955296252e+13
1/9/1969 16:00:00	6.6013791529e+13
1/10/1969 16:00:00	6.65708556908e+13
1/13/1969 16:00:00	6.75224964921e+13
1/14/1969 16:00:00	6.61218070724e+13
1/15/1969 16:00:00	6.51347592922e+13
1/16/1969 16:00:00	6.40721709651e+13
1/17/1969 16:00:00	6.43462362259e+13
1/20/1969 16:00:00	6.49345993703e+13
1/21/1969 16:00:00	6.50489386455e+13
1/22/1969 16:00:00	6.43604206212e+13
1/23/1969 16:00:00	6.35262930784e+13
1/24/1969 16:00:00	6.3587201917e+13
1/27/1969 16:00:00	6.35443815561e+13
1/28/1969 16:00:00	6.34991071764e+13
1/29/1969 16:00:00	6.32947677065e+13
1/30/1969 16:00:00	6.31995523843e+13
1/31/1969 16:00:00	6.2334774889e+13
2/3/1969 16:00:00	6.25459209506e+13
2/4/1969 16:00:00	6.25032464989e+13
2/5/1969 16:00:00	6.19545566711e+13
2/6/1969 16:00:00	6.13175711161e+13
2/7/1969 16:00:00	6.13306847737e+13
2/11/1969 16:00:00	6.11466096756e+13
2/12/1969 16:00:00	6.11597657106e+13
2/13/1969 16:00:00	6.09765981741e+13
2/14/1969 16:00:00	6.11412869082e+13
2/17/1969 16:00:00	6.32162270395e+13
2/18/1969 16:00:00	6.51770640866e+13
2/19/1969 16:00:00	6.65596805825e+13
2/20/1969 16:00:00	6.8274045368e+13
2/24/1969 16:00:00	7.06683401736e+13
2/25/1969 16:00:00	7.19855894844e+13
2/26/1969 16:00:00	7.09511328735e+13
2/27/1969 16:00:00	7.16192276162e+13
2/28/1969 16:00:00	7.16345383451e+13
3/3/1969 16:00:00	7.10424959455e+13
3/4/1969 16:00:00	6.90216212186e+13
3/5/1969 16:00:00	6.81663320192e+13
3/6/1969 16:00:00	7.02725160621e+13
3/7/1969 16:00:00	7.0345509385e+13
3/10/1969 16:00:00	6.95907154476e+13
3/11/1969 16:00:00	6.88471988288e+13
3/12/1969 16:00:00	6.94295962175e+13
3/13/1969 16:00:00	7.08324479121e+13
3/14/1969 16:00:00	7.161890183e+13
3/17/1969 16:00:00	7.10906100621e+13
3/18/1969 16:00:00	7.05664113761e+13
3/19/1969 16:00:00	6.89834511894e+13
3/20/1969 16:00:00	6.76817238937e+13
3/21/1969 16:00:00	6.80882902286e+13
3/24/1969 16:00:00	6.83263673758e+13
3/25/1969 16:00:00	6.80004250118e+13
3/26/1969 16:00:00	6.64969418618e+13
3/27/1969 16:00:00	6.50411040326e+13
3/28/1969 16:00:00	6.42628294753e+13
4/1/1969 16:00:00	6.44310256779e+13
4/2/1969 16:00:00	6.56392222974e+13
4/3/1969 16:00:00	6.58143362323e+13
4/7/1969 16:00:00	6.73335659531e+13
4/8/1969 16:00:00	6.68560671386e+13
4/9/1969 16:00:00	6.50643439269e+13
4/10/1969 16:00:00	6.4028675906e+13
4/11/1969 16:00:00	6.38446098921e+13
4/14/1969 16:00:00	6.40201181058e+13
4/15/1969 16:00:00	6.40968500079e+13
4/16/1969 16:00:00	6.57739021821e+13
4/17/1969 16:00:00	6.54771477527e+13
4/18/1969 16:00:00	6.45994967376e+13
4/21/1969 16:00:00	6.58725055696e+13
4/22/1969 16:00:00	6.54579573373e+13
4/23/1969 16:00:00	6.54184988242e+13
4/24/1969 16:00:00	6.4435852508e+13
4/25/1969 16:00:00	6.36292978707e+13
4/28/1969 16:00:00	6.3040902469e+13
4/29/1969 16:00:00	6.16037812415e+13
4/30/1969 16:00:00	5.99693913907e+13
5/1/1969 16:00:00	6.03274671997e+13
5/2/1969 16:00:00	5.94564604085e+13
5/5/1969 16:00:00	5.88332109851e+13
5/6/1969 16:00:00	5.79863683121e+13
5/7/1969 16:00:00	5.83245069804e+13
5/8/1969 16:00:00	5.75835575354e+13
5/9/1969 16:00:00	5.76628835748e+13
5/12/1969 16:00:00	5.79560255029e+13
5/13/1969 16:00:00	5.72166396828e+13
5/14/1969 16:00:00	5.58662270499e+13
5/15/1969 16:00:00	5.63657254719e+13
5/16/1969 16:00:00	5.62296656067e+13
5/19/1969 16:00:00	5.77691668613e+13
5/20/1969 16:00:00	5.9318171338e+13
5/21/1969 16:00:00	5.86099848387e+13
5/22/1969 16:00:00	5.83726861879e+13
5/23/1969 16:00:00	5.8410263463e+13
5/26/1969 16:00:00	5.88046953302e+13
5/27/1969 16:00:00	6.01594049871e+13
5/28/1969 16:00:00	6.07046959536e+13
5/29/1969 16:00:00	6.03168872552e+13
6/2/1969 16:00:00	6.12511863907e+13
6/3/1969 16:00:00	6.18159663493e+13
6/4/1969 16:00:00	6.18961825054e+13
6/5/1969 16:00:00	6.15982962754e+13
6/6/1969 16:00:00	6.28035836484e+13
6/9/1969 16:00:00	6.44817368513e+13
6/10/1969 16:00:00	6.60093965329e+13
6/11/1969 16:00:00	6.86631637504e+13
6/12/1969 16:00:00	7.03258808637e+13
6/13/1969 16:00:00	6.95040194712e+13
6/16/1969 16:00:00	7.0217651265e+13
6/17/1969 16:00:00	7.10469411847e+13
6/18/1969 16:00:00	7.12885290783e+13
6/19/1969 16:00:00	7.25579592967e+13
6/20/1969 16:00:00	7.38536590567e+13
6/23/1969 16:00:00	7.48770368437e+13
6/24/1969 16:00:00	7.2345335594e+13
6/25/1969 16:00:00	7.30067224904e+13
6/26/1969 16:00:00	7.24521669466e+13
6/27/1969 16:00:00	7.23304936781e+13
6/30/1969 16:00:00	7.14600310092e+13
7/1/1969 16:00:00	7.06770105166e+13
7/2/1969 16:00:00	6.8773186354e+13
7/3/1969 16:00:00	6.74271283123e+13
7/7/1969 16:00:00	6.8549023056e+13
7/8/1969 16:00:00	7.15211857019e+13
7/9/1969 16:00:00	7.3125121896e+13
7/10/1969 16:00:00	7.6545339763e+13
7/11/1969 16:00:00	7.56253402833e+13
7/14/1969 16:00:00	7.85032199634e+13
7/15/1969 16:00:00	7.93463604416e+13
7/16/1969 16:00:00	7.69816564026e+13
7/17/1969 16:00:00	7.55491314536e+13
7/18/1969 16:00:00	7.7473425968e+13
7/22/1969 16:00:00	8.1015572031e+13
7/23/1969 16:00:00	8.20606434149e+13
7/24/1969 16:00:00	8.28719823629e+13
7/25/1969 16:00:00	8.48979646609e+13
7/28/1969 16:00:00	8.99913569148e+13
7/29/1969 16:00:00	9.21630246256e+13
7/30/1969 16:00:00	9.07724935371e+13
7/31/1969 16:00:00	8.50402095357e+13
8/1/1969 16:00:00	8.04574045248e+13
8/4/1969 16:00:00	8.17361000675e+13
8/5/1969 16:00:00	8.06761711076e+13
8/6/1969 16:00:00	7.93648212592e+13
8/7/1969 16:00:00	7.92188650269e+13
8/8/1969 16:00:00	7.93469891301e+13
8/11/1969 16:00:00	8.08707718126e+13
8/12/1969 16:00:00	8.27461978819e+13
8/13/1969 16:00:00	8.25310831958e+13
8/14/1969 16:00:00	8.08232551705e+13
8/15/1969 16:00:00	7.90954615522e+13
8/18/1969 16:00:00	7.76811506244e+13
8/19/1969 16:00:00	7.64716070836e+13
8/20/1969 16:00:00	7.64071069077e+13
8/21/1969 16:00:00	7.57571485723e+13
8/22/1969 16:00:00	7.44104302358e+13
8/25/1969 16:00:00	7.67039831738e+13
8/26/1969 16:00:00	7.82841199291e+13
8/27/1969 16:00:00	7.78124170448e+13
8/28/1969 16:00:00	7.68259828843e+13
8/29/1969 16:00:00	7.53471268436e+13
9/2/1969 16:00:00	7.53297359806e+13
9/3/1969 16:00:00	7.66745258933e+13
9/4/1969 16:00:00	7.84979133565e+13
9/5/1969 16:00:00	7.99193055899e+13
9/8/1969 16:00:00	8.23766812451e+13
9/9/1969 16:00:00	8.05288773239e+13
9/10/1969 16:00:00	7.64644962486e+13
9/11/1969 16:00:00	7.82102682877e+13
9/12/1969 16:00:00	7.84451259059e+13
9/15/1969 16:00:00	7.66579596981e+13
9/16/1969 16:00:00	7.64590469568e+13
9/17/1969 16:00:00	7.69491004383e+13
9/18/1969 16:00:00	7.66190460688e+13
9/19/1969 16:00:00	7.59119587569e+13
9/22/1969 16:00:00	7.48992117819e+13
9/23/1969 16:00:00	7.48858263323e+13
9/24/1969 16:00:00	7.52369051419e+13
9/25/1969 16:00:00	7.69477850785e+13
9/26/1969 16:00:00	7.84555271303e+13
9/29/1969 16:00:00	8.03887660748e+13
9/30/1969 16:00:00	8.10978470591e+13
10/1/1969 16:00:00	8.2691703138e+13
10/2/1969 16:00:00	8.07902539609e+13
10/3/1969 16:00:00	8.09080059228e+13
10/6/1969 16:00:00	8.04169202638e+13
10/7/1969 16:00:00	8.12082280085e+13
10/8/1969 16:00:00	8.2267982007e+13
10/9/1969 16:00:00	8.13514770129e+13
10/10/1969 16:00:00	7.99764487559e+13
10/13/1969 16:00:00	7.7436976938e+13
10/14/1969 16:00:00	7.46849492234e+13
10/15/1969 16:00:00	7.46148259605e+13
10/16/1969 16:00:00	7.30917736505e+13
10/17/1969 16:00:00	7.33778708274e+13
10/20/1969 16:00:00	7.29377200183e+13
10/21/1969 16:00:00	7.12021555669e+13
10/22/1969 16:00:00	6.98462210699e+13
10/23/1969 16:00:00	7.06065878292e+13
10/24/1969 16:00:00	6.91856289783e+13
10/27/1969 16:00:00	6.94883025509e+13
10/28/1969 16:00:00	7.0176849081e+13
10/29/1969 16:00:00	7.19805346918e+13
10/30/1969 16:00:00	7.17317708702e+13
10/31/1969 16:00:00	7.13156290193e+13
11/3/1969 16:00:00	7.12464723883e+13
11/4/1969 16:00:00	7.11208683323e+13
11/5/1969 16:00:00	7.02048657279e+13
11/6/1969 16:00:00	7.0137890303e+13
11/7/1969 16:00:00	6.89104881706e+13
11/10/1969 16:00:00	6.87404760239e+13
11/11/1969 16:00:00	6.93256387182e+13
11/12/1969 16:00:00	6.96879635748e+13
11/13/1969 16:00:00	7.07188462461e+13
11/14/1969 16:00:00	7.14897671527e+13
11/17/1969 16:00:00	7.29513772928e+13
11/18/1969 16:00:00	7.29965830296e+13
11/19/1969 16:00:00	7.4110214605e+13
11/20/1969 16:00:00	7.6410072307e+13
11/21/1969 16:00:00	7.78112100263e+13
11/24/1969 16:00:00	8.05094088606e+13
11/25/1969 16:00:00	8.12638247584e+13
11/26/1969 16:00:00	8.04105860075e+13
11/28/1969 16:00:00	7.9003647457e+13
12/1/1969 16:00:00	8.04762610505e+13
12/2/1969 16:00:00	8.19825976811e+13
12/3/1969 16:00:00	8.46643528445e+13
12/4/1969 16:00:00	8.37975249646e+13
12/5/1969 16:00:00	8.44775353696e+13
12/8/1969 16:00:00	8.6915604085e+13
12/9/1969 16:00:00	8.7760003886e+13
12/10/1969 16:00:00	8.79128973392e+13
12/11/1969 16:00:00	8.78148279619e+13
12/12/1969 16:00:00	8.69762106394e+13
12/15/1969 16:00:00	8.7754015036e+13
12/16/1969 16:00:00	9.01708604086e+13
12/17/1969 16:00:00	9.17479041672e+13
12/18/1969 16:00:00	8.74081909614e+13
12/19/1969 16:00:00	8.51796465109e+13
12/22/1969 16:00:00	8.74304750682e+13
12/23/1969 16:00:00	8.84363102964e+13
12/24/1969 16:00:00	8.56456789875e+13
12/26/1969 16:00:00	8.3695012434e+13
12/29/1969 16:00:00	8.54826986755e+13
12/30/1969 16:00:00	8.44712530001e+13
12/31/1969 16:00:00	8.3132373797e+13
1/2/1970 16:00:00	8.07180951365e+13
1/5/1970 16:00:00	7.9586672558e+13
1/6/1970 16:00:00	8.13189715276e+13
1/7/1970 16:00:00	8.18575672803e+13
1/8/1970 16:00:00	8.18394477206e+13
1/9/1970 16:00:00	8.26289946317e+13
1/12/1970 16:00:00	8.45683976765e+13
1/13/1970 16:00:00	8.40484237298e+13
1/14/1970 16:00:00	8.49137984508e+13
1/15/1970 16:00:00	8.48987391831e+13
1/16/1970 16:00:00	8.70594870778e+13
1/19/1970 16:00:00	9.08168805081e+13
1/20/1970 16:00:00	9.04043071608e+13
1/21/1970 16:00:00	9.00637491617e+13
1/22/1970 16:00:00	8.98914315905e+13
1/23/1970 16:00:00	9.20618435291e+13
1/26/1970 16:00:00	9.58549675859e+13
1/27/1970 16:00:00	9.77020272553e+13
1/28/1970 16:00:00	1.0054429871e+14
1/29/1970 16:00:00	1.04460526672e+14
1/30/1970 16:00:00	1.07103792325e+14
2/2/1970 16:00:00	1.04394954739e+14
2/3/1970 16:00:00	1.00855157206e+14
2/4/1970 16:00:00	1.02746670008e+14
2/5/1970 16:00:00	1.0406912473e+14
2/6/1970 16:00:00	1.02657444543e+14
2/9/1970 16:00:00	1.00278189653e+14
2/10/1970 16:00:00	1.03552377365e+14
2/11/1970 16:00:00	1.00604428686e+14
2/12/1970 16:00:00	1.01451525844e+14
2/13/1970 16:00:00	1.02218897917e+14
2/16/1970 16:00:00	1.02635938722e+14
2/17/1970 16:00:00	1.03050815116e+14
2/18/1970 16:00:00	9.93125789382e+13
2/19/1970 16:00:00	9.83389073044e+13
2/20/1970 16:00:00	9.75345293535e+13
2/24/1970 16:00:00	9.77370696291e+13
2/25/1970 16:00:00	9.33140828232e+13
2/26/1970 16:00:00	9.47847112882e+13
2/27/1970 16:00:00	9.29738759676e+13
3/2/1970 16:00:00	9.23879963335e+13
3/3/1970 16:00:00	9.08627709371e+13
3/4/1970 16:00:00	9.14987040107e+13
3/5/1970 16:00:00	9.16905426321e+13
3/6/1970 16:00:00	9.34949463672e+13
3/9/1970 16:00:00	9.65222214929e+13
3/10/1970 16:00:00	9.57261210739e+13
3/11/1970 16:00:00	9.59864100683e+13
3/12/1970 16:00:00	9.72431287918e+13
3/13/1970 16:00:00	9.89363719335e+13
3/16/1970 16:00:00	1.02201735402e+14
3/17/1970 16:00:00	1.00995053629e+14
3/18/1970 16:00:00	1.00153531876e+14
3/19/1970 16:00:00	1.0070306293e+14
3/20/1970 16:00:00	1.01947512348e+14
3/23/1970 16:00:00	1.0224014466e+14
3/24/1970 16:00:00	9.88941743521e+13
3/25/1970 16:00:00	9.28995629004e+13
3/26/1970 16:00:00	9.2544551534e+13
3/30/1970 16:00:00	9.35107878914e+13
3/31/1970 16:00:00	9.35385397081e+13
4/1/1970 16:00:00	9.23154314638e+13
4/2/1970 16:00:00	9.32003617427e+13
4/3/1970 16:00:00	9.45614927504e+13
4/6/1970 16:00:00	9.6582103656e+13
4/7/1970 16:00:00	9.74296817508e+13
4/8/1970 16:00:00	9.76234345064e+13
4/9/1970 16:00:00	9.75703733611e+13
4/10/1970 16:00:00	9.86020955336e+13
4/13/1970 16:00:00	1.00745262976e+14
4/14/1970 16:00:00	1.03381946825e+14
4/15/1970 16:00:00	1.04045198411e+14
4/16/1970 16:00:00	1.07250103933e+14
4/17/1970 16:00:00	1.08042968538e+14
4/20/1970 16:00:00	1.07600906302e+14
4/21/1970 16:00:00	1.09335573366e+14
4/22/1970 16:00:00	1.13716013525e+14
4/23/1970 16:00:00	1.18837173692e+14
4/24/1970 16:00:00	1.20067807708e+14
4/27/1970 16:00:00	1.25893806832e+14
4/28/1970 16:00:00	1.31513997922e+14
4/29/1970 16:00:00	1.24045044561e+14
4/30/1970 16:00:00	1.25459760722e+14
5/1/1970 16:00:00	1.25972171862e+14
5/4/1970 16:00:00	1.35667832421e+14
5/5/1970 16:00:00	1.39828118691e+14
5/6/1970 16:00:00	1.35180365399e+14
5/7/1970 16:00:00	1.33561605707e+14
5/8/1970 16:00:00	1.35612304243e+14
5/11/1970 16:00:00	1.40008651259e+14
5/12/1970 16:00:00	1.44189446737e+14
5/13/1970 16:00:00	1.51580400368e+14
5/14/1970 16:00:00	1.58165376546e+14
5/15/1970 16:00:00	1.49233315373e+14
5/18/1970 16:00:00	1.4897797807e+14
5/19/1970 16:00:00	1.57720018069e+14
5/20/1970 16:00:00	1.69956578023e+14
5/21/1970 16:00:00	1.79701920353e+14
5/22/1970 16:00:00	1.79169843416e+14
5/25/1970 16:00:00	1.94082842072e+14
5/26/1970 16:00:00	2.02169741193e+14
5/27/1970 16:00:00	1.71962557023e+14
5/28/1970 16:00:00	1.59050804674e+14
5/29/1970 16:00:00	1.46773132194e+14
6/1/1970 16:00:00	1.39470775443e+14
6/2/1970 16:00:00	1.39506292833e+14
6/3/1970 16:00:00	1.36044153254e+14
6/4/1970 16:00:00	1.42183123262e+14
6/5/1970 16:00:00	1.48829568681e+14
6/8/1970 16:00:00	1.48278855725e+14
6/9/1970 16:00:00	1.48608111334e+14
6/10/1970 16:00:00	1.53162552862e+14
6/11/1970 16:00:00	1.59578891111e+14
6/12/1970 16:00:00	1.63464448209e+14
6/15/1970 16:00:00	1.58858976043e+14
6/16/1970 16:00:00	1.49004430968e+14
6/17/1970 16:00:00	1.5003490248e+14
6/18/1970 16:00:00	1.47108459264e+14
6/19/1970 16:00:00	1.44110156354e+14
6/22/1970 16:00:00	1.46519215463e+14
6/23/1970 16:00:00	1.57402113676e+14
6/24/1970 16:00:00	1.62413610838e+14
6/25/1970 16:00:00	1.62276458252e+14
6/26/1970 16:00:00	1.65907858869e+14
6/29/1970 16:00:00	1.70142026029e+14
6/30/1970 16:00:00	1.71335410375e+14
7/1/1970 16:00:00	1.69931314277e+14
7/2/1970 16:00:00	1.70124665444e+14
7/6/1970 16:00:00	1.78332348464e+14
7/7/1970 16:00:00	1.82424377763e+14
7/8/1970 16:00:00	1.69031213098e+14
7/9/1970 16:00:00	1.6178409061e+14
7/10/1970 16:00:00	1.59360357839e+14
7/13/1970 16:00:00	1.58742214488e+14
7/14/1970 16:00:00	1.59721169174e+14
7/15/1970 16:00:00	1.54617795272e+14
7/16/1970 16:00:00	1.47895037493e+14
7/17/1970 16:00:00	1.402539946e+14
7/20/1970 16:00:00	1.39731417449e+14
7/21/1970 16:00:00	1.44297515483e+14
7/22/1970 16:00:00	1.44007362293e+14
7/23/1970 16:00:00	1.3872508064e+14
7/24/1970 16:00:00	1.3980634384e+14
7/27/1970 16:00:00	1.40752913204e+14
7/28/1970 16:00:00	1.4021451984e+14
7/29/1970 16:00:00	1.38861195303e+14
7/30/1970 16:00:00	1.38742672014e+14
7/31/1970 16:00:00	1.38883903531e+14
8/3/1970 16:00:00	1.44469453343e+14
8/4/1970 16:00:00	1.43643623378e+14
8/5/1970 16:00:00	1.43801323853e+14
8/6/1970 16:00:00	1.44508847279e+14
8/7/1970 16:00:00	1.43401542614e+14
8/10/1970 16:00:00	1.49494840519e+14
8/11/1970 16:00:00	1.51988263714e+14
8/12/1970 16:00:00	1.54374235923e+14
8/13/1970 16:00:00	1.5849490489e+14
8/14/1970 16:00:00	1.55972564299e+14
8/17/1970 16:00:00	1.55046988233e+14
8/18/1970 16:00:00	1.4983954557e+14
8/19/1970 16:00:00	1.45442462538e+14
8/20/1970 16:00:00	1.40523963521e+14
8/21/1970 16:00:00	1.33001081915e+14
8/24/1970 16:00:00	1.24259100521e+14
8/25/1970 16:00:00	1.23802580408e+14
8/26/1970 16:00:00	1.23464526946e+14
8/27/1970 16:00:00	1.24148390785e+14
8/28/1970 16:00:00	1.20620120803e+14
8/31/1970 16:00:00	1.22162731754e+14
9/1/1970 16:00:00	1.24849940423e+14
9/2/1970 16:00:00	1.24864942783e+14
9/3/1970 16:00:00	1.19720273673e+14
9/4/1970 16:00:00	1.16479149328e+14
9/8/1970 16:00:00	1.1575950901e+14
9/9/1970 16:00:00	1.16805149705e+14
9/10/1970 16:00:00	1.1891340218e+14
9/11/1970 16:00:00	1.18068545633e+14
9/14/1970 16:00:00	1.20094651165e+14
9/15/1970 16:00:00	1.23250424484e+14
9/16/1970 16:00:00	1.21331383722e+14
9/17/1970 16:00:00	1.19242506983e+14
9/18/1970 16:00:00	1.17838607515e+14
9/21/1970 16:00:00	1.21010092537e+14
9/22/1970 16:00:00	1.21226122305e+14
9/23/1970 16:00:00	1.21110334468e+14
9/24/1970 16:00:00	1.22206709228e+14
9/25/1970 16:00:00	1.17100600542e+14
9/28/1970 16:00:00	1.12494733887e+14
9/29/1970 16:00:00	1.12803622358e+14
9/30/1970 16:00:00	1.11091083452e+14
10/1/1970 16:00:00	1.11004259934e+14
10/2/1970 16:00:00	1.07794403944e+14
10/5/1970 16:00:00	1.02830231263e+14
10/6/1970 16:00:00	1.01606721638e+14
10/7/1970 16:00:00	1.01520470453e+14
10/8/1970 16:00:00	1.04819784975e+14
10/9/1970 16:00:00	1.0808077374e+14
10/12/1970 16:00:00	1.11660264916e+14
10/13/1970 16:00:00	1.12156032444e+14
10/14/1970 16:00:00	1.11670497843e+14
10/15/1970 16:00:00	1.0991093426e+14
10/16/1970 16:00:00	1.11360273352e+14
10/19/1970 16:00:00	1.15962659045e+14
10/20/1970 16:00:00	1.13900718427e+14
10/21/1970 16:00:00	1.13900026015e+14
10/22/1970 16:00:00	1.15115300625e+14
10/23/1970 16:00:00	1.13586299321e+14
10/26/1970 16:00:00	1.15494448931e+14
10/27/1970 16:00:00	1.16318563412e+14
10/28/1970 16:00:00	1.15077303635e+14
10/29/1970 16:00:00	1.15486706342e+14
10/30/1970 16:00:00	1.16002710505e+14
11/2/1970 16:00:00	1.1497572111e+14
11/3/1970 16:00:00	1.1202472124e+14
11/4/1970 16:00:00	1.114370523e+14
11/5/1970 16:00:00	1.12710753947e+14
11/6/1970 16:00:00	1.12217543532e+14
11/9/1970 16:00:00	1.10541462915e+14
11/10/1970 16:00:00	1.10048564199e+14
11/11/1970 16:00:00	1.0917970939e+14
11/12/1970 16:00:00	1.12593369991e+14
11/13/1970 16:00:00	1.15852351043e+14
11/16/1970 16:00:00	1.16464990232e+14
11/17/1970 16:00:00	1.15531521336e+14
11/18/1970 16:00:00	1.18383499557e+14
11/19/1970 16:00:00	1.17954944061e+14
11/20/1970 16:00:00	1.14470810981e+14
11/23/1970 16:00:00	1.12436108301e+14
11/24/1970 16:00:00	1.10253312732e+14
11/25/1970 16:00:00	1.09096088529e+14
11/27/1970 16:00:00	1.05967124042e+14
11/30/1970 16:00:00	1.01322602908e+14
12/1/1970 16:00:00	1.00378948229e+14
12/2/1970 16:00:00	9.69949845863e+13
12/3/1970 16:00:00	9.56190107436e+13
12/4/1970 16:00:00	9.38675011869e+13
12/7/1970 16:00:00	9.23895292076e+13
12/8/1970 16:00:00	9.38134730402e+13
12/9/1970 16:00:00	9.36359034044e+13
12/10/1970 16:00:00	9.24682198442e+13
12/11/1970 16:00:00	9.14738868894e+13
12/14/1970 16:00:00	9.28891758269e+13
12/15/1970 16:00:00	9.33461775404e+13
12/16/1970 16:00:00	9.32673952945e+13
12/17/1970 16:00:00	9.22679347789e+13
12/18/1970 16:00:00	9.17286453808e+13
12/21/1970 16:00:00	9.26180632478e+13
12/22/1970 16:00:00	9.23794828661e+13
12/23/1970 16:00:00	9.2217381961e+13
12/24/1970 16:00:00	9.07069824109e+13
12/28/1970 16:00:00	8.92301707176e+13
12/29/1970 16:00:00	8.64058678842e+13
12/30/1970 16:00:00	8.58205723024e+13
12/31/1970 16:00:00	8.61985874686e+13
1/4/1971 16:00:00	8.90215925566e+13
1/5/1971 16:00:00	8.72268385559e+13
1/6/1971 16:00:00	8.56662568707e+13
1/7/1971 16:00:00	8.55862031512e+13
1/8/1971 16:00:00	8.61875345972e+13
1/11/1971 16:00:00	8.67926052494e+13
1/12/1971 16:00:00	8.47649147493e+13
1/13/1971 16:00:00	8.52743217115e+13
1/14/1971 16:00:00	8.4647916941e+13
1/15/1971 16:00:00	8.40261309954e+13
1/18/1971 16:00:00	8.30106167846e+13
1/19/1971 16:00:00	8.2145755403e+13
1/20/1971 16:00:00	8.21387029683e+13
1/21/1971 16:00:00	8.10354821088e+13
1/22/1971 16:00:00	7.93152431827e+13
1/25/1971 16:00:00	7.83797723189e+13
1/26/1971 16:00:00	7.76375871397e+13
1/27/1971 16:00:00	7.93569302966e+13
1/28/1971 16:00:00	7.8607104224e+13
1/29/1971 16:00:00	7.69538300613e+13
2/1/1971 16:00:00	7.57057064428e+13
2/2/1971 16:00:00	7.56948300971e+13
2/3/1971 16:00:00	7.52742658792e+13
2/4/1971 16:00:00	7.53208106224e+13
2/5/1971 16:00:00	7.34732285505e+13
2/8/1971 16:00:00	7.17371876366e+13
2/9/1971 16:00:00	7.17643454344e+13
2/10/1971 16:00:00	7.20090838435e+13
2/11/1971 16:00:00	7.03255331889e+13
2/12/1971 16:00:00	6.91125710846e+13
2/16/1971 16:00:00	6.89484212938e+13
2/17/1971 16:00:00	7.00165085593e+13
2/18/1971 16:00:00	7.06812895823e+13
2/19/1971 16:00:00	7.21922461951e+13
2/22/1971 16:00:00	7.438732983e+13
2/23/1971 16:00:00	7.44184634424e+13
2/24/1971 16:00:00	7.2414675608e+13
2/25/1971 16:00:00	7.1145390016e+13
2/26/1971 16:00:00	7.09674829802e+13
3/1/1971 16:00:00	6.99480059762e+13
3/2/1971 16:00:00	6.9984325346e+13
3/3/1971 16:00:00	6.9394483419e+13
3/4/1971 16:00:00	6.7994385589e+13
3/5/1971 16:00:00	6.76266690842e+13
3/8/1971 16:00:00	6.52806183444e+13
3/9/1971 16:00:00	6.49314974044e+13
3/10/1971 16:00:00	6.55264461691e+13
3/11/1971 16:00:00	6.51795197253e+13
3/12/1971 16:00:00	6.4888827705e+13
3/15/1971 16:00:00	6.38040900703e+13
3/16/1971 16:00:00	6.29255825785e+13
3/17/1971 16:00:00	6.31366499213e+13
3/18/1971 16:00:00	6.24525730478e+13
3/19/1971 16:00:00	6.26640415476e+13
3/22/1971 16:00:00	6.34085341429e+13
3/23/1971 16:00:00	6.39832034355e+13
3/24/1971 16:00:00	6.47520369073e+13
3/25/1971 16:00:00	6.49734160685e+13
3/26/1971 16:00:00	6.40717324572e+13
3/29/1971 16:00:00	6.39262712991e+13
3/30/1971 16:00:00	6.36018389951e+13
3/31/1971 16:00:00	6.25518307488e+13
4/1/1971 16:00:00	6.20541386362e+13
4/2/1971 16:00:00	6.10325982884e+13
4/5/1971 16:00:00	6.0551402127e+13
4/6/1971 16:00:00	5.99075334738e+13
4/7/1971 16:00:00	5.9102749521e+13
4/8/1971 16:00:00	5.86435775181e+13
4/12/1971 16:00:00	5.78642119705e+13
4/13/1971 16:00:00	5.79023037332e+13
4/14/1971 16:00:00	5.76128388353e+13
4/15/1971 16:00:00	5.67341174717e+13
4/16/1971 16:00:00	5.63012879376e+13
4/19/1971 16:00:00	5.60273893626e+13
4/20/1971 16:00:00	5.7134231103e+13
4/21/1971 16:00:00	5.71707464335e+13
4/22/1971 16:00:00	5.64188020216e+13
4/23/1971 16:00:00	5.53698595684e+13
4/26/1971 16:00:00	5.47985349077e+13
4/27/1971 16:00:00	5.39377851076e+13
4/28/1971 16:00:00	5.29529608158e+13
4/29/1971 16:00:00	5.2843643248e+13
4/30/1971 16:00:00	5.31595989867e+13
5/3/1971 16:00:00	5.46209967337e+13
5/4/1971 16:00:00	5.39181336925e+13
5/5/1971 16:00:00	5.41023326345e+13
5/6/1971 16:00:00	5.50164581598e+13
5/7/1971 16:00:00	5.56511471223e+13
5/10/1971 16:00:00	5.65974035078e+13
5/11/1971 16:00:00	5.63246093652e+13
5/12/1971 16:00:00	5.62076900492e+13
5/13/1971 16:00:00	5.59376154006e+13
5/14/1971 16:00:00	5.58208434875e+13
5/17/1971 16:00:00	5.82537873568e+13
5/18/1971 16:00:00	5.94226472079e+13
5/19/1971 16:00:00	5.96294319116e+13
5/20/1971 16:00:00	5.90069820414e+13
5/21/1971 16:00:00	5.88833712636e+13
5/24/1971 16:00:00	5.95772356212e+13
5/25/1971 16:00:00	6.11103382069e+13
5/26/1971 16:00:00	6.11518367147e+13
5/27/1971 16:00:00	6.10242731461e+13
5/28/1971 16:00:00	5.98710385067e+13
6/1/1971 16:00:00	5.891267798e+13
6/2/1971 16:00:00	5.78516395991e+13
6/3/1971 16:00:00	5.69369057449e+13
6/4/1971 16:00:00	5.61975940171e+13
6/7/1971 16:00:00	5.60837421291e+13
6/8/1971 16:00:00	5.73440504214e+13
6/9/1971 16:00:00	5.76997121609e+13
6/10/1971 16:00:00	5.72645631005e+13
6/11/1971 16:00:00	5.71488849456e+13
6/14/1971 16:00:00	5.81294357219e+13
6/15/1971 16:00:00	5.84922529942e+13
6/16/1971 16:00:00	5.85343109945e+13
6/17/1971 16:00:00	5.85763992361e+13
6/18/1971 16:00:00	6.05158924918e+13
6/21/1971 16:00:00	6.34288098767e+13
6/22/1971 16:00:00	6.5274170864e+13
6/23/1971 16:00:00	6.43881728944e+13
6/24/1971 16:00:00	6.37043186568e+13
6/25/1971 16:00:00	6.33915684861e+13
6/28/1971 16:00:00	6.37983334389e+13
6/29/1971 16:00:00	6.24002185449e+13
6/30/1971 16:00:00	6.13906216285e+13
7/1/1971 16:00:00	6.0236340248e+13
7/2/1971 16:00:00	5.97810127595e+13
7/6/1971 16:00:00	5.91636868434e+13
7/7/1971 16:00:00	5.79401846287e+13
7/8/1971 16:00:00	5.73498761982e+13
7/9/1971 16:00:00	5.66101145991e+13
7/12/1971 16:00:00	5.6191272205e+13
7/13/1971 16:00:00	5.6842285965e+13
7/14/1971 16:00:00	5.76589688572e+13
7/15/1971 16:00:00	5.77038377215e+13
7/16/1971 16:00:00	5.82243529377e+13
7/19/1971 16:00:00	5.92309669563e+13
7/20/1971 16:00:00	5.86251572472e+13
7/21/1971 16:00:00	5.88341419171e+13
7/22/1971 16:00:00	5.92057629955e+13
7/23/1971 16:00:00	5.90900019558e+13
7/26/1971 16:00:00	5.95831227024e+13
7/27/1971 16:00:00	6.07812976429e+13
7/28/1971 16:00:00	6.2854964933e+13
7/29/1971 16:00:00	6.5730009229e+13
7/30/1971 16:00:00	6.67205551083e+13
8/2/1971 16:00:00	6.62032727067e+13
8/3/1971 16:00:00	6.84802923075e+13
8/4/1971 16:00:00	7.07146022541e+13
8/5/1971 16:00:00	7.11867574284e+13
8/6/1971 16:00:00	6.97890831527e+13
8/9/1971 16:00:00	7.10625476453e+13
8/10/1971 16:00:00	7.15374300746e+13
8/11/1971 16:00:00	6.9292239324e+13
8/12/1971 16:00:00	6.71928271452e+13
8/13/1971 16:00:00	6.68639531503e+13
8/16/1971 16:00:00	6.21358277564e+13
8/17/1971 16:00:00	6.04515084702e+13
8/18/1971 16:00:00	6.13378582188e+13
8/19/1971 16:00:00	6.20705206355e+13
8/20/1971 16:00:00	6.22946034867e+13
8/23/1971 16:00:00	6.16492157297e+13
8/24/1971 16:00:00	6.11847177885e+13
8/25/1971 16:00:00	6.08938438843e+13
8/26/1971 16:00:00	6.06061455486e+13
8/27/1971 16:00:00	6.01527741131e+13
8/30/1971 16:00:00	6.11988693819e+13
8/31/1971 16:00:00	6.17606672069e+13
9/1/1971 16:00:00	6.147007184e+13
9/2/1971 16:00:00	6.08389553477e+13
9/3/1971 16:00:00	5.92502764034e+13
9/7/1971 16:00:00	5.84889149796e+13
9/8/1971 16:00:00	5.83794801024e+13
9/9/1971 16:00:00	5.84295753768e+13
9/10/1971 16:00:00	5.87983479957e+13
9/13/1971 16:00:00	5.91689041995e+13
9/14/1971 16:00:00	5.9863864531e+13
9/15/1971 16:00:00	5.99093009477e+13
9/16/1971 16:00:00	5.99583149626e+13
9/17/1971 16:00:00	5.95127452185e+13
9/20/1971 16:00:00	5.97233046852e+13
9/21/1971 16:00:00	6.00996418123e+13
9/22/1971 16:00:00	6.14281126937e+13
9/23/1971 16:00:00	6.18182205505e+13
9/24/1971 16:00:00	6.16974756194e+13
9/27/1971 16:00:00	6.29425670558e+13
9/28/1971 16:00:00	6.26420375618e+13
9/29/1971 16:00:00	6.23422887927e+13
9/30/1971 16:00:00	6.16997259851e+13
10/1/1971 16:00:00	6.07676287546e+13
10/4/1971 16:00:00	6.01473314062e+13
10/5/1971 16:00:00	6.01953864793e+13
10/6/1971 16:00:00	5.90846003795e+13
10/7/1971 16:00:00	5.86477078959e+13
10/8/1971 16:00:00	5.91713442459e+13
10/11/1971 16:00:00	5.92173900054e+13
10/12/1971 16:00:00	5.89408342843e+13
10/13/1971 16:00:00	5.93096043456e+13
10/14/1971 16:00:00	6.0649549026e+13
10/15/1971 16:00:00	6.11960324819e+13
10/18/1971 16:00:00	6.2042336429e+13
10/19/1971 16:00:00	6.39742698481e+13
10/20/1971 16:00:00	6.65195631935e+13
10/21/1971 16:00:00	6.65686690227e+13
10/22/1971 16:00:00	6.62411849694e+13
10/25/1971 16:00:00	6.72252549652e+13
10/26/1971 16:00:00	6.84191414065e+13
10/27/1971 16:00:00	7.1161912156e+13
10/28/1971 16:00:00	7.08559140688e+13
10/29/1971 16:00:00	6.96827511689e+13
11/1/1971 16:00:00	7.24849595291e+13
11/2/1971 16:00:00	7.29615016e+13
11/3/1971 16:00:00	6.98845225309e+13
11/4/1971 16:00:00	6.87317836529e+13
11/5/1971 16:00:00	6.89788056359e+13
11/8/1971 16:00:00	6.92255800342e+13
11/9/1971 16:00:00	6.86811446892e+13
11/10/1971 16:00:00	7.0296716998e+13
11/11/1971 16:00:00	7.27204636037e+13
11/12/1971 16:00:00	7.23498563523e+13
11/15/1971 16:00:00	7.34530827362e+13
11/16/1971 16:00:00	7.2864704092e+13
11/17/1971 16:00:00	7.31274496356e+13
11/18/1971 16:00:00	7.36041865042e+13
11/19/1971 16:00:00	7.47287891371e+13
11/22/1971 16:00:00	7.71913618712e+13
11/23/1971 16:00:00	8.06782261067e+13
11/24/1971 16:00:00	8.04968800502e+13
11/26/1971 16:00:00	7.7654789588e+13
11/29/1971 16:00:00	7.26368169976e+13
11/30/1971 16:00:00	7.22597305234e+13
12/1/1971 16:00:00	6.85800272409e+13
12/2/1971 16:00:00	6.80387406419e+13
12/3/1971 16:00:00	6.57629289618e+13
12/6/1971 16:00:00	6.65468423356e+13
12/7/1971 16:00:00	6.58424279148e+13
12/8/1971 16:00:00	6.51482537147e+13
12/9/1971 16:00:00	6.46439316804e+13
12/10/1971 16:00:00	6.32426015707e+13
12/13/1971 16:00:00	6.25806339903e+13
12/14/1971 16:00:00	6.27909245792e+13
12/15/1971 16:00:00	6.23399821081e+13
12/16/1971 16:00:00	6.13462103182e+13
12/17/1971 16:00:00	6.05420311445e+13
12/20/1971 16:00:00	5.89223550141e+13
12/21/1971 16:00:00	5.86330105598e+13
12/22/1971 16:00:00	5.81873684176e+13
12/23/1971 16:00:00	5.83753606765e+13
12/27/1971 16:00:00	5.87214121341e+13
12/28/1971 16:00:00	5.84371928093e+13
12/29/1971 16:00:00	5.73779911626e+13
12/30/1971 16:00:00	5.68000352864e+13
12/31/1971 16:00:00	5.51565621565e+13
1/3/1972 16:00:00	5.59194482367e+13
1/4/1972 16:00:00	5.55042784689e+13
1/5/1972 16:00:00	5.42474265948e+13
1/6/1972 16:00:00	5.29940768382e+13
1/7/1972 16:00:00	5.24712095795e+13
1/10/1972 16:00:00	5.24994608534e+13
1/11/1972 16:00:00	5.18449091685e+13
1/12/1972 16:00:00	5.14664347697e+13
1/13/1972 16:00:00	5.21569554083e+13
1/14/1972 16:00:00	5.1777588336e+13
1/17/1972 16:00:00	5.15358126685e+13
1/18/1972 16:00:00	5.04990640633e+13
1/19/1972 16:00:00	5.09123581565e+13
1/20/1972 16:00:00	5.10685036901e+13
1/21/1972 16:00:00	5.12252405134e+13
1/24/1972 16:00:00	5.2172372932e+13
1/25/1972 16:00:00	5.24674677058e+13
1/26/1972 16:00:00	5.2355480167e+13
1/27/1972 16:00:00	5.10242131715e+13
1/28/1972 16:00:00	4.97370540535e+13
1/31/1972 16:00:00	4.91255800783e+13
2/1/1972 16:00:00	4.83071968544e+13
2/2/1972 16:00:00	4.72321428893e+13
2/3/1972 16:00:00	4.70173915781e+13
2/4/1972 16:00:00	4.64515984759e+13
2/7/1972 16:00:00	4.65884714584e+13
2/8/1972 16:00:00	4.63778080707e+13
2/9/1972 16:00:00	4.53614082002e+13
2/10/1972 16:00:00	4.48225342304e+13
2/11/1972 16:00:00	4.46237132225e+13
2/14/1972 16:00:00	4.53020021184e+13
2/15/1972 16:00:00	4.49894953526e+13
2/16/1972 16:00:00	4.42391502923e+13
2/17/1972 16:00:00	4.41530152693e+13
2/18/1972 16:00:00	4.41741766383e+13
2/22/1972 16:00:00	4.43023695837e+13
2/23/1972 16:00:00	4.39968097187e+13
2/24/1972 16:00:00	4.36144903453e+13
2/25/1972 16:00:00	4.27850510348e+13
2/28/1972 16:00:00	4.27004599161e+13
2/29/1972 16:00:00	4.22045393163e+13
3/1/1972 16:00:00	4.13104449102e+13
3/2/1972 16:00:00	4.10343473701e+13
3/3/1972 16:00:00	4.04675763699e+13
3/6/1972 16:00:00	3.98162192806e+13
3/7/1972 16:00:00	3.99299351317e+13
3/8/1972 16:00:00	3.93845699373e+13
3/9/1972 16:00:00	3.89657006592e+13
3/10/1972 16:00:00	3.92381954752e+13
3/13/1972 16:00:00	4.04561432018e+13
3/14/1972 16:00:00	4.00970635175e+13
3/15/1972 16:00:00	3.9740764771e+13
3/16/1972 16:00:00	4.00436206716e+13
3/17/1972 16:00:00	3.98770535495e+13
3/20/1972 16:00:00	4.03690469511e+13
3/21/1972 16:00:00	4.21109042985e+13
3/22/1972 16:00:00	4.1428079876e+13
3/23/1972 16:00:00	4.04636969916e+13
3/24/1972 16:00:00	4.02955560574e+13
3/27/1972 16:00:00	4.03188620031e+13
3/28/1972 16:00:00	4.0247740311e+13
3/29/1972 16:00:00	4.0464307199e+13
3/30/1972 16:00:00	3.99151396714e+13
4/3/1972 16:00:00	3.99398206149e+13
4/4/1972 16:00:00	3.93299296346e+13
4/5/1972 16:00:00	3.82499908776e+13
4/6/1972 16:00:00	3.7475072896e+13
4/7/1972 16:00:00	3.67216208057e+13
4/10/1972 16:00:00	3.67446792615e+13
4/11/1972 16:00:00	3.61789244767e+13
4/12/1972 16:00:00	3.56206201398e+13
4/13/1972 16:00:00	5.00958303268e+13
4/14/1972 16:00:00	2.57345957738e+13
4/17/1972 16:00:00	2.58656484325e+13
4/18/1972 16:00:00	2.56467380798e+13
4/19/1972 16:00:00	2.64525712449e+13
4/20/1972 16:00:00	2.63482042284e+13
4/21/1972 16:00:00	2.63036629895e+13
4/24/1972 16:00:00	2.69748528537e+13
4/25/1972 16:00:00	2.76698864422e+13
4/26/1972 16:00:00	2.76265205592e+13
4/27/1972 16:00:00	2.75805337192e+13
4/28/1972 16:00:00	2.74073862582e+13
5/1/1972 16:00:00	2.81167303418e+13
5/2/1972 16:00:00	2.87199506553e+13
5/3/1972 16:00:00	2.90714880973e+13
5/4/1972 16:00:00	2.90213942009e+13
5/5/1972 16:00:00	2.86998414666e+13
5/8/1972 16:00:00	2.92354067402e+13
5/9/1972 16:00:00	3.11716390742e+13
5/10/1972 16:00:00	3.04436909314e+13
5/11/1972 16:00:00	2.966612866e+13
5/12/1972 16:00:00	2.865314485e+13
5/15/1972 16:00:00	2.80698639205e+13
5/16/1972 16:00:00	2.80225257091e+13
5/17/1972 16:00:00	2.84297995379e+13
5/18/1972 16:00:00	2.7787133253e+13
5/19/1972 16:00:00	2.69074392505e+13
5/22/1972 16:00:00	2.68013288223e+13
5/23/1972 16:00:00	2.67568617568e+13
5/24/1972 16:00:00	2.61639754774e+13
5/25/1972 16:00:00	2.601789535e+13
5/26/1972 16:00:00	2.59755897703e+13
5/30/1972 16:00:00	2.62697925231e+13
5/31/1972 16:00:00	2.68225370693e+13
6/1/1972 16:00:00	2.64736895652e+13
6/2/1972 16:00:00	2.6251219574e+13
6/5/1972 16:00:00	2.67425792142e+13
6/6/1972 16:00:00	2.71855533011e+13
6/7/1972 16:00:00	2.7824478636e+13
6/8/1972 16:00:00	2.77787451607e+13
6/9/1972 16:00:00	2.81165113205e+13
6/12/1972 16:00:00	2.82645940715e+13
6/13/1972 16:00:00	2.80212013638e+13
6/14/1972 16:00:00	2.76514969672e+13
6/15/1972 16:00:00	2.77328918889e+13
6/16/1972 16:00:00	2.7750616389e+13
6/19/1972 16:00:00	2.8087285725e+13
6/20/1972 16:00:00	2.79109730761e+13
6/21/1972 16:00:00	2.77362112316e+13
6/22/1972 16:00:00	2.81361138227e+13
6/23/1972 16:00:00	2.8543568594e+13
6/26/1972 16:00:00	2.91573607115e+13
6/27/1972 16:00:00	2.88368069803e+13
6/28/1972 16:00:00	2.89903841809e+13
6/29/1972 16:00:00	2.91449882649e+13
6/30/1972 16:00:00	2.86887073965e+13
7/3/1972 16:00:00	2.83762452651e+13
7/5/1972 16:00:00	2.79368647597e+13
7/6/1972 16:00:00	2.7570868665e+13
7/7/1972 16:00:00	2.78422447282e+13
7/10/1972 16:00:00	2.82444956615e+13
7/11/1972 16:00:00	2.85233568501e+13
7/12/1972 16:00:00	2.88046412858e+13
7/13/1972 16:00:00	2.95586450388e+13
7/14/1972 16:00:00	2.9301976376e+13
7/17/1972 16:00:00	2.99873714332e+13
7/18/1972 16:00:00	3.06415190854e+13
7/19/1972 16:00:00	3.0440615535e+13
7/20/1972 16:00:00	3.09637013575e+13
7/21/1972 16:00:00	3.06174243419e+13
7/24/1972 16:00:00	2.97877242558e+13
7/25/1972 16:00:00	2.99991372697e+13
7/26/1972 16:00:00	2.99472938288e+13
7/27/1972 16:00:00	3.01077280089e+13
7/28/1972 16:00:00	3.03396570354e+13
7/31/1972 16:00:00	3.05738758048e+13
8/1/1972 16:00:00	3.01618184431e+13
8/2/1972 16:00:00	2.94922856197e+13
8/3/1972 16:00:00	2.88937139801e+13
8/4/1972 16:00:00	2.85121107946e+13
8/7/1972 16:00:00	2.84660626074e+13
8/8/1972 16:00:00	2.87480475916e+13
8/9/1972 16:00:00	2.86359585663e+13
8/10/1972 16:00:00	2.86559537976e+13
8/11/1972 16:00:00	2.80816474181e+13
8/14/1972 16:00:00	2.81015249147e+13
8/15/1972 16:00:00	2.82501011972e+13
8/16/1972 16:00:00	2.82720847663e+13
8/17/1972 16:00:00	2.8746236274e+13
8/18/1972 16:00:00	2.83689417359e+13
8/21/1972 16:00:00	2.84535821587e+13
8/22/1972 16:00:00	2.84723130304e+13
8/23/1972 16:00:00	2.86229759109e+13
8/24/1972 16:00:00	2.91038265535e+13
8/25/1972 16:00:00	2.91914535289e+13
8/28/1972 16:00:00	2.95499154807e+13
8/29/1972 16:00:00	2.98463465446e+13
8/30/1972 16:00:00	2.95925313782e+13
8/31/1972 16:00:00	2.95462387634e+13
9/1/1972 16:00:00	2.90202072345e+13
9/5/1972 16:00:00	2.93077414644e+13
9/6/1972 16:00:00	2.97983235542e+13
9/7/1972 16:00:00	3.00964853736e+13
9/8/1972 16:00:00	3.01871736476e+13
9/11/1972 16:00:00	3.07541801391e+13
9/12/1972 16:00:00	3.157041467e+13
9/13/1972 16:00:00	3.13685920139e+13
9/14/1972 16:00:00	3.13160078241e+13
9/15/1972 16:00:00	3.12645211855e+13
9/18/1972 16:00:00	3.1361125459e+13
9/19/1972 16:00:00	3.15331495711e+13
9/20/1972 16:00:00	3.14824484232e+13
9/21/1972 16:00:00	3.16552553237e+13
9/22/1972 16:00:00	3.15293158479e+13
9/25/1972 16:00:00	3.20742563121e+13
9/26/1972 16:00:00	3.18678229402e+13
9/27/1972 16:00:00	3.07559886144e+13
9/28/1972 16:00:00	3.0436158731e+13
9/29/1972 16:00:00	3.01025500207e+13
10/2/1972 16:00:00	3.03358263898e+13
10/3/1972 16:00:00	3.02191370237e+13
10/4/1972 16:00:00	3.03858130419e+13
10/5/1972 16:00:00	3.13130600102e+13
10/6/1972 16:00:00	3.12630619189e+13
10/9/1972 16:00:00	3.09924344321e+13
10/10/1972 16:00:00	3.06698757824e+13
10/11/1972 16:00:00	3.09608052696e+13
10/12/1972 16:00:00	3.14918102489e+13
10/13/1972 16:00:00	3.2034463671e+13
10/16/1972 16:00:00	3.30456528315e+13
10/17/1972 16:00:00	3.26736575044e+13
10/18/1972 16:00:00	3.21502017865e+13
10/19/1972 16:00:00	3.23261786277e+13
10/20/1972 16:00:00	3.1504460794e+13
10/23/1972 16:00:00	3.10076054286e+13
10/24/1972 16:00:00	3.09033657789e+13
10/25/1972 16:00:00	3.09292911174e+13
10/26/1972 16:00:00	3.05909496925e+13
10/27/1972 16:00:00	3.05422387053e+13
10/30/1972 16:00:00	3.05644925708e+13
10/31/1972 16:00:00	3.00882321124e+13
11/1/1972 16:00:00	2.91372022019e+13
11/2/1972 16:00:00	2.88251679936e+13
11/3/1972 16:00:00	2.80571432455e+13
11/6/1972 16:00:00	2.78885794576e+13
11/8/1972 16:00:00	2.82283353281e+13
11/9/1972 16:00:00	2.84416087437e+13
11/10/1972 16:00:00	2.82700047427e+13
11/13/1972 16:00:00	2.84832766729e+13
11/14/1972 16:00:00	2.84387649844e+13
11/15/1972 16:00:00	2.87755582806e+13
11/16/1972 16:00:00	2.88617844537e+13
11/17/1972 16:00:00	2.8882537099e+13
11/20/1972 16:00:00	2.90357939456e+13
11/21/1972 16:00:00	2.89921097667e+13
11/22/1972 16:00:00	2.88151248464e+13
11/24/1972 16:00:00	2.85087937045e+13
11/27/1972 16:00:00	2.87886470839e+13
11/28/1972 16:00:00	2.87453077006e+13
11/29/1972 16:00:00	2.87653792853e+13
11/30/1972 16:00:00	2.85913975103e+13
12/1/1972 16:00:00	2.80464642131e+13
12/4/1972 16:00:00	2.79419538926e+13
12/5/1972 16:00:00	2.78380217147e+13
12/6/1972 16:00:00	2.76074176699e+13
12/7/1972 16:00:00	2.73814057442e+13
12/8/1972 16:00:00	2.74024507145e+13
12/11/1972 16:00:00	2.76072732163e+13
12/12/1972 16:00:00	2.79386659353e+13
12/13/1972 16:00:00	2.8337942743e+13
12/14/1972 16:00:00	2.8599967087e+13
12/15/1972 16:00:00	2.84934299814e+13
12/18/1972 16:00:00	2.9160570507e+13
12/19/1972 16:00:00	2.92502305245e+13
12/20/1972 16:00:00	2.96060752769e+13
12/21/1972 16:00:00	3.0171768473e+13
12/22/1972 16:00:00	3.00570738449e+13
12/26/1972 16:00:00	3.01494941585e+13
12/27/1972 16:00:00	2.96873061468e+13
12/29/1972 16:00:00	2.85069085456e+13
1/2/1973 16:00:00	2.79537977144e+13
1/3/1973 16:00:00	2.74756288071e+13
1/4/1973 16:00:00	2.74992055699e+13
1/5/1973 16:00:00	2.72165753306e+13
1/8/1973 16:00:00	2.71790159516e+13
1/9/1973 16:00:00	2.72012521097e+13
1/10/1973 16:00:00	2.71631932626e+13
1/11/1973 16:00:00	2.67652116306e+13
1/12/1973 16:00:00	2.72601590063e+13
1/15/1973 16:00:00	2.81303306855e+13
1/16/1973 16:00:00	2.85359938545e+13
1/17/1973 16:00:00	2.84957111245e+13
1/18/1973 16:00:00	2.83919966009e+13
1/19/1973 16:00:00	2.86725121826e+13
1/22/1973 16:00:00	2.91987391594e+13
1/23/1973 16:00:00	2.96891626652e+13
1/24/1973 16:00:00	3.10014353992e+13
1/26/1973 16:00:00	3.15326269623e+13
1/29/1973 16:00:00	3.24962790772e+13
1/30/1973 16:00:00	3.27555187073e+13
1/31/1973 16:00:00	3.2633469699e+13
2/1/1973 16:00:00	3.38145871194e+13
2/2/1973 16:00:00	3.41687387287e+13
2/5/1973 16:00:00	3.46080451458e+13
2/6/1973 16:00:00	3.43892600405e+13
2/7/1973 16:00:00	3.54861638338e+13
2/8/1973 16:00:00	3.63755702472e+13
2/9/1973 16:00:00	3.47295329765e+13
2/12/1973 16:00:00	3.39313195304e+13
2/13/1973 16:00:00	3.3723972895e+13
2/14/1973 16:00:00	3.52013763272e+13
2/15/1973 16:00:00	3.60851419076e+13
2/16/1973 16:00:00	3.5949800049e+13
2/20/1973 16:00:00	3.56354799768e+13
2/21/1973 16:00:00	3.66089049574e+13
2/22/1973 16:00:00	3.67999460454e+13
2/23/1973 16:00:00	3.80910475155e+13
2/26/1973 16:00:00	3.90689888436e+13
2/27/1973 16:00:00	4.05703343658e+13
2/28/1973 16:00:00	4.00037282906e+13
3/1/1973 16:00:00	4.09478229045e+13
3/2/1973 16:00:00	4.03735985917e+13
3/5/1973 16:00:00	3.99094221611e+13
3/6/1973 16:00:00	3.85529266591e+13
3/7/1973 16:00:00	3.8303218655e+13
3/8/1973 16:00:00	3.85326192358e+13
3/9/1973 16:00:00	3.86693453849e+13
3/12/1973 16:00:00	3.88073770774e+13
3/13/1973 16:00:00	3.86595359507e+13
3/14/1973 16:00:00	3.86988889836e+13
3/15/1973 16:00:00	3.92192373025e+13
3/16/1973 16:00:00	3.96513259958e+13
3/19/1973 16:00:00	4.09757957628e+13
3/20/1973 16:00:00	4.16358795461e+13
3/21/1973 16:00:00	4.31204839672e+13
3/22/1973 16:00:00	4.5593213585e+13
3/23/1973 16:00:00	4.58791175606e+13
3/26/1973 16:00:00	4.59286063672e+13
3/27/1973 16:00:00	4.43001770582e+13
3/28/1973 16:00:00	4.4120264641e+13
3/29/1973 16:00:00	4.29207069698e+13
3/30/1973 16:00:00	4.37351609239e+13
4/2/1973 16:00:00	4.56921200121e+13
4/3/1973 16:00:00	4.72864498829e+13
4/4/1973 16:00:00	4.92934076312e+13
4/5/1973 16:00:00	5.05314642962e+13
4/6/1973 16:00:00	4.88173135496e+13
4/9/1973 16:00:00	4.79575689312e+13
4/10/1973 16:00:00	4.70224266041e+13
4/11/1973 16:00:00	4.64470228783e+13
4/12/1973 16:00:00	4.6130819057e+13
4/13/1973 16:00:00	4.66601010359e+13
4/16/1973 16:00:00	4.74433134394e+13
4/17/1973 16:00:00	4.87164867594e+13
4/18/1973 16:00:00	4.86484503112e+13
4/19/1973 16:00:00	4.8186820484e+13
4/23/1973 16:00:00	4.9637590969e+13
4/24/1973 16:00:00	5.20762798846e+13
4/25/1973 16:00:00	5.467756187e+13
4/26/1973 16:00:00	5.42865341961e+13
4/27/1973 16:00:00	5.62500881789e+13
4/30/1973 16:00:00	5.72540648346e+13
5/1/1973 16:00:00	5.70023847605e+13
5/2/1973 16:00:00	5.53120326135e+13
5/3/1973 16:00:00	5.43425914143e+13
5/4/1973 16:00:00	5.27637073916e+13
5/7/1973 16:00:00	5.34008562608e+13
5/8/1973 16:00:00	5.31722745814e+13
5/9/1973 16:00:00	5.3520351635e+13
5/10/1973 16:00:00	5.38750019098e+13
5/11/1973 16:00:00	5.56703501539e+13
5/14/1973 16:00:00	5.97361822517e+13
5/15/1973 16:00:00	6.04819703336e+13
5/16/1973 16:00:00	6.05556216576e+13
5/17/1973 16:00:00	6.21796515646e+13
5/18/1973 16:00:00	6.63105648907e+13
5/21/1973 16:00:00	7.04706921758e+13
5/22/1973 16:00:00	6.88719890495e+13
5/23/1973 16:00:00	6.79365170398e+13
5/24/1973 16:00:00	6.36063726087e+13
5/25/1973 16:00:00	6.20748984759e+13
5/29/1973 16:00:00	6.2861098995e+13
5/30/1973 16:00:00	6.57830299648e+13
5/31/1973 16:00:00	6.70177487613e+13
6/1/1973 16:00:00	6.76949709273e+13
6/4/1973 16:00:00	7.07773680569e+13
6/5/1973 16:00:00	6.89656144399e+13
6/6/1973 16:00:00	6.9052352526e+13
6/7/1973 16:00:00	6.72991979809e+13
6/8/1973 16:00:00	6.52081130203e+13
6/11/1973 16:00:00	6.66193364506e+13
6/12/1973 16:00:00	6.32413235087e+13
6/13/1973 16:00:00	6.41752033237e+13
6/14/1973 16:00:00	6.55559050694e+13
6/15/1973 16:00:00	6.81213821563e+13
6/18/1973 16:00:00	7.12238486497e+13
6/19/1973 16:00:00	7.08922649815e+13
6/20/1973 16:00:00	7.05623894786e+13
6/21/1973 16:00:00	7.23382413763e+13
6/22/1973 16:00:00	7.1129087642e+13
6/25/1973 16:00:00	7.45663498976e+13
6/26/1973 16:00:00	7.3365515551e+13
6/27/1973 16:00:00	7.30182028003e+13
6/28/1973 16:00:00	7.09197021899e+13
6/29/1973 16:00:00	7.14387047699e+13
7/2/1973 16:00:00	7.34682625851e+13
7/3/1973 16:00:00	7.51105263072e+13
7/5/1973 16:00:00	7.52230014948e+13
7/6/1973 16:00:00	7.51060232876e+13
7/9/1973 16:00:00	7.41374201847e+13
7/10/1973 16:00:00	7.15624425775e+13
7/11/1973 16:00:00	6.84594474457e+13
7/12/1973 16:00:00	6.75569306331e+13
7/13/1973 16:00:00	6.8052227879e+13
7/16/1973 16:00:00	6.61754720333e+13
7/17/1973 16:00:00	6.51925314511e+13
7/18/1973 16:00:00	6.30371797921e+13
7/19/1973 16:00:00	6.18844063819e+13
7/20/1973 16:00:00	5.98833509746e+13
7/23/1973 16:00:00	5.98155079756e+13
7/24/1973 16:00:00	5.9077486245e+13
7/25/1973 16:00:00	5.76860607848e+13
7/26/1973 16:00:00	5.7781110867e+13
7/27/1973 16:00:00	5.75975793254e+13
7/30/1973 16:00:00	5.84504650275e+13
7/31/1973 16:00:00	5.90372400951e+13
8/1/1973 16:00:00	6.15748618833e+13
8/2/1973 16:00:00	6.18511648463e+13
8/3/1973 16:00:00	6.23018964915e+13
8/6/1973 16:00:00	6.16996126047e+13
8/7/1973 16:00:00	6.16221957896e+13
8/8/1973 16:00:00	6.37857034429e+13
8/9/1973 16:00:00	6.38888668252e+13
8/10/1973 16:00:00	6.54451088351e+13
8/13/1973 16:00:00	6.73788393316e+13
8/14/1973 16:00:00	6.88501134582e+13
8/15/1973 16:00:00	6.95541590027e+13
8/16/1973 16:00:00	6.9666540782e+13
8/17/1973 16:00:00	6.89651214419e+13
8/20/1973 16:00:00	7.10828294175e+13
8/21/1973 16:00:00	7.24527760268e+13
8/22/1973 16:00:00	7.42816295568e+13
8/23/1973 16:00:00	7.17516382339e+13
8/24/1973 16:00:00	7.20826706514e+13
8/27/1973 16:00:00	7.11410240243e+13
8/28/1973 16:00:00	7.10481801834e+13
8/29/1973 16:00:00	6.95034319351e+13
8/30/1973 16:00:00	6.92160460096e+13
8/31/1973 16:00:00	6.75800543392e+13
9/4/1973 16:00:00	6.65274035668e+13
9/5/1973 16:00:00	6.56677808669e+13
9/6/1973 16:00:00	6.50291161226e+13
9/7/1973 16:00:00	6.40314720203e+13
9/10/1973 16:00:00	6.54048710122e+13
9/11/1973 16:00:00	6.64427726582e+13
9/12/1973 16:00:00	6.74921697702e+13
9/13/1973 16:00:00	6.70260816448e+13
9/14/1973 16:00:00	6.61808544527e+13
9/17/1973 16:00:00	6.59152825734e+13
9/18/1973 16:00:00	6.60237866931e+13
9/19/1973 16:00:00	6.31359616623e+13
9/20/1973 16:00:00	6.1653044606e+13
9/21/1973 16:00:00	6.06017990221e+13
9/24/1973 16:00:00	6.03678358292e+13
9/25/1973 16:00:00	6.02998976307e+13
9/26/1973 16:00:00	5.90833455339e+13
9/27/1973 16:00:00	5.80551715677e+13
9/28/1973 16:00:00	5.83093317537e+13
10/1/1973 16:00:00	5.87236200604e+13
10/2/1973 16:00:00	5.75444437849e+13
10/3/1973 16:00:00	5.71676491169e+13
10/4/1973 16:00:00	5.81855290947e+13
10/5/1973 16:00:00	5.65497414708e+13
10/8/1973 16:00:00	5.57336541855e+13
10/9/1973 16:00:00	5.59616516036e+13
10/10/1973 16:00:00	5.73589832244e+13
10/11/1973 16:00:00	5.52897137478e+13
10/12/1973 16:00:00	5.46417408755e+13
10/15/1973 16:00:00	5.61697053657e+13
10/16/1973 16:00:00	5.62569597686e+13
10/17/1973 16:00:00	5.69435712571e+13
10/18/1973 16:00:00	5.6878851234e+13
10/19/1973 16:00:00	5.62046912782e+13
10/22/1973 16:00:00	5.77855542386e+13
10/23/1973 16:00:00	5.86489205336e+13
10/24/1973 16:00:00	5.8269768623e+13
10/25/1973 16:00:00	5.80440952403e+13
10/26/1973 16:00:00	5.73512604872e+13
10/29/1973 16:00:00	5.85107803891e+13
10/30/1973 16:00:00	6.0961160851e+13
10/31/1973 16:00:00	6.17257075668e+13
11/1/1973 16:00:00	6.28329343009e+13
11/2/1973 16:00:00	6.40936639549e+13
11/5/1973 16:00:00	6.73837681079e+13
11/6/1973 16:00:00	6.90025753433e+13
11/7/1973 16:00:00	6.8319587319e+13
11/8/1973 16:00:00	6.72636071943e+13
11/9/1973 16:00:00	7.01998001348e+13
11/12/1973 16:00:00	7.17059194147e+13
11/13/1973 16:00:00	7.26396436506e+13
11/14/1973 16:00:00	7.8364514193e+13
11/15/1973 16:00:00	7.94116988435e+13
11/16/1973 16:00:00	8.00076025275e+13
11/19/1973 16:00:00	8.57924449879e+13
11/20/1973 16:00:00	9.22060262661e+13
11/21/1973 16:00:00	9.03246244777e+13
11/23/1973 16:00:00	9.04659459983e+13
11/26/1973 16:00:00	9.95089363641e+13
11/27/1973 16:00:00	1.02854437417e+14
11/28/1973 16:00:00	9.71037535489e+13
11/29/1973 16:00:00	9.81057077745e+13
11/30/1973 16:00:00	1.01701432035e+14
12/3/1973 16:00:00	1.06784819894e+14
12/4/1973 16:00:00	1.08355894869e+14
12/5/1973 16:00:00	1.15195011805e+14
12/6/1973 16:00:00	1.09277974883e+14
12/7/1973 16:00:00	1.05841185477e+14
12/10/1973 16:00:00	1.01858802058e+14
12/11/1973 16:00:00	1.06288357298e+14
12/12/1973 16:00:00	1.11298902081e+14
12/13/1973 16:00:00	1.17661844856e+14
12/14/1973 16:00:00	1.15853539336e+14
12/17/1973 16:00:00	1.17989105596e+14
12/18/1973 16:00:00	1.12287066652e+14
12/19/1973 16:00:00	1.13958732303e+14
12/20/1973 16:00:00	1.13755276346e+14
12/21/1973 16:00:00	1.16874751318e+14
12/24/1973 16:00:00	1.20197994611e+14
12/26/1973 16:00:00	1.14301877387e+14
12/27/1973 16:00:00	1.10271318437e+14
12/28/1973 16:00:00	1.08983041707e+14
12/31/1973 16:00:00	1.07355640298e+14
1/2/1974 16:00:00	1.06462519664e+14
1/3/1974 16:00:00	1.00722670798e+14
1/4/1974 16:00:00	1.01197346696e+14
1/7/1974 16:00:00	1.00051992226e+14
1/8/1974 16:00:00	1.01794927593e+14
1/9/1974 16:00:00	1.0782404193e+14
1/10/1974 16:00:00	1.10805704424e+14
1/11/1974 16:00:00	1.08046873034e+14
1/14/1974 16:00:00	1.07502075729e+14
1/15/1974 16:00:00	1.05208405089e+14
1/16/1974 16:00:00	1.00597721497e+14
1/17/1974 16:00:00	9.63342049099e+13
1/18/1974 16:00:00	9.82940865016e+13
1/21/1974 16:00:00	1.00849300829e+14
1/22/1974 16:00:00	9.85018964305e+13
1/23/1974 16:00:00	9.70881484104e+13
1/24/1974 16:00:00	9.78404470435e+13
1/25/1974 16:00:00	9.86003395837e+13
1/28/1974 16:00:00	9.99905249587e+13
1/29/1974 16:00:00	1.01323108573e+14
1/30/1974 16:00:00	9.96151653342e+13
1/31/1974 16:00:00	1.00704041583e+14
2/1/1974 16:00:00	1.03328023302e+14
2/4/1974 16:00:00	1.07445771872e+14
2/5/1974 16:00:00	1.08985374512e+14
2/6/1974 16:00:00	1.08420748764e+14
2/7/1974 16:00:00	1.08213957773e+14
2/8/1974 16:00:00	1.10469521465e+14
2/11/1974 16:00:00	1.14593956941e+14
2/12/1974 16:00:00	1.1702825886e+14
2/13/1974 16:00:00	1.18756339484e+14
2/14/1974 16:00:00	1.1851995757e+14
2/15/1974 16:00:00	1.15512820037e+14
2/19/1974 16:00:00	1.16440521901e+14
2/20/1974 16:00:00	1.13516698304e+14
2/21/1974 16:00:00	1.11429138629e+14
2/22/1974 16:00:00	1.09028852866e+14
2/25/1974 16:00:00	1.09882654497e+14
2/26/1974 16:00:00	1.08600056162e+14
2/27/1974 16:00:00	1.05227390401e+14
2/28/1974 16:00:00	1.04695808704e+14
3/1/1974 16:00:00	1.05509051226e+14
3/4/1974 16:00:00	1.06669818275e+14
3/5/1974 16:00:00	1.03733070669e+14
3/6/1974 16:00:00	1.02635294242e+14
3/7/1974 16:00:00	1.04647219353e+14
3/8/1974 16:00:00	1.02536272381e+14
3/11/1974 16:00:00	1.00402933353e+14
3/12/1974 16:00:00	1.0085954683e+14
3/13/1974 16:00:00	9.94172704768e+13
3/14/1974 16:00:00	1.00179105738e+14
3/15/1974 16:00:00	9.90652367638e+13
3/18/1974 16:00:00	1.02615308759e+14
3/19/1974 16:00:00	1.04708093211e+14
3/20/1974 16:00:00	1.04523911761e+14
3/21/1974 16:00:00	1.03015221264e+14
3/22/1974 16:00:00	1.03167836074e+14
3/25/1974 16:00:00	1.03650441353e+14
3/26/1974 16:00:00	1.03801677761e+14
3/27/1974 16:00:00	1.07483865047e+14
3/28/1974 16:00:00	1.12123180871e+14
3/29/1974 16:00:00	1.144782925e+14
4/1/1974 16:00:00	1.16150517858e+14
4/2/1974 16:00:00	1.15944986023e+14
4/3/1974 16:00:00	1.1573856562e+14
4/4/1974 16:00:00	1.16672375763e+14
4/5/1974 16:00:00	1.21444972323e+14
4/8/1974 16:00:00	1.24865829299e+14
4/9/1974 16:00:00	1.23803907951e+14
4/10/1974 16:00:00	1.25237861468e+14
4/11/1974 16:00:00	1.25750517387e+14
4/15/1974 16:00:00	1.27639956097e+14
4/16/1974 16:00:00	1.24080636042e+14
4/17/1974 16:00:00	1.22624677038e+14
4/18/1974 16:00:00	1.22011072131e+14
4/19/1974 16:00:00	1.24643204004e+14
4/22/1974 16:00:00	1.24854756424e+14
4/23/1974 16:00:00	1.32469896275e+14
4/24/1974 16:00:00	1.39901438313e+14
4/25/1974 16:00:00	1.44513869853e+14
4/26/1974 16:00:00	1.43753924072e+14
4/29/1974 16:00:00	1.42495788451e+14
4/30/1974 16:00:00	1.40750483416e+14
5/1/1974 16:00:00	1.3756066003e+14
5/2/1974 16:00:00	1.359061707e+14
5/3/1974 16:00:00	1.3847684226e+14
5/6/1974 16:00:00	1.39676741305e+14
5/7/1974 16:00:00	1.42814915658e+14
5/8/1974 16:00:00	1.48011317242e+14
5/9/1974 16:00:00	1.47753736319e+14
5/10/1974 16:00:00	1.55675956566e+14
5/13/1974 16:00:00	1.62078821319e+14
5/14/1974 16:00:00	1.62364274616e+14
5/15/1974 16:00:00	1.60883830462e+14
5/16/1974 16:00:00	1.61170265046e+14
5/17/1974 16:00:00	1.70765620664e+14
5/20/1974 16:00:00	1.74203985133e+14
5/21/1974 16:00:00	1.75118601685e+14
5/22/1974 16:00:00	1.79280613701e+14
5/23/1974 16:00:00	1.80260917258e+14
5/24/1974 16:00:00	1.75179775974e+14
5/28/1974 16:00:00	1.77444585889e+14
5/29/1974 16:00:00	1.86204504437e+14
5/30/1974 16:00:00	1.8442628197e+14
5/31/1974 16:00:00	1.84237517209e+14
6/3/1974 16:00:00	1.78331743488e+14
6/4/1974 16:00:00	1.73996369154e+14
6/5/1974 16:00:00	1.71724173139e+14
6/6/1974 16:00:00	1.65726735884e+14
6/7/1974 16:00:00	1.63014881386e+14
6/10/1974 16:00:00	1.62129277912e+14
6/11/1974 16:00:00	1.65918384528e+14
6/12/1974 16:00:00	1.67440196187e+14
6/13/1974 16:00:00	1.67136339387e+14
6/14/1974 16:00:00	1.69872665209e+14
6/17/1974 16:00:00	1.78227408131e+14
6/18/1974 16:00:00	1.79865696809e+14
6/19/1974 16:00:00	1.84185957111e+14
6/20/1974 16:00:00	1.90547374961e+14
6/21/1974 16:00:00	1.95940907577e+14
6/24/1974 16:00:00	1.97795176894e+14
6/25/1974 16:00:00	1.95139198973e+14
6/26/1974 16:00:00	2.02920710581e+14
6/27/1974 16:00:00	2.15060091844e+14
6/28/1974 16:00:00	2.22260327347e+14
7/1/1974 16:00:00	2.28047777169e+14
7/2/1974 16:00:00	2.42906095542e+14
7/3/1974 16:00:00	2.44407903525e+14
7/5/1974 16:00:00	2.4591254528e+14
7/8/1974 16:00:00	2.72639942695e+14
7/9/1974 16:00:00	2.77862837735e+14
7/10/1974 16:00:00	2.87584966392e+14
7/11/1974 16:00:00	2.90668392091e+14
7/12/1974 16:00:00	2.65153856215e+14
7/15/1974 16:00:00	2.62356853611e+14
7/16/1974 16:00:00	2.67249649902e+14
7/17/1974 16:00:00	2.55343233054e+14
7/18/1974 16:00:00	2.54768894794e+14
7/19/1974 16:00:00	2.4892565514e+14
7/22/1974 16:00:00	2.49399077084e+14
7/23/1974 16:00:00	2.39629225666e+14
7/24/1974 16:00:00	2.38215841646e+14
7/25/1974 16:00:00	2.49273539348e+14
7/26/1974 16:00:00	2.56918997782e+14
7/29/1974 16:00:00	2.71229262818e+14
7/30/1974 16:00:00	2.74001938526e+14
7/31/1974 16:00:00	2.89290398298e+14
8/1/1974 16:00:00	2.94823386043e+14
8/2/1974 16:00:00	2.97933341788e+14
8/5/1974 16:00:00	2.94604314698e+14
8/6/1974 16:00:00	2.85270402937e+14
8/7/1974 16:00:00	2.71153458486e+14
8/8/1974 16:00:00	2.83065902211e+14
8/9/1974 16:00:00	2.83591585381e+14
8/12/1974 16:00:00	2.87446034549e+14
8/13/1974 16:00:00	3.07680503487e+14
8/14/1974 16:00:00	3.2847580827e+14
8/15/1974 16:00:00	3.34984390746e+14
8/16/1974 16:00:00	3.50724885491e+14
8/19/1974 16:00:00	3.63835738307e+14
8/20/1974 16:00:00	3.54839686136e+14
8/21/1974 16:00:00	3.68111115257e+14
8/22/1974 16:00:00	3.91034415643e+14
8/23/1974 16:00:00	4.10304741884e+14
8/26/1974 16:00:00	4.05142888167e+14
8/27/1974 16:00:00	3.98101252747e+14
8/28/1974 16:00:00	4.15833737095e+14
8/29/1974 16:00:00	4.36680726651e+14
8/30/1974 16:00:00	4.1601404018e+14
9/3/1974 16:00:00	4.46939388213e+14
9/4/1974 16:00:00	4.91447140991e+14
9/5/1974 16:00:00	4.59622726774e+14
9/6/1974 16:00:00	4.48932748788e+14
9/9/1974 16:00:00	4.78743797502e+14
9/10/1974 16:00:00	4.89335195838e+14
9/11/1974 16:00:00	4.97630767097e+14
9/12/1974 16:00:00	5.24084736526e+14
9/13/1974 16:00:00	5.5241653491e+14
9/16/1974 16:00:00	5.38710766898e+14
9/17/1974 16:00:00	5.25441669931e+14
9/18/1974 16:00:00	5.15322603821e+14
9/19/1974 16:00:00	4.78765658048e+14
9/20/1974 16:00:00	4.6988654997e+14
9/23/1974 16:00:00	4.75430245516e+14
9/24/1974 16:00:00	4.97844602112e+14
9/25/1974 16:00:00	4.98687984295e+14
9/26/1974 16:00:00	5.22550757947e+14
9/27/1974 16:00:00	5.45225647299e+14
9/30/1974 16:00:00	5.85756678329e+14
10/1/1974 16:00:00	5.9312002411e+14
10/2/1974 16:00:00	5.87618199626e+14
10/3/1974 16:00:00	6.14057626798e+14
10/4/1974 16:00:00	6.04961054702e+14
10/7/1974 16:00:00	5.60499647961e+14
10/8/1974 16:00:00	5.76297443732e+14
10/9/1974 16:00:00	5.30636926792e+14
10/10/1974 16:00:00	5.06450602155e+14
10/11/1974 16:00:00	4.57629208153e+14
10/14/1974 16:00:00	4.29208189347e+14
10/15/1974 16:00:00	4.36185963481e+14
10/16/1974 16:00:00	4.41168144671e+14
10/17/1974 16:00:00	4.24456150515e+14
10/18/1974 16:00:00	4.08575293628e+14
10/21/1974 16:00:00	3.89559821019e+14
10/22/1974 16:00:00	3.84614695874e+14
10/23/1974 16:00:00	3.97873164354e+14
10/24/1974 16:00:00	4.13604198906e+14
10/25/1974 16:00:00	4.0824349202e+14
10/28/1974 16:00:00	4.16683049139e+14
10/29/1974 16:00:00	3.93169292879e+14
10/30/1974 16:00:00	3.71434227263e+14
10/31/1974 16:00:00	3.66808309042e+14
11/1/1974 16:00:00	3.69047950971e+14
11/4/1974 16:00:00	3.78147839914e+14
11/5/1974 16:00:00	3.54454033038e+14
11/6/1974 16:00:00	3.53328810285e+14
11/7/1974 16:00:00	3.45789266859e+14
11/8/1974 16:00:00	3.47861857188e+14
11/11/1974 16:00:00	3.45216437108e+14
11/12/1974 16:00:00	3.65615397163e+14
11/13/1974 16:00:00	3.72826041323e+14
11/14/1974 16:00:00	3.7335870931e+14
11/15/1974 16:00:00	3.84280274287e+14
11/18/1974 16:00:00	4.26220243729e+14
11/19/1974 16:00:00	4.51679872227e+14
11/20/1974 16:00:00	4.54559275025e+14
11/21/1974 16:00:00	4.39429917268e+14
11/22/1974 16:00:00	4.27134374697e+14
11/25/1974 16:00:00	4.36054151766e+14
11/26/1974 16:00:00	4.17508962274e+14
11/27/1974 16:00:00	4.14098919277e+14
11/29/1974 16:00:00	4.12712013403e+14
12/2/1974 16:00:00	4.37051324366e+14
12/3/1974 16:00:00	4.62747235774e+14
12/4/1974 16:00:00	4.65533948975e+14
12/5/1974 16:00:00	5.01024025883e+14
12/6/1974 16:00:00	5.19658602226e+14
12/9/1974 16:00:00	5.28443762829e+14
12/10/1974 16:00:00	5.04396712404e+14
12/11/1974 16:00:00	4.9213412389e+14
12/12/1974 16:00:00	4.9028767608e+14
12/13/1974 16:00:00	4.95921035085e+14
12/16/1974 16:00:00	5.06689629269e+14
12/17/1974 16:00:00	4.96955936812e+14
12/18/1974 16:00:00	4.87498319637e+14
12/19/1974 16:00:00	4.90602646345e+14
12/20/1974 16:00:00	5.11139557234e+14
12/23/1974 16:00:00	5.32829820539e+14
12/24/1974 16:00:00	5.22372937455e+14
12/26/1974 16:00:00	5.06861770538e+14
12/27/1974 16:00:00	5.12732711201e+14
12/30/1974 16:00:00	5.10769900333e+14
12/31/1974 16:00:00	4.84861375217e+14
1/2/1975 16:00:00	4.63492323033e+14
1/3/1975 16:00:00	4.53149105384e+14
1/6/1975 16:00:00	4.42524166743e+14
1/7/1975 16:00:00	4.38687430822e+14
1/8/1975 16:00:00	4.47569020236e+14
1/9/1975 16:00:00	4.28308057388e+14
1/10/1975 16:00:00	4.01868187973e+14
1/13/1975 16:00:00	4.09920648187e+14
1/14/1975 16:00:00	4.14265755783e+14
1/15/1975 16:00:00	3.98878470945e+14
1/16/1975 16:00:00	3.82357714878e+14
1/17/1975 16:00:00	3.89875545049e+14
1/20/1975 16:00:00	3.90290486683e+14
1/21/1975 16:00:00	3.94368046551e+14
1/22/1975 16:00:00	3.96712479085e+14
1/23/1975 16:00:00	3.89671363714e+14
1/24/1975 16:00:00	3.73689164485e+14
1/27/1975 16:00:00	3.46962221014e+14
1/28/1975 16:00:00	3.33280443206e+14
1/29/1975 16:00:00	3.15849911346e+14
1/30/1975 16:00:00	3.17552710463e+14
1/31/1975 16:00:00	3.06774842941e+14
2/3/1975 16:00:00	2.95490978731e+14
2/4/1975 16:00:00	3.03031831144e+14
2/5/1975 16:00:00	2.9053999781e+14
2/6/1975 16:00:00	2.85881043121e+14
2/7/1975 16:00:00	2.90968849571e+14
2/10/1975 16:00:00	2.94950508611e+14
2/11/1975 16:00:00	2.95238020888e+14
2/12/1975 16:00:00	2.85458790878e+14
2/13/1975 16:00:00	2.70099609408e+14
2/14/1975 16:00:00	2.65885621443e+14
2/18/1975 16:00:00	2.74884187203e+14
2/19/1975 16:00:00	2.7057120669e+14
2/20/1975 16:00:00	2.62987014071e+14
2/21/1975 16:00:00	2.61074181325e+14
2/24/1975 16:00:00	2.68775522574e+14
2/25/1975 16:00:00	2.80102516809e+14
2/26/1975 16:00:00	2.79203986979e+14
2/27/1975 16:00:00	2.75956621264e+14
3/3/1975 16:00:00	2.61285348254e+14
3/4/1975 16:00:00	2.5724599815e+14
3/5/1975 16:00:00	2.60571985312e+14
3/6/1975 16:00:00	2.5973030143e+14
3/7/1975 16:00:00	2.55721125534e+14
3/10/1975 16:00:00	2.50755912181e+14
3/11/1975 16:00:00	2.49948040943e+14
3/12/1975 16:00:00	2.59134352786e+14
3/13/1975 16:00:00	2.53019166258e+14
3/14/1975 16:00:00	2.39181307952e+14
3/17/1975 16:00:00	2.37481234292e+14
3/18/1975 16:00:00	2.38611530327e+14
3/19/1975 16:00:00	2.43507634317e+14
3/20/1975 16:00:00	2.42735150079e+14
3/21/1975 16:00:00	2.41968726943e+14
3/24/1975 16:00:00	2.56355263111e+14
3/25/1975 16:00:00	2.57599006799e+14
3/26/1975 16:00:00	2.44485283063e+14
3/27/1975 16:00:00	2.38833654953e+14
3/31/1975 16:00:00	2.4375111396e+14
4/1/1975 16:00:00	2.46863116459e+14
4/2/1975 16:00:00	2.45092152319e+14
4/3/1975 16:00:00	2.51889033858e+14
4/4/1975 16:00:00	2.54113004018e+14
4/7/1975 16:00:00	2.58418355617e+14
4/8/1975 16:00:00	2.56520801856e+14
4/9/1975 16:00:00	2.47633339655e+14
4/10/1975 16:00:00	2.43866283629e+14
4/11/1975 16:00:00	2.392100606e+14
4/14/1975 16:00:00	2.29949294666e+14
4/15/1975 16:00:00	2.28342546839e+14
4/16/1975 16:00:00	2.24093835047e+14
4/17/1975 16:00:00	2.21681371815e+14
4/18/1975 16:00:00	2.23572648247e+14
4/21/1975 16:00:00	2.15125556886e+14
4/22/1975 16:00:00	2.20216336883e+14
4/23/1975 16:00:00	2.22936672255e+14
4/24/1975 16:00:00	2.23980143349e+14
4/25/1975 16:00:00	2.19838374758e+14
4/28/1975 16:00:00	2.22548341836e+14
4/29/1975 16:00:00	2.27014263709e+14
4/30/1975 16:00:00	2.21096208705e+14
5/1/1975 16:00:00	2.14484613014e+14
5/2/1975 16:00:00	2.06708322206e+14
5/5/1975 16:00:00	2.0066351e+14
5/6/1975 16:00:00	2.03061445591e+14
5/7/1975 16:00:00	1.99426903909e+14
5/8/1975 16:00:00	1.93667840333e+14
5/9/1975 16:00:00	1.88838716501e+14
5/12/1975 16:00:00	1.92424307655e+14
5/13/1975 16:00:00	1.92570049307e+14
5/14/1975 16:00:00	1.88477067549e+14
5/15/1975 16:00:00	1.89304494686e+14
5/16/1975 16:00:00	1.92204966479e+14
5/19/1975 16:00:00	1.95164462641e+14
5/20/1975 16:00:00	1.96744944701e+14
5/21/1975 16:00:00	2.03429449168e+14
5/22/1975 16:00:00	1.98272746134e+14
5/23/1975 16:00:00	1.9109372897e+14
5/27/1975 16:00:00	1.91935791943e+14
5/28/1975 16:00:00	1.95601861103e+14
5/29/1975 16:00:00	1.97189949787e+14
5/30/1975 16:00:00	2.09519474601e+14
6/2/1975 16:00:00	1.79914791884e+14
6/3/1975 16:00:00	1.78764485076e+14
6/4/1975 16:00:00	1.78899880815e+14
6/5/1975 16:00:00	1.7839539909e+14
6/6/1975 16:00:00	1.74699770895e+14
6/9/1975 16:00:00	1.79803001412e+14
6/10/1975 16:00:00	1.83809973862e+14
6/11/1975 16:00:00	1.8261828107e+14
6/12/1975 16:00:00	1.87369088151e+14
6/13/1975 16:00:00	1.84105653595e+14
6/16/1975 16:00:00	1.80257713113e+14
6/17/1975 16:00:00	1.84285479641e+14
6/18/1975 16:00:00	1.837726087e+14
6/19/1975 16:00:00	1.76620878273e+14
6/20/1975 16:00:00	1.73147294634e+14
6/23/1975 16:00:00	1.69622281847e+14
6/24/1975 16:00:00	1.6738840925e+14
6/25/1975 16:00:00	1.66956596485e+14
6/26/1975 16:00:00	1.66531381628e+14
6/27/1975 16:00:00	1.66115912375e+14
6/30/1975 16:00:00	1.63368610445e+14
7/1/1975 16:00:00	1.67482341532e+14
7/2/1975 16:00:00	1.71728777925e+14
7/3/1975 16:00:00	1.68259384932e+14
7/7/1975 16:00:00	1.71949997524e+14
7/8/1975 16:00:00	1.73309448724e+14
7/9/1975 16:00:00	1.66716024652e+14
7/10/1975 16:00:00	1.65119125146e+14
7/11/1975 16:00:00	1.62968539674e+14
7/14/1975 16:00:00	1.60858491027e+14
7/15/1975 16:00:00	1.58785975293e+14
7/16/1975 16:00:00	1.62200015867e+14
7/17/1975 16:00:00	1.64026391746e+14
7/18/1975 16:00:00	1.64743425044e+14
7/21/1975 16:00:00	1.66035549561e+14
7/22/1975 16:00:00	1.72532620611e+14
7/23/1975 16:00:00	1.79228247621e+14
7/24/1975 16:00:00	1.82591936382e+14
7/25/1975 16:00:00	1.8603819663e+14
7/28/1975 16:00:00	1.89568063319e+14
7/29/1975 16:00:00	1.92494671587e+14
7/30/1975 16:00:00	1.9056524279e+14
7/31/1975 16:00:00	1.89358716955e+14
8/1/1975 16:00:00	1.99144089446e+14
8/4/1975 16:00:00	2.05204582555e+14
8/5/1975 16:00:00	2.11505994114e+14
8/6/1975 16:00:00	2.11672273513e+14
8/7/1975 16:00:00	2.16444160535e+14
8/8/1975 16:00:00	2.16639923731e+14
8/11/1975 16:00:00	2.18480192048e+14
8/12/1975 16:00:00	2.17020898055e+14
8/13/1975 16:00:00	2.21329161608e+14
8/14/1975 16:00:00	2.2743591133e+14
8/15/1975 16:00:00	2.25892472554e+14
8/18/1975 16:00:00	2.31300324031e+14
8/19/1975 16:00:00	2.44035750141e+14
8/20/1975 16:00:00	2.54839768607e+14
8/21/1975 16:00:00	2.51010471978e+14
8/22/1975 16:00:00	2.46261769812e+14
8/25/1975 16:00:00	2.42606785803e+14
8/26/1975 16:00:00	2.485475075e+14
8/27/1975 16:00:00	2.44828380098e+14
8/28/1975 16:00:00	2.30596533912e+14
8/29/1975 16:00:00	2.22795407566e+14
9/2/1975 16:00:00	2.32359823791e+14
9/3/1975 16:00:00	2.30749896972e+14
9/4/1975 16:00:00	2.30964131513e+14
9/5/1975 16:00:00	2.33854194341e+14
9/8/1975 16:00:00	2.36790545815e+14
9/9/1975 16:00:00	2.45298879693e+14
9/10/1975 16:00:00	2.5879736283e+14
9/11/1975 16:00:00	2.63189320573e+14
9/12/1975 16:00:00	2.64500453136e+14
9/15/1975 16:00:00	2.6689054441e+14
9/16/1975 16:00:00	2.74703320976e+14
9/17/1975 16:00:00	2.7382895432e+14
9/18/1975 16:00:00	2.64032834403e+14
9/19/1975 16:00:00	2.4751623211e+14
9/22/1975 16:00:00	2.52634782465e+14
9/23/1975 16:00:00	2.52872162237e+14
9/24/1975 16:00:00	2.48097132246e+14
9/25/1975 16:00:00	2.51272999463e+14
9/26/1975 16:00:00	2.51515525889e+14
9/29/1975 16:00:00	2.58735599534e+14
9/30/1975 16:00:00	2.70102688248e+14
10/1/1975 16:00:00	2.75836226842e+14
10/2/1975 16:00:00	2.7158912202e+14
10/3/1975 16:00:00	2.57769340005e+14
10/6/1975 16:00:00	2.52853545686e+14
10/7/1975 16:00:00	2.54075926539e+14
10/8/1975 16:00:00	2.47226123643e+14
10/9/1975 16:00:00	2.44523016159e+14
10/10/1975 16:00:00	2.43775490305e+14
10/13/1975 16:00:00	2.37303091937e+14
10/14/1975 16:00:00	2.32902253844e+14
10/15/1975 16:00:00	2.33109552117e+14
10/16/1975 16:00:00	2.33310700611e+14
10/17/1975 16:00:00	2.38906227353e+14
10/20/1975 16:00:00	2.34470035507e+14
10/21/1975 16:00:00	2.31954240136e+14
10/22/1975 16:00:00	2.27693362497e+14
10/23/1975 16:00:00	2.26145138592e+14
10/24/1975 16:00:00	2.30645480043e+14
10/27/1975 16:00:00	2.33494934597e+14
10/28/1975 16:00:00	2.30093976216e+14
10/29/1975 16:00:00	2.39985924229e+14
10/30/1975 16:00:00	2.42052811518e+14
10/31/1975 16:00:00	2.46028898987e+14
11/3/1975 16:00:00	2.50090321791e+14
11/4/1975 16:00:00	2.47318721372e+14
11/5/1975 16:00:00	2.43542327946e+14
11/6/1975 16:00:00	2.42784082481e+14
11/7/1975 16:00:00	2.44863671201e+14
11/10/1975 16:00:00	2.42181982497e+14
11/11/1975 16:00:00	2.37656021395e+14
11/12/1975 16:00:00	2.25900705869e+14
11/13/1975 16:00:00	2.26934712407e+14
11/14/1975 16:00:00	2.2883669784e+14
11/17/1975 16:00:00	2.28143545361e+14
11/18/1975 16:00:00	2.32673080219e+14
11/19/1975 16:00:00	2.39103510776e+14
11/20/1975 16:00:00	2.41142610434e+14
11/21/1975 16:00:00	2.41330647432e+14
11/24/1975 16:00:00	2.39647559418e+14
11/25/1975 16:00:00	2.37051426697e+14
11/26/1975 16:00:00	2.33582984534e+14
11/28/1975 16:00:00	2.31974049998e+14
12/1/1975 16:00:00	2.33044447336e+14
12/2/1975 16:00:00	2.45727755532e+14
12/3/1975 16:00:00	2.6124559803e+14
12/4/1975 16:00:00	2.6639236648e+14
12/5/1975 16:00:00	2.71942529681e+14
12/8/1975 16:00:00	2.69961893829e+14
12/9/1975 16:00:00	2.74518029654e+14
12/10/1975 16:00:00	2.65836359018e+14
12/11/1975 16:00:00	2.6817204636e+14
12/12/1975 16:00:00	2.70531431392e+14
12/15/1975 16:00:00	2.75097179281e+14
12/16/1975 16:00:00	2.67514528554e+14
12/17/1975 16:00:00	2.61541794615e+14
12/18/1975 16:00:00	2.58622214523e+14
12/19/1975 16:00:00	2.60871660577e+14
12/22/1975 16:00:00	2.6418397624e+14
12/23/1975 16:00:00	2.6122482581e+14
12/24/1975 16:00:00	3.09944040171e+14
12/26/1975 16:00:00	2.33049833041e+14
12/29/1975 16:00:00	2.35048674953e+14
12/30/1975 16:00:00	2.3707698189e+14
12/31/1975 16:00:00	2.28876661181e+14
1/2/1976 16:00:00	2.24608779791e+14
1/5/1976 16:00:00	2.18714493611e+14
1/6/1976 16:00:00	2.06533164055e+14
1/7/1976 16:00:00	2.01231221047e+14
1/8/1976 16:00:00	1.9687923497e+14
1/9/1976 16:00:00	1.91922805217e+14
1/12/1976 16:00:00	1.89243595304e+14
1/13/1976 16:00:00	1.91446764625e+14
1/14/1976 16:00:00	1.83173818331e+14
1/15/1976 16:00:00	1.82642796238e+14
1/16/1976 16:00:00	1.7882452335e+14
1/19/1976 16:00:00	1.76392088738e+14
1/20/1976 16:00:00	1.7525970539e+14
1/21/1976 16:00:00	1.75384322635e+14
1/22/1976 16:00:00	1.77375897998e+14
1/23/1976 16:00:00	1.73231764983e+14
1/26/1976 16:00:00	1.74578253077e+14
1/27/1976 16:00:00	1.76402711511e+14
1/28/1976 16:00:00	1.77790737731e+14
1/29/1976 16:00:00	1.68570579829e+14
1/30/1976 16:00:00	1.62786311668e+14
2/2/1976 16:00:00	1.61775901662e+14
2/3/1976 16:00:00	1.61331602764e+14
2/4/1976 16:00:00	1.55876864259e+14
2/5/1976 16:00:00	1.58113006544e+14
2/6/1976 16:00:00	1.62016207623e+14
2/9/1976 16:00:00	1.59329834188e+14
2/10/1976 16:00:00	1.58890819313e+14
2/11/1976 16:00:00	1.54641125805e+14
2/12/1976 16:00:00	1.53697473299e+14
2/13/1976 16:00:00	1.53284718941e+14
2/17/1976 16:00:00	1.54432587667e+14
2/18/1976 16:00:00	1.52427313422e+14
2/19/1976 16:00:00	1.48026307785e+14
2/20/1976 16:00:00	1.43669824891e+14
2/23/1976 16:00:00	1.42342925318e+14
2/24/1976 16:00:00	1.40563698598e+14
2/25/1976 16:00:00	1.3881777549e+14
2/26/1976 16:00:00	1.4209811618e+14
2/27/1976 16:00:00	1.47357775984e+14
3/1/1976 16:00:00	1.47471504212e+14
3/2/1976 16:00:00	1.46595547055e+14
3/3/1976 16:00:00	1.48168143057e+14
3/4/1976 16:00:00	1.51124932477e+14
3/5/1976 16:00:00	1.51744323467e+14
3/8/1976 16:00:00	1.49424697924e+14
3/9/1976 16:00:00	1.49529751148e+14
3/10/1976 16:00:00	1.48625792777e+14
3/11/1976 16:00:00	1.4376185729e+14
3/12/1976 16:00:00	1.44814372153e+14
3/15/1976 16:00:00	1.51035795633e+14
3/16/1976 16:00:00	1.50253294267e+14
3/17/1976 16:00:00	1.49345516912e+14
3/18/1976 16:00:00	1.51826239277e+14
3/19/1976 16:00:00	1.52444379021e+14
3/22/1976 16:00:00	1.51523930026e+14
3/23/1976 16:00:00	1.48191068023e+14
3/24/1976 16:00:00	1.45825000975e+14
3/25/1976 16:00:00	1.46895820156e+14
3/26/1976 16:00:00	1.46021762539e+14
3/29/1976 16:00:00	1.47094026575e+14
3/30/1976 16:00:00	1.48177973777e+14
3/31/1976 16:00:00	1.47795229712e+14
4/1/1976 16:00:00	1.48884253479e+14
4/2/1976 16:00:00	1.47995775207e+14
4/5/1976 16:00:00	1.44157797308e+14
4/6/1976 16:00:00	1.433064901e+14
4/7/1976 16:00:00	1.47173552019e+14
4/8/1976 16:00:00	1.51186823618e+14
4/9/1976 16:00:00	1.56737454496e+14
4/12/1976 16:00:00	1.58441989155e+14
4/13/1976 16:00:00	1.58013398217e+14
4/14/1976 16:00:00	1.57592890263e+14
4/15/1976 16:00:00	1.55562953563e+14
4/19/1976 16:00:00	1.53567941265e+14
4/20/1976 16:00:00	1.48637363058e+14
4/21/1976 16:00:00	1.47759924038e+14
4/22/1976 16:00:00	1.4688346597e+14
4/23/1976 16:00:00	1.4893569902e+14
4/26/1976 16:00:00	1.4904326518e+14
4/27/1976 16:00:00	1.52128592915e+14
4/28/1976 16:00:00	1.50717618298e+14
4/29/1976 16:00:00	1.49318767995e+14
4/30/1976 16:00:00	1.51916578755e+14
5/3/1976 16:00:00	1.56988129931e+14
5/4/1976 16:00:00	1.56572256565e+14
5/5/1976 16:00:00	1.56684337025e+14
5/6/1976 16:00:00	1.55739226896e+14
5/7/1976 16:00:00	1.52833211374e+14
5/10/1976 16:00:00	1.49874618876e+14
5/11/1976 16:00:00	1.49986456577e+14
5/12/1976 16:00:00	1.50101254616e+14
5/13/1976 16:00:00	1.52213755089e+14
5/14/1976 16:00:00	1.54239734557e+14
5/17/1976 16:00:00	1.55916090165e+14
5/18/1976 16:00:00	1.56040909484e+14
5/19/1976 16:00:00	1.57219444018e+14
5/20/1976 16:00:00	1.56285621416e+14
5/21/1976 16:00:00	1.56940243945e+14
5/24/1976 16:00:00	1.63949163352e+14
5/25/1976 16:00:00	1.65764648099e+14
5/26/1976 16:00:00	1.64194980193e+14
5/27/1976 16:00:00	1.66018173559e+14
5/28/1976 16:00:00	1.65018145136e+14
6/1/1976 16:00:00	1.66286169483e+14
6/2/1976 16:00:00	1.64121854539e+14
6/3/1976 16:00:00	1.63695028341e+14
6/4/1976 16:00:00	1.66622403789e+14
6/7/1976 16:00:00	1.70190939041e+14
6/8/1976 16:00:00	1.70918191034e+14
6/9/1976 16:00:00	1.72237161743e+14
6/10/1976 16:00:00	1.6998645018e+14
6/11/1976 16:00:00	1.67775201973e+14
6/14/1976 16:00:00	1.63875127195e+14
6/15/1976 16:00:00	1.64011295019e+14
6/16/1976 16:00:00	1.61345358577e+14
6/17/1976 16:00:00	1.57100967797e+14
6/18/1976 16:00:00	1.55248982496e+14
6/21/1976 16:00:00	1.55375749278e+14
6/22/1976 16:00:00	1.58491625036e+14
6/23/1976 16:00:00	1.60221597283e+14
6/24/1976 16:00:00	1.57102347407e+14
6/25/1976 16:00:00	1.55780297376e+14
6/28/1976 16:00:00	1.56955358673e+14
6/29/1976 16:00:00	1.56034937429e+14
6/30/1976 16:00:00	1.551232476e+14
7/1/1976 16:00:00	1.55252143273e+14
7/2/1976 16:00:00	1.52266827797e+14
7/6/1976 16:00:00	1.53904237378e+14
7/7/1976 16:00:00	1.54013423957e+14
7/8/1976 16:00:00	1.53111388001e+14
7/9/1976 16:00:00	1.49671036025e+14
7/12/1976 16:00:00	1.4781460385e+14
7/13/1976 16:00:00	1.47443649035e+14
7/14/1976 16:00:00	1.45625462903e+14
7/15/1976 16:00:00	1.45263532166e+14
7/16/1976 16:00:00	1.45850826177e+14
7/19/1976 16:00:00	1.47395553367e+14
7/20/1976 16:00:00	1.49442085994e+14
7/21/1976 16:00:00	1.50543191482e+14
7/22/1976 16:00:00	1.49668502085e+14
7/23/1976 16:00:00	1.50276927066e+14
7/26/1976 16:00:00	1.50889328532e+14
7/27/1976 16:00:00	1.52002072089e+14
7/28/1976 16:00:00	1.53630457709e+14
7/29/1976 16:00:00	1.54769254789e+14
7/30/1976 16:00:00	1.52321218028e+14
8/2/1976 16:00:00	1.52442672512e+14
8/3/1976 16:00:00	1.49039537768e+14
8/4/1976 16:00:00	1.49650469726e+14
8/5/1976 16:00:00	1.51733076999e+14
8/6/1976 16:00:00	1.51350828057e+14
8/9/1976 16:00:00	1.52963912575e+14
8/10/1976 16:00:00	1.50050477928e+14
8/11/1976 16:00:00	1.50658656702e+14
8/12/1976 16:00:00	1.50280986397e+14
8/13/1976 16:00:00	1.50890820092e+14
8/16/1976 16:00:00	1.51011375223e+14
8/17/1976 16:00:00	1.50138200969e+14
8/18/1976 16:00:00	1.51242638647e+14
8/19/1976 16:00:00	1.56827129304e+14
8/20/1976 16:00:00	1.59557939884e+14
8/23/1976 16:00:00	1.62750436237e+14
8/24/1976 16:00:00	1.65614153768e+14
8/25/1976 16:00:00	1.62939437294e+14
8/26/1976 16:00:00	1.65259993612e+14
8/27/1976 16:00:00	1.65948012875e+14
8/30/1976 16:00:00	1.64955308414e+14
8/31/1976 16:00:00	1.62857383428e+14
9/1/1976 16:00:00	1.58194192203e+14
9/2/1976 16:00:00	1.5779222978e+14
9/3/1976 16:00:00	1.56342293767e+14
9/7/1976 16:00:00	1.55429967547e+14
9/8/1976 16:00:00	1.55027767534e+14
9/9/1976 16:00:00	1.57196667698e+14
9/10/1976 16:00:00	1.55753662292e+14
9/13/1976 16:00:00	1.56905424117e+14
9/14/1976 16:00:00	1.59626194437e+14
9/15/1976 16:00:00	1.59215920777e+14
9/16/1976 16:00:00	1.57219629809e+14
9/17/1976 16:00:00	1.5421380736e+14
9/20/1976 16:00:00	1.52810960111e+14
9/21/1976 16:00:00	1.5042198852e+14
9/22/1976 16:00:00	1.50539043402e+14
9/23/1976 16:00:00	1.51147478065e+14
9/24/1976 16:00:00	1.51265580698e+14
9/27/1976 16:00:00	1.50891996083e+14
9/28/1976 16:00:00	1.54952317852e+14
9/29/1976 16:00:00	1.56607997269e+14
9/30/1976 16:00:00	1.56731367904e+14
10/1/1976 16:00:00	1.61514317663e+14
10/4/1976 16:00:00	1.61101690586e+14
10/5/1976 16:00:00	1.64848262525e+14
10/6/1976 16:00:00	1.69384714614e+14
10/7/1976 16:00:00	1.66069838592e+14
10/8/1976 16:00:00	1.67310122264e+14
10/11/1976 16:00:00	1.69690768202e+14
10/12/1976 16:00:00	1.70968274108e+14
10/13/1976 16:00:00	1.68190158849e+14
10/14/1976 16:00:00	1.71721392166e+14
10/15/1976 16:00:00	1.6951121657e+14
10/18/1976 16:00:00	1.67342597293e+14
10/19/1976 16:00:00	1.68029089338e+14
10/20/1976 16:00:00	1.67019176871e+14
10/21/1976 16:00:00	1.6770397796e+14
10/22/1976 16:00:00	1.68957733588e+14
10/25/1976 16:00:00	1.68512249077e+14
10/26/1976 16:00:00	1.68636647575e+14
10/27/1976 16:00:00	1.6762227482e+14
10/28/1976 16:00:00	1.66617344011e+14
10/29/1976 16:00:00	1.6408357675e+14
11/1/1976 16:00:00	1.6365774419e+14
11/3/1976 16:00:00	1.69109981163e+14
11/4/1976 16:00:00	1.6538574188e+14
11/5/1976 16:00:00	1.68689931458e+14
11/8/1976 16:00:00	1.73358691856e+14
11/9/1976 16:00:00	1.77020656378e+14
11/10/1976 16:00:00	1.78970984477e+14
11/11/1976 16:00:00	1.77261100706e+14
11/12/1976 16:00:00	1.77393374431e+14
11/15/1976 16:00:00	1.7752688105e+14
11/16/1976 16:00:00	1.75227162717e+14
11/17/1976 16:00:00	1.72367746624e+14
11/18/1976 16:00:00	1.6782187357e+14
11/19/1976 16:00:00	1.66956997298e+14
11/22/1976 16:00:00	1.6427859725e+14
11/23/1976 16:00:00	1.6603826139e+14
11/24/1976 16:00:00	1.63384251432e+14
11/26/1976 16:00:00	1.59696849029e+14
11/29/1976 16:00:00	1.6138805945e+14
11/30/1976 16:00:00	1.61499201848e+14
12/1/1976 16:00:00	1.57867578168e+14
12/2/1976 16:00:00	1.57976043794e+14
12/3/1976 16:00:00	1.55488587573e+14
12/6/1976 16:00:00	1.54071684318e+14
12/7/1976 16:00:00	1.52170145476e+14
12/8/1976 16:00:00	1.50302590179e+14
12/9/1976 16:00:00	1.47009429691e+14
12/10/1976 16:00:00	1.4475420385e+14
12/13/1976 16:00:00	1.44854816592e+14
12/14/1976 16:00:00	1.44954573115e+14
12/15/1976 16:00:00	1.43784806954e+14
12/16/1976 16:00:00	1.43882907288e+14
12/17/1976 16:00:00	1.45236455951e+14
12/20/1976 16:00:00	1.45798451743e+14
12/21/1976 16:00:00	1.44968244095e+14
12/22/1976 16:00:00	1.42877059942e+14
12/23/1976 16:00:00	1.42973399063e+14
12/27/1976 16:00:00	1.40806548154e+14
12/28/1976 16:00:00	1.38685826472e+14
12/29/1976 16:00:00	1.38353676486e+14
12/30/1976 16:00:00	1.34987537093e+14
12/31/1976 16:00:00	1.3171555091e+14
1/3/1977 16:00:00	1.3262185902e+14
1/4/1977 16:00:00	1.34760248722e+14
1/5/1977 16:00:00	1.36098884657e+14
1/6/1977 16:00:00	1.34496258861e+14
1/7/1977 16:00:00	1.33753722442e+14
1/10/1977 16:00:00	1.34672535255e+14
1/11/1977 16:00:00	1.38521856891e+14
1/12/1977 16:00:00	1.40336853148e+14
1/13/1977 16:00:00	1.36904689433e+14
1/14/1977 16:00:00	1.35291024067e+14
1/17/1977 16:00:00	1.35806297058e+14
1/18/1977 16:00:00	1.35900256326e+14
1/19/1977 16:00:00	1.338825076e+14
1/20/1977 16:00:00	1.36041853748e+14
1/21/1977 16:00:00	1.35290343178e+14
1/24/1977 16:00:00	1.34966387222e+14
1/25/1977 16:00:00	1.36313107432e+14
1/26/1977 16:00:00	1.38951335057e+14
1/27/1977 16:00:00	1.41218362767e+14
1/28/1977 16:00:00	1.42644888593e+14
1/31/1977 16:00:00	1.436412336e+14
2/1/1977 16:00:00	1.40108797628e+14
2/2/1977 16:00:00	1.39321506956e+14
2/3/1977 16:00:00	1.40285762672e+14
2/4/1977 16:00:00	1.38623121598e+14
2/7/1977 16:00:00	1.39151991089e+14
2/8/1977 16:00:00	1.39247375427e+14
2/9/1977 16:00:00	1.41954780364e+14
2/10/1977 16:00:00	1.40714292186e+14
2/11/1977 16:00:00	1.41692272721e+14
2/14/1977 16:00:00	1.4179075724e+14
2/15/1977 16:00:00	1.40553326785e+14
2/16/1977 16:00:00	1.39772993335e+14
2/17/1977 16:00:00	1.39869250181e+14
2/18/1977 16:00:00	1.40839517177e+14
2/22/1977 16:00:00	1.42259831632e+14
2/23/1977 16:00:00	1.43700478124e+14
2/24/1977 16:00:00	1.48323753477e+14
2/25/1977 16:00:00	1.47953319969e+14
2/28/1977 16:00:00	1.49349180533e+14
3/1/1977 16:00:00	1.471912076e+14
3/2/1977 16:00:00	1.46824852298e+14
3/3/1977 16:00:00	1.45530352086e+14
3/4/1977 16:00:00	1.42872458776e+14
3/7/1977 16:00:00	1.4252273395e+14
3/8/1977 16:00:00	1.42619517587e+14
3/9/1977 16:00:00	1.4449968423e+14
3/10/1977 16:00:00	1.44598272305e+14
3/11/1977 16:00:00	1.43330668205e+14
3/14/1977 16:00:00	1.42979134465e+14
3/15/1977 16:00:00	1.42179350046e+14
3/16/1977 16:00:00	1.41384989382e+14
3/17/1977 16:00:00	1.42364641038e+14
3/18/1977 16:00:00	1.4246199999e+14
3/21/1977 16:00:00	1.43006449779e+14
3/22/1977 16:00:00	1.44000589657e+14
3/23/1977 16:00:00	1.45470373194e+14
3/24/1977 16:00:00	1.46945983336e+14
3/25/1977 16:00:00	1.4797666915e+14
3/28/1977 16:00:00	1.50421161217e+14
3/29/1977 16:00:00	1.5004572994e+14
3/30/1977 16:00:00	1.53368932084e+14
3/31/1977 16:00:00	1.53966198918e+14
4/1/1977 16:00:00	1.52099569896e+14
4/4/1977 16:00:00	1.55117058651e+14
4/5/1977 16:00:00	1.56214878342e+14
4/6/1977 16:00:00	1.55301821209e+14
4/7/1977 16:00:00	1.54909084642e+14
4/11/1977 16:00:00	1.53027168219e+14
4/12/1977 16:00:00	1.49832590683e+14
4/13/1977 16:00:00	1.49937212194e+14
4/14/1977 16:00:00	1.45759878588e+14
4/15/1977 16:00:00	1.44486838074e+14
4/18/1977 16:00:00	1.45040421832e+14
4/19/1977 16:00:00	1.45594514675e+14
4/20/1977 16:00:00	1.44326215426e+14
4/21/1977 16:00:00	1.46683517931e+14
4/22/1977 16:00:00	1.50476560897e+14
4/25/1977 16:00:00	1.5428232487e+14
4/26/1977 16:00:00	1.55380616728e+14
4/27/1977 16:00:00	1.52133128808e+14
4/28/1977 16:00:00	1.50791530727e+14
4/29/1977 16:00:00	1.48992950852e+14
5/2/1977 16:00:00	1.47699524894e+14
5/3/1977 16:00:00	1.45953003484e+14
5/4/1977 16:00:00	1.44236682294e+14
5/5/1977 16:00:00	1.42997189914e+14
5/6/1977 16:00:00	1.43110981245e+14
5/9/1977 16:00:00	1.43668856747e+14
5/10/1977 16:00:00	1.41989471803e+14
5/11/1977 16:00:00	1.43423749524e+14
5/12/1977 16:00:00	1.43090853073e+14
5/13/1977 16:00:00	1.41424664661e+14
5/16/1977 16:00:00	1.39786267713e+14
5/17/1977 16:00:00	1.39466508236e+14
5/18/1977 16:00:00	1.36998519716e+14
5/19/1977 16:00:00	1.37527796693e+14
5/20/1977 16:00:00	1.3932626707e+14
5/23/1977 16:00:00	1.43298743601e+14
5/24/1977 16:00:00	1.45194028764e+14
5/25/1977 16:00:00	1.47572115927e+14
5/26/1977 16:00:00	1.4769025544e+14
5/27/1977 16:00:00	1.49196717892e+14
5/31/1977 16:00:00	1.50725582017e+14
6/1/1977 16:00:00	1.4941620716e+14
6/2/1977 16:00:00	1.50005207598e+14
6/3/1977 16:00:00	1.48234778671e+14
6/6/1977 16:00:00	1.48816475926e+14
6/7/1977 16:00:00	1.48464808385e+14
6/8/1977 16:00:00	1.46719899084e+14
6/9/1977 16:00:00	1.46835949238e+14
6/10/1977 16:00:00	1.44660401601e+14
6/13/1977 16:00:00	1.43877235863e+14
6/14/1977 16:00:00	1.4220674555e+14
6/15/1977 16:00:00	1.42323999368e+14
6/16/1977 16:00:00	1.40241351971e+14
6/17/1977 16:00:00	1.38630660435e+14
6/20/1977 16:00:00	1.38317694852e+14
6/21/1977 16:00:00	1.38005203282e+14
6/22/1977 16:00:00	1.38124066353e+14
6/23/1977 16:00:00	1.36548709564e+14
6/24/1977 16:00:00	1.3468744935e+14
6/27/1977 16:00:00	1.35101487539e+14
6/28/1977 16:00:00	1.36434440148e+14
6/29/1977 16:00:00	1.36548897231e+14
6/30/1977 16:00:00	1.35108835503e+14
7/1/1977 16:00:00	1.34398953069e+14
7/5/1977 16:00:00	1.33694007246e+14
7/6/1977 16:00:00	1.34196778433e+14
7/7/1977 16:00:00	1.33089206984e+14
7/8/1977 16:00:00	1.3119406122e+14
7/11/1977 16:00:00	1.31297830995e+14
7/12/1977 16:00:00	1.31401682849e+14
7/13/1977 16:00:00	1.31111022648e+14
7/15/1977 16:00:00	1.29255199276e+14
7/18/1977 16:00:00	1.27052675829e+14
7/19/1977 16:00:00	1.25651917746e+14
7/20/1977 16:00:00	1.25753312321e+14
7/21/1977 16:00:00	1.24744040215e+14
7/22/1977 16:00:00	1.23379638826e+14
7/25/1977 16:00:00	1.23840244106e+14
7/26/1977 16:00:00	1.26115066923e+14
7/27/1977 16:00:00	1.30304655541e+14
7/28/1977 16:00:00	1.32742249462e+14
7/29/1977 16:00:00	1.33256020243e+14
8/1/1977 16:00:00	1.32573346939e+14
8/2/1977 16:00:00	1.34274896452e+14
8/3/1977 16:00:00	1.360027889e+14
8/4/1977 16:00:00	1.34479063052e+14
8/5/1977 16:00:00	1.32574318683e+14
8/8/1977 16:00:00	1.33876367732e+14
8/9/1977 16:00:00	1.34391290851e+14
8/10/1977 16:00:00	1.33292706139e+14
8/11/1977 16:00:00	1.33010220292e+14
8/12/1977 16:00:00	1.33525510179e+14
8/15/1977 16:00:00	1.33246159243e+14
8/16/1977 16:00:00	1.34561835042e+14
8/17/1977 16:00:00	1.34277360587e+14
8/18/1977 16:00:00	1.33594980463e+14
8/19/1977 16:00:00	1.34113603447e+14
8/22/1977 16:00:00	1.37042707042e+14
8/23/1977 16:00:00	1.33862497252e+14
8/24/1977 16:00:00	1.34382586685e+14
8/25/1977 16:00:00	1.37317779798e+14
8/26/1977 16:00:00	1.38268522304e+14
8/29/1977 16:00:00	1.36306728421e+14
8/30/1977 16:00:00	1.3765830714e+14
8/31/1977 16:00:00	1.37782592336e+14
9/1/1977 16:00:00	1.36662314434e+14
9/2/1977 16:00:00	1.35143481679e+14
9/6/1977 16:00:00	1.35264848312e+14
9/7/1977 16:00:00	1.33759381315e+14
9/8/1977 16:00:00	1.33481131072e+14
9/9/1977 16:00:00	1.35190886829e+14
9/12/1977 16:00:00	1.36528358005e+14
9/13/1977 16:00:00	1.37064392797e+14
9/14/1977 16:00:00	1.36773778576e+14
9/15/1977 16:00:00	1.35259396081e+14
9/16/1977 16:00:00	1.36594392177e+14
9/19/1977 16:00:00	1.38355077721e+14
9/20/1977 16:00:00	1.38896656679e+14
9/21/1977 16:00:00	1.40696696591e+14
9/22/1977 16:00:00	1.41996997676e+14
9/23/1977 16:00:00	1.41701261293e+14
9/26/1977 16:00:00	1.41515853726e+14
9/27/1977 16:00:00	1.41651312544e+14
9/28/1977 16:00:00	1.40505509619e+14
9/29/1977 16:00:00	1.39370799098e+14
9/30/1977 16:00:00	1.37410933263e+14
10/3/1977 16:00:00	1.35903105487e+14
10/4/1977 16:00:00	1.37654398085e+14
10/5/1977 16:00:00	1.37778679752e+14
10/6/1977 16:00:00	1.35850429848e+14
10/7/1977 16:00:00	1.34767865991e+14
10/10/1977 16:00:00	1.34497508327e+14
10/11/1977 16:00:00	1.36626731409e+14
10/12/1977 16:00:00	1.42453646544e+14
10/13/1977 16:00:00	1.45929881197e+14
10/14/1977 16:00:00	1.45627674445e+14
10/17/1977 16:00:00	1.45770095143e+14
10/18/1977 16:00:00	1.45024684005e+14
10/19/1977 16:00:00	1.49131826446e+14
10/20/1977 16:00:00	1.48363927868e+14
10/21/1977 16:00:00	1.48961313999e+14
10/24/1977 16:00:00	1.51842304755e+14
10/25/1977 16:00:00	1.571353577e+14
10/26/1977 16:00:00	1.56802277253e+14
10/27/1977 16:00:00	1.5598143313e+14
10/28/1977 16:00:00	1.54196072703e+14
10/31/1977 16:00:00	1.54349337798e+14
11/1/1977 16:00:00	1.58322941491e+14
11/2/1977 16:00:00	1.59458153227e+14
11/3/1977 16:00:00	1.59617158393e+14
11/4/1977 16:00:00	1.56283676236e+14
11/7/1977 16:00:00	1.53530409249e+14
11/8/1977 16:00:00	1.51789032773e+14
11/9/1977 16:00:00	1.49606315774e+14
11/10/1977 16:00:00	1.43926011312e+14
11/11/1977 16:00:00	1.4016094649e+14
11/14/1977 16:00:00	1.39880005068e+14
11/15/1977 16:00:00	1.37928971101e+14
11/16/1977 16:00:00	1.37637095197e+14
11/17/1977 16:00:00	1.36544822181e+14
11/18/1977 16:00:00	1.35464815352e+14
11/21/1977 16:00:00	1.35198463631e+14
11/22/1977 16:00:00	1.32939338894e+14
11/23/1977 16:00:00	1.299594113e+14
11/25/1977 16:00:00	1.27818810157e+14
11/28/1977 16:00:00	1.28683033524e+14
11/29/1977 16:00:00	1.32163400623e+14
11/30/1977 16:00:00	1.32680081476e+14
12/1/1977 16:00:00	1.30481975816e+14
12/2/1977 16:00:00	1.29092610131e+14
12/5/1977 16:00:00	1.29220716986e+14
12/6/1977 16:00:00	1.33465428752e+14
12/7/1977 16:00:00	1.34372713361e+14
12/8/1977 16:00:00	1.33321673352e+14
12/9/1977 16:00:00	1.31502436724e+14
12/12/1977 16:00:00	1.30483249298e+14
12/13/1977 16:00:00	1.27297082532e+14
12/14/1977 16:00:00	1.30259355154e+14
12/15/1977 16:00:00	1.30764816956e+14
12/16/1977 16:00:00	1.3013477364e+14
12/19/1977 16:00:00	1.33278723516e+14
12/20/1977 16:00:00	1.36521602661e+14
12/21/1977 16:00:00	1.3464848252e+14
12/22/1977 16:00:00	1.33204915322e+14
12/23/1977 16:00:00	1.3139380401e+14
12/27/1977 16:00:00	1.31144982574e+14
12/28/1977 16:00:00	1.31285816944e+14
12/29/1977 16:00:00	1.29902391754e+14
12/30/1977 16:00:00	1.27497663185e+14
1/3/1978 16:00:00	1.31566416537e+14
1/4/1978 16:00:00	1.3284320319e+14
1/5/1978 16:00:00	1.34905723355e+14
1/6/1978 16:00:00	1.40950253837e+14
1/9/1978 16:00:00	1.47361029667e+14
1/10/1978 16:00:00	1.50058944833e+14
1/11/1978 16:00:00	1.52481582592e+14
1/12/1978 16:00:00	1.50781283578e+14
1/13/1978 16:00:00	1.49678981998e+14
1/16/1978 16:00:00	1.51531838381e+14
1/17/1978 16:00:00	1.49043575723e+14
1/18/1978 16:00:00	1.47395663086e+14
1/19/1978 16:00:00	1.46660457586e+14
1/20/1978 16:00:00	1.46807170259e+14
1/23/1978 16:00:00	1.48277119926e+14
1/24/1978 16:00:00	1.47536387951e+14
1/25/1978 16:00:00	1.45918521444e+14
1/26/1978 16:00:00	1.47813403895e+14
1/27/1978 16:00:00	1.4751890016e+14
1/30/1978 16:00:00	1.45899457823e+14
1/31/1978 16:00:00	1.46920165609e+14
2/1/1978 16:00:00	1.44002957285e+14
2/2/1978 16:00:00	1.42439114328e+14
2/3/1978 16:00:00	1.41320227355e+14
2/6/1978 16:00:00	1.41047784001e+14
2/7/1978 16:00:00	1.39112544236e+14
2/8/1978 16:00:00	1.37618376932e+14
2/9/1978 16:00:00	1.37758244015e+14
2/10/1978 16:00:00	1.36287562057e+14
2/13/1978 16:00:00	1.37615200896e+14
2/14/1978 16:00:00	1.39765536795e+14
2/15/1978 16:00:00	1.40731546971e+14
2/16/1978 16:00:00	1.4253105137e+14
2/17/1978 16:00:00	1.42255590266e+14
2/21/1978 16:00:00	1.43664281001e+14
2/22/1978 16:00:00	1.43382809059e+14
2/23/1978 16:00:00	1.43105514496e+14
2/24/1978 16:00:00	1.41140196075e+14
2/27/1978 16:00:00	1.43358837083e+14
2/28/1978 16:00:00	1.46467540582e+14
3/1/1978 16:00:00	1.46619210813e+14
3/2/1978 16:00:00	1.45897942375e+14
3/3/1978 16:00:00	1.45181702624e+14
3/6/1978 16:00:00	1.46190156223e+14
3/7/1978 16:00:00	1.45037836467e+14
3/8/1978 16:00:00	1.4346962509e+14
3/9/1978 16:00:00	1.41925948721e+14
3/10/1978 16:00:00	1.39573033141e+14
3/13/1978 16:00:00	1.39309431137e+14
3/14/1978 16:00:00	1.38639531314e+14
3/15/1978 16:00:00	1.38377981498e+14
3/16/1978 16:00:00	1.36107246297e+14
3/17/1978 16:00:00	1.34378619893e+14
3/20/1978 16:00:00	1.32585689788e+14
3/21/1978 16:00:00	1.33479582196e+14
3/22/1978 16:00:00	1.33616096277e+14
3/23/1978 16:00:00	1.32986462272e+14
3/27/1978 16:00:00	1.33505315162e+14
3/28/1978 16:00:00	1.32113719443e+14
3/29/1978 16:00:00	1.30743231136e+14
3/30/1978 16:00:00	1.30508057836e+14
3/31/1978 16:00:00	1.30645496349e+14
4/3/1978 16:00:00	1.31895590927e+14
4/4/1978 16:00:00	1.30902442355e+14
4/5/1978 16:00:00	1.28428729743e+14
4/6/1978 16:00:00	1.2638577435e+14
4/7/1978 16:00:00	1.2403259718e+14
4/10/1978 16:00:00	1.23122682253e+14
4/11/1978 16:00:00	1.23589785839e+14
4/12/1978 16:00:00	1.21995692731e+14
4/13/1978 16:00:00	1.18489107561e+14
4/14/1978 16:00:00	1.14386859091e+14
4/17/1978 16:00:00	1.12645597281e+14
4/18/1978 16:00:00	1.14278237444e+14
4/19/1978 16:00:00	1.13776418038e+14
4/20/1978 16:00:00	1.09898859275e+14
4/21/1978 16:00:00	1.08840513318e+14
4/24/1978 16:00:00	1.08086669442e+14
4/25/1978 16:00:00	1.06263800199e+14
4/26/1978 16:00:00	1.05257756236e+14
4/27/1978 16:00:00	1.05648888045e+14
4/28/1978 16:00:00	1.04096735314e+14
5/1/1978 16:00:00	1.0203131531e+14
5/2/1978 16:00:00	1.01878248363e+14
5/3/1978 16:00:00	1.01728897223e+14
5/4/1978 16:00:00	1.01048899454e+14
5/5/1978 16:00:00	9.9068012248e+13
5/8/1978 16:00:00	9.96881806558e+13
5/9/1978 16:00:00	9.98001737282e+13
5/10/1978 16:00:00	9.8626035665e+13
5/11/1978 16:00:00	9.69659940123e+13
5/12/1978 16:00:00	9.44174242067e+13
5/15/1978 16:00:00	9.35695838399e+13
5/16/1978 16:00:00	9.13168768685e+13
5/17/1978 16:00:00	8.91378243594e+13
5/18/1978 16:00:00	8.94573661918e+13
5/19/1978 16:00:00	8.97799523235e+13
5/22/1978 16:00:00	8.92143264415e+13
5/23/1978 16:00:00	9.13019124129e+13
5/24/1978 16:00:00	9.41342788611e+13
5/25/1978 16:00:00	9.42409352844e+13
5/26/1978 16:00:00	9.41071652454e+13
5/30/1978 16:00:00	9.39761904544e+13
5/31/1978 16:00:00	9.36097258478e+13
6/1/1978 16:00:00	9.34810814703e+13
6/2/1978 16:00:00	9.19467856569e+13
6/5/1978 16:00:00	8.95310388977e+13
6/6/1978 16:00:00	8.80847112114e+13
6/7/1978 16:00:00	8.75342308875e+13
6/8/1978 16:00:00	8.5757712645e+13
6/9/1978 16:00:00	8.50208657431e+13
6/12/1978 16:00:00	8.53237153336e+13
6/13/1978 16:00:00	8.56268562984e+13
6/14/1978 16:00:00	8.51006722241e+13
6/15/1978 16:00:00	8.58160517071e+13
6/16/1978 16:00:00	8.6903342205e+13
6/19/1978 16:00:00	8.86968641776e+13
6/20/1978 16:00:00	9.07564756011e+13
6/21/1978 16:00:00	9.40038585923e+13
6/22/1978 16:00:00	9.38792153112e+13
6/23/1978 16:00:00	9.39888840115e+13
6/26/1978 16:00:00	9.69179382544e+13
6/27/1978 16:00:00	9.77663145615e+13
6/28/1978 16:00:00	9.7144403114e+13
6/29/1978 16:00:00	9.60373686992e+13
6/30/1978 16:00:00	9.54304194009e+13
7/3/1978 16:00:00	9.60195854093e+13
7/5/1978 16:00:00	9.82864941885e+13
7/6/1978 16:00:00	9.93342921641e+13
7/7/1978 16:00:00	9.85050516069e+13
7/10/1978 16:00:00	9.81230969431e+13
7/11/1978 16:00:00	9.7247156498e+13
7/12/1978 16:00:00	9.6137065985e+13
7/13/1978 16:00:00	9.60092989226e+13
7/14/1978 16:00:00	9.32369940305e+13
7/17/1978 16:00:00	9.1499480203e+13
7/18/1978 16:00:00	9.22869998762e+13
7/19/1978 16:00:00	9.08132625392e+13
7/20/1978 16:00:00	8.86933545016e+13
7/21/1978 16:00:00	8.92326869424e+13
7/24/1978 16:00:00	8.93397802317e+13
7/25/1978 16:00:00	8.90099672333e+13
7/26/1978 16:00:00	8.76500526035e+13
7/27/1978 16:00:00	8.64806655178e+13
7/28/1978 16:00:00	8.55412722124e+13
7/31/1978 16:00:00	8.42077708138e+13
8/1/1978 16:00:00	8.33046443353e+13
8/2/1978 16:00:00	8.06312365255e+13
8/3/1978 16:00:00	7.92577332524e+13
8/4/1978 16:00:00	7.80548125828e+13
8/7/1978 16:00:00	7.72404286037e+13
8/8/1978 16:00:00	7.67955626011e+13
8/9/1978 16:00:00	7.49357985462e+13
8/10/1978 16:00:00	7.50250146459e+13
8/11/1978 16:00:00	7.44268111508e+13
8/14/1978 16:00:00	7.43464706802e+13
8/15/1978 16:00:00	7.47752340226e+13
8/16/1978 16:00:00	7.33269277398e+13
8/17/1978 16:00:00	7.12932995254e+13
8/18/1978 16:00:00	7.04185935078e+13
8/21/1978 16:00:00	7.19259285576e+13
8/22/1978 16:00:00	7.18541578203e+13
8/23/1978 16:00:00	7.06513524026e+13
8/24/1978 16:00:00	6.97905979745e+13
8/25/1978 16:00:00	6.91000603222e+13
8/28/1978 16:00:00	7.01082823767e+13
8/29/1978 16:00:00	7.11360544471e+13
8/30/1978 16:00:00	7.09090388661e+13
8/31/1978 16:00:00	7.06826549341e+13
9/1/1978 16:00:00	7.01408913355e+13
9/5/1978 16:00:00	7.00742371435e+13
9/6/1978 16:00:00	6.86000536926e+13
9/7/1978 16:00:00	6.77772722531e+13
9/8/1978 16:00:00	6.59252525661e+13
9/11/1978 16:00:00	6.53279359226e+13
9/12/1978 16:00:00	6.49859442134e+13
9/13/1978 16:00:00	6.4927511122e+13
9/14/1978 16:00:00	6.63808865033e+13
9/15/1978 16:00:00	6.77679667452e+13
9/18/1978 16:00:00	7.05317232431e+13
9/19/1978 16:00:00	7.29742459298e+13
9/20/1978 16:00:00	7.53240545104e+13
9/21/1978 16:00:00	7.64486308828e+13
9/22/1978 16:00:00	7.61988211698e+13
9/25/1978 16:00:00	7.6647847782e+13
9/26/1978 16:00:00	7.53527619274e+13
9/27/1978 16:00:00	7.69913959974e+13
9/28/1978 16:00:00	7.69192398663e+13
9/29/1978 16:00:00	7.56193225197e+13
10/2/1978 16:00:00	7.50367322176e+13
10/3/1978 16:00:00	7.5477531174e+13
10/4/1978 16:00:00	7.55776470039e+13
10/5/1978 16:00:00	7.4993876797e+13
10/6/1978 16:00:00	7.42891462461e+13
10/9/1978 16:00:00	7.33848877344e+13
10/10/1978 16:00:00	7.29934335162e+13
10/11/1978 16:00:00	7.24331223992e+13
10/12/1978 16:00:00	7.20463826269e+13
10/13/1978 16:00:00	7.21425230695e+13
10/16/1978 16:00:00	7.49674647592e+13
10/17/1978 16:00:00	7.99221748402e+13
10/18/1978 16:00:00	8.38939784816e+13
10/19/1978 16:00:00	8.72965936729e+13
10/20/1978 16:00:00	9.44022459025e+13
10/23/1978 16:00:00	9.89053423425e+13
10/24/1978 16:00:00	1.01009178882e+14
10/25/1978 16:00:00	1.00905679922e+14
10/26/1978 16:00:00	1.09018298088e+14
10/27/1978 16:00:00	1.1669279892e+14
10/30/1978 16:00:00	1.25632693622e+14
10/31/1978 16:00:00	1.30194347387e+14
11/1/1978 16:00:00	1.18111542745e+14
11/2/1978 16:00:00	1.1829105341e+14
11/3/1978 16:00:00	1.15670152082e+14
11/6/1978 16:00:00	1.170538107e+14
11/7/1978 16:00:00	1.24198648226e+14
11/8/1978 16:00:00	1.23714262426e+14
11/9/1978 16:00:00	1.20928396833e+14
11/10/1978 16:00:00	1.18306815171e+14
11/13/1978 16:00:00	1.24001416234e+14
11/14/1978 16:00:00	1.31136013679e+14
11/15/1978 16:00:00	1.29543355692e+14
11/16/1978 16:00:00	1.26931360517e+14
11/17/1978 16:00:00	1.22002149951e+14
11/20/1978 16:00:00	1.19676421031e+14
11/21/1978 16:00:00	1.19538313299e+14
11/22/1978 16:00:00	1.17201294571e+14
11/24/1978 16:00:00	1.14926972495e+14
11/27/1978 16:00:00	1.15698517299e+14
11/28/1978 16:00:00	1.17078389389e+14
11/29/1978 16:00:00	1.21763361172e+14
11/30/1978 16:00:00	1.20099214158e+14
12/1/1978 16:00:00	1.15546294039e+14
12/4/1978 16:00:00	1.14522278747e+14
12/5/1978 16:00:00	1.11436359334e+14
12/6/1978 16:00:00	1.09603196276e+14
12/7/1978 16:00:00	1.09209948321e+14
12/8/1978 16:00:00	1.08819403225e+14
12/11/1978 16:00:00	1.08226134724e+14
12/12/1978 16:00:00	1.09967262277e+14
12/13/1978 16:00:00	1.11244865951e+14
12/14/1978 16:00:00	1.1141305129e+14
12/15/1978 16:00:00	1.13572524794e+14
12/18/1978 16:00:00	1.22789606977e+14
12/19/1978 16:00:00	1.2168127637e+14
12/20/1978 16:00:00	1.19928913792e+14
12/21/1978 16:00:00	1.18544721917e+14
12/22/1978 16:00:00	1.15331352401e+14
12/26/1978 16:00:00	1.1314506162e+14
12/27/1978 16:00:00	1.14493314482e+14
12/28/1978 16:00:00	1.1468233264e+14
12/29/1978 16:00:00	1.12810353512e+14
1/2/1979 16:00:00	1.13591348868e+14
1/3/1979 16:00:00	1.10028620662e+14
1/4/1979 16:00:00	1.05740512791e+14
1/5/1979 16:00:00	1.02203460234e+14
1/8/1979 16:00:00	1.02865565834e+14
1/9/1979 16:00:00	1.00988195918e+14
1/10/1979 16:00:00	1.02134720916e+14
1/11/1979 16:00:00	1.01032636205e+14
1/12/1979 16:00:00	9.8955362124e+13
1/15/1979 16:00:00	9.72408294153e+13
1/16/1979 16:00:00	9.92173577691e+13
1/17/1979 16:00:00	9.96125358252e+13
1/18/1979 16:00:00	9.8125386525e+13
1/19/1979 16:00:00	9.75625009383e+13
1/22/1979 16:00:00	9.74787013959e+13
1/23/1979 16:00:00	9.57435781409e+13
1/24/1979 16:00:00	9.63512038867e+13
1/25/1979 16:00:00	9.39488303709e+13
1/26/1979 16:00:00	9.27492258889e+13
1/29/1979 16:00:00	9.33337427074e+13
1/30/1979 16:00:00	9.41432621871e+13
1/31/1979 16:00:00	9.58675020425e+13
2/1/1979 16:00:00	9.6015657095e+13
2/2/1979 16:00:00	9.61649619443e+13
2/5/1979 16:00:00	9.97745939168e+13
2/6/1979 16:00:00	9.99322956268e+13
2/7/1979 16:00:00	1.03653854199e+14
2/8/1979 16:00:00	1.02286913791e+14
2/9/1979 16:00:00	1.01444422092e+14
2/12/1979 16:00:00	1.00920445397e+14
2/13/1979 16:00:00	9.91224736006e+13
2/14/1979 16:00:00	1.00000619981e+14
2/15/1979 16:00:00	9.94293783649e+13
2/16/1979 16:00:00	9.79014289531e+13
2/20/1979 16:00:00	9.75826123638e+13
2/21/1979 16:00:00	9.77288946297e+13
2/22/1979 16:00:00	9.88160619405e+13
2/23/1979 16:00:00	9.9918835161e+13
2/26/1979 16:00:00	1.00314948761e+14
2/27/1979 16:00:00	1.05979593331e+14
2/28/1979 16:00:00	1.06146594344e+14
3/1/1979 16:00:00	1.04483146864e+14
3/2/1979 16:00:00	1.03623570396e+14
3/5/1979 16:00:00	1.01322650727e+14
3/6/1979 16:00:00	1.02212726615e+14
3/7/1979 16:00:00	9.93970631546e+13
3/8/1979 16:00:00	9.5970470047e+13
3/9/1979 16:00:00	9.56652491364e+13
3/12/1979 16:00:00	9.60435198469e+13
3/13/1979 16:00:00	9.50561507067e+13
3/14/1979 16:00:00	9.54326715308e+13
3/15/1979 16:00:00	9.51304868674e+13
3/16/1979 16:00:00	9.34840110637e+13
3/19/1979 16:00:00	9.25882325245e+13
3/20/1979 16:00:00	9.33784004191e+13
3/21/1979 16:00:00	9.22087665265e+13
3/22/1979 16:00:00	9.08463980243e+13
3/23/1979 16:00:00	8.99333278882e+13
3/26/1979 16:00:00	9.11110346924e+13
3/27/1979 16:00:00	8.97732153482e+13
3/28/1979 16:00:00	8.9701825371e+13
3/29/1979 16:00:00	8.90132921524e+13
3/30/1979 16:00:00	8.81289769634e+13
4/2/1979 16:00:00	8.90714098112e+13
4/3/1979 16:00:00	8.73651060125e+13
4/4/1979 16:00:00	8.64985028371e+13
4/5/1979 16:00:00	8.54530784769e+13
4/6/1979 16:00:00	8.48605507098e+13
4/9/1979 16:00:00	8.51825594952e+13
4/10/1979 16:00:00	8.43532240087e+13
4/11/1979 16:00:00	8.55645084206e+13
4/12/1979 16:00:00	8.588944232e+13
4/16/1979 16:00:00	8.79618109122e+13
4/17/1979 16:00:00	8.84971213871e+13
4/18/1979 16:00:00	8.74255080155e+13
4/19/1979 16:00:00	8.69651287719e+13
4/20/1979 16:00:00	8.61646950666e+13
4/23/1979 16:00:00	8.59114837029e+13
4/24/1979 16:00:00	8.52730216871e+13
4/25/1979 16:00:00	8.44461704791e+13
4/26/1979 16:00:00	8.4954510052e+13
4/27/1979 16:00:00	8.54679711396e+13
4/30/1979 16:00:00	8.67558992148e+13
5/1/1979 16:00:00	8.6894549228e+13
5/2/1979 16:00:00	8.66392097831e+13
5/3/1979 16:00:00	8.63857605782e+13
5/4/1979 16:00:00	8.7298525228e+13
5/7/1979 16:00:00	9.36841078024e+13
5/8/1979 16:00:00	9.59944734847e+13
5/9/1979 16:00:00	9.45822837298e+13
5/10/1979 16:00:00	9.60445633279e+13
5/11/1979 16:00:00	9.61962159108e+13
5/14/1979 16:00:00	9.79148657627e+13
5/15/1979 16:00:00	9.80697845334e+13
5/16/1979 16:00:00	9.73055213555e+13
5/17/1979 16:00:00	9.51911004387e+13
5/18/1979 16:00:00	9.40204285909e+13
5/21/1979 16:00:00	9.37372290755e+13
5/22/1979 16:00:00	9.2375913505e+13
5/23/1979 16:00:00	9.2090543724e+13
5/24/1979 16:00:00	9.22347753943e+13
5/25/1979 16:00:00	9.11140666467e+13
5/29/1979 16:00:00	9.16752145255e+13
5/30/1979 16:00:00	9.41206057177e+13
5/31/1979 16:00:00	9.4269972625e+13
6/1/1979 16:00:00	9.35531634716e+13
6/4/1979 16:00:00	9.34863939191e+13
6/5/1979 16:00:00	9.12819983396e+13
6/6/1979 16:00:00	9.01831204496e+13
6/7/1979 16:00:00	8.83410482808e+13
6/8/1979 16:00:00	8.76888324648e+13
6/11/1979 16:00:00	8.78279923177e+13
6/12/1979 16:00:00	8.62006749077e+13
6/13/1979 16:00:00	8.614206588e+13
6/14/1979 16:00:00	8.6278495673e+13
6/15/1979 16:00:00	8.5841502754e+13
6/18/1979 16:00:00	8.67386251508e+13
6/19/1979 16:00:00	8.6490371813e+13
6/20/1979 16:00:00	8.60502422163e+13
6/21/1979 16:00:00	8.56148547254e+13
6/22/1979 16:00:00	8.4805757504e+13
6/25/1979 16:00:00	8.55011274903e+13
6/26/1979 16:00:00	8.63899927459e+13
6/27/1979 16:00:00	8.48120936651e+13
6/28/1979 16:00:00	8.36469137573e+13
6/29/1979 16:00:00	8.37827343462e+13
7/2/1979 16:00:00	8.5932631581e+13
7/3/1979 16:00:00	8.60654331381e+13
7/5/1979 16:00:00	8.46868329988e+13
7/6/1979 16:00:00	8.33848027637e+13
7/9/1979 16:00:00	8.26099539651e+13
7/10/1979 16:00:00	8.29192296288e+13
7/11/1979 16:00:00	8.32297931718e+13
7/12/1979 16:00:00	8.37232870034e+13
7/13/1979 16:00:00	8.42203677127e+13
7/16/1979 16:00:00	8.36222262256e+13
7/17/1979 16:00:00	8.55257836185e+13
7/18/1979 16:00:00	8.67843893905e+13
7/19/1979 16:00:00	8.63517152131e+13
7/20/1979 16:00:00	8.57359759829e+13
7/23/1979 16:00:00	8.66304126234e+13
7/24/1979 16:00:00	8.601476318e+13
7/25/1979 16:00:00	8.4320757193e+13
7/26/1979 16:00:00	8.35437734165e+13
7/27/1979 16:00:00	8.27785499072e+13
7/30/1979 16:00:00	8.20269878132e+13
7/31/1979 16:00:00	8.07552776185e+13
8/1/1979 16:00:00	7.98550784254e+13
8/2/1979 16:00:00	7.89686214751e+13
8/3/1979 16:00:00	7.89316392269e+13
8/6/1979 16:00:00	7.93958822383e+13
8/7/1979 16:00:00	7.80120778872e+13
8/8/1979 16:00:00	7.68674627699e+13
8/9/1979 16:00:00	7.66722620721e+13
8/10/1979 16:00:00	7.55173318378e+13
8/13/1979 16:00:00	7.40751966496e+13
8/14/1979 16:00:00	7.38927737923e+13
8/15/1979 16:00:00	7.27994038293e+13
8/16/1979 16:00:00	7.2476204324e+13
8/17/1979 16:00:00	7.20067402889e+13
8/20/1979 16:00:00	7.19834333295e+13
8/21/1979 16:00:00	7.19587379409e+13
8/22/1979 16:00:00	7.09436451385e+13
8/23/1979 16:00:00	7.06328274317e+13
8/24/1979 16:00:00	7.03262722861e+13
8/27/1979 16:00:00	7.03089640349e+13
8/28/1979 16:00:00	7.04331293638e+13
8/29/1979 16:00:00	6.98384757827e+13
8/30/1979 16:00:00	6.98201799298e+13
8/31/1979 16:00:00	6.95211049022e+13
9/4/1979 16:00:00	7.22909684378e+13
9/5/1979 16:00:00	7.60284572552e+13
9/6/1979 16:00:00	7.47479992432e+13
9/7/1979 16:00:00	7.30368825417e+13
9/10/1979 16:00:00	7.20122666332e+13
9/11/1979 16:00:00	7.28672968672e+13
9/12/1979 16:00:00	7.25508108826e+13
9/13/1979 16:00:00	7.17954174049e+13
9/14/1979 16:00:00	7.00361856547e+13
9/17/1979 16:00:00	7.03010008123e+13
9/18/1979 16:00:00	7.22574589689e+13
9/19/1979 16:00:00	7.20892725666e+13
9/20/1979 16:00:00	7.1053750155e+13
9/21/1979 16:00:00	7.06105441507e+13
9/24/1979 16:00:00	7.14456710703e+13
9/25/1979 16:00:00	7.2721969092e+13
9/26/1979 16:00:00	7.19713905316e+13
9/27/1979 16:00:00	7.13788113078e+13
9/28/1979 16:00:00	7.2085656401e+13
10/1/1979 16:00:00	7.2799898653e+13
10/2/1979 16:00:00	7.23457711058e+13
10/3/1979 16:00:00	7.17438900318e+13
10/4/1979 16:00:00	7.05795797494e+13
10/5/1979 16:00:00	6.94410927286e+13
10/8/1979 16:00:00	7.13530208728e+13
10/9/1979 16:00:00	7.97356750498e+13
10/10/1979 16:00:00	8.96131739377e+13
10/11/1979 16:00:00	8.82447604738e+13
10/12/1979 16:00:00	8.72826590064e+13
10/15/1979 16:00:00	9.17235614401e+13
10/16/1979 16:00:00	9.21129413997e+13
10/17/1979 16:00:00	9.09496200644e+13
10/18/1979 16:00:00	9.01557478434e+13
10/19/1979 16:00:00	9.59706837443e+13
10/22/1979 16:00:00	1.03384949552e+14
10/23/1979 16:00:00	1.05041473037e+14
10/24/1979 16:00:00	1.04312645876e+14
10/25/1979 16:00:00	1.05269529766e+14
10/26/1979 16:00:00	1.02961061291e+14
10/29/1979 16:00:00	1.02988665206e+14
10/30/1979 16:00:00	9.95183374984e+13
10/31/1979 16:00:00	9.97480116517e+13
11/1/1979 16:00:00	9.79873110395e+13
11/2/1979 16:00:00	9.71278141511e+13
11/5/1979 16:00:00	9.90439131085e+13
11/6/1979 16:00:00	1.00116877788e+14
11/7/1979 16:00:00	1.03844913486e+14
11/8/1979 16:00:00	1.02428254428e+14
11/9/1979 16:00:00	1.00121117275e+14
11/12/1979 16:00:00	9.7663830768e+13
11/13/1979 16:00:00	9.7869243275e+13
11/14/1979 16:00:00	9.65498438979e+13
11/15/1979 16:00:00	9.44800761528e+13
11/16/1979 16:00:00	9.42638481508e+13
11/19/1979 16:00:00	9.26178428167e+13
11/20/1979 16:00:00	9.38018516204e+13
11/21/1979 16:00:00	9.51987185601e+13
11/23/1979 16:00:00	9.33133134992e+13
11/26/1979 16:00:00	8.94689784285e+13
11/27/1979 16:00:00	8.83118462617e+13
11/28/1979 16:00:00	8.68557205405e+13
11/29/1979 16:00:00	8.57537218118e+13
11/30/1979 16:00:00	8.57605026245e+13
12/3/1979 16:00:00	8.66706761148e+13
12/4/1979 16:00:00	8.52215674077e+13
12/5/1979 16:00:00	8.34435903318e+13
12/6/1979 16:00:00	8.17193279117e+13
12/7/1979 16:00:00	8.10552785789e+13
12/10/1979 16:00:00	8.04054175349e+13
12/11/1979 16:00:00	8.09094849831e+13
12/12/1979 16:00:00	7.9968442787e+13
12/13/1979 16:00:00	7.93386980042e+13
12/14/1979 16:00:00	7.79051186085e+13
12/17/1979 16:00:00	7.71382225314e+13
12/18/1979 16:00:00	7.86911906232e+13
12/19/1979 16:00:00	7.90079218527e+13
12/20/1979 16:00:00	7.80611465769e+13
12/21/1979 16:00:00	7.83881864731e+13
12/24/1979 16:00:00	7.8863055322e+13
12/26/1979 16:00:00	7.90129158181e+13
12/27/1979 16:00:00	7.88655752519e+13
12/28/1979 16:00:00	7.80825559837e+13
12/31/1979 16:00:00	7.77937180978e+13
1/2/1980 16:00:00	8.24653392196e+13
1/3/1980 16:00:00	8.62932976669e+13
1/4/1980 16:00:00	8.2916528599e+13
1/7/1980 16:00:00	8.21256721568e+13
1/8/1980 16:00:00	7.88025758796e+13
1/9/1980 16:00:00	7.75531929932e+13
1/10/1980 16:00:00	7.54475725543e+13
1/11/1980 16:00:00	7.44244427738e+13
1/14/1980 16:00:00	7.38581069037e+13
1/15/1980 16:00:00	7.31480431294e+13
1/16/1980 16:00:00	7.18757389207e+13
1/17/1980 16:00:00	7.2305127131e+13
1/18/1980 16:00:00	7.20396789169e+13
1/21/1980 16:00:00	7.03880751308e+13
1/22/1980 16:00:00	7.12151727838e+13
1/23/1980 16:00:00	6.92099098041e+13
1/24/1980 16:00:00	6.84375736001e+13
1/25/1980 16:00:00	6.79383622889e+13
1/28/1980 16:00:00	6.68018649423e+13
1/29/1980 16:00:00	6.74429181813e+13
1/30/1980 16:00:00	6.62947058099e+13
1/31/1980 16:00:00	6.5812984125e+13
2/1/1980 16:00:00	6.53370943571e+13
2/4/1980 16:00:00	6.58382615823e+13
2/5/1980 16:00:00	6.57220665004e+13
2/6/1980 16:00:00	6.48737014005e+13
2/7/1980 16:00:00	6.40436195246e+13
2/8/1980 16:00:00	6.24075523212e+13
2/11/1980 16:00:00	6.34538832158e+13
2/12/1980 16:00:00	6.34758892786e+13
2/13/1980 16:00:00	6.31547807157e+13
2/14/1980 16:00:00	6.50266057335e+13
2/15/1980 16:00:00	6.62245798428e+13
2/19/1980 16:00:00	6.82393416582e+13
2/20/1980 16:00:00	6.71153911966e+13
2/21/1980 16:00:00	6.82710941507e+13
2/22/1980 16:00:00	6.99562784232e+13
2/25/1980 16:00:00	7.28759605862e+13
2/26/1980 16:00:00	7.23409679513e+13
2/27/1980 16:00:00	7.35854951441e+13
2/28/1980 16:00:00	7.40409519964e+13
2/29/1980 16:00:00	7.35563841815e+13
3/3/1980 16:00:00	7.52626877842e+13
3/4/1980 16:00:00	7.76220316334e+13
3/5/1980 16:00:00	8.15406771969e+13
3/6/1980 16:00:00	8.86724685454e+13
3/7/1980 16:00:00	9.3180365172e+13
3/10/1980 16:00:00	9.80297297453e+13
3/11/1980 16:00:00	9.66242946958e+13
3/12/1980 16:00:00	9.68573287663e+13
3/13/1980 16:00:00	9.63021362327e+13
3/14/1980 16:00:00	9.77487060768e+13
3/17/1980 16:00:00	1.07547963752e+14
3/18/1980 16:00:00	1.0966908989e+14
3/19/1980 16:00:00	1.07316488098e+14
3/20/1980 16:00:00	1.08523281963e+14
3/21/1980 16:00:00	1.10698819093e+14
3/24/1980 16:00:00	1.21050812005e+14
3/25/1980 16:00:00	1.27013934205e+14
3/26/1980 16:00:00	1.28258268576e+14
3/27/1980 16:00:00	1.52264099854e+14
3/28/1980 16:00:00	1.3358587257e+14
3/31/1980 16:00:00	1.28704873679e+14
4/1/1980 16:00:00	1.22882468803e+14
4/2/1980 16:00:00	1.15779841083e+14
4/3/1980 16:00:00	1.15627971164e+14
4/7/1980 16:00:00	1.22588314135e+14
4/8/1980 16:00:00	1.22663703674e+14
4/9/1980 16:00:00	1.16106090393e+14
4/10/1980 16:00:00	1.13114718717e+14
4/11/1980 16:00:00	1.1220435683e+14
4/14/1980 16:00:00	1.15227200638e+14
4/15/1980 16:00:00	1.16320677314e+14
4/16/1980 16:00:00	1.18155125929e+14
4/17/1980 16:00:00	1.21642572381e+14
4/18/1980 16:00:00	1.21718626441e+14
4/21/1980 16:00:00	1.26346539324e+14
4/22/1980 16:00:00	1.19304673149e+14
4/23/1980 16:00:00	1.16409232489e+14
4/24/1980 16:00:00	1.12151951925e+14
4/25/1980 16:00:00	1.1431193531e+14
4/28/1980 16:00:00	1.1313577925e+14
4/29/1980 16:00:00	1.11164549137e+14
4/30/1980 16:00:00	1.0997498808e+14
5/1/1980 16:00:00	1.1092627307e+14
5/2/1980 16:00:00	1.09736341468e+14
5/5/1980 16:00:00	1.08293987453e+14
5/6/1980 16:00:00	1.05708414243e+14
5/7/1980 16:00:00	1.02786923871e+14
5/8/1980 16:00:00	1.03547939855e+14
5/9/1980 16:00:00	1.04156139773e+14
5/12/1980 16:00:00	1.04548892663e+14
5/13/1980 16:00:00	1.02355154448e+14
5/14/1980 16:00:00	9.91064773636e+13
5/15/1980 16:00:00	9.74309958792e+13
5/16/1980 16:00:00	9.64004634238e+13
5/19/1980 16:00:00	9.6562847755e+13
5/20/1980 16:00:00	9.73078140077e+13
5/21/1980 16:00:00	9.76328956626e+13
5/22/1980 16:00:00	9.53687895652e+13
5/23/1980 16:00:00	9.26301308133e+13
5/27/1980 16:00:00	9.16447888842e+13
5/28/1980 16:00:00	9.07136434275e+13
5/29/1980 16:00:00	9.19493218121e+13
5/30/1980 16:00:00	9.15520761353e+13
6/2/1980 16:00:00	9.20783950833e+13
6/3/1980 16:00:00	9.27900086457e+13
6/4/1980 16:00:00	9.04944014555e+13
6/5/1980 16:00:00	8.8829767632e+13
6/6/1980 16:00:00	8.80919357481e+13
6/9/1980 16:00:00	8.76998835182e+13
6/10/1980 16:00:00	8.59548597839e+13
6/11/1980 16:00:00	8.42158249454e+13
6/12/1980 16:00:00	8.41633612978e+13
6/13/1980 16:00:00	8.21494100364e+13
6/16/1980 16:00:00	8.19551416629e+13
6/17/1980 16:00:00	8.17597723607e+13
6/18/1980 16:00:00	8.15620042856e+13
6/19/1980 16:00:00	8.24628646215e+13
6/20/1980 16:00:00	8.2899500054e+13
6/23/1980 16:00:00	8.22188971517e+13
6/24/1980 16:00:00	8.12217907294e+13
6/25/1980 16:00:00	7.98052265424e+13
6/26/1980 16:00:00	7.94608558903e+13
6/27/1980 16:00:00	7.92723327544e+13
6/30/1980 16:00:00	8.14644926088e+13
7/1/1980 16:00:00	8.09990942504e+13
7/2/1980 16:00:00	7.9567906459e+13
7/3/1980 16:00:00	7.71230259835e+13
7/7/1980 16:00:00	7.33671944348e+13
7/8/1980 16:00:00	7.34653319436e+13
7/9/1980 16:00:00	7.28812166323e+13
7/10/1980 16:00:00	7.33811984258e+13
7/11/1980 16:00:00	7.21327059057e+13
7/14/1980 16:00:00	6.99916982012e+13
7/15/1980 16:00:00	6.93285746519e+13
7/16/1980 16:00:00	6.94166557582e+13
7/17/1980 16:00:00	6.7535393994e+13
7/18/1980 16:00:00	6.60562020685e+13
7/21/1980 16:00:00	6.55574288984e+13
7/22/1980 16:00:00	6.64529649319e+13
7/23/1980 16:00:00	6.65430222334e+13
7/24/1980 16:00:00	6.65119408931e+13
7/25/1980 16:00:00	6.6955168196e+13
7/28/1980 16:00:00	6.65722784248e+13
7/29/1980 16:00:00	6.53683145817e+13
7/30/1980 16:00:00	6.40818799438e+13
7/31/1980 16:00:00	6.4740412006e+13
8/1/1980 16:00:00	6.40779133398e+13
8/4/1980 16:00:00	6.48209777327e+13
8/5/1980 16:00:00	6.42477703685e+13
8/6/1980 16:00:00	6.33115216605e+13
8/7/1980 16:00:00	6.14153957708e+13
8/8/1980 16:00:00	6.07605467877e+13
8/11/1980 16:00:00	5.95961634282e+13
8/12/1980 16:00:00	6.01824637586e+13
8/13/1980 16:00:00	5.98456767171e+13
8/14/1980 16:00:00	5.81186667793e+13
8/15/1980 16:00:00	5.71209563729e+13
8/18/1980 16:00:00	5.9766350719e+13
8/19/1980 16:00:00	6.07715406714e+13
8/20/1980 16:00:00	5.94349898382e+13
8/21/1980 16:00:00	5.73065657534e+13
8/22/1980 16:00:00	5.56660852547e+13
8/25/1980 16:00:00	5.58437796912e+13
8/26/1980 16:00:00	5.52109252641e+13
8/27/1980 16:00:00	5.55486006951e+13
8/28/1980 16:00:00	5.66509384675e+13
8/29/1980 16:00:00	5.62728411926e+13
9/2/1980 16:00:00	5.56375117321e+13
9/3/1980 16:00:00	5.36935699784e+13
9/4/1980 16:00:00	5.32499978689e+13
9/5/1980 16:00:00	5.2900499214e+13
9/8/1980 16:00:00	5.40159863711e+13
9/9/1980 16:00:00	5.37475969171e+13
9/10/1980 16:00:00	5.25154511565e+13
9/11/1980 16:00:00	5.10063964453e+13
9/12/1980 16:00:00	4.99470341779e+13
9/15/1980 16:00:00	5.00314881354e+13
9/16/1980 16:00:00	4.87621452923e+13
9/17/1980 16:00:00	4.68569972868e+13
9/18/1980 16:00:00	4.71540948303e+13
9/19/1980 16:00:00	4.59836148048e+13
9/22/1980 16:00:00	4.56352267889e+13
9/23/1980 16:00:00	4.62747072695e+13
9/24/1980 16:00:00	4.62811339757e+13
9/25/1980 16:00:00	4.71480542954e+13
9/26/1980 16:00:00	4.96341469661e+13
9/29/1980 16:00:00	5.36394410614e+13
9/30/1980 16:00:00	5.20299521058e+13
10/1/1980 16:00:00	5.06314329865e+13
10/2/1980 16:00:00	4.97708701645e+13
10/3/1980 16:00:00	4.78482771927e+13
10/6/1980 16:00:00	4.59965766444e+13
10/7/1980 16:00:00	4.59382635543e+13
10/8/1980 16:00:00	4.53288929753e+13
10/9/1980 16:00:00	4.52083767425e+13
10/10/1980 16:00:00	4.5090954511e+13
10/13/1980 16:00:00	4.44241926173e+13
10/14/1980 16:00:00	4.44476490737e+13
10/15/1980 16:00:00	4.4258576911e+13
10/16/1980 16:00:00	4.53507582212e+13
10/17/1980 16:00:00	4.59209679386e+13
10/20/1980 16:00:00	4.60791883287e+13
10/21/1980 16:00:00	4.65746438515e+13
10/22/1980 16:00:00	4.56866882436e+13
10/23/1980 16:00:00	4.72245738401e+13
10/24/1980 16:00:00	4.70303463494e+13
10/27/1980 16:00:00	4.84282781549e+13
10/28/1980 16:00:00	4.8976838764e+13
10/29/1980 16:00:00	4.85433352881e+13
10/30/1980 16:00:00	5.01524389034e+13
10/31/1980 16:00:00	5.00240629721e+13
11/3/1980 16:00:00	4.98987021873e+13
11/5/1980 16:00:00	4.77535248021e+13
11/6/1980 16:00:00	4.9337117844e+13
11/7/1980 16:00:00	4.98359283506e+13
11/10/1980 16:00:00	5.02596166447e+13
11/11/1980 16:00:00	4.88822946466e+13
11/12/1980 16:00:00	4.68833105845e+13
11/13/1980 16:00:00	4.51984270708e+13
11/14/1980 16:00:00	4.42948226645e+13
11/17/1980 16:00:00	4.45228005161e+13
11/18/1980 16:00:00	4.31940268583e+13
11/19/1980 16:00:00	4.2537743219e+13
11/20/1980 16:00:00	4.17278848112e+13
11/21/1980 16:00:00	4.20714498007e+13
11/24/1980 16:00:00	4.33534506888e+13
11/25/1980 16:00:00	4.26982007782e+13
11/26/1980 16:00:00	4.17707419099e+13
11/28/1980 16:00:00	4.12838756893e+13
12/1/1980 16:00:00	4.32976509218e+13
12/2/1980 16:00:00	4.41755712125e+13
12/3/1980 16:00:00	4.34981263789e+13
12/4/1980 16:00:00	4.2789194824e+13
12/5/1980 16:00:00	4.49210454212e+13
12/8/1980 16:00:00	4.97578255136e+13
12/9/1980 16:00:00	5.05136121175e+13
12/10/1980 16:00:00	5.18311685695e+13
12/11/1980 16:00:00	5.58499065292e+13
12/12/1980 16:00:00	5.38791179825e+13
12/15/1980 16:00:00	5.35349714242e+13
12/16/1980 16:00:00	5.36225355208e+13
12/17/1980 16:00:00	5.20446691786e+13
12/18/1980 16:00:00	5.05960596808e+13
12/19/1980 16:00:00	4.92957849878e+13
12/22/1980 16:00:00	4.80211682334e+13
12/23/1980 16:00:00	4.80903751597e+13
12/24/1980 16:00:00	4.80693412624e+13
12/26/1980 16:00:00	4.73297576022e+13
12/29/1980 16:00:00	4.85259731589e+13
12/30/1980 16:00:00	4.81723830891e+13
12/31/1980 16:00:00	4.70528782643e+13
1/2/1981 16:00:00	4.62889722196e+13
1/5/1981 16:00:00	4.60182575344e+13
1/6/1981 16:00:00	4.6230299609e+13
1/7/1981 16:00:00	5.09264214908e+13
1/8/1981 16:00:00	5.22295132457e+13
1/9/1981 16:00:00	5.09627907893e+13
1/12/1981 16:00:00	5.05773868429e+13
1/13/1981 16:00:00	5.09663718688e+13
1/14/1981 16:00:00	5.03453009023e+13
1/15/1981 16:00:00	4.98892977899e+13
1/16/1981 16:00:00	4.91412198038e+13
1/19/1981 16:00:00	4.89259550142e+13
1/20/1981 16:00:00	5.11932669274e+13
1/21/1981 16:00:00	5.18005658528e+13
1/22/1981 16:00:00	5.27436789243e+13
1/23/1981 16:00:00	5.2575317654e+13
1/26/1981 16:00:00	5.38329971101e+13
1/27/1981 16:00:00	5.30945683493e+13
1/28/1981 16:00:00	5.30564958583e+13
1/29/1981 16:00:00	5.27919916072e+13
1/30/1981 16:00:00	5.30147781107e+13
2/2/1981 16:00:00	5.69387689094e+13
2/3/1981 16:00:00	5.66523303382e+13
2/4/1981 16:00:00	5.5914314423e+13
2/5/1981 16:00:00	5.45881033824e+13
2/6/1981 16:00:00	5.34119029475e+13
2/9/1981 16:00:00	5.43667381516e+13
2/10/1981 16:00:00	5.46544380577e+13
2/11/1981 16:00:00	5.55303389852e+13
2/12/1981 16:00:00	5.6683746767e+13
2/13/1981 16:00:00	5.74419228296e+13
2/17/1981 16:00:00	5.75000305348e+13
2/18/1981 16:00:00	5.70062572388e+13
2/19/1981 16:00:00	5.89110110017e+13
2/20/1981 16:00:00	5.94138559669e+13
2/23/1981 16:00:00	5.88056788843e+13
2/24/1981 16:00:00	5.82086795929e+13
2/25/1981 16:00:00	5.82577935849e+13
2/26/1981 16:00:00	5.64944760451e+13
2/27/1981 16:00:00	5.50024555996e+13
3/2/1981 16:00:00	5.42179380602e+13
3/3/1981 16:00:00	5.49325323295e+13
3/4/1981 16:00:00	5.47342862243e+13
3/5/1981 16:00:00	5.46228158634e+13
3/6/1981 16:00:00	5.40968122038e+13
3/9/1981 16:00:00	5.40658013274e+13
3/10/1981 16:00:00	5.50896601299e+13
3/11/1981 16:00:00	5.58770641842e+13
3/12/1981 16:00:00	5.38787335439e+13
3/13/1981 16:00:00	5.28044202437e+13
3/16/1981 16:00:00	5.19758379661e+13
3/17/1981 16:00:00	5.22453381072e+13
3/18/1981 16:00:00	5.17304380702e+13
3/19/1981 16:00:00	5.15293179988e+13
3/20/1981 16:00:00	5.01901757217e+13
3/23/1981 16:00:00	4.93598426001e+13
3/24/1981 16:00:00	4.93931421483e+13
3/25/1981 16:00:00	4.83587601851e+13
3/26/1981 16:00:00	4.83310196294e+13
3/27/1981 16:00:00	4.89316862367e+13
3/30/1981 16:00:00	4.89064843787e+13
3/31/1981 16:00:00	4.81711045921e+13
4/1/1981 16:00:00	4.75197479681e+13
4/2/1981 16:00:00	4.71719848957e+13
4/3/1981 16:00:00	4.68854083035e+13
4/6/1981 16:00:00	4.78506087568e+13
4/7/1981 16:00:00	4.7642653942e+13
4/8/1981 16:00:00	4.70695367598e+13
4/9/1981 16:00:00	4.64498591057e+13
4/10/1981 16:00:00	4.57767470874e+13
4/13/1981 16:00:00	4.64014846518e+13
4/14/1981 16:00:00	4.70970987592e+13
4/15/1981 16:00:00	4.61389923082e+13
4/16/1981 16:00:00	4.52325438721e+13
4/20/1981 16:00:00	4.47128131202e+13
4/21/1981 16:00:00	4.53811205338e+13
4/22/1981 16:00:00	4.51803860871e+13
4/23/1981 16:00:00	4.47896143311e+13
4/24/1981 16:00:00	4.39052529544e+13
4/27/1981 16:00:00	4.38345564158e+13
4/28/1981 16:00:00	4.53343445942e+13
4/29/1981 16:00:00	4.63332646236e+13
4/30/1981 16:00:00	4.61636098689e+13
5/1/1981 16:00:00	4.63068217928e+13
5/4/1981 16:00:00	4.86170996589e+13
5/5/1981 16:00:00	4.99255035225e+13
5/6/1981 16:00:00	4.97736698733e+13
5/7/1981 16:00:00	4.87134713412e+13
5/8/1981 16:00:00	4.80956102957e+13
5/11/1981 16:00:00	4.95835755258e+13
5/12/1981 16:00:00	4.95130498883e+13
5/13/1981 16:00:00	4.91640844481e+13
5/14/1981 16:00:00	4.83382605633e+13
5/15/1981 16:00:00	4.76145880617e+13
5/18/1981 16:00:00	4.74873425036e+13
5/19/1981 16:00:00	4.81384484266e+13
5/20/1981 16:00:00	4.73035707252e+13
5/21/1981 16:00:00	4.692950648e+13
5/22/1981 16:00:00	4.65529647005e+13
5/26/1981 16:00:00	4.60434249301e+13
5/27/1981 16:00:00	4.49097166015e+13
5/28/1981 16:00:00	4.4360862005e+13
5/29/1981 16:00:00	4.43628557996e+13
6/1/1981 16:00:00	4.47942275004e+13
6/2/1981 16:00:00	4.69751181393e+13
6/3/1981 16:00:00	4.75765811443e+13
6/4/1981 16:00:00	4.72018336753e+13
6/5/1981 16:00:00	4.63293995003e+13
6/8/1981 16:00:00	4.67651597665e+13
6/9/1981 16:00:00	4.74104687532e+13
6/10/1981 16:00:00	4.728571932e+13
6/11/1981 16:00:00	4.62116200932e+13
6/12/1981 16:00:00	4.60307558444e+13
6/15/1981 16:00:00	4.60418884134e+13
6/16/1981 16:00:00	4.76604738278e+13
6/17/1981 16:00:00	4.78229561979e+13
6/18/1981 16:00:00	4.92201323076e+13
6/19/1981 16:00:00	4.87684797409e+13
6/22/1981 16:00:00	4.95813323776e+13
6/23/1981 16:00:00	4.93006791219e+13
6/24/1981 16:00:00	4.96979590614e+13
6/25/1981 16:00:00	4.94988629426e+13
6/26/1981 16:00:00	4.93010296543e+13
6/29/1981 16:00:00	5.05263795591e+13
6/30/1981 16:00:00	5.23322534195e+13
7/1/1981 16:00:00	5.33829618289e+13
7/2/1981 16:00:00	5.49051710986e+13
7/6/1981 16:00:00	5.79361922794e+13
7/7/1981 16:00:00	5.90342545772e+13
7/8/1981 16:00:00	5.88753261796e+13
7/9/1981 16:00:00	5.77000643061e+13
7/10/1981 16:00:00	5.74580687765e+13
7/13/1981 16:00:00	5.72945035391e+13
7/14/1981 16:00:00	5.82718238632e+13
7/15/1981 16:00:00	5.76798934837e+13
7/16/1981 16:00:00	5.68802368296e+13
7/17/1981 16:00:00	5.63920434861e+13
7/20/1981 16:00:00	5.93330619208e+13
7/21/1981 16:00:00	6.13140962373e+13
7/22/1981 16:00:00	6.23995690662e+13
7/23/1981 16:00:00	6.24132431962e+13
7/24/1981 16:00:00	6.11593956983e+13
7/27/1981 16:00:00	6.00917312298e+13
7/28/1981 16:00:00	6.06950772733e+13
7/29/1981 16:00:00	6.08611530992e+13
7/30/1981 16:00:00	6.00621602011e+13
7/31/1981 16:00:00	5.88677681293e+13
8/3/1981 16:00:00	6.00269608733e+13
8/4/1981 16:00:00	6.04725159307e+13
8/5/1981 16:00:00	5.98719312903e+13
8/6/1981 16:00:00	5.94721842597e+13
8/7/1981 16:00:00	5.98986697714e+13
8/10/1981 16:00:00	6.05597296499e+13
8/11/1981 16:00:00	5.99708338876e+13
8/12/1981 16:00:00	5.99648378043e+13
8/13/1981 16:00:00	5.97062463994e+13
8/14/1981 16:00:00	6.01242124757e+13
8/17/1981 16:00:00	6.24121599388e+13
8/18/1981 16:00:00	6.49399436599e+13
8/19/1981 16:00:00	6.49416027761e+13
8/20/1981 16:00:00	6.4372290415e+13
8/21/1981 16:00:00	6.56686604941e+13
8/24/1981 16:00:00	7.1550581388e+13
8/25/1981 16:00:00	7.49664462315e+13
8/26/1981 16:00:00	7.51508417109e+13
8/27/1981 16:00:00	7.64977649948e+13
8/28/1981 16:00:00	7.57527896554e+13
8/31/1981 16:00:00	7.8004013781e+13
9/1/1981 16:00:00	7.89384765497e+13
9/2/1981 16:00:00	7.89209288204e+13
9/3/1981 16:00:00	8.32734987004e+13
9/4/1981 16:00:00	8.65933856383e+13
9/8/1981 16:00:00	9.33955292939e+13
9/9/1981 16:00:00	9.36277927527e+13
9/10/1981 16:00:00	8.96298585438e+13
9/11/1981 16:00:00	8.66860025577e+13
9/14/1981 16:00:00	8.7179384455e+13
9/15/1981 16:00:00	8.73939595299e+13
9/16/1981 16:00:00	9.01102987108e+13
9/17/1981 16:00:00	9.33357107403e+13
9/18/1981 16:00:00	9.56862343361e+13
9/21/1981 16:00:00	9.57598310111e+13
9/22/1981 16:00:00	9.77006566902e+13
9/23/1981 16:00:00	1.03181648504e+14
9/24/1981 16:00:00	1.02731974606e+14
9/25/1981 16:00:00	1.12020277158e+14
9/28/1981 16:00:00	1.12474048383e+14
9/29/1981 16:00:00	1.06006117205e+14
9/30/1981 16:00:00	1.03594241987e+14
10/1/1981 16:00:00	1.01959720121e+14
10/2/1981 16:00:00	9.66636531021e+13
10/5/1981 16:00:00	9.4516521708e+13
10/6/1981 16:00:00	9.47116887691e+13
10/7/1981 16:00:00	9.04919664651e+13
10/8/1981 16:00:00	8.75165195342e+13
10/9/1981 16:00:00	8.7302459041e+13
10/12/1981 16:00:00	8.75024056878e+13
10/13/1981 16:00:00	8.68777732317e+13
10/14/1981 16:00:00	9.05113202564e+13
10/15/1981 16:00:00	9.00047351826e+13
10/16/1981 16:00:00	8.97877173877e+13
10/19/1981 16:00:00	9.05725180551e+13
10/20/1981 16:00:00	8.87801328258e+13
10/21/1981 16:00:00	8.73517880599e+13
10/22/1981 16:00:00	8.75637157414e+13
10/23/1981 16:00:00	8.84199639522e+13
10/26/1981 16:00:00	8.98725940478e+13
10/27/1981 16:00:00	8.78421513507e+13
10/28/1981 16:00:00	8.63872388848e+13
10/29/1981 16:00:00	8.75228533715e+13
10/30/1981 16:00:00	8.48491788921e+13
11/2/1981 16:00:00	8.2328448653e+13
11/3/1981 16:00:00	8.06352479877e+13
11/4/1981 16:00:00	7.97292845729e+13
11/5/1981 16:00:00	7.95493101611e+13
11/6/1981 16:00:00	7.97198019215e+13
11/9/1981 16:00:00	8.00072868861e+13
11/10/1981 16:00:00	8.01851544256e+13
11/11/1981 16:00:00	8.01215011474e+13
11/12/1981 16:00:00	7.92036075985e+13
11/13/1981 16:00:00	8.03149319499e+13
11/16/1981 16:00:00	8.4110301441e+13
11/17/1981 16:00:00	8.36389714424e+13
11/18/1981 16:00:00	8.39339093436e+13
11/19/1981 16:00:00	8.44866780284e+13
11/20/1981 16:00:00	8.29699533036e+13
11/23/1981 16:00:00	8.38819213448e+13
11/24/1981 16:00:00	8.27597448763e+13
11/25/1981 16:00:00	8.1668736739e+13
11/27/1981 16:00:00	8.05923260092e+13
11/30/1981 16:00:00	8.0264048103e+13
12/1/1981 16:00:00	8.07868335351e+13
12/2/1981 16:00:00	8.17903595806e+13
12/3/1981 16:00:00	8.25661013125e+13
12/4/1981 16:00:00	8.14716942384e+13
12/7/1981 16:00:00	8.3088970895e+13
12/8/1981 16:00:00	8.52500463619e+13
12/9/1981 16:00:00	8.51524978184e+13
12/10/1981 16:00:00	8.4537759693e+13
12/11/1981 16:00:00	8.50822332727e+13
12/14/1981 16:00:00	8.89582538952e+13
12/15/1981 16:00:00	8.98123621782e+13
12/16/1981 16:00:00	9.01229197525e+13
12/17/1981 16:00:00	8.94600003011e+13
12/18/1981 16:00:00	8.78726446144e+13
12/21/1981 16:00:00	8.88139360309e+13
12/22/1981 16:00:00	9.00773957101e+13
12/23/1981 16:00:00	9.05356560752e+13
12/24/1981 16:00:00	9.028898516e+13
12/28/1981 16:00:00	9.13017732521e+13
12/29/1981 16:00:00	9.31788730616e+13
12/30/1981 16:00:00	9.22054230411e+13
12/31/1981 16:00:00	9.08224404707e+13
1/4/1982 16:00:00	9.14297356627e+13
1/5/1982 16:00:00	9.61254104386e+13
1/6/1982 16:00:00	9.80770293955e+13
1/7/1982 16:00:00	9.84197258138e+13
1/8/1982 16:00:00	9.69340638196e+13
1/11/1982 16:00:00	1.02107655476e+14
1/12/1982 16:00:00	1.04757986034e+14
1/13/1982 16:00:00	1.07620133064e+14
1/14/1982 16:00:00	1.07483385999e+14
1/15/1982 16:00:00	1.05293831776e+14
1/18/1982 16:00:00	1.05674389913e+14
1/19/1982 16:00:00	1.07553248571e+14
1/20/1982 16:00:00	1.08662715451e+14
1/21/1982 16:00:00	1.07655602651e+14
1/22/1982 16:00:00	1.08931422713e+14
1/25/1982 16:00:00	1.13250184281e+14
1/26/1982 16:00:00	1.13683543677e+14
1/27/1982 16:00:00	1.13556970368e+14
1/28/1982 16:00:00	1.08955840871e+14
1/29/1982 16:00:00	1.05358956046e+14
2/1/1982 16:00:00	1.08272869068e+14
2/2/1982 16:00:00	1.07352018202e+14
2/3/1982 16:00:00	1.07786674648e+14
2/4/1982 16:00:00	1.0856354332e+14
2/5/1982 16:00:00	1.06896199884e+14
2/8/1982 16:00:00	1.13267369964e+14
2/9/1982 16:00:00	1.17419411549e+14
2/10/1982 16:00:00	1.16731894179e+14
2/11/1982 16:00:00	1.18367422817e+14
2/12/1982 16:00:00	1.18262599456e+14
2/16/1982 16:00:00	1.22033375954e+14
2/17/1982 16:00:00	1.21094320883e+14
2/18/1982 16:00:00	1.21177224025e+14
2/19/1982 16:00:00	1.23056318849e+14
2/22/1982 16:00:00	1.26402815172e+14
2/23/1982 16:00:00	1.30065050694e+14
2/24/1982 16:00:00	1.27884964439e+14
2/25/1982 16:00:00	1.26420770608e+14
2/26/1982 16:00:00	1.2669070791e+14
3/1/1982 16:00:00	1.25478026542e+14
3/2/1982 16:00:00	1.25763801214e+14
3/3/1982 16:00:00	1.30484891693e+14
3/4/1982 16:00:00	1.34480147305e+14
3/5/1982 16:00:00	1.40071103424e+14
3/8/1982 16:00:00	1.47592448165e+14
3/9/1982 16:00:00	1.51297418082e+14
3/10/1982 16:00:00	1.49774046691e+14
3/11/1982 16:00:00	1.50907664991e+14
3/12/1982 16:00:00	1.56336544089e+14
3/15/1982 16:00:00	1.57547988095e+14
3/16/1982 16:00:00	1.56795035944e+14
3/17/1982 16:00:00	1.57440355525e+14
3/18/1982 16:00:00	1.52444205047e+14
3/19/1982 16:00:00	1.48203703298e+14
3/22/1982 16:00:00	1.43399116052e+14
3/23/1982 16:00:00	1.40971574055e+14
3/24/1982 16:00:00	1.41507297856e+14
3/25/1982 16:00:00	1.39376633293e+14
3/26/1982 16:00:00	1.41123123007e+14
3/29/1982 16:00:00	1.40732530773e+14
3/30/1982 16:00:00	1.41314201448e+14
3/31/1982 16:00:00	1.4119916433e+14
4/1/1982 16:00:00	1.37417914353e+14
4/2/1982 16:00:00	1.34781688215e+14
4/5/1982 16:00:00	1.3599873909e+14
4/6/1982 16:00:00	1.35148600697e+14
4/7/1982 16:00:00	1.32699291873e+14
4/8/1982 16:00:00	1.30331903307e+14
4/12/1982 16:00:00	1.31056500615e+14
4/13/1982 16:00:00	1.31575742341e+14
4/14/1982 16:00:00	1.3278725627e+14
4/15/1982 16:00:00	1.31561006658e+14
4/16/1982 16:00:00	1.2930019308e+14
4/19/1982 16:00:00	1.2938573679e+14
4/20/1982 16:00:00	1.30690532036e+14
4/21/1982 16:00:00	1.30168033676e+14
4/22/1982 16:00:00	1.27453590616e+14
4/23/1982 16:00:00	1.25233150925e+14
4/26/1982 16:00:00	1.23673602278e+14
4/27/1982 16:00:00	1.26149091831e+14
4/28/1982 16:00:00	1.26054120275e+14
4/29/1982 16:00:00	1.28011225383e+14
4/30/1982 16:00:00	1.27057973762e+14
5/3/1982 16:00:00	1.26738019804e+14
5/4/1982 16:00:00	1.25193964575e+14
5/5/1982 16:00:00	1.2550130469e+14
5/6/1982 16:00:00	1.23000473342e+14
5/7/1982 16:00:00	1.21701579209e+14
5/10/1982 16:00:00	1.22953538713e+14
5/11/1982 16:00:00	1.22052785571e+14
5/12/1982 16:00:00	1.22540962398e+14
5/13/1982 16:00:00	1.23610974417e+14
5/14/1982 16:00:00	1.22897331342e+14
5/17/1982 16:00:00	1.25688998763e+14
5/18/1982 16:00:00	1.28207225963e+14
5/19/1982 16:00:00	1.32457303722e+14
5/20/1982 16:00:00	1.35357992952e+14
5/21/1982 16:00:00	1.36313392243e+14
5/24/1982 16:00:00	1.38125069884e+14
5/25/1982 16:00:00	1.39799743304e+14
5/26/1982 16:00:00	1.45441530357e+14
5/27/1982 16:00:00	1.46732112699e+14
5/28/1982 16:00:00	1.46788943112e+14
6/1/1982 16:00:00	1.49830721632e+14
6/2/1982 16:00:00	1.49115296204e+14
6/3/1982 16:00:00	1.51136110282e+14
6/4/1982 16:00:00	1.57372727457e+14
6/7/1982 16:00:00	1.60147118192e+14
6/8/1982 16:00:00	1.62152267793e+14
6/9/1982 16:00:00	1.69202311283e+14
6/10/1982 16:00:00	1.68076534482e+14
6/11/1982 16:00:00	1.62014045178e+14
6/14/1982 16:00:00	1.66524647947e+14
6/15/1982 16:00:00	1.69526326959e+14
6/16/1982 16:00:00	1.69316047482e+14
6/17/1982 16:00:00	1.741657e+14
6/18/1982 16:00:00	1.78875622188e+14
6/21/1982 16:00:00	1.80867102749e+14
6/22/1982 16:00:00	1.77690910119e+14
6/23/1982 16:00:00	1.72382371773e+14
6/24/1982 16:00:00	1.72168855913e+14
6/25/1982 16:00:00	1.74388953493e+14
6/28/1982 16:00:00	1.7294532492e+14
6/29/1982 16:00:00	1.75170182655e+14
6/30/1982 16:00:00	1.73089272633e+14
7/1/1982 16:00:00	1.75619077547e+14
7/2/1982 16:00:00	1.77570577258e+14
7/6/1982 16:00:00	1.80805308199e+14
7/7/1982 16:00:00	1.84731131499e+14
7/8/1982 16:00:00	1.89354542392e+14
7/9/1982 16:00:00	1.8537351981e+14
7/12/1982 16:00:00	1.83090497798e+14
7/13/1982 16:00:00	1.81832604535e+14
7/14/1982 16:00:00	1.82843242549e+14
7/15/1982 16:00:00	1.81910571895e+14
7/16/1982 16:00:00	1.80326341193e+14
7/19/1982 16:00:00	1.80983311832e+14
7/20/1982 16:00:00	1.79050937646e+14
7/21/1982 16:00:00	1.77133752701e+14
7/22/1982 16:00:00	1.75566864204e+14
7/23/1982 16:00:00	1.75855025527e+14
7/26/1982 16:00:00	1.78305785747e+14
7/27/1982 16:00:00	1.80812217581e+14
7/28/1982 16:00:00	1.88494705223e+14
7/29/1982 16:00:00	1.9145205084e+14
7/30/1982 16:00:00	1.92478425246e+14
8/2/1982 16:00:00	1.89419519107e+14
8/3/1982 16:00:00	1.91086038827e+14
8/4/1982 16:00:00	1.96116997711e+14
8/5/1982 16:00:00	2.01766779979e+14
8/6/1982 16:00:00	2.08736854729e+14
8/9/1982 16:00:00	2.16321202234e+14
8/10/1982 16:00:00	2.17092160487e+14
8/11/1982 16:00:00	2.19489837961e+14
8/12/1982 16:00:00	2.2397423773e+14
8/13/1982 16:00:00	2.24754844287e+14
8/16/1982 16:00:00	2.25097154225e+14
8/17/1982 16:00:00	2.14382679e+14
8/18/1982 16:00:00	2.04028052441e+14
8/19/1982 16:00:00	2.04685259903e+14
8/20/1982 16:00:00	1.97098538354e+14
8/23/1982 16:00:00	1.87138805465e+14
8/24/1982 16:00:00	1.79758053433e+14
8/25/1982 16:00:00	1.71611820628e+14
8/26/1982 16:00:00	1.62167954704e+14
8/27/1982 16:00:00	1.64061549848e+14
8/30/1982 16:00:00	1.60415208014e+14
8/31/1982 16:00:00	1.60677987806e+14
9/1/1982 16:00:00	1.65491975325e+14
9/2/1982 16:00:00	1.65760955292e+14
9/3/1982 16:00:00	1.66022423808e+14
9/7/1982 16:00:00	1.66270770769e+14
9/8/1982 16:00:00	1.53863784077e+14
9/9/1982 16:00:00	1.51611900695e+14
9/10/1982 16:00:00	1.5259727858e+14
9/13/1982 16:00:00	1.51837402309e+14
9/14/1982 16:00:00	1.47825323059e+14
9/15/1982 16:00:00	1.4396233806e+14
9/16/1982 16:00:00	1.43036099444e+14
9/17/1982 16:00:00	1.4372533038e+14
9/20/1982 16:00:00	1.45343944642e+14
9/21/1982 16:00:00	1.41151907744e+14
9/22/1982 16:00:00	1.3978608656e+14
9/23/1982 16:00:00	1.41127031089e+14
9/24/1982 16:00:00	1.40217912504e+14
9/27/1982 16:00:00	1.40437520976e+14
9/28/1982 16:00:00	1.39748497161e+14
9/29/1982 16:00:00	1.41521482055e+14
9/30/1982 16:00:00	1.4337466926e+14
10/1/1982 16:00:00	1.41079809455e+14
10/4/1982 16:00:00	1.42895204122e+14
10/5/1982 16:00:00	1.41287357403e+14
10/6/1982 16:00:00	1.34327176381e+14
10/7/1982 16:00:00	1.2693436587e+14
10/8/1982 16:00:00	1.20713325361e+14
10/11/1982 16:00:00	1.1471503367e+14
10/12/1982 16:00:00	1.15047733986e+14
10/13/1982 16:00:00	1.10071360658e+14
10/14/1982 16:00:00	1.1071827361e+14
10/15/1982 16:00:00	1.11530170108e+14
10/18/1982 16:00:00	1.08281819268e+14
10/19/1982 16:00:00	1.07015747828e+14
10/20/1982 16:00:00	1.02200152393e+14
10/21/1982 16:00:00	9.71201009607e+13
10/22/1982 16:00:00	9.38780630725e+13
10/25/1982 16:00:00	9.40156408237e+13
10/26/1982 16:00:00	1.03109188168e+14
10/27/1982 16:00:00	9.98880826908e+13
10/28/1982 16:00:00	1.00458572886e+14
10/29/1982 16:00:00	9.9602773035e+13
11/1/1982 16:00:00	9.70624997846e+13
11/2/1982 16:00:00	9.30042063297e+13
11/3/1982 16:00:00	8.647242653e+13
11/4/1982 16:00:00	8.40242900282e+13
11/5/1982 16:00:00	8.19214057664e+13
11/8/1982 16:00:00	8.2366640161e+13
11/9/1982 16:00:00	7.86493596398e+13
11/10/1982 16:00:00	7.85597055446e+13
11/11/1982 16:00:00	7.75706964997e+13
11/12/1982 16:00:00	7.65735987873e+13
11/15/1982 16:00:00	7.9940355906e+13
11/16/1982 16:00:00	8.45518169099e+13
11/17/1982 16:00:00	8.15294811095e+13
11/18/1982 16:00:00	8.00294129119e+13
11/19/1982 16:00:00	8.00351833062e+13
11/22/1982 16:00:00	8.390385306e+13
11/23/1982 16:00:00	8.46855448403e+13
11/24/1982 16:00:00	8.28942129828e+13
11/26/1982 16:00:00	8.11294109574e+13
11/29/1982 16:00:00	8.14530070354e+13
11/30/1982 16:00:00	7.73971073953e+13
12/1/1982 16:00:00	7.41893817673e+13
12/2/1982 16:00:00	7.37466753373e+13
12/3/1982 16:00:00	7.29058951608e+13
12/6/1982 16:00:00	7.10576919456e+13
12/7/1982 16:00:00	7.00083754458e+13
12/8/1982 16:00:00	7.00137124942e+13
12/9/1982 16:00:00	7.31565776201e+13
12/10/1982 16:00:00	7.63012990617e+13
12/13/1982 16:00:00	7.69965003793e+13
12/14/1982 16:00:00	7.90874619385e+13
12/15/1982 16:00:00	8.49208111173e+13
12/16/1982 16:00:00	8.51511153685e+13
12/17/1982 16:00:00	8.15381829879e+13
12/20/1982 16:00:00	8.27194616322e+13
12/21/1982 16:00:00	8.21686281827e+13
12/22/1982 16:00:00	7.95914233878e+13
12/23/1982 16:00:00	7.83454644154e+13
12/27/1982 16:00:00	7.75343048602e+13
12/28/1982 16:00:00	7.86435895165e+13
12/29/1982 16:00:00	7.86555753589e+13
12/30/1982 16:00:00	7.98069904927e+13
12/31/1982 16:00:00	7.88004361265e+13
1/3/1983 16:00:00	8.07263154902e+13
1/4/1983 16:00:00	7.9814386015e+13
1/5/1983 16:00:00	7.87742729097e+13
1/6/1983 16:00:00	7.49205158403e+13
1/7/1983 16:00:00	7.31051662616e+13
1/10/1983 16:00:00	7.10962444413e+13
1/11/1983 16:00:00	7.11881623269e+13
1/12/1983 16:00:00	6.95024473227e+13
1/13/1983 16:00:00	6.90764841283e+13
1/14/1983 16:00:00	6.7390318688e+13
1/17/1983 16:00:00	6.62369983332e+13
1/18/1983 16:00:00	6.66448065772e+13
1/19/1983 16:00:00	6.79338500639e+13
1/20/1983 16:00:00	6.73742262266e+13
1/21/1983 16:00:00	6.909047311e+13
1/24/1983 16:00:00	6.68964190259e+13
1/25/1983 16:00:00	7.30758933529e+13
1/26/1983 16:00:00	7.1169283674e+13
1/27/1983 16:00:00	6.77270534508e+13
1/28/1983 16:00:00	6.65653244306e+13
1/31/1983 16:00:00	6.54328246415e+13
2/1/1983 16:00:00	6.57573925076e+13
2/2/1983 16:00:00	6.56870797867e+13
2/3/1983 16:00:00	6.4895227471e+13
2/4/1983 16:00:00	6.32724598741e+13
2/7/1983 16:00:00	6.30518290823e+13
2/8/1983 16:00:00	6.38121026629e+13
2/9/1983 16:00:00	6.36658176158e+13
2/10/1983 16:00:00	6.11533322022e+13
2/11/1983 16:00:00	5.99483998988e+13
2/14/1983 16:00:00	5.85466141695e+13
2/15/1983 16:00:00	5.83505525315e+13
2/16/1983 16:00:00	5.84309351688e+13
2/17/1983 16:00:00	5.85763486993e+13
2/18/1983 16:00:00	5.71001087251e+13
2/22/1983 16:00:00	5.86072915001e+13
2/23/1983 16:00:00	5.80864346107e+13
2/24/1983 16:00:00	5.66112193348e+13
2/25/1983 16:00:00	5.66170649927e+13
2/28/1983 16:00:00	5.77969047998e+13
3/1/1983 16:00:00	5.71378766911e+13
3/2/1983 16:00:00	5.61620056049e+13
3/3/1983 16:00:00	5.50939113318e+13
3/4/1983 16:00:00	5.47268668218e+13
3/7/1983 16:00:00	5.51110139383e+13
3/8/1983 16:00:00	5.65470737888e+13
3/9/1983 16:00:00	5.54056314091e+13
3/10/1983 16:00:00	5.48470860273e+13
3/11/1983 16:00:00	5.48552267163e+13
3/14/1983 16:00:00	5.60918224875e+13
3/15/1983 16:00:00	5.61674796984e+13
3/16/1983 16:00:00	5.59879003188e+13
3/17/1983 16:00:00	5.6509158955e+13
3/18/1983 16:00:00	5.59549812965e+13
3/21/1983 16:00:00	5.52023126709e+13
3/22/1983 16:00:00	5.45268160636e+13
3/23/1983 16:00:00	5.34934240088e+13
3/24/1983 16:00:00	5.29219352831e+13
3/25/1983 16:00:00	5.26977056437e+13
3/28/1983 16:00:00	5.38106185561e+13
3/29/1983 16:00:00	5.40652959375e+13
3/30/1983 16:00:00	5.29433875138e+13
3/31/1983 16:00:00	5.30316385356e+13
4/4/1983 16:00:00	5.43321253232e+13
4/5/1983 16:00:00	5.43506019299e+13
4/6/1983 16:00:00	5.58286769947e+13
4/7/1983 16:00:00	5.57792405881e+13
4/8/1983 16:00:00	5.49716890431e+13
4/11/1983 16:00:00	5.33911021327e+13
4/12/1983 16:00:00	5.2331668588e+13
4/13/1983 16:00:00	5.05620276779e+13
4/14/1983 16:00:00	4.90265172853e+13
4/15/1983 16:00:00	4.76204811231e+13
4/18/1983 16:00:00	4.70714826059e+13
4/19/1983 16:00:00	4.7586247274e+13
4/20/1983 16:00:00	4.61853604134e+13
4/21/1983 16:00:00	4.52686981175e+13
4/22/1983 16:00:00	4.45184375215e+13
4/25/1983 16:00:00	4.5460152114e+13
4/26/1983 16:00:00	4.4801303458e+13
4/27/1983 16:00:00	4.44871695865e+13
4/28/1983 16:00:00	4.36766171702e+13
4/29/1983 16:00:00	4.26939514951e+13
5/2/1983 16:00:00	4.38932155897e+13
5/3/1983 16:00:00	4.43624240628e+13
5/4/1983 16:00:00	4.27579707069e+13
5/5/1983 16:00:00	4.10227895971e+13
5/6/1983 16:00:00	3.92969200647e+13
5/9/1983 16:00:00	3.89547591696e+13
5/10/1983 16:00:00	3.83153398949e+13
5/11/1983 16:00:00	3.89250005219e+13
5/12/1983 16:00:00	3.92858902601e+13
5/13/1983 16:00:00	3.86401308105e+13
5/16/1983 16:00:00	4.03308552254e+13
5/17/1983 16:00:00	3.98168633284e+13
5/18/1983 16:00:00	3.88733824809e+13
5/19/1983 16:00:00	3.91957366992e+13
5/20/1983 16:00:00	3.8935462397e+13
5/23/1983 16:00:00	3.88811352334e+13
5/24/1983 16:00:00	3.75825826842e+13
5/25/1983 16:00:00	3.69785291427e+13
5/26/1983 16:00:00	3.6234269391e+13
5/27/1983 16:00:00	3.60712820811e+13
5/31/1983 16:00:00	3.72710966388e+13
6/1/1983 16:00:00	3.76068773508e+13
6/2/1983 16:00:00	3.6746170439e+13
6/3/1983 16:00:00	3.55549001212e+13
6/6/1983 16:00:00	3.50569084823e+13
6/7/1983 16:00:00	3.55405156571e+13
6/8/1983 16:00:00	3.61599210434e+13
6/9/1983 16:00:00	3.61389673608e+13
6/10/1983 16:00:00	3.53247816256e+13
6/13/1983 16:00:00	3.44259272458e+13
6/14/1983 16:00:00	3.38282455364e+13
6/15/1983 16:00:00	3.32378203552e+13
6/16/1983 16:00:00	3.18911262412e+13
6/17/1983 16:00:00	3.20529761045e+13
6/20/1983 16:00:00	3.25429583355e+13
6/21/1983 16:00:00	3.21667681546e+13
6/22/1983 16:00:00	3.15646464993e+13
6/23/1983 16:00:00	3.18622060472e+13
6/24/1983 16:00:00	3.14438114146e+13
6/27/1983 16:00:00	3.28060957706e+13
6/28/1983 16:00:00	3.53974472114e+13
6/29/1983 16:00:00	3.534161616e+13
6/30/1983 16:00:00	3.45621122465e+13
7/1/1983 16:00:00	3.46114369507e+13
7/5/1983 16:00:00	3.51759828327e+13
7/6/1983 16:00:00	3.45653114356e+13
7/7/1983 16:00:00	3.432021118e+13
7/8/1983 16:00:00	3.45299678816e+13
7/11/1983 16:00:00	3.42853774503e+13
7/12/1983 16:00:00	3.54551475187e+13
7/13/1983 16:00:00	3.6282159218e+13
7/14/1983 16:00:00	3.60205886009e+13
7/15/1983 16:00:00	3.69589835758e+13
7/18/1983 16:00:00	3.79391399439e+13
7/19/1983 16:00:00	3.76627890336e+13
7/20/1983 16:00:00	3.56830289289e+13
7/21/1983 16:00:00	3.57346377637e+13
7/22/1983 16:00:00	3.44685607842e+13
7/25/1983 16:00:00	3.44862780981e+13
7/26/1983 16:00:00	3.466615477e+13
7/27/1983 16:00:00	3.64698262479e+13
7/28/1983 16:00:00	3.87745959297e+13
7/29/1983 16:00:00	4.05367223968e+13
8/1/1983 16:00:00	4.13506808379e+13
8/2/1983 16:00:00	4.09591716761e+13
8/3/1983 16:00:00	4.07447587413e+13
8/4/1983 16:00:00	4.24930676764e+13
8/5/1983 16:00:00	4.23421007182e+13
8/8/1983 16:00:00	4.46490809435e+13
8/9/1983 16:00:00	4.49896712441e+13
8/10/1983 16:00:00	4.39956649557e+13
8/11/1983 16:00:00	4.36137547249e+13
8/12/1983 16:00:00	4.28057163123e+13
8/15/1983 16:00:00	4.19226134498e+13
8/16/1983 16:00:00	4.27807213429e+13
8/17/1983 16:00:00	4.24556449583e+13
8/18/1983 16:00:00	4.2943755404e+13
8/19/1983 16:00:00	4.3308510204e+13
8/22/1983 16:00:00	4.34908115721e+13
8/23/1983 16:00:00	4.57803390477e+13
8/24/1983 16:00:00	4.71607164237e+13
8/25/1983 16:00:00	4.79123789608e+13
8/26/1983 16:00:00	4.75824054413e+13
8/29/1983 16:00:00	4.80960738596e+13
8/30/1983 16:00:00	4.79153559602e+13
8/31/1983 16:00:00	4.67398169049e+13
9/1/1983 16:00:00	4.58567737248e+13
9/2/1983 16:00:00	4.42797238024e+13
9/6/1983 16:00:00	4.28761512033e+13
9/7/1983 16:00:00	4.31108279457e+13
9/8/1983 16:00:00	4.27416800417e+13
9/9/1983 16:00:00	4.26338349508e+13
9/12/1983 16:00:00	4.32912163797e+13
9/13/1983 16:00:00	4.46023320313e+13
9/14/1983 16:00:00	4.44866772541e+13
9/15/1983 16:00:00	4.50473255718e+13
9/16/1983 16:00:00	4.46108613481e+13
9/19/1983 16:00:00	4.31078813132e+13
9/20/1983 16:00:00	4.24796300142e+13
9/21/1983 16:00:00	4.25827449409e+13
9/22/1983 16:00:00	4.2104619717e+13
9/23/1983 16:00:00	4.25695826177e+13
9/26/1983 16:00:00	4.2553622127e+13
9/27/1983 16:00:00	4.38665806893e+13
9/28/1983 16:00:00	4.43668458129e+13
9/29/1983 16:00:00	4.46559229347e+13
9/30/1983 16:00:00	4.59323620352e+13
10/3/1983 16:00:00	4.69341696545e+13
10/4/1983 16:00:00	4.69068650727e+13
10/5/1983 16:00:00	4.70702221748e+13
10/6/1983 16:00:00	4.65603369697e+13
10/7/1983 16:00:00	4.58678472961e+13
10/10/1983 16:00:00	4.59338199895e+13
10/11/1983 16:00:00	4.69326934631e+13
10/12/1983 16:00:00	4.88110087496e+13
10/13/1983 16:00:00	4.948794981e+13
10/14/1983 16:00:00	4.97641330818e+13
10/17/1983 16:00:00	4.99905555629e+13
10/18/1983 16:00:00	5.32099990631e+13
10/19/1983 16:00:00	5.53807903587e+13
10/20/1983 16:00:00	5.46256408099e+13
10/21/1983 16:00:00	5.57580945696e+13
10/24/1983 16:00:00	5.74483689974e+13
10/25/1983 16:00:00	5.6403722718e+13
10/26/1983 16:00:00	5.69108365074e+13
10/27/1983 16:00:00	5.7239887805e+13
10/28/1983 16:00:00	5.8192381832e+13
10/31/1983 16:00:00	5.92775802048e+13
11/1/1983 16:00:00	6.03402488388e+13
11/2/1983 16:00:00	5.89792377492e+13
11/3/1983 16:00:00	5.92593695666e+13
11/4/1983 16:00:00	6.04329038128e+13
11/7/1983 16:00:00	6.19205884052e+13
11/8/1983 16:00:00	6.30243018883e+13
11/9/1983 16:00:00	6.21461108725e+13
11/10/1983 16:00:00	6.0783269567e+13
11/11/1983 16:00:00	5.82028982626e+13
11/14/1983 16:00:00	5.67822278576e+13
11/15/1983 16:00:00	5.72172604804e+13
11/16/1983 16:00:00	5.66978653907e+13
11/17/1983 16:00:00	5.59248473781e+13
11/18/1983 16:00:00	5.60039444018e+13
11/21/1983 16:00:00	5.50626242094e+13
11/22/1983 16:00:00	5.4273698015e+13
11/23/1983 16:00:00	5.4236443018e+13
11/25/1983 16:00:00	5.38536484464e+13
11/28/1983 16:00:00	5.44986425758e+13
11/29/1983 16:00:00	5.39406304948e+13
11/30/1983 16:00:00	5.39609150935e+13
12/1/1983 16:00:00	5.38113948586e+13
12/2/1983 16:00:00	5.51235320002e+13
12/5/1983 16:00:00	5.6023995986e+13
12/6/1983 16:00:00	5.64035837546e+13
12/7/1983 16:00:00	5.64256584693e+13
12/8/1983 16:00:00	5.74131807808e+13
12/9/1983 16:00:00	5.75579196513e+13
12/12/1983 16:00:00	5.80133613219e+13
12/13/1983 16:00:00	5.87073218482e+13
12/14/1983 16:00:00	6.03819673472e+13
12/15/1983 16:00:00	6.1132993122e+13
12/16/1983 16:00:00	6.08227017973e+13
12/19/1983 16:00:00	6.11787254915e+13
12/20/1983 16:00:00	6.19868275426e+13
12/21/1983 16:00:00	6.13415136482e+13
12/22/1983 16:00:00	6.10267320568e+13
12/23/1983 16:00:00	6.09075973945e+13
12/27/1983 16:00:00	6.08592336312e+13
12/28/1983 16:00:00	6.10162072192e+13
12/29/1983 16:00:00	6.07833601765e+13
12/30/1983 16:00:00	5.98838312394e+13
1/3/1984 16:00:00	6.0625485654e+13
1/4/1984 16:00:00	5.8495681544e+13
1/5/1984 16:00:00	5.64634105218e+13
1/6/1984 16:00:00	5.44495867628e+13
1/9/1984 16:00:00	5.48715635331e+13
1/10/1984 16:00:00	5.47780588174e+13
1/11/1984 16:00:00	5.4803352964e+13
1/12/1984 16:00:00	5.49416333907e+13
1/13/1984 16:00:00	5.54240740869e+13
1/16/1984 16:00:00	5.58544689412e+13
1/17/1984 16:00:00	5.55824487425e+13
1/18/1984 16:00:00	5.54929956691e+13
1/19/1984 16:00:00	5.60411536179e+13
1/20/1984 16:00:00	5.73027788804e+13
1/23/1984 16:00:00	5.99245391382e+13
1/24/1984 16:00:00	6.08993254575e+13
1/25/1984 16:00:00	6.19096371931e+13
1/26/1984 16:00:00	6.32110579404e+13
1/27/1984 16:00:00	6.49439375313e+13
1/30/1984 16:00:00	6.78862940368e+13
1/31/1984 16:00:00	6.85919449906e+13
2/1/1984 16:00:00	7.023579692e+13
2/2/1984 16:00:00	7.04982978415e+13
2/3/1984 16:00:00	7.2338163333e+13
2/6/1984 16:00:00	7.68868855203e+13
2/7/1984 16:00:00	7.77185257053e+13
2/8/1984 16:00:00	8.12644366637e+13
2/9/1984 16:00:00	8.36016838193e+13
2/10/1984 16:00:00	8.14190111455e+13
2/13/1984 16:00:00	8.48229107596e+13
2/14/1984 16:00:00	8.31115258547e+13
2/15/1984 16:00:00	8.2939154236e+13
2/16/1984 16:00:00	8.39526488581e+13
2/17/1984 16:00:00	8.45785256357e+13
2/21/1984 16:00:00	8.59977431333e+13
2/22/1984 16:00:00	8.69552322061e+13
2/23/1984 16:00:00	8.9294639052e+13
2/24/1984 16:00:00	8.47680278244e+13
2/27/1984 16:00:00	8.19458104047e+13
2/28/1984 16:00:00	8.46892010611e+13
2/29/1984 16:00:00	8.53194850799e+13
3/1/1984 16:00:00	8.29878065429e+13
3/2/1984 16:00:00	8.11624236011e+13
3/5/1984 16:00:00	8.27935129556e+13
3/6/1984 16:00:00	8.45886991052e+13
3/7/1984 16:00:00	8.7723134847e+13
3/8/1984 16:00:00	8.73236127388e+13
3/9/1984 16:00:00	8.81922662156e+13
3/12/1984 16:00:00	8.75779811625e+13
3/13/1984 16:00:00	8.66785271587e+13
3/14/1984 16:00:00	8.72282923709e+13
3/15/1984 16:00:00	8.65228993434e+13
3/16/1984 16:00:00	8.42637648463e+13
3/19/1984 16:00:00	8.61991925492e+13
3/20/1984 16:00:00	8.51986961084e+13
3/21/1984 16:00:00	8.55379232712e+13
3/22/1984 16:00:00	8.74122216091e+13
3/23/1984 16:00:00	8.83650861126e+13
3/26/1984 16:00:00	8.9247859754e+13
3/27/1984 16:00:00	8.95955510293e+13
3/28/1984 16:00:00	8.76826630439e+13
3/29/1984 16:00:00	8.71863757694e+13
3/30/1984 16:00:00	8.81597487428e+13
4/2/1984 16:00:00	8.93347421318e+13
4/3/1984 16:00:00	9.04533383359e+13
4/4/1984 16:00:00	9.10437559659e+13
4/5/1984 16:00:00	9.42879046075e+13
4/6/1984 16:00:00	9.64925809619e+13
4/9/1984 16:00:00	9.79581495595e+13
4/10/1984 16:00:00	9.73707954666e+13
4/11/1984 16:00:00	9.94389478382e+13
4/12/1984 16:00:00	9.86051157668e+13
4/13/1984 16:00:00	9.70445588121e+13
4/16/1984 16:00:00	9.73214446654e+13
4/17/1984 16:00:00	9.54626548401e+13
4/18/1984 16:00:00	9.57359451928e+13
4/19/1984 16:00:00	9.58943026739e+13
4/23/1984 16:00:00	9.78913202396e+13
4/24/1984 16:00:00	9.77927237904e+13
4/25/1984 16:00:00	9.81951581832e+13
4/26/1984 16:00:00	9.59582957384e+13
4/27/1984 16:00:00	9.49365391009e+13
4/30/1984 16:00:00	9.45163888669e+13
5/1/1984 16:00:00	9.13652586326e+13
5/2/1984 16:00:00	8.85464542504e+13
5/3/1984 16:00:00	8.91111089432e+13
5/4/1984 16:00:00	9.10571427473e+13
5/7/1984 16:00:00	9.06569039095e+13
5/8/1984 16:00:00	8.97241941813e+13
5/9/1984 16:00:00	8.96638060895e+13
5/10/1984 16:00:00	8.94948693581e+13
5/11/1984 16:00:00	9.20951082374e+13
5/14/1984 16:00:00	9.40978644867e+13
5/15/1984 16:00:00	9.4136804635e+13
5/16/1984 16:00:00	9.46233869661e+13
5/17/1984 16:00:00	9.77506274394e+13
5/18/1984 16:00:00	9.9652201131e+13
5/21/1984 16:00:00	1.01643546367e+14
5/22/1984 16:00:00	1.04711574224e+14
5/23/1984 16:00:00	1.06427459771e+14
5/24/1984 16:00:00	1.12195377911e+14
5/25/1984 16:00:00	1.12656021755e+14
5/29/1984 16:00:00	1.16593606017e+14
5/30/1984 16:00:00	1.17844201215e+14
5/31/1984 16:00:00	1.16661444111e+14
6/1/1984 16:00:00	1.12203872437e+14
6/4/1984 16:00:00	1.08234449329e+14
6/5/1984 16:00:00	1.08958792798e+14
6/6/1984 16:00:00	1.07628218798e+14
6/7/1984 16:00:00	1.07269027345e+14
6/8/1984 16:00:00	1.06772822846e+14
6/11/1984 16:00:00	1.10037082397e+14
6/12/1984 16:00:00	1.11753824768e+14
6/13/1984 16:00:00	1.10799863016e+14
6/14/1984 16:00:00	1.14044610742e+14
6/15/1984 16:00:00	1.14244190132e+14
6/18/1984 16:00:00	1.12730269443e+14
6/19/1984 16:00:00	1.11352355979e+14
6/20/1984 16:00:00	1.10858937101e+14
6/21/1984 16:00:00	1.09099902648e+14
6/22/1984 16:00:00	1.07544802333e+14
6/25/1984 16:00:00	1.07997739609e+14
6/26/1984 16:00:00	1.10848366356e+14
6/27/1984 16:00:00	1.13406393587e+14
6/28/1984 16:00:00	1.12006413076e+14
6/29/1984 16:00:00	1.10634742454e+14
7/2/1984 16:00:00	1.12920419318e+14
7/3/1984 16:00:00	1.12537375077e+14
7/5/1984 16:00:00	1.13444914277e+14
7/6/1984 16:00:00	1.15222268014e+14
7/9/1984 16:00:00	1.14987020972e+14
7/10/1984 16:00:00	1.16213150801e+14
7/11/1984 16:00:00	1.18602052582e+14
7/12/1984 16:00:00	1.19717805976e+14
7/13/1984 16:00:00	1.19150283206e+14
7/16/1984 16:00:00	1.20891921753e+14
7/17/1984 16:00:00	1.21416815818e+14
7/18/1984 16:00:00	1.23672959305e+14
7/19/1984 16:00:00	1.25977966485e+14
7/20/1984 16:00:00	1.28620468646e+14
7/23/1984 16:00:00	1.32737469467e+14
7/24/1984 16:00:00	1.35390772308e+14
7/25/1984 16:00:00	1.36344530189e+14
7/26/1984 16:00:00	1.33343205972e+14
7/27/1984 16:00:00	1.29681171786e+14
7/30/1984 16:00:00	1.30594419513e+14
7/31/1984 16:00:00	1.29457060293e+14
8/1/1984 16:00:00	1.23452754359e+14
8/2/1984 16:00:00	1.14942504996e+14
8/3/1984 16:00:00	1.04628215951e+14
8/6/1984 16:00:00	1.00845689986e+14
8/7/1984 16:00:00	1.01272736942e+14
8/8/1984 16:00:00	1.0280124965e+14
8/9/1984 16:00:00	1.00142191336e+14
8/10/1984 16:00:00	9.77875648822e+13
8/13/1984 16:00:00	9.91332566626e+13
8/14/1984 16:00:00	1.0002322573e+14
8/15/1984 16:00:00	1.01498986958e+14
8/16/1984 16:00:00	1.00978479945e+14
8/17/1984 16:00:00	1.0104063447e+14
8/20/1984 16:00:00	1.01439129959e+14
8/21/1984 16:00:00	9.78654879411e+13
8/22/1984 16:00:00	9.73420945034e+13
8/23/1984 16:00:00	9.72849621481e+13
8/24/1984 16:00:00	9.66501795034e+13
8/27/1984 16:00:00	9.85404091379e+13
8/28/1984 16:00:00	9.74246509917e+13
8/29/1984 16:00:00	9.71312102048e+13
8/30/1984 16:00:00	9.7536055488e+13
8/31/1984 16:00:00	9.77115777037e+13
9/4/1984 16:00:00	1.01593312693e+14
9/5/1984 16:00:00	1.02752341141e+14
9/6/1984 16:00:00	1.00960015647e+14
9/7/1984 16:00:00	1.01743995668e+14
9/10/1984 16:00:00	1.03385309826e+14
9/11/1984 16:00:00	1.01946594396e+14
9/12/1984 16:00:00	1.02618746478e+14
9/13/1984 16:00:00	1.00463167158e+14
9/14/1984 16:00:00	9.79189043291e+13
9/17/1984 16:00:00	9.83261698468e+13
9/18/1984 16:00:00	1.00097746216e+14
9/19/1984 16:00:00	1.01461577321e+14
9/20/1984 16:00:00	1.01514798971e+14
9/21/1984 16:00:00	1.02169099258e+14
9/24/1984 16:00:00	1.04658010494e+14
9/25/1984 16:00:00	1.05802883041e+14
9/26/1984 16:00:00	1.05707612344e+14
9/27/1984 16:00:00	1.05791478359e+14
9/28/1984 16:00:00	1.06452897234e+14
10/1/1984 16:00:00	1.09209040845e+14
10/2/1984 16:00:00	1.11792925415e+14
10/3/1984 16:00:00	1.1372764539e+14
10/4/1984 16:00:00	1.13352686588e+14
10/5/1984 16:00:00	1.13147421743e+14
10/8/1984 16:00:00	1.14541315918e+14
10/9/1984 16:00:00	1.15421794826e+14
10/10/1984 16:00:00	1.16716304444e+14
10/11/1984 16:00:00	1.14875174327e+14
10/12/1984 16:00:00	1.1296415718e+14
10/15/1984 16:00:00	1.11072094039e+14
10/16/1984 16:00:00	1.117917287e+14
10/17/1984 16:00:00	1.12241059499e+14
10/18/1984 16:00:00	1.08713813032e+14
10/19/1984 16:00:00	1.07073574016e+14
10/22/1984 16:00:00	1.08008573848e+14
10/23/1984 16:00:00	1.08161507869e+14
10/24/1984 16:00:00	1.080247783e+14
10/25/1984 16:00:00	1.1048327412e+14
10/26/1984 16:00:00	1.12786652878e+14
10/29/1984 16:00:00	1.14197146951e+14
10/30/1984 16:00:00	1.1297749217e+14
10/31/1984 16:00:00	1.1383926339e+14
11/1/1984 16:00:00	1.12629176093e+14
11/2/1984 16:00:00	1.12805035164e+14
11/5/1984 16:00:00	1.12422059395e+14
11/6/1984 16:00:00	1.09753499836e+14
11/7/1984 16:00:00	1.10802691609e+14
11/8/1984 16:00:00	1.11370048687e+14
11/9/1984 16:00:00	1.11532370763e+14
11/12/1984 16:00:00	1.11964521216e+14
11/13/1984 16:00:00	1.14159298218e+14
11/14/1984 16:00:00	1.15438157883e+14
11/15/1984 16:00:00	1.17017981365e+14
11/16/1984 16:00:00	1.1844445644e+14
11/19/1984 16:00:00	1.21821939101e+14
11/20/1984 16:00:00	1.21541497955e+14
11/21/1984 16:00:00	1.22016552848e+14
11/23/1984 16:00:00	1.1870147342e+14
11/26/1984 16:00:00	1.19449221704e+14
11/27/1984 16:00:00	1.08803013783e+14
11/28/1984 16:00:00	1.11029767812e+14
11/29/1984 16:00:00	1.20725426249e+14
11/30/1984 16:00:00	1.22534748491e+14
12/3/1984 16:00:00	1.24995408387e+14
12/4/1984 16:00:00	1.25320076305e+14
12/5/1984 16:00:00	1.28736290152e+14
12/6/1984 16:00:00	1.28586931698e+14
12/7/1984 16:00:00	1.28107036321e+14
12/10/1984 16:00:00	1.10763393286e+14
12/11/1984 16:00:00	1.26062676738e+14
12/12/1984 16:00:00	1.26705435722e+14
12/13/1984 16:00:00	1.27509039139e+14
12/14/1984 16:00:00	1.26216209946e+14
12/17/1984 16:00:00	1.27162711874e+14
12/18/1984 16:00:00	1.19618621868e+14
12/19/1984 16:00:00	1.16687572858e+14
12/20/1984 16:00:00	1.18089782017e+14
12/21/1984 16:00:00	1.17797797168e+14
12/24/1984 16:00:00	1.16517660296e+14
12/26/1984 16:00:00	1.15518168748e+14
12/27/1984 16:00:00	1.17363417937e+14
12/28/1984 16:00:00	1.16796839993e+14
12/31/1984 16:00:00	1.15234053896e+14
1/2/1985 16:00:00	1.1708716578e+14
1/3/1985 16:00:00	1.16526199235e+14
1/4/1985 16:00:00	1.17099287635e+14
1/7/1985 16:00:00	1.1753316787e+14
1/8/1985 16:00:00	1.17537789939e+14
1/9/1985 16:00:00	1.15808183982e+14
1/10/1985 16:00:00	1.11187454745e+14
1/11/1985 16:00:00	1.09320928497e+14
1/14/1985 16:00:00	1.05175772836e+14
1/15/1985 16:00:00	1.0244918395e+14
1/16/1985 16:00:00	9.9736203934e+13
1/17/1985 16:00:00	9.87060459902e+13
1/18/1985 16:00:00	9.66626326486e+13
1/21/1985 16:00:00	9.31535768339e+13
1/22/1985 16:00:00	9.11623930903e+13
1/23/1985 16:00:00	8.89485944572e+13
1/24/1985 16:00:00	8.74761838693e+13
1/25/1985 16:00:00	8.59410421273e+13
1/28/1985 16:00:00	8.51320648671e+13
1/29/1985 16:00:00	8.4123773136e+13
1/30/1985 16:00:00	8.2028485929e+13
1/31/1985 16:00:00	8.20491633082e+13
2/1/1985 16:00:00	8.24251041834e+13
2/4/1985 16:00:00	8.04131815709e+13
2/5/1985 16:00:00	7.89612969836e+13
2/6/1985 16:00:00	7.74804403644e+13
2/7/1985 16:00:00	7.54445544114e+13
2/8/1985 16:00:00	7.45121951732e+13
2/11/1985 16:00:00	7.53855814151e+13
2/12/1985 16:00:00	7.61137685973e+13
2/13/1985 16:00:00	7.48524379869e+13
2/14/1985 16:00:00	7.48723571619e+13
2/15/1985 16:00:00	7.55178648344e+13
2/19/1985 16:00:00	7.62506488066e+13
2/20/1985 16:00:00	7.60310909347e+13
2/21/1985 16:00:00	7.63712246613e+13
2/22/1985 16:00:00	7.71122721807e+13
2/25/1985 16:00:00	7.89797546103e+13
2/26/1985 16:00:00	7.82588261265e+13
2/27/1985 16:00:00	7.9079430448e+13
2/28/1985 16:00:00	7.91011487727e+13
3/1/1985 16:00:00	7.67100029914e+13
3/4/1985 16:00:00	7.68929091645e+13
3/5/1985 16:00:00	7.69930587983e+13
3/6/1985 16:00:00	7.83832884653e+13
3/7/1985 16:00:00	8.03681446179e+13
3/8/1985 16:00:00	8.11559986325e+13
3/11/1985 16:00:00	8.22981043069e+13
3/12/1985 16:00:00	8.222878329e+13
3/13/1985 16:00:00	8.51413839614e+13
3/14/1985 16:00:00	8.59063071701e+13
3/15/1985 16:00:00	8.55552858739e+13
3/18/1985 16:00:00	8.65031625004e+13
3/19/1985 16:00:00	8.49226250222e+13
3/20/1985 16:00:00	8.51245065572e+13
3/21/1985 16:00:00	8.5052194002e+13
3/22/1985 16:00:00	8.52559818062e+13
3/25/1985 16:00:00	8.7762534043e+13
3/26/1985 16:00:00	8.796505021e+13
3/27/1985 16:00:00	8.6724649769e+13
3/28/1985 16:00:00	8.62773580478e+13
3/29/1985 16:00:00	8.54552486113e+13
4/1/1985 16:00:00	8.45785027406e+13
4/2/1985 16:00:00	8.52381387835e+13
4/3/1985 16:00:00	8.69798547378e+13
4/4/1985 16:00:00	8.75654637107e+13
4/8/1985 16:00:00	8.85369099721e+13
4/9/1985 16:00:00	8.85577887962e+13
4/10/1985 16:00:00	8.65548997781e+13
4/11/1985 16:00:00	8.54779158643e+13
4/12/1985 16:00:00	8.51285646565e+13
4/15/1985 16:00:00	8.47825506284e+13
4/16/1985 16:00:00	8.37984336227e+13
4/17/1985 16:00:00	8.30065608193e+13
4/18/1985 16:00:00	8.32822220769e+13
4/19/1985 16:00:00	8.36444380311e+13
4/22/1985 16:00:00	8.46317679245e+13
4/23/1985 16:00:00	8.40086945925e+13
4/24/1985 16:00:00	8.36602382892e+13
4/25/1985 16:00:00	8.29631926955e+13
4/26/1985 16:00:00	8.29779899235e+13
4/29/1985 16:00:00	8.48459026257e+13
4/30/1985 16:00:00	8.6317525485e+13
5/1/1985 16:00:00	8.73617360976e+13
5/2/1985 16:00:00	8.80215005027e+13
5/3/1985 16:00:00	8.69196857608e+13
5/6/1985 16:00:00	8.73991637644e+13
5/7/1985 16:00:00	8.65636816182e+13
5/8/1985 16:00:00	8.64792224358e+13
5/9/1985 16:00:00	8.45446474415e+13
5/10/1985 16:00:00	8.08929933773e+13
5/13/1985 16:00:00	8.04844965879e+13
5/14/1985 16:00:00	8.09197239089e+13
5/15/1985 16:00:00	8.03419491005e+13
5/16/1985 16:00:00	7.9372200626e+13
5/17/1985 16:00:00	7.78995818643e+13
5/20/1985 16:00:00	7.57566163659e+13
5/21/1985 16:00:00	7.62906755194e+13
5/22/1985 16:00:00	7.70851135459e+13
5/23/1985 16:00:00	7.78111819348e+13
5/24/1985 16:00:00	7.79795200169e+13
5/28/1985 16:00:00	7.90368871088e+13
5/29/1985 16:00:00	7.93772865973e+13
5/30/1985 16:00:00	8.00468585148e+13
5/31/1985 16:00:00	7.93903301961e+13
6/3/1985 16:00:00	7.96496299085e+13
6/4/1985 16:00:00	7.94148659358e+13
6/5/1985 16:00:00	7.88515608336e+13
6/6/1985 16:00:00	7.8863196403e+13
6/7/1985 16:00:00	7.96874212448e+13
6/10/1985 16:00:00	8.00291357726e+13
6/11/1985 16:00:00	8.02877650717e+13
6/12/1985 16:00:00	8.10445843345e+13
6/13/1985 16:00:00	8.34763132063e+13
6/14/1985 16:00:00	8.26030966947e+13
6/17/1985 16:00:00	8.32127103178e+13
6/18/1985 16:00:00	8.28611369848e+13
6/19/1985 16:00:00	8.26848547156e+13
6/20/1985 16:00:00	8.34689249855e+13
6/21/1985 16:00:00	8.24241856235e+13
6/24/1985 16:00:00	8.14215052416e+13
6/25/1985 16:00:00	7.95681069114e+13
6/26/1985 16:00:00	7.87551930112e+13
6/27/1985 16:00:00	7.73301873644e+13
6/28/1985 16:00:00	7.67130183037e+13
7/1/1985 16:00:00	7.65736084144e+13
7/2/1985 16:00:00	7.63569340593e+13
7/3/1985 16:00:00	7.61467857156e+13
7/5/1985 16:00:00	7.52360727189e+13
7/8/1985 16:00:00	7.59370688402e+13
7/9/1985 16:00:00	7.64904057963e+13
7/10/1985 16:00:00	7.55709627914e+13
7/11/1985 16:00:00	7.41528432617e+13
7/12/1985 16:00:00	7.2825378265e+13
7/15/1985 16:00:00	7.24749671719e+13
7/16/1985 16:00:00	7.09896091106e+13
7/17/1985 16:00:00	6.92553127065e+13
7/18/1985 16:00:00	6.9950385679e+13
7/19/1985 16:00:00	6.94159870001e+13
7/22/1985 16:00:00	7.01813431786e+13
7/23/1985 16:00:00	7.06787784351e+13
7/24/1985 16:00:00	7.24999052663e+13
7/25/1985 16:00:00	7.20783513555e+13
7/26/1985 16:00:00	7.20165147212e+13
7/29/1985 16:00:00	7.47197943394e+13
7/30/1985 16:00:00	7.50302941271e+13
7/31/1985 16:00:00	7.46020967074e+13
8/1/1985 16:00:00	7.26987725667e+13
8/2/1985 16:00:00	7.2426024384e+13
8/5/1985 16:00:00	7.42159928304e+13
8/6/1985 16:00:00	7.57110449624e+13
8/7/1985 16:00:00	7.73020262434e+13
8/8/1985 16:00:00	7.70013641254e+13
8/9/1985 16:00:00	7.67988315855e+13
8/12/1985 16:00:00	7.7490602957e+13
8/13/1985 16:00:00	7.86035389305e+13
8/14/1985 16:00:00	7.82298368898e+13
8/15/1985 16:00:00	7.8331727812e+13
8/16/1985 16:00:00	7.93029417381e+13
8/19/1985 16:00:00	8.01252704068e+13
8/20/1985 16:00:00	7.95646987248e+13
8/21/1985 16:00:00	7.8603801047e+13
8/22/1985 16:00:00	7.93338331254e+13
8/23/1985 16:00:00	7.95876621598e+13
8/26/1985 16:00:00	8.00063527405e+13
8/27/1985 16:00:00	8.03471579944e+13
8/28/1985 16:00:00	7.96241417756e+13
8/29/1985 16:00:00	7.94761545229e+13
8/30/1985 16:00:00	7.92479493849e+13
9/3/1985 16:00:00	8.02304784061e+13
9/4/1985 16:00:00	8.11427198989e+13
9/5/1985 16:00:00	8.14862317918e+13
9/6/1985 16:00:00	8.08323767974e+13
9/9/1985 16:00:00	8.10124566903e+13
9/10/1985 16:00:00	8.24289780421e+13
9/11/1985 16:00:00	8.5125218676e+13
9/12/1985 16:00:00	8.65495629565e+13
9/13/1985 16:00:00	8.90600985874e+13
9/16/1985 16:00:00	9.08525775193e+13
9/17/1985 16:00:00	9.50644437976e+13
9/18/1985 16:00:00	9.5279454688e+13
9/19/1985 16:00:00	9.27374512464e+13
9/20/1985 16:00:00	9.2085159529e+13
9/23/1985 16:00:00	9.05361926885e+13
9/24/1985 16:00:00	9.25289511698e+13
9/25/1985 16:00:00	9.49026456798e+13
9/26/1985 16:00:00	9.66411118345e+13
9/30/1985 16:00:00	9.66677629052e+13
10/1/1985 16:00:00	9.52295019245e+13
10/2/1985 16:00:00	9.86951178296e+13
10/3/1985 16:00:00	9.86934856429e+13
10/4/1985 16:00:00	1.00932487482e+14
10/7/1985 16:00:00	1.06209974231e+14
10/8/1985 16:00:00	1.09396814309e+14
10/9/1985 16:00:00	1.05033593996e+14
10/10/1985 16:00:00	1.02831150754e+14
10/11/1985 16:00:00	9.84027418559e+13
10/14/1985 16:00:00	9.28460942509e+13
10/15/1985 16:00:00	9.24816541434e+13
10/16/1985 16:00:00	9.03059855386e+13
10/17/1985 16:00:00	8.94086032352e+13
10/18/1985 16:00:00	9.04993025086e+13
10/21/1985 16:00:00	9.2131607829e+13
10/22/1985 16:00:00	9.03975958895e+13
10/23/1985 16:00:00	8.90368495916e+13
10/24/1985 16:00:00	8.81734254977e+13
10/25/1985 16:00:00	9.18865218152e+13
10/28/1985 16:00:00	9.22141670197e+13
10/29/1985 16:00:00	8.84822442321e+13
10/30/1985 16:00:00	8.77360895233e+13
10/31/1985 16:00:00	8.8503363905e+13
11/1/1985 16:00:00	8.67878156387e+13
11/4/1985 16:00:00	8.74242928014e+13
11/5/1985 16:00:00	8.66307244095e+13
11/6/1985 16:00:00	8.4643980948e+13
11/7/1985 16:00:00	8.42302790084e+13
11/8/1985 16:00:00	8.08077801119e+13
11/11/1985 16:00:00	7.85871933158e+13
11/12/1985 16:00:00	7.59026957886e+13
11/13/1985 16:00:00	7.72190968236e+13
11/14/1985 16:00:00	7.60315323339e+13
11/15/1985 16:00:00	7.54946259251e+13
11/18/1985 16:00:00	7.59920968053e+13
11/19/1985 16:00:00	7.49263665128e+13
11/20/1985 16:00:00	7.56975864476e+13
11/21/1985 16:00:00	7.31699424822e+13
11/22/1985 16:00:00	7.26128456995e+13
11/25/1985 16:00:00	7.4167822844e+13
11/26/1985 16:00:00	7.2784268645e+13
11/27/1985 16:00:00	6.9665356857e+13
11/29/1985 16:00:00	6.9274300376e+13
12/2/1985 16:00:00	7.0807386994e+13
12/3/1985 16:00:00	7.08249393868e+13
12/4/1985 16:00:00	6.63210050033e+13
12/5/1985 16:00:00	6.55961680567e+13
12/6/1985 16:00:00	6.7981466537e+13
12/9/1985 16:00:00	6.72130613674e+13
12/10/1985 16:00:00	6.65191425157e+13
12/11/1985 16:00:00	6.4721035151e+13
12/12/1985 16:00:00	6.39195237005e+13
12/13/1985 16:00:00	6.05082655844e+13
12/16/1985 16:00:00	5.99156129802e+13
12/17/1985 16:00:00	6.1445013827e+13
12/18/1985 16:00:00	6.20830275632e+13
12/19/1985 16:00:00	6.10454290644e+13
12/20/1985 16:00:00	6.06546389047e+13
12/23/1985 16:00:00	6.28406355458e+13
12/24/1985 16:00:00	6.39191457827e+13
12/26/1985 16:00:00	6.35324432681e+13
12/27/1985 16:00:00	6.19389831509e+13
12/30/1985 16:00:00	6.13750114785e+13
12/31/1985 16:00:00	6.1014913292e+13
1/2/1986 16:00:00	6.25355712177e+13
1/3/1986 16:00:00	6.3622802108e+13
1/6/1986 16:00:00	6.39853852829e+13
1/7/1986 16:00:00	6.04757706304e+13
1/8/1986 16:00:00	6.27743943814e+13
1/9/1986 16:00:00	6.62386894569e+13
1/10/1986 16:00:00	6.51377131777e+13
1/13/1986 16:00:00	6.59267343821e+13
1/14/1986 16:00:00	6.58761724508e+13
1/15/1986 16:00:00	6.23539544658e+13
1/16/1986 16:00:00	6.02603254152e+13
1/17/1986 16:00:00	6.07257776382e+13
1/20/1986 16:00:00	6.23963244602e+13
1/21/1986 16:00:00	6.32044197902e+13
1/22/1986 16:00:00	6.54149668903e+13
1/23/1986 16:00:00	6.60158277243e+13
1/24/1986 16:00:00	6.4669211148e+13
1/27/1986 16:00:00	6.38608487398e+13
1/28/1986 16:00:00	6.21866913096e+13
1/29/1986 16:00:00	6.0747861179e+13
1/30/1986 16:00:00	6.20136059495e+13
1/31/1986 16:00:00	6.10555935169e+13
2/3/1986 16:00:00	5.93181035061e+13
2/4/1986 16:00:00	5.89111141779e+13
2/5/1986 16:00:00	5.75159220581e+13
2/6/1986 16:00:00	5.64074323128e+13
2/7/1986 16:00:00	5.55083263779e+13
2/10/1986 16:00:00	5.47208930234e+13
2/11/1986 16:00:00	5.46256873247e+13
2/12/1986 16:00:00	5.42124314587e+13
2/13/1986 16:00:00	5.36910552926e+13
2/14/1986 16:00:00	5.26026407676e+13
2/18/1986 16:00:00	5.20200574997e+13
2/19/1986 16:00:00	5.32968961544e+13
2/20/1986 16:00:00	5.30110241013e+13
2/21/1986 16:00:00	5.17096171399e+13
2/24/1986 16:00:00	5.28103101254e+13
2/25/1986 16:00:00	5.37776380104e+13
2/26/1986 16:00:00	5.44502908064e+13
2/27/1986 16:00:00	5.25750185403e+13
2/28/1986 16:00:00	5.27508506524e+13
3/3/1986 16:00:00	5.35864581584e+13
3/4/1986 16:00:00	5.27235790462e+13
3/5/1986 16:00:00	5.31234707778e+13
3/6/1986 16:00:00	5.25545791248e+13
3/7/1986 16:00:00	5.27142279826e+13
3/10/1986 16:00:00	5.08348318234e+13
3/11/1986 16:00:00	4.77771889428e+13
3/12/1986 16:00:00	4.65771210638e+13
3/13/1986 16:00:00	4.62588880291e+13
3/14/1986 16:00:00	4.63201437087e+13
3/17/1986 16:00:00	4.69738541169e+13
3/18/1986 16:00:00	4.5814543099e+13
3/19/1986 16:00:00	4.60054421622e+13
3/20/1986 16:00:00	4.5751797207e+13
3/21/1986 16:00:00	4.56110649723e+13
3/24/1986 16:00:00	4.65070078698e+13
3/25/1986 16:00:00	4.61841312901e+13
3/26/1986 16:00:00	4.64520818638e+13
3/27/1986 16:00:00	4.54444233797e+13
3/31/1986 16:00:00	4.5054559493e+13
4/1/1986 16:00:00	4.54780314491e+13
4/2/1986 16:00:00	4.50974555953e+13
4/3/1986 16:00:00	4.53391110447e+13
4/4/1986 16:00:00	4.69188962776e+13
4/7/1986 16:00:00	4.79073717366e+13
4/8/1986 16:00:00	4.51286678038e+13
4/9/1986 16:00:00	4.5062200046e+13
4/10/1986 16:00:00	4.26528016616e+13
4/11/1986 16:00:00	4.19382212291e+13
4/14/1986 16:00:00	4.09441181302e+13
4/15/1986 16:00:00	4.01938835774e+13
4/16/1986 16:00:00	3.71425955975e+13
4/17/1986 16:00:00	3.7068447404e+13
4/18/1986 16:00:00	3.80812683e+13
4/21/1986 16:00:00	3.74947640391e+13
4/22/1986 16:00:00	3.80071268366e+13
4/23/1986 16:00:00	3.83384956396e+13
4/24/1986 16:00:00	3.66295907576e+13
4/25/1986 16:00:00	3.6251151691e+13
4/28/1986 16:00:00	3.66684768707e+13
4/29/1986 16:00:00	3.78416427743e+13
4/30/1986 16:00:00	4.02780147734e+13
5/1/1986 16:00:00	4.08713825232e+13
5/2/1986 16:00:00	4.02736260062e+13
5/5/1986 16:00:00	3.86552494785e+13
5/6/1986 16:00:00	3.87055437826e+13
5/7/1986 16:00:00	3.93878151292e+13
5/8/1986 16:00:00	3.87440962963e+13
5/9/1986 16:00:00	3.82253464793e+13
5/12/1986 16:00:00	3.83851124458e+13
5/13/1986 16:00:00	3.89357878602e+13
5/14/1986 16:00:00	3.90093255448e+13
5/15/1986 16:00:00	3.99748654927e+13
5/16/1986 16:00:00	4.06087087748e+13
5/19/1986 16:00:00	4.04033626373e+13
5/20/1986 16:00:00	3.91184560636e+13
5/21/1986 16:00:00	3.88381846933e+13
5/22/1986 16:00:00	3.72577381996e+13
5/23/1986 16:00:00	3.69213026656e+13
5/27/1986 16:00:00	3.6261759992e+13
5/28/1986 16:00:00	3.62122107162e+13
5/29/1986 16:00:00	3.603744377e+13
5/30/1986 16:00:00	3.50444894403e+13
6/2/1986 16:00:00	3.58099708325e+13
6/3/1986 16:00:00	3.57953833514e+13
6/4/1986 16:00:00	3.60229610123e+13
6/5/1986 16:00:00	3.57037295294e+13
6/6/1986 16:00:00	3.60540126702e+13
6/9/1986 16:00:00	3.82803125934e+13
6/10/1986 16:00:00	3.86856606221e+13
6/11/1986 16:00:00	3.73088743257e+13
6/12/1986 16:00:00	3.71169475447e+13
6/13/1986 16:00:00	3.57734971655e+13
6/16/1986 16:00:00	3.68389429351e+13
6/17/1986 16:00:00	3.84061464607e+13
6/18/1986 16:00:00	3.85150048219e+13
6/19/1986 16:00:00	3.79717427072e+13
6/20/1986 16:00:00	3.77927429885e+13
6/23/1986 16:00:00	3.78535038867e+13
6/24/1986 16:00:00	3.70067083576e+13
6/25/1986 16:00:00	3.6216405008e+13
6/26/1986 16:00:00	3.64416379191e+13
6/27/1986 16:00:00	3.65501195449e+13
6/30/1986 16:00:00	3.59145258249e+13
7/1/1986 16:00:00	3.54819295821e+13
7/2/1986 16:00:00	3.51062838074e+13
7/3/1986 16:00:00	3.47861965818e+13
7/7/1986 16:00:00	3.91932159285e+13
7/8/1986 16:00:00	4.24899825073e+13
7/9/1986 16:00:00	4.07453610232e+13
7/10/1986 16:00:00	4.16679649132e+13
7/11/1986 16:00:00	4.28711332122e+13
7/14/1986 16:00:00	4.59167426926e+13
7/15/1986 16:00:00	4.87567213834e+13
7/16/1986 16:00:00	4.76645985797e+13
7/17/1986 16:00:00	4.66731713726e+13
7/18/1986 16:00:00	4.73828190439e+13
7/21/1986 16:00:00	4.80879900824e+13
7/22/1986 16:00:00	4.78104790361e+13
7/23/1986 16:00:00	4.80803446441e+13
7/24/1986 16:00:00	4.80231570751e+13
7/25/1986 16:00:00	4.71099544676e+13
7/28/1986 16:00:00	4.97816374497e+13
7/29/1986 16:00:00	5.11631213517e+13
7/30/1986 16:00:00	5.08759117881e+13
7/31/1986 16:00:00	5.07290713883e+13
8/1/1986 16:00:00	5.13193385732e+13
8/4/1986 16:00:00	5.31463463665e+13
8/5/1986 16:00:00	5.39409589489e+13
8/6/1986 16:00:00	5.54918679041e+13
8/7/1986 16:00:00	5.53669439616e+13
8/8/1986 16:00:00	5.35309454539e+13
8/11/1986 16:00:00	5.00330187881e+13
8/12/1986 16:00:00	4.8408300215e+13
8/13/1986 16:00:00	4.66996104478e+13
8/14/1986 16:00:00	4.56518135913e+13
8/15/1986 16:00:00	4.60797275187e+13
8/18/1986 16:00:00	4.65908476629e+13
8/19/1986 16:00:00	4.70804520885e+13
8/20/1986 16:00:00	4.60219415513e+13
8/21/1986 16:00:00	4.58277442161e+13
8/22/1986 16:00:00	4.50109411805e+13
8/25/1986 16:00:00	4.59765407242e+13
8/26/1986 16:00:00	4.48710823401e+13
8/27/1986 16:00:00	4.41400320232e+13
8/28/1986 16:00:00	4.41569836749e+13
8/29/1986 16:00:00	4.4495602102e+13
9/2/1986 16:00:00	4.66117925347e+13
9/3/1986 16:00:00	4.6203595481e+13
9/4/1986 16:00:00	4.47866745238e+13
9/5/1986 16:00:00	4.63560140963e+13
9/8/1986 16:00:00	4.9295595686e+13
9/9/1986 16:00:00	5.01357412213e+13
9/10/1986 16:00:00	5.12332750716e+13
9/11/1986 16:00:00	5.79470514413e+13
9/12/1986 16:00:00	6.2298000018e+13
9/15/1986 16:00:00	6.24851340755e+13
9/16/1986 16:00:00	6.21649673681e+13
9/17/1986 16:00:00	6.05914448882e+13
9/18/1986 16:00:00	5.83186604498e+13
9/19/1986 16:00:00	5.7963861787e+13
9/22/1986 16:00:00	5.59237609207e+13
9/23/1986 16:00:00	5.663626391e+13
9/24/1986 16:00:00	5.70867036677e+13
9/25/1986 16:00:00	5.91297559141e+13
9/26/1986 16:00:00	5.92205818992e+13
9/29/1986 16:00:00	6.19211918868e+13
9/30/1986 16:00:00	5.92993543306e+13
10/1/1986 16:00:00	5.83562428389e+13
10/2/1986 16:00:00	5.84650663392e+13
10/3/1986 16:00:00	5.8090519203e+13
10/6/1986 16:00:00	5.74362727274e+13
10/7/1986 16:00:00	5.85490170745e+13
10/8/1986 16:00:00	5.73144186068e+13
10/9/1986 16:00:00	5.74878968013e+13
10/10/1986 16:00:00	5.66638115682e+13
10/13/1986 16:00:00	5.5734337445e+13
10/14/1986 16:00:00	5.5439265434e+13
10/15/1986 16:00:00	5.41492895375e+13
10/16/1986 16:00:00	5.44256193844e+13
10/17/1986 16:00:00	5.5284295775e+13
10/20/1986 16:00:00	5.66193779611e+13
10/21/1986 16:00:00	5.6881133216e+13
10/22/1986 16:00:00	5.64764358624e+13
10/23/1986 16:00:00	5.4292524503e+13
10/24/1986 16:00:00	5.45517799762e+13
10/27/1986 16:00:00	5.48362220109e+13
10/28/1986 16:00:00	5.40312048678e+13
10/29/1986 16:00:00	5.33559114367e+13
10/30/1986 16:00:00	5.1557553702e+13
10/31/1986 16:00:00	5.19237804235e+13
11/3/1986 16:00:00	5.16146189619e+13
11/4/1986 16:00:00	5.04254484129e+13
11/5/1986 16:00:00	5.02523468211e+13
11/6/1986 16:00:00	5.10921367632e+13
11/7/1986 16:00:00	5.16645795037e+13
11/10/1986 16:00:00	5.23686960732e+13
11/11/1986 16:00:00	5.12669666923e+13
11/12/1986 16:00:00	5.10695573706e+13
11/13/1986 16:00:00	5.33933901239e+13
11/14/1986 16:00:00	5.33398677433e+13
11/17/1986 16:00:00	5.37346358148e+13
11/18/1986 16:00:00	5.66368824382e+13
11/19/1986 16:00:00	5.80448494358e+13
11/20/1986 16:00:00	5.58959650185e+13
11/21/1986 16:00:00	5.40590094304e+13
11/24/1986 16:00:00	5.22972197838e+13
11/25/1986 16:00:00	5.09596224544e+13
11/26/1986 16:00:00	4.98516708448e+13
11/28/1986 16:00:00	4.88071108061e+13
12/1/1986 16:00:00	4.99277755687e+13
12/2/1986 16:00:00	4.7926833128e+13
12/3/1986 16:00:00	4.68018919198e+13
12/4/1986 16:00:00	4.69385296352e+13
12/5/1986 16:00:00	4.78580982627e+13
12/8/1986 16:00:00	4.90571815923e+13
12/9/1986 16:00:00	5.0076377398e+13
12/10/1986 16:00:00	5.00281704558e+13
12/11/1986 16:00:00	5.09656128531e+13
12/12/1986 16:00:00	5.21621506511e+13
12/15/1986 16:00:00	5.31902389795e+13
12/16/1986 16:00:00	5.27824438147e+13
12/17/1986 16:00:00	5.44257541088e+13
12/18/1986 16:00:00	5.46953357031e+13
12/19/1986 16:00:00	5.36953821455e+13
12/22/1986 16:00:00	5.33947810132e+13
12/23/1986 16:00:00	5.48690975222e+13
12/24/1986 16:00:00	5.4931910699e+13
12/26/1986 16:00:00	5.48233610844e+13
12/29/1986 16:00:00	5.65273916964e+13
12/30/1986 16:00:00	5.66580699186e+13
12/31/1986 16:00:00	5.69286886351e+13
1/2/1987 16:00:00	5.52266782142e+13
1/5/1987 16:00:00	5.00128638698e+13
1/6/1987 16:00:00	4.83776874036e+13
1/7/1987 16:00:00	4.46108109389e+13
1/8/1987 16:00:00	4.22754769481e+13
1/9/1987 16:00:00	4.12539759479e+13
1/12/1987 16:00:00	3.94674718039e+13
1/13/1987 16:00:00	3.92699909414e+13
1/14/1987 16:00:00	3.70608425e+13
1/15/1987 16:00:00	3.60791462867e+13
1/16/1987 16:00:00	3.71862018653e+13
1/19/1987 16:00:00	3.45147997575e+13
1/20/1987 16:00:00	3.45060780471e+13
1/21/1987 16:00:00	3.59424022183e+13
1/22/1987 16:00:00	3.35561419268e+13
1/23/1987 16:00:00	3.42936966809e+13
1/26/1987 16:00:00	3.59446835285e+13
1/27/1987 16:00:00	3.43255619888e+13
1/28/1987 16:00:00	3.37597646156e+13
1/29/1987 16:00:00	3.49301866984e+13
1/30/1987 16:00:00	3.43719589996e+13
2/2/1987 16:00:00	3.21587301634e+13
2/3/1987 16:00:00	3.14805252689e+13
2/4/1987 16:00:00	3.04379128439e+13
2/5/1987 16:00:00	2.98676524686e+13
2/6/1987 16:00:00	2.98973696386e+13
2/9/1987 16:00:00	3.04417878756e+13
2/10/1987 16:00:00	3.11545233117e+13
2/11/1987 16:00:00	2.9200993926e+13
2/12/1987 16:00:00	2.90863699069e+13
2/13/1987 16:00:00	2.77268285034e+13
2/17/1987 16:00:00	2.5624492381e+13
2/18/1987 16:00:00	2.66698752258e+13
2/19/1987 16:00:00	2.72854814194e+13
2/20/1987 16:00:00	2.78489130861e+13
2/23/1987 16:00:00	2.83324011891e+13
2/24/1987 16:00:00	2.77669118286e+13
2/25/1987 16:00:00	2.6846348228e+13
2/26/1987 16:00:00	2.63296060478e+13
2/27/1987 16:00:00	2.6108371122e+13
3/2/1987 16:00:00	2.68547449043e+13
3/3/1987 16:00:00	2.71022795996e+13
3/4/1987 16:00:00	2.5906376917e+13
3/5/1987 16:00:00	2.53380389406e+13
3/6/1987 16:00:00	2.55192659241e+13
3/9/1987 16:00:00	2.62949703151e+13
3/10/1987 16:00:00	2.54595202788e+13
3/11/1987 16:00:00	2.51338100758e+13
3/12/1987 16:00:00	2.53766638729e+13
3/13/1987 16:00:00	2.60609621775e+13
3/16/1987 16:00:00	2.62710839447e+13
3/17/1987 16:00:00	2.49276353341e+13
3/18/1987 16:00:00	2.48915706702e+13
3/19/1987 16:00:00	2.41455176294e+13
3/20/1987 16:00:00	2.34488138952e+13
3/23/1987 16:00:00	2.36281594608e+13
3/24/1987 16:00:00	2.33579868082e+13
3/25/1987 16:00:00	2.33744767095e+13
3/26/1987 16:00:00	2.32082219042e+13
3/27/1987 16:00:00	2.38338457064e+13
3/30/1987 16:00:00	2.58288966217e+13
3/31/1987 16:00:00	2.49236373663e+13
4/1/1987 16:00:00	2.4932828428e+13
4/2/1987 16:00:00	2.43186359928e+13
4/3/1987 16:00:00	2.29020020869e+13
4/6/1987 16:00:00	2.30830772305e+13
4/7/1987 16:00:00	2.43667083913e+13
4/8/1987 16:00:00	2.36707885991e+13
4/9/1987 16:00:00	2.38994130879e+13
4/10/1987 16:00:00	2.40912649884e+13
4/13/1987 16:00:00	2.57809781077e+13
4/14/1987 16:00:00	2.75807715979e+13
4/15/1987 16:00:00	2.63483771248e+13
4/16/1987 16:00:00	2.58164531719e+13
4/20/1987 16:00:00	2.65233397904e+13
4/21/1987 16:00:00	2.54523286959e+13
4/22/1987 16:00:00	2.5759574985e+13
4/23/1987 16:00:00	2.58621545925e+13
4/24/1987 16:00:00	2.73199271542e+13
4/27/1987 16:00:00	2.77218177651e+13
4/28/1987 16:00:00	2.69556707049e+13
4/29/1987 16:00:00	2.65575759e+13
4/30/1987 16:00:00	2.54471652203e+13
5/1/1987 16:00:00	2.50637747018e+13
5/4/1987 16:00:00	2.48394245854e+13
5/5/1987 16:00:00	2.35522323827e+13
5/6/1987 16:00:00	2.37395355402e+13
5/7/1987 16:00:00	2.34931558113e+13
5/8/1987 16:00:00	2.338899152e+13
5/11/1987 16:00:00	2.38259683816e+13
5/12/1987 16:00:00	2.39503147611e+13
5/13/1987 16:00:00	2.34725089781e+13
5/14/1987 16:00:00	2.33317302492e+13
5/15/1987 16:00:00	2.43943320059e+13
5/18/1987 16:00:00	2.5375790179e+13
5/19/1987 16:00:00	2.70391528979e+13
5/20/1987 16:00:00	2.69609801519e+13
5/21/1987 16:00:00	2.65611682707e+13
5/22/1987 16:00:00	2.70330446736e+13
5/26/1987 16:00:00	2.54854295618e+13
5/27/1987 16:00:00	2.51881420595e+13
5/28/1987 16:00:00	2.43382809203e+13
5/29/1987 16:00:00	2.41064087319e+13
6/1/1987 16:00:00	2.52457536069e+13
6/2/1987 16:00:00	2.58248807276e+13
6/3/1987 16:00:00	2.53213743192e+13
6/4/1987 16:00:00	2.51446814226e+13
6/5/1987 16:00:00	2.54009315202e+13
6/8/1987 16:00:00	2.46675688018e+13
6/9/1987 16:00:00	2.39268634853e+13
6/10/1987 16:00:00	2.37442938639e+13
6/11/1987 16:00:00	2.39014713128e+13
6/12/1987 16:00:00	2.36628954775e+13
6/15/1987 16:00:00	2.39707767765e+13
6/16/1987 16:00:00	2.34110437631e+13
6/17/1987 16:00:00	2.33689191426e+13
6/18/1987 16:00:00	2.30081768558e+13
6/19/1987 16:00:00	2.31464513162e+13
6/22/1987 16:00:00	2.2862978506e+13
6/23/1987 16:00:00	2.32634810142e+13
6/24/1987 16:00:00	2.32635142417e+13
6/25/1987 16:00:00	2.3491073809e+13
6/26/1987 16:00:00	2.36198417596e+13
6/29/1987 16:00:00	2.37771365343e+13
6/30/1987 16:00:00	2.43467284746e+13
7/1/1987 16:00:00	2.42781634348e+13
7/2/1987 16:00:00	2.39528044949e+13
7/6/1987 16:00:00	2.44904254725e+13
7/7/1987 16:00:00	2.5008864113e+13
7/8/1987 16:00:00	2.51815375486e+13
7/9/1987 16:00:00	2.49687832668e+13
7/10/1987 16:00:00	2.46905108578e+13
7/13/1987 16:00:00	2.4053831781e+13
7/14/1987 16:00:00	2.23470197108e+13
7/15/1987 16:00:00	2.2407987938e+13
7/16/1987 16:00:00	2.20265051296e+13
7/17/1987 16:00:00	2.21072412338e+13
7/20/1987 16:00:00	2.28083404344e+13
7/21/1987 16:00:00	2.30656548534e+13
7/22/1987 16:00:00	2.29306953866e+13
7/23/1987 16:00:00	2.37102022472e+13
7/24/1987 16:00:00	2.3169276346e+13
7/27/1987 16:00:00	2.3131232451e+13
7/28/1987 16:00:00	2.29530046066e+13
7/29/1987 16:00:00	2.26314550637e+13
7/30/1987 16:00:00	2.20128362535e+13
7/31/1987 16:00:00	2.21074747185e+13
8/3/1987 16:00:00	2.25051582848e+13
8/4/1987 16:00:00	2.23067864824e+13
8/5/1987 16:00:00	2.15212696003e+13
8/6/1987 16:00:00	2.03637760967e+13
8/7/1987 16:00:00	1.98195087651e+13
8/10/1987 16:00:00	1.91678901846e+13
8/11/1987 16:00:00	1.85278598853e+13
8/12/1987 16:00:00	1.89011735271e+13
8/13/1987 16:00:00	1.90817429625e+13
8/14/1987 16:00:00	1.91025546429e+13
8/17/1987 16:00:00	1.90211752942e+13
8/18/1987 16:00:00	1.98487625053e+13
8/19/1987 16:00:00	1.94335454553e+13
8/20/1987 16:00:00	1.84481159556e+13
8/21/1987 16:00:00	1.80307595374e+13
8/24/1987 16:00:00	1.83304541194e+13
8/25/1987 16:00:00	1.802520185e+13
8/26/1987 16:00:00	1.7930760331e+13
8/27/1987 16:00:00	1.80831869222e+13
8/28/1987 16:00:00	1.85628718075e+13
8/31/1987 16:00:00	1.83877073976e+13
9/1/1987 16:00:00	1.9113419049e+13
9/2/1987 16:00:00	1.94544353428e+13
9/3/1987 16:00:00	1.96773551181e+13
9/4/1987 16:00:00	1.99726834257e+13
9/8/1987 16:00:00	2.12157914799e+13
9/9/1987 16:00:00	2.06977383861e+13
9/10/1987 16:00:00	1.96222397271e+13
9/11/1987 16:00:00	1.92990937498e+13
9/14/1987 16:00:00	1.96583230732e+13
9/15/1987 16:00:00	2.05155056611e+13
9/16/1987 16:00:00	2.08286701536e+13
9/17/1987 16:00:00	2.06166462995e+13
9/18/1987 16:00:00	2.07549379233e+13
9/21/1987 16:00:00	2.21410387344e+13
9/22/1987 16:00:00	2.07622144297e+13
9/23/1987 16:00:00	1.99687402867e+13
9/24/1987 16:00:00	1.98251258531e+13
9/25/1987 16:00:00	1.97089014201e+13
9/28/1987 16:00:00	1.98725131743e+13
9/29/1987 16:00:00	2.00347882214e+13
9/30/1987 16:00:00	1.96614697599e+13
10/1/1987 16:00:00	1.84790103958e+13
10/2/1987 16:00:00	1.78547676171e+13
10/5/1987 16:00:00	1.74545477545e+13
10/6/1987 16:00:00	1.88796715749e+13
10/7/1987 16:00:00	1.92217612203e+13
10/8/1987 16:00:00	2.0153820618e+13
10/9/1987 16:00:00	2.05214444483e+13
10/12/1987 16:00:00	2.14086254972e+13
10/13/1987 16:00:00	2.09171184482e+13
10/14/1987 16:00:00	2.21059380188e+13
10/15/1987 16:00:00	2.3619578272e+13
10/16/1987 16:00:00	2.7236097903e+13
10/19/1987 16:00:00	3.95872296367e+13
10/20/1987 16:00:00	4.85490679256e+13
10/21/1987 16:00:00	3.36026341451e+13
10/22/1987 16:00:00	3.92227944967e+13
10/23/1987 16:00:00	4.28456894255e+13
10/26/1987 16:00:00	5.79145744471e+13
10/27/1987 16:00:00	5.6028986528e+13
10/28/1987 16:00:00	5.43448890552e+13
10/29/1987 16:00:00	3.89554392272e+13
10/30/1987 16:00:00	3.37627931002e+13
11/2/1987 16:00:00	3.23623185936e+13
11/3/1987 16:00:00	3.56195329014e+13
11/4/1987 16:00:00	3.50614745508e+13
11/5/1987 16:00:00	3.14808811476e+13
11/6/1987 16:00:00	3.296298418e+13
11/9/1987 16:00:00	3.57500158096e+13
11/10/1987 16:00:00	3.80114743733e+13
11/11/1987 16:00:00	3.64316846629e+13
11/12/1987 16:00:00	3.31892885752e+13
11/13/1987 16:00:00	3.44825164966e+13
11/16/1987 16:00:00	3.48622059939e+13
11/17/1987 16:00:00	3.76529856057e+13
11/18/1987 16:00:00	3.66982443298e+13
11/19/1987 16:00:00	3.96055430759e+13
11/20/1987 16:00:00	3.98353084286e+13
11/23/1987 16:00:00	3.90239630916e+13
11/24/1987 16:00:00	3.67362343337e+13
11/25/1987 16:00:00	3.65183000903e+13
11/27/1987 16:00:00	3.77946778572e+13
11/30/1987 16:00:00	4.27633107387e+13
12/1/1987 16:00:00	4.27760750619e+13
12/2/1987 16:00:00	4.20775198531e+13
12/3/1987 16:00:00	4.67016812542e+13
12/4/1987 16:00:00	4.9400093802e+13
12/7/1987 16:00:00	4.6372690973e+13
12/8/1987 16:00:00	4.27161603354e+13
12/9/1987 16:00:00	3.98812843483e+13
12/10/1987 16:00:00	4.05601564022e+13
12/11/1987 16:00:00	3.98972059886e+13
12/14/1987 16:00:00	3.45792000845e+13
12/15/1987 16:00:00	3.40378594676e+13
12/16/1987 16:00:00	3.11669566523e+13
12/17/1987 16:00:00	3.19100902717e+13
12/18/1987 16:00:00	2.88550200514e+13
12/21/1987 16:00:00	2.81716079411e+13
12/22/1987 16:00:00	2.84522681352e+13
12/23/1987 16:00:00	2.71066282681e+13
12/24/1987 16:00:00	2.70696935817e+13
12/28/1987 16:00:00	2.98727617159e+13
12/29/1987 16:00:00	2.89873615951e+13
12/30/1987 16:00:00	2.73604859315e+13
12/31/1987 16:00:00	2.79290811477e+13
1/4/1988 16:00:00	2.4978482596e+13
1/5/1988 16:00:00	2.38623883246e+13
1/6/1988 16:00:00	2.3061630491e+13
1/7/1988 16:00:00	2.20344458666e+13
1/8/1988 16:00:00	2.61733225045e+13
1/11/1988 16:00:00	2.58630372099e+13
1/12/1988 16:00:00	2.74277133862e+13
1/13/1988 16:00:00	2.75506155262e+13
1/14/1988 16:00:00	2.73187708635e+13
1/15/1988 16:00:00	2.53565231184e+13
1/18/1988 16:00:00	2.57636676915e+13
1/19/1988 16:00:00	2.62840790207e+13
1/20/1988 16:00:00	2.90784350554e+13
1/21/1988 16:00:00	2.88301623649e+13
1/22/1988 16:00:00	2.80641785389e+13
1/25/1988 16:00:00	2.66205331939e+13
1/26/1988 16:00:00	2.75757598194e+13
1/27/1988 16:00:00	2.74991109008e+13
1/28/1988 16:00:00	2.63433660746e+13
1/29/1988 16:00:00	2.56309518851e+13
2/1/1988 16:00:00	2.59067546746e+13
2/2/1988 16:00:00	2.57568525604e+13
2/3/1988 16:00:00	2.69463512679e+13
2/4/1988 16:00:00	2.6559980493e+13
2/5/1988 16:00:00	2.6264803762e+13
2/8/1988 16:00:00	2.6360636926e+13
2/9/1988 16:00:00	2.5856017481e+13
2/10/1988 16:00:00	2.42625814517e+13
2/11/1988 16:00:00	2.39655320604e+13
2/12/1988 16:00:00	2.35569353678e+13
2/16/1988 16:00:00	2.28895814127e+13
2/17/1988 16:00:00	2.28031017912e+13
2/18/1988 16:00:00	2.284863883e+13
2/19/1988 16:00:00	2.2323616127e+13
2/22/1988 16:00:00	2.1093777086e+13
2/23/1988 16:00:00	2.07114329613e+13
2/24/1988 16:00:00	2.02997785572e+13
2/25/1988 16:00:00	2.09166800657e+13
2/26/1988 16:00:00	2.09887754761e+13
2/29/1988 16:00:00	2.02737388147e+13
3/1/1988 16:00:00	2.02958478077e+13
3/2/1988 16:00:00	1.94413978916e+13
3/3/1988 16:00:00	1.89993704046e+13
3/4/1988 16:00:00	1.87305693695e+13
3/7/1988 16:00:00	1.84083913542e+13
3/8/1988 16:00:00	1.80670246123e+13
3/9/1988 16:00:00	1.75976326912e+13
3/10/1988 16:00:00	1.84324683333e+13
3/11/1988 16:00:00	1.86196856655e+13
3/14/1988 16:00:00	1.82239964005e+13
3/15/1988 16:00:00	1.85151512807e+13
3/16/1988 16:00:00	1.78774894348e+13
3/17/1988 16:00:00	1.76526161755e+13
3/18/1988 16:00:00	1.77281791606e+13
3/21/1988 16:00:00	1.83725992925e+13
3/22/1988 16:00:00	1.80469246762e+13
3/23/1988 16:00:00	1.82971102955e+13
3/24/1988 16:00:00	1.96874098982e+13
3/25/1988 16:00:00	2.03440166309e+13
3/28/1988 16:00:00	2.03784921587e+13
3/29/1988 16:00:00	2.01068390708e+13
3/30/1988 16:00:00	2.06601777301e+13
3/31/1988 16:00:00	2.02745863017e+13
4/4/1988 16:00:00	2.09463001769e+13
4/5/1988 16:00:00	2.04216381662e+13
4/6/1988 16:00:00	1.91313632822e+13
4/7/1988 16:00:00	1.89141434304e+13
4/8/1988 16:00:00	1.84217004943e+13
4/11/1988 16:00:00	1.81287321762e+13
4/12/1988 16:00:00	1.80988256e+13
4/13/1988 16:00:00	1.80310994694e+13
4/14/1988 16:00:00	2.01830466298e+13
4/15/1988 16:00:00	2.0251157975e+13
4/18/1988 16:00:00	2.01264362696e+13
4/19/1988 16:00:00	1.98671826399e+13
4/20/1988 16:00:00	2.03751686208e+13
4/21/1988 16:00:00	2.07022996057e+13
4/22/1988 16:00:00	2.02723971804e+13
4/25/1988 16:00:00	1.9914556981e+13
4/26/1988 16:00:00	1.91316998918e+13
4/27/1988 16:00:00	1.90004143791e+13
4/28/1988 16:00:00	1.91752185895e+13
4/29/1988 16:00:00	1.94590971308e+13
5/2/1988 16:00:00	1.92054804531e+13
5/3/1988 16:00:00	1.8491100875e+13
5/4/1988 16:00:00	1.86230834816e+13
5/5/1988 16:00:00	1.89379417705e+13
5/6/1988 16:00:00	1.91174897728e+13
5/9/1988 16:00:00	1.98663970187e+13
5/10/1988 16:00:00	2.00962537096e+13
5/11/1988 16:00:00	2.13355532017e+13
5/12/1988 16:00:00	2.10193201966e+13
5/13/1988 16:00:00	2.02561208429e+13
5/16/1988 16:00:00	1.98800287894e+13
5/17/1988 16:00:00	2.02128531897e+13
5/18/1988 16:00:00	2.15509930738e+13
5/19/1988 16:00:00	2.15511500546e+13
5/20/1988 16:00:00	2.1749058568e+13
5/23/1988 16:00:00	2.26311863105e+13
5/24/1988 16:00:00	2.20236194723e+13
5/25/1988 16:00:00	2.2125685178e+13
5/26/1988 16:00:00	2.18189587178e+13
5/27/1988 16:00:00	2.19475511874e+13
5/31/1988 16:00:00	2.05126072475e+13
6/1/1988 16:00:00	1.93529371118e+13
6/2/1988 16:00:00	1.94484964623e+13
6/3/1988 16:00:00	1.89559443294e+13
6/6/1988 16:00:00	1.8421480984e+13
6/7/1988 16:00:00	1.84359374444e+13
6/8/1988 16:00:00	1.74566123957e+13
6/9/1988 16:00:00	1.75446503152e+13
6/10/1988 16:00:00	1.71293248017e+13
6/13/1988 16:00:00	1.70233877455e+13
6/14/1988 16:00:00	1.675495086e+13
6/15/1988 16:00:00	1.66853964186e+13
6/16/1988 16:00:00	1.7134753543e+13
6/17/1988 16:00:00	1.73117726053e+13
6/20/1988 16:00:00	1.75421511311e+13
6/21/1988 16:00:00	1.71041153873e+13
6/22/1988 16:00:00	1.65153491974e+13
6/23/1988 16:00:00	1.65104213606e+13
6/24/1988 16:00:00	1.64552292014e+13
6/27/1988 16:00:00	1.7063151873e+13
6/28/1988 16:00:00	1.62327352777e+13
6/29/1988 16:00:00	1.63569673598e+13
6/30/1988 16:00:00	1.60535646668e+13
7/1/1988 16:00:00	1.58355203522e+13
7/5/1988 16:00:00	1.53664890358e+13
7/6/1988 16:00:00	1.57387172183e+13
7/7/1988 16:00:00	1.60161295498e+13
7/8/1988 16:00:00	1.6349050207e+13
7/11/1988 16:00:00	1.64878059125e+13
7/12/1988 16:00:00	1.66251868002e+13
7/13/1988 16:00:00	1.64091029632e+13
7/14/1988 16:00:00	1.62820200513e+13
7/15/1988 16:00:00	1.63455186428e+13
7/18/1988 16:00:00	1.62909986688e+13
7/19/1988 16:00:00	1.7090777098e+13
7/20/1988 16:00:00	1.72557689362e+13
7/21/1988 16:00:00	1.80727685455e+13
7/22/1988 16:00:00	1.82563969251e+13
7/25/1988 16:00:00	1.83596223116e+13
7/26/1988 16:00:00	1.89531973701e+13
7/27/1988 16:00:00	1.971332853e+13
7/28/1988 16:00:00	1.94535409436e+13
7/29/1988 16:00:00	1.85139880178e+13
8/1/1988 16:00:00	1.84504218985e+13
8/2/1988 16:00:00	1.87484141879e+13
8/3/1988 16:00:00	1.86037566633e+13
8/4/1988 16:00:00	1.8593304924e+13
8/5/1988 16:00:00	1.90092583161e+13
8/8/1988 16:00:00	1.90570992424e+13
8/9/1988 16:00:00	1.98886530678e+13
8/10/1988 16:00:00	2.14571534822e+13
8/11/1988 16:00:00	2.07550137175e+13
8/12/1988 16:00:00	2.10980762312e+13
8/15/1988 16:00:00	2.24584620385e+13
8/16/1988 16:00:00	2.14725143641e+13
8/17/1988 16:00:00	2.14020303379e+13
8/18/1988 16:00:00	2.11890571765e+13
8/19/1988 16:00:00	2.14843777211e+13
8/22/1988 16:00:00	2.25997551747e+13
8/23/1988 16:00:00	2.27426109003e+13
8/24/1988 16:00:00	2.18243026831e+13
8/25/1988 16:00:00	2.23941901216e+13
8/26/1988 16:00:00	2.22447508415e+13
8/29/1988 16:00:00	2.1575713203e+13
8/30/1988 16:00:00	2.17521221202e+13
8/31/1988 16:00:00	2.22977751005e+13
9/1/1988 16:00:00	2.34114692677e+13
9/2/1988 16:00:00	2.20861539339e+13
9/6/1988 16:00:00	2.19313580275e+13
9/7/1988 16:00:00	2.18959249534e+13
9/8/1988 16:00:00	2.15909708324e+13
9/9/1988 16:00:00	2.06758804404e+13
9/12/1988 16:00:00	2.06609686481e+13
9/13/1988 16:00:00	2.0589422101e+13
9/14/1988 16:00:00	2.02249414538e+13
9/15/1988 16:00:00	2.07868826618e+13
9/16/1988 16:00:00	2.03751882536e+13
9/19/1988 16:00:00	2.05852934088e+13
9/20/1988 16:00:00	2.03668479242e+13
9/21/1988 16:00:00	2.00481188425e+13
9/22/1988 16:00:00	1.99144467887e+13
9/23/1988 16:00:00	2.02074569932e+13
9/26/1988 16:00:00	2.07811803194e+13
9/27/1988 16:00:00	2.08321612798e+13
9/28/1988 16:00:00	2.04122160662e+13
9/29/1988 16:00:00	1.98261675394e+13
9/30/1988 16:00:00	1.96724111474e+13
10/3/1988 16:00:00	2.05442002948e+13
10/4/1988 16:00:00	2.07438563812e+13
10/5/1988 16:00:00	2.09222004858e+13
10/6/1988 16:00:00	2.08148728799e+13
10/7/1988 16:00:00	2.09243850909e+13
10/10/1988 16:00:00	2.13306183849e+13
10/11/1988 16:00:00	2.11051769044e+13
10/12/1988 16:00:00	2.19734257512e+13
10/13/1988 16:00:00	2.14129805954e+13
10/14/1988 16:00:00	2.12429665228e+13
10/17/1988 16:00:00	2.11192784844e+13
10/18/1988 16:00:00	2.07117938823e+13
10/19/1988 16:00:00	2.07391342491e+13
10/20/1988 16:00:00	1.95792330406e+13
10/21/1988 16:00:00	1.98075206431e+13
10/24/1988 16:00:00	2.02723249591e+13
10/25/1988 16:00:00	2.06421492472e+13
10/26/1988 16:00:00	2.10346056072e+13
10/27/1988 16:00:00	2.18018446057e+13
10/28/1988 16:00:00	2.16023902153e+13
10/31/1988 16:00:00	2.1668951255e+13
11/1/1988 16:00:00	2.17653577897e+13
11/2/1988 16:00:00	2.20109666338e+13
11/3/1988 16:00:00	2.19498971191e+13
11/4/1988 16:00:00	2.22383280484e+13
11/7/1988 16:00:00	2.31200022169e+13
11/8/1988 16:00:00	2.21737842453e+13
11/9/1988 16:00:00	2.22994443254e+13
11/10/1988 16:00:00	2.24123924097e+13
11/11/1988 16:00:00	2.40063785232e+13
11/14/1988 16:00:00	2.41605391146e+13
11/15/1988 16:00:00	2.45563118116e+13
11/16/1988 16:00:00	2.57143807462e+13
11/17/1988 16:00:00	2.54301319558e+13
11/18/1988 16:00:00	2.53153972499e+13
11/21/1988 16:00:00	2.65836537821e+13
11/22/1988 16:00:00	2.63572666465e+13
11/23/1988 16:00:00	2.50244210753e+13
11/25/1988 16:00:00	2.57166883792e+13
11/28/1988 16:00:00	2.56222435011e+13
11/29/1988 16:00:00	2.51109373627e+13
11/30/1988 16:00:00	2.42354916636e+13
12/1/1988 16:00:00	2.33452903383e+13
12/2/1988 16:00:00	2.32595665867e+13
12/5/1988 16:00:00	2.27861269826e+13
12/6/1988 16:00:00	2.23572807132e+13
12/7/1988 16:00:00	2.2839146949e+13
12/8/1988 16:00:00	2.32473673979e+13
12/9/1988 16:00:00	2.33141248043e+13
12/12/1988 16:00:00	2.36235577248e+13
12/13/1988 16:00:00	2.40079215222e+13
12/14/1988 16:00:00	2.37789518633e+13
12/15/1988 16:00:00	2.34978681447e+13
12/16/1988 16:00:00	2.25461051243e+13
12/19/1988 16:00:00	2.2042567958e+13
12/20/1988 16:00:00	2.21911710045e+13
12/21/1988 16:00:00	2.2378800415e+13
12/22/1988 16:00:00	2.23706576584e+13
12/23/1988 16:00:00	2.20741229088e+13
12/27/1988 16:00:00	2.22510356825e+13
12/28/1988 16:00:00	2.23173610533e+13
12/29/1988 16:00:00	2.17578287747e+13
12/30/1988 16:00:00	2.15182423799e+13
1/3/1989 16:00:00	2.25626492147e+13
1/4/1989 16:00:00	2.14573328775e+13
1/5/1989 16:00:00	2.15140812399e+13
1/6/1989 16:00:00	2.15311271453e+13
1/9/1989 16:00:00	2.15141432009e+13
1/10/1989 16:00:00	2.17568311088e+13
1/11/1989 16:00:00	2.15917801583e+13
1/12/1989 16:00:00	2.11095882509e+13
1/13/1989 16:00:00	2.11036244885e+13
1/16/1989 16:00:00	2.10976875555e+13
1/17/1989 16:00:00	2.18728759165e+13
1/18/1989 16:00:00	2.1327062307e+13
1/19/1989 16:00:00	2.06669396681e+13
1/20/1989 16:00:00	2.07811513746e+13
1/23/1989 16:00:00	2.15413487523e+13
1/24/1989 16:00:00	2.08569691748e+13
1/25/1989 16:00:00	2.04057893299e+13
1/26/1989 16:00:00	1.96136967519e+13
1/27/1989 16:00:00	1.97851569582e+13
1/30/1989 16:00:00	1.94119842366e+13
1/31/1989 16:00:00	1.8908124499e+13
2/1/1989 16:00:00	1.83562522538e+13
2/2/1989 16:00:00	1.79445708389e+13
2/3/1989 16:00:00	1.79383311901e+13
2/6/1989 16:00:00	1.8107744628e+13
2/7/1989 16:00:00	1.73900880928e+13
2/8/1989 16:00:00	1.79597406619e+13
2/9/1989 16:00:00	1.83709320895e+13
2/10/1989 16:00:00	1.92686599309e+13
2/13/1989 16:00:00	1.93895125657e+13
2/14/1989 16:00:00	1.93465290818e+13
2/15/1989 16:00:00	1.88163180731e+13
2/16/1989 16:00:00	1.87197996153e+13
2/17/1989 16:00:00	1.85417019782e+13
2/21/1989 16:00:00	1.86685480691e+13
2/22/1989 16:00:00	1.94139797305e+13
2/23/1989 16:00:00	1.92199752321e+13
2/24/1989 16:00:00	1.983021111e+13
2/27/1989 16:00:00	2.01102140543e+13
2/28/1989 16:00:00	2.01489224292e+13
3/1/1989 16:00:00	2.02418050901e+13
3/2/1989 16:00:00	1.96571829728e+13
3/3/1989 16:00:00	1.95735821822e+13
3/6/1989 16:00:00	1.90688855301e+13
3/7/1989 16:00:00	1.93425559004e+13
3/8/1989 16:00:00	1.95121461073e+13
3/9/1989 16:00:00	1.98262255134e+13
3/10/1989 16:00:00	1.99700591303e+13
3/13/1989 16:00:00	1.9713578734e+13
3/14/1989 16:00:00	1.99102337797e+13
3/15/1989 16:00:00	1.99371093788e+13
3/16/1989 16:00:00	1.93959733682e+13
3/17/1989 16:00:00	2.10187761417e+13
3/20/1989 16:00:00	2.17902436508e+13
3/21/1989 16:00:00	2.10362392885e+13
3/22/1989 16:00:00	2.15718638404e+13
3/23/1989 16:00:00	2.14434937548e+13
3/27/1989 16:00:00	2.1438804266e+13
3/28/1989 16:00:00	2.11624575654e+13
3/29/1989 16:00:00	2.07322891136e+13
3/30/1989 16:00:00	2.04160713798e+13
3/31/1989 16:00:00	1.99467990321e+13
4/3/1989 16:00:00	1.999008637e+13
4/4/1989 16:00:00	2.01144864076e+13
4/5/1989 16:00:00	1.99625900042e+13
4/6/1989 16:00:00	1.995740175e+13
4/7/1989 16:00:00	1.92801381616e+13
4/10/1989 16:00:00	1.90406851123e+13
4/11/1989 16:00:00	1.85758834431e+13
4/12/1989 16:00:00	1.81309039733e+13
4/13/1989 16:00:00	1.83560751449e+13
4/14/1989 16:00:00	1.75800065564e+13
4/17/1989 16:00:00	1.76175667035e+13
4/18/1989 16:00:00	1.70354265342e+13
4/19/1989 16:00:00	1.67415870352e+13
4/20/1989 16:00:00	1.68735346931e+13
4/21/1989 16:00:00	1.6589228166e+13
4/24/1989 16:00:00	1.67508085543e+13
4/25/1989 16:00:00	1.70485610033e+13
4/26/1989 16:00:00	1.70716896925e+13
4/27/1989 16:00:00	1.64951473882e+13
4/28/1989 16:00:00	1.62968700418e+13
5/1/1989 16:00:00	1.62532483998e+13
5/2/1989 16:00:00	1.62790104885e+13
5/3/1989 16:00:00	1.61000713788e+13
5/4/1989 16:00:00	1.60023965695e+13
5/5/1989 16:00:00	1.5707241373e+13
5/8/1989 16:00:00	1.58236403259e+13
5/9/1989 16:00:00	1.59304351021e+13
5/10/1989 16:00:00	1.5876529783e+13
5/11/1989 16:00:00	1.57829733199e+13
5/12/1989 16:00:00	1.49595393848e+13
5/15/1989 16:00:00	1.46050768912e+13
5/16/1989 16:00:00	1.47612091402e+13
5/17/1989 16:00:00	1.42574291836e+13
5/18/1989 16:00:00	1.42119119638e+13
5/19/1989 16:00:00	1.39200358473e+13
5/22/1989 16:00:00	1.39879103612e+13
5/23/1989 16:00:00	1.43536182837e+13
5/24/1989 16:00:00	1.40970693726e+13
5/25/1989 16:00:00	1.39476292803e+13
5/26/1989 16:00:00	1.36548598211e+13
5/30/1989 16:00:00	1.38367758797e+13
5/31/1989 16:00:00	1.36735098285e+13
6/1/1989 16:00:00	1.34943807579e+13
6/2/1989 16:00:00	1.31014330627e+13
6/5/1989 16:00:00	1.39130795402e+13
6/6/1989 16:00:00	1.37389201572e+13
6/7/1989 16:00:00	1.27044267474e+13
6/8/1989 16:00:00	1.28078185029e+13
6/9/1989 16:00:00	1.29304064476e+13
6/12/1989 16:00:00	1.29835136025e+13
6/13/1989 16:00:00	1.33681870364e+13
6/14/1989 16:00:00	1.33648495634e+13
6/15/1989 16:00:00	1.40458080072e+13
6/16/1989 16:00:00	1.41206583954e+13
6/19/1989 16:00:00	1.42466029787e+13
6/20/1989 16:00:00	1.45178231749e+13
6/21/1989 16:00:00	1.45659256241e+13
6/22/1989 16:00:00	1.43161137559e+13
6/23/1989 16:00:00	1.39242929995e+13
6/26/1989 16:00:00	1.40703592593e+13
6/27/1989 16:00:00	1.40277477286e+13
6/28/1989 16:00:00	1.46120805414e+13
6/29/1989 16:00:00	1.55268709846e+13
6/30/1989 16:00:00	1.60420546808e+13
7/3/1989 16:00:00	1.58584033838e+13
7/5/1989 16:00:00	1.56730701419e+13
7/6/1989 16:00:00	1.53984775629e+13
7/7/1989 16:00:00	1.4995382982e+13
7/10/1989 16:00:00	1.50702299203e+13
7/11/1989 16:00:00	1.49598458459e+13
7/12/1989 16:00:00	1.47829380279e+13
7/13/1989 16:00:00	1.46757438504e+13
7/14/1989 16:00:00	1.44081369389e+13
7/17/1989 16:00:00	1.42519687815e+13
7/18/1989 16:00:00	1.47422479058e+13
7/19/1989 16:00:00	1.42975274646e+13
7/20/1989 16:00:00	1.48226659645e+13
7/21/1989 16:00:00	1.48920087593e+13
7/24/1989 16:00:00	1.54955716255e+13
7/25/1989 16:00:00	1.55396031888e+13
7/26/1989 16:00:00	1.51393294874e+13
7/27/1989 16:00:00	1.454132585e+13
7/28/1989 16:00:00	1.448125151e+13
7/31/1989 16:00:00	1.42707443844e+13
8/1/1989 16:00:00	1.45779994838e+13
8/2/1989 16:00:00	1.45969400734e+13
8/3/1989 16:00:00	1.42630264583e+13
8/4/1989 16:00:00	1.41668472646e+13
8/7/1989 16:00:00	1.34711261355e+13
8/8/1989 16:00:00	1.33103795419e+13
8/9/1989 16:00:00	1.36708734328e+13
8/10/1989 16:00:00	1.37707035229e+13
8/11/1989 16:00:00	1.40015366832e+13
8/14/1989 16:00:00	1.43112299371e+13
8/15/1989 16:00:00	1.41195196363e+13
8/16/1989 16:00:00	1.43352606716e+13
8/17/1989 16:00:00	1.40987050022e+13
8/18/1989 16:00:00	1.40064306397e+13
8/21/1989 16:00:00	1.45170967471e+13
8/22/1989 16:00:00	1.4292908307e+13
8/23/1989 16:00:00	1.38945387581e+13
8/24/1989 16:00:00	1.33570255179e+13
8/25/1989 16:00:00	1.32981113576e+13
8/28/1989 16:00:00	1.3200699146e+13
8/29/1989 16:00:00	1.342615048e+13
8/30/1989 16:00:00	1.32432937011e+13
8/31/1989 16:00:00	1.31527997995e+13
9/1/1989 16:00:00	1.29023905017e+13
9/5/1989 16:00:00	1.29087634453e+13
9/6/1989 16:00:00	1.32576669065e+13
9/7/1989 16:00:00	1.33602600972e+13
9/8/1989 16:00:00	1.3114980237e+13
9/11/1989 16:00:00	1.30790450033e+13
9/12/1989 16:00:00	1.28567012559e+13
9/13/1989 16:00:00	1.28243227208e+13
9/14/1989 16:00:00	1.32194659311e+13
9/15/1989 16:00:00	1.33179589891e+13
9/18/1989 16:00:00	1.3374022638e+13
9/19/1989 16:00:00	1.33588458705e+13
9/20/1989 16:00:00	1.33114607991e+13
9/21/1989 16:00:00	1.32668602582e+13
9/22/1989 16:00:00	1.30643533282e+13
9/25/1989 16:00:00	1.30825384788e+13
9/26/1989 16:00:00	1.31041720193e+13
9/27/1989 16:00:00	1.3133701624e+13
9/28/1989 16:00:00	1.27217681123e+13
9/29/1989 16:00:00	1.27161654181e+13
10/2/1989 16:00:00	1.24441744427e+13
10/3/1989 16:00:00	1.23591888224e+13
10/4/1989 16:00:00	1.20255295854e+13
10/5/1989 16:00:00	1.19108879485e+13
10/6/1989 16:00:00	1.15162208111e+13
10/9/1989 16:00:00	1.11811521099e+13
10/10/1989 16:00:00	1.12955572328e+13
10/11/1989 16:00:00	1.14544370137e+13
10/12/1989 16:00:00	1.1548822071e+13
10/13/1989 16:00:00	1.30238331561e+13
10/16/1989 16:00:00	1.29923070464e+13
10/17/1989 16:00:00	1.31308752878e+13
10/18/1989 16:00:00	1.2747917045e+13
10/19/1989 16:00:00	1.19199026906e+13
10/20/1989 16:00:00	1.20099059247e+13
10/23/1989 16:00:00	1.23830339898e+13
10/24/1989 16:00:00	1.28193238413e+13
10/25/1989 16:00:00	1.28466320241e+13
10/26/1989 16:00:00	1.35558198786e+13
10/27/1989 16:00:00	1.41627296542e+13
10/30/1989 16:00:00	1.41360482184e+13
10/31/1989 16:00:00	1.34700047288e+13
11/1/1989 16:00:00	1.33623598066e+13
11/2/1989 16:00:00	1.4073197138e+13
11/3/1989 16:00:00	1.41679934125e+13
11/6/1989 16:00:00	1.49378303994e+13
11/7/1989 16:00:00	1.4444199501e+13
11/8/1989 16:00:00	1.39213636904e+13
11/9/1989 16:00:00	1.38861860598e+13
11/10/1989 16:00:00	1.35490401076e+13
11/13/1989 16:00:00	1.35253928207e+13
11/14/1989 16:00:00	1.37951024272e+13
11/15/1989 16:00:00	1.36312327336e+13
11/16/1989 16:00:00	1.37675942285e+13
11/17/1989 16:00:00	1.36120890787e+13
11/20/1989 16:00:00	1.34856999176e+13
11/21/1989 16:00:00	1.3621810223e+13
11/22/1989 16:00:00	1.34805397491e+13
11/24/1989 16:00:00	1.32787774587e+13
11/27/1989 16:00:00	1.35069811388e+13
11/28/1989 16:00:00	1.35358757927e+13
11/29/1989 16:00:00	1.35708488817e+13
11/30/1989 16:00:00	1.34156189664e+13
12/1/1989 16:00:00	1.32770442187e+13
12/4/1989 16:00:00	1.30459616343e+13
12/5/1989 16:00:00	1.29619266808e+13
12/6/1989 16:00:00	1.35175640728e+13
12/7/1989 16:00:00	1.34247046541e+13
12/8/1989 16:00:00	1.35746360933e+13
12/11/1989 16:00:00	1.42756238043e+13
12/12/1989 16:00:00	1.47723192663e+13
12/13/1989 16:00:00	1.47703109537e+13
12/14/1989 16:00:00	1.510570467e+13
12/15/1989 16:00:00	1.55893985771e+13
12/18/1989 16:00:00	1.63283126771e+13
12/19/1989 16:00:00	1.62716756529e+13
12/20/1989 16:00:00	1.58187282317e+13
12/21/1989 16:00:00	1.51721275324e+13
12/22/1989 16:00:00	1.48974158203e+13
12/26/1989 16:00:00	1.49186334348e+13
12/27/1989 16:00:00	1.41251806497e+13
12/28/1989 16:00:00	1.41446980717e+13
12/29/1989 16:00:00	1.37300058681e+13
1/2/1990 16:00:00	1.30320745992e+13
1/3/1990 16:00:00	1.33276978301e+13
1/4/1990 16:00:00	1.35894677779e+13
1/5/1990 16:00:00	1.38921908627e+13
1/8/1990 16:00:00	1.38349993471e+13
1/9/1990 16:00:00	1.42905844031e+13
1/10/1990 16:00:00	1.52047335795e+13
1/11/1990 16:00:00	1.5866195515e+13
1/12/1990 16:00:00	1.69359662503e+13
1/15/1990 16:00:00	1.72441608444e+13
1/16/1990 16:00:00	1.61945644747e+13
1/17/1990 16:00:00	1.65152886957e+13
1/18/1990 16:00:00	1.65442383804e+13
1/19/1990 16:00:00	1.57776286311e+13
1/22/1990 16:00:00	1.70917795757e+13
1/23/1990 16:00:00	1.72560505274e+13
1/24/1990 16:00:00	1.74615565617e+13
1/25/1990 16:00:00	1.77292671987e+13
1/26/1990 16:00:00	1.84054797553e+13
1/29/1990 16:00:00	1.8751891982e+13
1/30/1990 16:00:00	2.00004522534e+13
1/31/1990 16:00:00	1.87248569583e+13
2/1/1990 16:00:00	1.8441025522e+13
2/2/1990 16:00:00	1.77639174798e+13
2/5/1990 16:00:00	1.75593895474e+13
2/6/1990 16:00:00	1.79422918763e+13
2/7/1990 16:00:00	1.75106927929e+13
2/8/1990 16:00:00	1.74208357411e+13
2/9/1990 16:00:00	1.71274127825e+13
2/12/1990 16:00:00	1.75468482924e+13
2/13/1990 16:00:00	1.74873829144e+13
2/14/1990 16:00:00	1.72915165375e+13
2/15/1990 16:00:00	1.68472211097e+13
2/16/1990 16:00:00	1.72474364446e+13
2/20/1990 16:00:00	1.80861289124e+13
2/21/1990 16:00:00	1.81926852522e+13
2/22/1990 16:00:00	1.83649261034e+13
2/23/1990 16:00:00	1.9034246452e+13
2/26/1990 16:00:00	1.82574601468e+13
2/27/1990 16:00:00	1.79699804432e+13
2/28/1990 16:00:00	1.74346982133e+13
3/1/1990 16:00:00	1.71574024493e+13
3/2/1990 16:00:00	1.65796497306e+13
3/5/1990 16:00:00	1.68708710845e+13
3/6/1990 16:00:00	1.67548575211e+13
3/7/1990 16:00:00	1.69681377585e+13
3/8/1990 16:00:00	1.62738442469e+13
3/9/1990 16:00:00	1.61317599376e+13
3/12/1990 16:00:00	1.62188985327e+13
3/13/1990 16:00:00	1.66984102382e+13
3/14/1990 16:00:00	1.65393000351e+13
3/15/1990 16:00:00	1.62773729808e+13
3/16/1990 16:00:00	1.52729944847e+13
3/19/1990 16:00:00	1.489066615e+13
3/20/1990 16:00:00	1.55077655361e+13
3/21/1990 16:00:00	1.57583665706e+13
3/22/1990 16:00:00	1.65032147953e+13
3/23/1990 16:00:00	1.60697297467e+13
3/26/1990 16:00:00	1.56527804681e+13
3/27/1990 16:00:00	1.54479347127e+13
3/28/1990 16:00:00	1.61579463262e+13
3/29/1990 16:00:00	1.64319994962e+13
3/30/1990 16:00:00	1.6444700408e+13
4/2/1990 16:00:00	1.65755634131e+13
4/3/1990 16:00:00	1.5628551094e+13
4/4/1990 16:00:00	1.59361228105e+13
4/5/1990 16:00:00	1.62713723341e+13
4/6/1990 16:00:00	1.66533033822e+13
4/9/1990 16:00:00	1.6758869696e+13
4/10/1990 16:00:00	1.65167420282e+13
4/11/1990 16:00:00	1.62352858846e+13
4/12/1990 16:00:00	1.59104987086e+13
4/16/1990 16:00:00	1.57362397128e+13
4/17/1990 16:00:00	1.58488754339e+13
4/18/1990 16:00:00	1.66061476242e+13
4/19/1990 16:00:00	1.71589309861e+13
4/20/1990 16:00:00	1.77297459227e+13
4/23/1990 16:00:00	1.85143651446e+13
4/24/1990 16:00:00	1.87725323845e+13
4/25/1990 16:00:00	1.8570486133e+13
4/26/1990 16:00:00	1.85381687329e+13
4/27/1990 16:00:00	1.91328684072e+13
4/30/1990 16:00:00	1.85523621194e+13
5/1/1990 16:00:00	1.82440147174e+13
5/2/1990 16:00:00	1.7879483846e+13
5/3/1990 16:00:00	1.74927589217e+13
5/4/1990 16:00:00	1.68614467955e+13
5/7/1990 16:00:00	1.63296814818e+13
5/8/1990 16:00:00	1.63181935685e+13
5/9/1990 16:00:00	1.62793815199e+13
5/10/1990 16:00:00	1.59869558982e+13
5/11/1990 16:00:00	1.51044937665e+13
5/14/1990 16:00:00	1.45142714952e+13
5/15/1990 16:00:00	1.44101931964e+13
5/16/1990 16:00:00	1.43043760783e+13
5/17/1990 16:00:00	1.40334645348e+13
5/18/1990 16:00:00	1.3703678928e+13
5/21/1990 16:00:00	1.30543284511e+13
5/22/1990 16:00:00	1.29644341643e+13
5/23/1990 16:00:00	1.24437013828e+13
5/24/1990 16:00:00	1.23052415477e+13
5/25/1990 16:00:00	1.30737589602e+13
5/29/1990 16:00:00	1.24753845487e+13
5/30/1990 16:00:00	1.24082313684e+13
5/31/1990 16:00:00	1.24560842722e+13
6/1/1990 16:00:00	1.21972644265e+13
6/4/1990 16:00:00	1.18704099566e+13
6/5/1990 16:00:00	1.22213042485e+13
6/6/1990 16:00:00	1.22042461084e+13
6/7/1990 16:00:00	1.23226407765e+13
6/8/1990 16:00:00	1.27516211447e+13
6/11/1990 16:00:00	1.24058769846e+13
6/12/1990 16:00:00	1.19250998286e+13
6/13/1990 16:00:00	1.16509892533e+13
6/14/1990 16:00:00	1.18880936739e+13
6/15/1990 16:00:00	1.1863084305e+13
6/18/1990 16:00:00	1.24803667527e+13
6/19/1990 16:00:00	1.2485784107e+13
6/20/1990 16:00:00	1.24160392046e+13
6/21/1990 16:00:00	1.23013807315e+13
6/22/1990 16:00:00	1.26895231733e+13
6/25/1990 16:00:00	1.31617824396e+13
6/26/1990 16:00:00	1.31742645998e+13
6/27/1990 16:00:00	1.28500940985e+13
6/28/1990 16:00:00	1.24620282922e+13
6/29/1990 16:00:00	1.23132814404e+13
7/2/1990 16:00:00	1.23351624019e+13
7/3/1990 16:00:00	1.23872891177e+13
7/5/1990 16:00:00	1.25410849668e+13
7/6/1990 16:00:00	1.23722917737e+13
7/9/1990 16:00:00	1.22113473076e+13
7/10/1990 16:00:00	1.23706044324e+13
7/11/1990 16:00:00	1.20568057868e+13
7/12/1990 16:00:00	1.16739491659e+13
7/13/1990 16:00:00	1.14993098985e+13
7/16/1990 16:00:00	1.13104647979e+13
7/17/1990 16:00:00	1.19659345578e+13
7/18/1990 16:00:00	1.24717645027e+13
7/19/1990 16:00:00	1.27728854769e+13
7/20/1990 16:00:00	1.34303038706e+13
7/23/1990 16:00:00	1.43237962121e+13
7/24/1990 16:00:00	1.45104269622e+13
7/25/1990 16:00:00	1.40905218532e+13
7/26/1990 16:00:00	1.43969767351e+13
7/27/1990 16:00:00	1.47120399401e+13
7/30/1990 16:00:00	1.50654937681e+13
7/31/1990 16:00:00	1.51919462887e+13
8/1/1990 16:00:00	1.52657002772e+13
8/2/1990 16:00:00	1.61353226825e+13
8/3/1990 16:00:00	1.75621101589e+13
8/6/1990 16:00:00	2.03467245217e+13
8/7/1990 16:00:00	2.00080692042e+13
8/8/1990 16:00:00	1.91666873687e+13
8/9/1990 16:00:00	1.81988092454e+13
8/10/1990 16:00:00	1.89769171479e+13
8/13/1990 16:00:00	1.86722180398e+13
8/14/1990 16:00:00	1.84590678779e+13
8/15/1990 16:00:00	1.84371767441e+13
8/16/1990 16:00:00	2.01258545881e+13
8/17/1990 16:00:00	2.1747119338e+13
8/20/1990 16:00:00	2.30151028887e+13
8/21/1990 16:00:00	2.47755197449e+13
8/22/1990 16:00:00	2.60887057537e+13
8/23/1990 16:00:00	2.8963750986e+13
8/24/1990 16:00:00	2.57487522398e+13
8/27/1990 16:00:00	2.20176192742e+13
8/28/1990 16:00:00	2.17279939169e+13
8/29/1990 16:00:00	2.24234714165e+13
8/30/1990 16:00:00	2.3211206065e+13
8/31/1990 16:00:00	2.21845563476e+13
9/4/1990 16:00:00	2.18237489516e+13
9/5/1990 16:00:00	2.21675482157e+13
9/6/1990 16:00:00	2.32743787001e+13
9/7/1990 16:00:00	2.28893979718e+13
9/10/1990 16:00:00	2.26134334072e+13
9/11/1990 16:00:00	2.32346195459e+13
9/12/1990 16:00:00	2.27556630127e+13
9/13/1990 16:00:00	2.37186449209e+13
9/14/1990 16:00:00	2.38222730643e+13
9/17/1990 16:00:00	2.38193849631e+13
9/18/1990 16:00:00	2.39138508209e+13
9/19/1990 16:00:00	2.41968832813e+13
9/20/1990 16:00:00	2.60708523833e+13
9/21/1990 16:00:00	2.64351054532e+13
9/24/1990 16:00:00	2.889070703e+13
9/25/1990 16:00:00	2.74122438772e+13
9/26/1990 16:00:00	2.8018017751e+13
9/27/1990 16:00:00	3.05191242789e+13
9/28/1990 16:00:00	2.90505450099e+13
10/1/1990 16:00:00	2.53067578354e+13
10/2/1990 16:00:00	2.52628411349e+13
10/3/1990 16:00:00	2.71059343297e+13
10/4/1990 16:00:00	2.75952965036e+13
10/5/1990 16:00:00	2.81509072967e+13
10/8/1990 16:00:00	2.7617865082e+13
10/9/1990 16:00:00	3.03932168186e+13
10/10/1990 16:00:00	3.26153997138e+13
10/11/1990 16:00:00	3.51206399055e+13
10/12/1990 16:00:00	3.41938414458e+13
10/15/1990 16:00:00	3.26145134963e+13
10/16/1990 16:00:00	3.48844328698e+13
10/17/1990 16:00:00	3.37995410251e+13
10/18/1990 16:00:00	3.07432476704e+13
10/19/1990 16:00:00	2.95822556331e+13
10/22/1990 16:00:00	2.76132687566e+13
10/23/1990 16:00:00	2.77231362809e+13
10/24/1990 16:00:00	2.7723992827e+13
10/25/1990 16:00:00	2.82844557422e+13
10/26/1990 16:00:00	2.98163958245e+13
10/29/1990 16:00:00	3.11126205024e+13
10/30/1990 16:00:00	3.04758565015e+13
10/31/1990 16:00:00	3.07529131155e+13
11/1/1990 16:00:00	3.06142173974e+13
11/2/1990 16:00:00	2.85372721704e+13
11/5/1990 16:00:00	2.68316740412e+13
11/6/1990 16:00:00	2.69530926509e+13
11/7/1990 16:00:00	2.84115031066e+13
11/8/1990 16:00:00	2.81442230892e+13
11/9/1990 16:00:00	2.60225723923e+13
11/12/1990 16:00:00	2.32986668472e+13
11/13/1990 16:00:00	2.2880625205e+13
11/14/1990 16:00:00	2.19809631722e+13
11/15/1990 16:00:00	2.3001833262e+13
11/16/1990 16:00:00	2.47002758583e+13
11/19/1990 16:00:00	2.38959405066e+13
11/20/1990 16:00:00	2.535139993e+13
11/21/1990 16:00:00	2.51233847765e+13
11/23/1990 16:00:00	2.50108421179e+13
11/26/1990 16:00:00	2.46978817658e+13
11/27/1990 16:00:00	2.31034541613e+13
11/28/1990 16:00:00	2.29388151719e+13
11/29/1990 16:00:00	2.24521423989e+13
11/30/1990 16:00:00	2.19599839703e+13
12/3/1990 16:00:00	2.13201320331e+13
12/4/1990 16:00:00	2.09895553109e+13
12/5/1990 16:00:00	1.99123798187e+13
12/6/1990 16:00:00	1.97967750199e+13
12/7/1990 16:00:00	1.98601894648e+13
12/10/1990 16:00:00	1.98533768188e+13
12/11/1990 16:00:00	2.07361085296e+13
12/12/1990 16:00:00	2.02939930082e+13
12/13/1990 16:00:00	2.03147342244e+13
12/14/1990 16:00:00	2.09203588953e+13
12/17/1990 16:00:00	2.12895507557e+13
12/18/1990 16:00:00	1.99429947576e+13
12/19/1990 16:00:00	1.9611674448e+13
12/20/1990 16:00:00	1.93101242009e+13
12/21/1990 16:00:00	1.89742679084e+13
12/24/1990 16:00:00	1.94236199382e+13
12/26/1990 16:00:00	1.96381732089e+13
12/27/1990 16:00:00	2.00782957929e+13
12/28/1990 16:00:00	2.00226356831e+13
12/31/1990 16:00:00	1.97047662793e+13
1/2/1991 16:00:00	1.99538035202e+13
1/3/1991 16:00:00	2.09853366093e+13
1/4/1991 16:00:00	2.08680892627e+13
1/7/1991 16:00:00	2.23110608045e+13
1/8/1991 16:00:00	2.24213606026e+13
1/9/1991 16:00:00	2.25828844836e+13
1/10/1991 16:00:00	2.1052730026e+13
1/11/1991 16:00:00	2.10368811041e+13
1/14/1991 16:00:00	2.18386224515e+13
1/15/1991 16:00:00	2.13321961999e+13
1/16/1991 16:00:00	1.88576164274e+13
1/17/1991 16:00:00	1.71188701188e+13
1/18/1991 16:00:00	1.65854561302e+13
1/21/1991 16:00:00	1.59248863226e+13
1/22/1991 16:00:00	1.64758081628e+13
1/23/1991 16:00:00	1.56032741136e+13
1/24/1991 16:00:00	1.47637296891e+13
1/25/1991 16:00:00	1.45328711524e+13
1/28/1991 16:00:00	1.43080111361e+13
1/29/1991 16:00:00	1.38928061041e+13
1/30/1991 16:00:00	1.30152484998e+13
1/31/1991 16:00:00	1.24950226581e+13
2/1/1991 16:00:00	1.2180255862e+13
2/4/1991 16:00:00	1.18142144952e+13
2/5/1991 16:00:00	1.11213515505e+13
2/6/1991 16:00:00	1.03723178572e+13
2/7/1991 16:00:00	1.08394655436e+13
2/8/1991 16:00:00	1.07094011339e+13
2/11/1991 16:00:00	1.00849091926e+13
2/12/1991 16:00:00	1.02284833139e+13
2/13/1991 16:00:00	9.97410604194e+12
2/14/1991 16:00:00	1.05508200663e+13
2/15/1991 16:00:00	1.02065429208e+13
2/19/1991 16:00:00	9.91031782824e+12
2/20/1991 16:00:00	1.02831088302e+13
2/21/1991 16:00:00	1.04059152966e+13
2/22/1991 16:00:00	1.01906075126e+13
2/25/1991 16:00:00	1.00277029345e+13
2/26/1991 16:00:00	1.03058007798e+13
2/27/1991 16:00:00	1.0077182576e+13
2/28/1991 16:00:00	1.00394003181e+13
3/1/1991 16:00:00	9.77502905579e+12
3/4/1991 16:00:00	9.66934175914e+12
3/5/1991 16:00:00	8.67104431682e+12
3/6/1991 16:00:00	8.58335154184e+12
3/7/1991 16:00:00	8.4532279571e+12
3/8/1991 16:00:00	8.62452283791e+12
3/11/1991 16:00:00	9.38835529185e+12
3/12/1991 16:00:00	9.89461471315e+12
3/13/1991 16:00:00	9.14559262212e+12
3/14/1991 16:00:00	9.28978378153e+12
3/15/1991 16:00:00	9.4249953803e+12
3/18/1991 16:00:00	9.32301710529e+12
3/19/1991 16:00:00	9.52583800397e+12
3/20/1991 16:00:00	9.28324292683e+12
3/21/1991 16:00:00	9.63120501833e+12
3/22/1991 16:00:00	9.71988330855e+12
3/25/1991 16:00:00	9.32359819695e+12
3/26/1991 16:00:00	8.35949172628e+12
3/27/1991 16:00:00	8.18853716804e+12
3/28/1991 16:00:00	8.34813702692e+12
4/1/1991 16:00:00	8.38558214732e+12
4/2/1991 16:00:00	7.51379668436e+12
4/3/1991 16:00:00	7.41397109787e+12
4/4/1991 16:00:00	7.24830520064e+12
4/5/1991 16:00:00	7.39940840702e+12
4/8/1991 16:00:00	7.38859644452e+12
4/9/1991 16:00:00	7.61354924677e+12
4/10/1991 16:00:00	7.77657351923e+12
4/11/1991 16:00:00	7.14759206457e+12
4/12/1991 16:00:00	7.09514103834e+12
4/15/1991 16:00:00	7.17131235445e+12
4/16/1991 16:00:00	6.8886801916e+12
4/17/1991 16:00:00	6.79552173361e+12
4/18/1991 16:00:00	7.20484597973e+12
4/19/1991 16:00:00	7.50492841413e+12
4/22/1991 16:00:00	7.73182127563e+12
4/23/1991 16:00:00	7.66856654715e+12
4/24/1991 16:00:00	7.47327931687e+12
4/25/1991 16:00:00	7.68981008258e+12
4/26/1991 16:00:00	7.75299011718e+12
4/29/1991 16:00:00	8.20181207306e+12
4/30/1991 16:00:00	8.43935425623e+12
5/1/1991 16:00:00	8.39254275991e+12
5/2/1991 16:00:00	8.18119920438e+12
5/3/1991 16:00:00	8.13344118097e+12
5/6/1991 16:00:00	8.12041450057e+12
5/7/1991 16:00:00	8.22630761246e+12
5/8/1991 16:00:00	8.14808821038e+12
5/9/1991 16:00:00	7.78225260404e+12
5/10/1991 16:00:00	8.00662345082e+12
5/13/1991 16:00:00	7.98852893199e+12
5/14/1991 16:00:00	8.25388568948e+12
5/15/1991 16:00:00	9.00391083704e+12
5/16/1991 16:00:00	8.74131077335e+12
5/17/1991 16:00:00	8.77200491094e+12
5/20/1991 16:00:00	8.96603952326e+12
5/21/1991 16:00:00	8.69968987326e+12
5/22/1991 16:00:00	8.26404835863e+12
5/23/1991 16:00:00	8.13249306223e+12
5/24/1991 16:00:00	7.92657258489e+12
5/28/1991 16:00:00	7.59221022391e+12
5/29/1991 16:00:00	7.51670815202e+12
5/30/1991 16:00:00	7.28655374099e+12
5/31/1991 16:00:00	7.15423206077e+12
6/3/1991 16:00:00	7.01175723633e+12
6/4/1991 16:00:00	7.00340801113e+12
6/5/1991 16:00:00	7.29094115275e+12
6/6/1991 16:00:00	7.54608022721e+12
6/7/1991 16:00:00	7.85301722319e+12
6/10/1991 16:00:00	8.05097981041e+12
6/11/1991 16:00:00	7.97874202803e+12
6/12/1991 16:00:00	8.33796670427e+12
6/13/1991 16:00:00	8.39231924542e+12
6/14/1991 16:00:00	8.1132699606e+12
6/17/1991 16:00:00	8.14138080316e+12
6/18/1991 16:00:00	8.33923560938e+12
6/19/1991 16:00:00	8.83742843883e+12
6/20/1991 16:00:00	8.81552672581e+12
6/21/1991 16:00:00	8.85151090265e+12
6/24/1991 16:00:00	9.81772557697e+12
6/25/1991 16:00:00	9.81347177719e+12
6/26/1991 16:00:00	9.65119712618e+12
6/27/1991 16:00:00	9.33801813312e+12
6/28/1991 16:00:00	9.46384271062e+12
7/1/1991 16:00:00	8.92283528055e+12
7/2/1991 16:00:00	9.24399222776e+12
7/3/1991 16:00:00	9.64883601784e+12
7/5/1991 16:00:00	9.70873389404e+12
7/8/1991 16:00:00	8.91337499472e+12
7/9/1991 16:00:00	8.74039789851e+12
7/10/1991 16:00:00	8.48179974008e+12
7/11/1991 16:00:00	8.43946357142e+12
7/12/1991 16:00:00	8.1013121583e+12
7/15/1991 16:00:00	7.97585730194e+12
7/16/1991 16:00:00	8.37665475165e+12
7/17/1991 16:00:00	8.48798161138e+12
7/18/1991 16:00:00	8.21935018521e+12
7/19/1991 16:00:00	8.16249680389e+12
7/22/1991 16:00:00	8.40672440467e+12
7/23/1991 16:00:00	8.89287230043e+12
7/24/1991 16:00:00	9.05105022595e+12
7/25/1991 16:00:00	8.70667634419e+12
7/26/1991 16:00:00	8.41216221363e+12
7/29/1991 16:00:00	8.38076518558e+12
7/30/1991 16:00:00	7.94235470402e+12
7/31/1991 16:00:00	7.6980344167e+12
8/1/1991 16:00:00	7.52785048619e+12
8/2/1991 16:00:00	7.43298311297e+12
8/5/1991 16:00:00	7.70734898937e+12
8/6/1991 16:00:00	7.49471171035e+12
8/7/1991 16:00:00	7.35448014152e+12
8/8/1991 16:00:00	7.18362362344e+12
8/9/1991 16:00:00	7.23637741037e+12
8/12/1991 16:00:00	7.07897449875e+12
8/13/1991 16:00:00	6.91669612774e+12
8/14/1991 16:00:00	6.75679198043e+12
8/15/1991 16:00:00	6.97013924263e+12
8/16/1991 16:00:00	7.14655751733e+12
8/19/1991 16:00:00	7.73157037164e+12
8/20/1991 16:00:00	7.54693722449e+12
8/21/1991 16:00:00	6.57430703192e+12
8/22/1991 16:00:00	6.68399389434e+12
8/23/1991 16:00:00	6.5330769983e+12
8/26/1991 16:00:00	6.54368222082e+12
8/27/1991 16:00:00	6.54399580628e+12
8/28/1991 16:00:00	6.33715098921e+12
8/29/1991 16:00:00	6.42660248747e+12
8/30/1991 16:00:00	6.51102636026e+12
9/3/1991 16:00:00	6.72567521275e+12
9/4/1991 16:00:00	6.91004735335e+12
9/5/1991 16:00:00	6.99533389295e+12
9/6/1991 16:00:00	7.0586501689e+12
9/9/1991 16:00:00	6.96052461111e+12
9/10/1991 16:00:00	7.33402090052e+12
9/11/1991 16:00:00	7.07972024686e+12
9/12/1991 16:00:00	6.63783537655e+12
9/13/1991 16:00:00	7.06532373048e+12
9/16/1991 16:00:00	7.14094033816e+12
9/17/1991 16:00:00	7.18420658265e+12
9/18/1991 16:00:00	6.96175896589e+12
9/19/1991 16:00:00	6.7833784845e+12
9/20/1991 16:00:00	6.56433615703e+12
9/23/1991 16:00:00	6.69112546678e+12
9/24/1991 16:00:00	6.52165006011e+12
9/25/1991 16:00:00	6.41479284771e+12
9/26/1991 16:00:00	6.49152351327e+12
9/27/1991 16:00:00	6.63015409773e+12
9/30/1991 16:00:00	6.52473351067e+12
10/1/1991 16:00:00	6.47312456005e+12
10/2/1991 16:00:00	6.70101147423e+12
10/3/1991 16:00:00	7.03423914523e+12
10/4/1991 16:00:00	7.03170905843e+12
10/7/1991 16:00:00	7.1589754783e+12
10/8/1991 16:00:00	7.0774477958e+12
10/9/1991 16:00:00	7.34935891935e+12
10/10/1991 16:00:00	7.14727073067e+12
10/11/1991 16:00:00	6.96936308808e+12
10/14/1991 16:00:00	6.55377940085e+12
10/15/1991 16:00:00	6.1384958851e+12
10/16/1991 16:00:00	5.87131534854e+12
10/17/1991 16:00:00	6.18308142956e+12
10/18/1991 16:00:00	6.14693588317e+12
10/21/1991 16:00:00	6.29329609633e+12
10/22/1991 16:00:00	6.30306049694e+12
10/23/1991 16:00:00	6.4015656414e+12
10/24/1991 16:00:00	6.65176522929e+12
10/25/1991 16:00:00	6.84621693211e+12
10/28/1991 16:00:00	6.60221947448e+12
10/29/1991 16:00:00	6.35061393444e+12
10/30/1991 16:00:00	6.05032119593e+12
10/31/1991 16:00:00	6.19142537458e+12
11/1/1991 16:00:00	6.3547774558e+12
11/4/1991 16:00:00	6.56137603972e+12
11/5/1991 16:00:00	6.42119149674e+12
11/6/1991 16:00:00	6.40047308448e+12
11/7/1991 16:00:00	6.17644407968e+12
11/8/1991 16:00:00	6.01147878846e+12
11/11/1991 16:00:00	5.87559637065e+12
11/12/1991 16:00:00	5.63600475973e+12
11/13/1991 16:00:00	5.59138937048e+12
11/14/1991 16:00:00	5.69426401219e+12
11/15/1991 16:00:00	6.6361615198e+12
11/18/1991 16:00:00	6.3561458601e+12
11/19/1991 16:00:00	6.6381262156e+12
11/20/1991 16:00:00	6.58568239993e+12
11/21/1991 16:00:00	6.35439538189e+12
11/22/1991 16:00:00	6.5100893659e+12
11/25/1991 16:00:00	6.74021869774e+12
11/26/1991 16:00:00	6.66501427046e+12
11/27/1991 16:00:00	6.59221560508e+12
11/29/1991 16:00:00	6.62709599389e+12
12/2/1991 16:00:00	5.99392280364e+12
12/3/1991 16:00:00	5.99729493296e+12
12/4/1991 16:00:00	5.93013786909e+12
12/5/1991 16:00:00	5.98096992778e+12
12/6/1991 16:00:00	5.87489055572e+12
12/9/1991 16:00:00	5.90079870107e+12
12/10/1991 16:00:00	5.87136965921e+12
12/11/1991 16:00:00	5.96359132136e+12
12/12/1991 16:00:00	5.77735270554e+12
12/13/1991 16:00:00	5.58593574697e+12
12/16/1991 16:00:00	5.49576108959e+12
12/17/1991 16:00:00	5.72436267794e+12
12/18/1991 16:00:00	5.68644850323e+12
12/19/1991 16:00:00	5.97952961627e+12
12/20/1991 16:00:00	5.90452414408e+12
12/23/1991 16:00:00	5.46058446776e+12
12/24/1991 16:00:00	5.25920198909e+12
12/26/1991 16:00:00	4.92389763306e+12
12/27/1991 16:00:00	4.78110711761e+12
12/30/1991 16:00:00	4.33298355603e+12
12/31/1991 16:00:00	4.17163929e+12
1/2/1992 16:00:00	4.07951636389e+12
1/3/1992 16:00:00	4.02831441771e+12
1/6/1992 16:00:00	3.95595773363e+12
1/7/1992 16:00:00	3.86116224432e+12
1/8/1992 16:00:00	3.70549075131e+12
1/9/1992 16:00:00	3.51306697958e+12
1/10/1992 16:00:00	3.61164828256e+12
1/13/1992 16:00:00	3.57767169524e+12
1/14/1992 16:00:00	3.44642276936e+12
1/15/1992 16:00:00	3.3603200546e+12
1/16/1992 16:00:00	3.46655750889e+12
1/17/1992 16:00:00	3.53288897982e+12
1/20/1992 16:00:00	3.77470209403e+12
1/21/1992 16:00:00	4.23314901822e+12
1/22/1992 16:00:00	3.52847670553e+12
1/23/1992 16:00:00	3.53809047626e+12
1/24/1992 16:00:00	3.5591306547e+12
1/27/1992 16:00:00	3.71500222139e+12
1/28/1992 16:00:00	3.70520358093e+12
1/29/1992 16:00:00	3.82324026664e+12
1/30/1992 16:00:00	3.78822767417e+12
1/31/1992 16:00:00	3.79301209734e+12
2/3/1992 16:00:00	3.69211623448e+12
2/4/1992 16:00:00	3.51456369302e+12
2/5/1992 16:00:00	3.39679335077e+12
2/6/1992 16:00:00	3.45080040145e+12
2/7/1992 16:00:00	3.51990933163e+12
2/10/1992 16:00:00	3.56972155991e+12
2/11/1992 16:00:00	3.59748096931e+12
2/12/1992 16:00:00	3.23694077123e+12
2/13/1992 16:00:00	3.40699132467e+12
2/14/1992 16:00:00	3.49997763594e+12
2/18/1992 16:00:00	3.7492841035e+12
2/19/1992 16:00:00	3.7679084057e+12
2/20/1992 16:00:00	3.52689364438e+12
2/21/1992 16:00:00	3.61910795887e+12
2/24/1992 16:00:00	3.72983299624e+12
2/25/1992 16:00:00	3.75293452106e+12
2/26/1992 16:00:00	3.43959129936e+12
2/27/1992 16:00:00	3.45401867055e+12
2/28/1992 16:00:00	3.50112919608e+12
3/2/1992 16:00:00	3.48040590065e+12
3/3/1992 16:00:00	3.51044383807e+12
3/4/1992 16:00:00	3.63714308502e+12
3/5/1992 16:00:00	3.76993257501e+12
3/6/1992 16:00:00	3.92354105523e+12
3/9/1992 16:00:00	3.91467587404e+12
3/10/1992 16:00:00	3.67004419503e+12
3/11/1992 16:00:00	3.84272527899e+12
3/12/1992 16:00:00	3.852309572e+12
3/13/1992 16:00:00	3.79783885161e+12
3/16/1992 16:00:00	3.73908490365e+12
3/17/1992 16:00:00	3.58730155417e+12
3/18/1992 16:00:00	3.59886416539e+12
3/19/1992 16:00:00	3.60336117044e+12
3/20/1992 16:00:00	3.65856228492e+12
3/23/1992 16:00:00	3.71959128773e+12
3/24/1992 16:00:00	3.79077758233e+12
3/25/1992 16:00:00	3.76863807681e+12
3/26/1992 16:00:00	3.91684805579e+12
3/27/1992 16:00:00	4.23896532815e+12
3/30/1992 16:00:00	4.31472329065e+12
3/31/1992 16:00:00	4.28915888532e+12
4/1/1992 16:00:00	4.2578566649e+12
4/2/1992 16:00:00	4.50688978587e+12
4/3/1992 16:00:00	4.56395500631e+12
4/6/1992 16:00:00	4.21324012676e+12
4/7/1992 16:00:00	4.66719473309e+12
4/8/1992 16:00:00	4.76397381973e+12
4/9/1992 16:00:00	4.36723711346e+12
4/10/1992 16:00:00	4.63793875985e+12
4/13/1992 16:00:00	4.45527211138e+12
4/14/1992 16:00:00	4.31433334366e+12
4/15/1992 16:00:00	4.09395797239e+12
4/16/1992 16:00:00	4.35363232574e+12
4/20/1992 16:00:00	4.82074874816e+12
4/21/1992 16:00:00	4.92909837562e+12
4/22/1992 16:00:00	4.74230569631e+12
4/23/1992 16:00:00	4.83764905101e+12
4/24/1992 16:00:00	5.0150122365e+12
4/27/1992 16:00:00	5.22403737556e+12
4/28/1992 16:00:00	5.48945550137e+12
4/29/1992 16:00:00	5.02556488403e+12
4/30/1992 16:00:00	4.78526386943e+12
5/1/1992 16:00:00	4.80579225922e+12
5/4/1992 16:00:00	4.65649636527e+12
5/5/1992 16:00:00	4.47670926276e+12
5/6/1992 16:00:00	4.46479675792e+12
5/7/1992 16:00:00	4.56836207493e+12
5/8/1992 16:00:00	4.63477625855e+12
5/11/1992 16:00:00	4.60900322924e+12
5/12/1992 16:00:00	4.69394081533e+12
5/13/1992 16:00:00	4.75552465717e+12
5/14/1992 16:00:00	4.95252395579e+12
5/15/1992 16:00:00	5.02999942311e+12
5/18/1992 16:00:00	4.95512506029e+12
5/19/1992 16:00:00	4.86827225156e+12
5/20/1992 16:00:00	4.72122827182e+12
5/21/1992 16:00:00	4.79751176618e+12
5/22/1992 16:00:00	4.77952226416e+12
5/26/1992 16:00:00	4.89784624613e+12
5/27/1992 16:00:00	4.79579029661e+12
5/28/1992 16:00:00	4.61609757098e+12
5/29/1992 16:00:00	4.4714721924e+12
6/1/1992 16:00:00	4.31724934701e+12
6/2/1992 16:00:00	4.39052481274e+12
6/3/1992 16:00:00	4.38857781238e+12
6/4/1992 16:00:00	4.44925201857e+12
6/5/1992 16:00:00	4.56519636361e+12
6/8/1992 16:00:00	4.69945253256e+12
6/9/1992 16:00:00	4.94611366817e+12
6/10/1992 16:00:00	5.05870159022e+12
6/11/1992 16:00:00	5.0627192022e+12
6/12/1992 16:00:00	4.98831409091e+12
6/15/1992 16:00:00	5.00315948675e+12
6/16/1992 16:00:00	5.23602717705e+12
6/17/1992 16:00:00	5.54357984149e+12
6/18/1992 16:00:00	5.62956926912e+12
6/19/1992 16:00:00	5.3473147215e+12
6/22/1992 16:00:00	5.437820311e+12
6/23/1992 16:00:00	5.31914522475e+12
6/24/1992 16:00:00	5.43767228609e+12
6/25/1992 16:00:00	5.66361426469e+12
6/26/1992 16:00:00	5.73805397456e+12
6/29/1992 16:00:00	5.10225294862e+12
6/30/1992 16:00:00	5.08350019204e+12
7/1/1992 16:00:00	4.84333994651e+12
7/2/1992 16:00:00	5.09047771387e+12
7/6/1992 16:00:00	5.01532658755e+12
7/7/1992 16:00:00	5.32295352436e+12
7/8/1992 16:00:00	5.25639349586e+12
7/9/1992 16:00:00	5.0136130325e+12
7/10/1992 16:00:00	4.9837687737e+12
7/13/1992 16:00:00	4.88017565848e+12
7/14/1992 16:00:00	4.67767316489e+12
7/15/1992 16:00:00	4.6733343064e+12
7/16/1992 16:00:00	4.58988469543e+12
7/17/1992 16:00:00	4.84580560453e+12
7/20/1992 16:00:00	5.09049880711e+12
7/21/1992 16:00:00	4.85613972616e+12
7/22/1992 16:00:00	5.04613845286e+12
7/23/1992 16:00:00	4.981883676e+12
7/24/1992 16:00:00	4.93808345617e+12
7/27/1992 16:00:00	5.01776383915e+12
7/28/1992 16:00:00	4.77496037427e+12
7/29/1992 16:00:00	4.62063436484e+12
7/30/1992 16:00:00	4.58559285368e+12
7/31/1992 16:00:00	4.58955338566e+12
8/3/1992 16:00:00	4.50959250849e+12
8/4/1992 16:00:00	4.58413750922e+12
8/5/1992 16:00:00	4.78481331479e+12
8/6/1992 16:00:00	4.8818870337e+12
8/7/1992 16:00:00	4.94395557707e+12
8/10/1992 16:00:00	4.90153446581e+12
8/11/1992 16:00:00	4.98690037782e+12
8/12/1992 16:00:00	5.06606695363e+12
8/13/1992 16:00:00	5.05226986163e+12
8/14/1992 16:00:00	5.00651622413e+12
8/17/1992 16:00:00	5.10073248351e+12
8/18/1992 16:00:00	5.10027785847e+12
8/19/1992 16:00:00	5.21109120648e+12
8/20/1992 16:00:00	5.15541135007e+12
8/21/1992 16:00:00	5.35065751041e+12
8/24/1992 16:00:00	5.62327190299e+12
8/25/1992 16:00:00	5.54638704639e+12
8/26/1992 16:00:00	5.3142800916e+12
8/27/1992 16:00:00	5.14161377864e+12
8/28/1992 16:00:00	5.1607352684e+12
8/31/1992 16:00:00	5.15684633601e+12
9/1/1992 16:00:00	5.01923045872e+12
9/2/1992 16:00:00	4.79237056962e+12
9/3/1992 16:00:00	4.71935822943e+12
9/4/1992 16:00:00	4.80289743587e+12
9/8/1992 16:00:00	4.83439899153e+12
9/9/1992 16:00:00	4.63632224709e+12
9/10/1992 16:00:00	4.42181329385e+12
9/11/1992 16:00:00	4.40786956965e+12
9/14/1992 16:00:00	4.01381973871e+12
9/15/1992 16:00:00	4.19163346926e+12
9/16/1992 16:00:00	4.25098689305e+12
9/17/1992 16:00:00	4.22127883108e+12
9/18/1992 16:00:00	4.1962815527e+12
9/21/1992 16:00:00	4.22387990462e+12
9/22/1992 16:00:00	4.42333775644e+12
9/23/1992 16:00:00	4.36020585092e+12
9/24/1992 16:00:00	4.29089523057e+12
9/25/1992 16:00:00	4.58916450905e+12
9/28/1992 16:00:00	4.69592849066e+12
9/29/1992 16:00:00	4.57087942802e+12
9/30/1992 16:00:00	4.46196697004e+12
10/1/1992 16:00:00	4.64162381034e+12
10/2/1992 16:00:00	4.85297728521e+12
10/5/1992 16:00:00	4.88889994448e+12
10/6/1992 16:00:00	4.68456015073e+12
10/7/1992 16:00:00	4.804302794e+12
10/8/1992 16:00:00	4.66617021302e+12
10/9/1992 16:00:00	4.79158372996e+12
10/12/1992 16:00:00	4.67715878413e+12
10/13/1992 16:00:00	4.58729188167e+12
10/14/1992 16:00:00	4.61410044642e+12
10/15/1992 16:00:00	4.50230906412e+12
10/16/1992 16:00:00	4.32027722634e+12
10/19/1992 16:00:00	4.05994176394e+12
10/20/1992 16:00:00	4.0391700079e+12
10/21/1992 16:00:00	3.94003002753e+12
10/22/1992 16:00:00	3.94074783937e+12
10/23/1992 16:00:00	3.96608050257e+12
10/26/1992 16:00:00	3.90456648882e+12
10/27/1992 16:00:00	4.02232647693e+12
10/28/1992 16:00:00	3.92160446471e+12
10/29/1992 16:00:00	3.76429462347e+12
10/30/1992 16:00:00	3.8318934597e+12
11/2/1992 16:00:00	3.79258961875e+12
11/3/1992 16:00:00	3.94457767978e+12
11/4/1992 16:00:00	3.881050393e+12
11/5/1992 16:00:00	3.57250649422e+12
11/6/1992 16:00:00	3.52120851219e+12
11/9/1992 16:00:00	3.44644549665e+12
11/10/1992 16:00:00	3.33233808865e+12
11/11/1992 16:00:00	3.233112973e+12
11/12/1992 16:00:00	3.26390431934e+12
11/13/1992 16:00:00	3.21747579879e+12
11/16/1992 16:00:00	3.3258797598e+12
11/17/1992 16:00:00	3.51259462723e+12
11/18/1992 16:00:00	3.32457692833e+12
11/19/1992 16:00:00	3.2551112327e+12
11/20/1992 16:00:00	3.19868970666e+12
11/23/1992 16:00:00	3.34756993238e+12
11/24/1992 16:00:00	3.15765278987e+12
11/25/1992 16:00:00	3.16830826898e+12
11/27/1992 16:00:00	3.17907843209e+12
11/30/1992 16:00:00	3.13572504387e+12
12/1/1992 16:00:00	3.09128701692e+12
12/2/1992 16:00:00	3.12150180153e+12
12/3/1992 16:00:00	3.03703950908e+12
12/4/1992 16:00:00	2.94553709624e+12
12/7/1992 16:00:00	2.8620398863e+12
12/8/1992 16:00:00	2.89303105332e+12
12/9/1992 16:00:00	2.96081445017e+12
12/10/1992 16:00:00	3.04301839279e+12
12/11/1992 16:00:00	3.1384127608e+12
12/14/1992 16:00:00	3.17970079578e+12
12/15/1992 16:00:00	3.24827821231e+12
12/16/1992 16:00:00	3.19333243933e+12
12/17/1992 16:00:00	2.97790634243e+12
12/18/1992 16:00:00	2.95273742734e+12
12/21/1992 16:00:00	2.91836025297e+12
12/22/1992 16:00:00	3.00959460509e+12
12/23/1992 16:00:00	2.98933127241e+12
12/24/1992 16:00:00	2.96371951733e+12
12/28/1992 16:00:00	2.9276640868e+12
12/29/1992 16:00:00	2.91054461842e+12
12/30/1992 16:00:00	2.90854327139e+12
12/31/1992 16:00:00	2.90354196784e+12
1/4/1993 16:00:00	2.99729674797e+12
1/5/1993 16:00:00	2.90118829108e+12
1/6/1993 16:00:00	2.7399666879e+12
1/7/1993 16:00:00	2.8074128101e+12
1/8/1993 16:00:00	2.77327251516e+12
1/11/1993 16:00:00	2.65462695313e+12
1/12/1993 16:00:00	2.71798378245e+12
1/13/1993 16:00:00	2.54297810184e+12
1/14/1993 16:00:00	2.43259541779e+12
1/15/1993 16:00:00	2.47388204004e+12
1/18/1993 16:00:00	2.48429486605e+12
1/19/1993 16:00:00	2.53929140081e+12
1/20/1993 16:00:00	2.54645620551e+12
1/21/1993 16:00:00	2.47414386267e+12
1/22/1993 16:00:00	2.50486517745e+12
1/25/1993 16:00:00	2.44159580514e+12
1/26/1993 16:00:00	2.47489555807e+12
1/27/1993 16:00:00	2.608304656e+12
1/28/1993 16:00:00	2.65022886949e+12
1/29/1993 16:00:00	2.6535990158e+12
2/1/1993 16:00:00	2.5492257958e+12
2/2/1993 16:00:00	2.51034301955e+12
2/3/1993 16:00:00	2.52967575214e+12
2/4/1993 16:00:00	2.57692175955e+12
2/5/1993 16:00:00	2.68629241536e+12
2/8/1993 16:00:00	2.75891608897e+12
2/9/1993 16:00:00	2.82282777129e+12
2/10/1993 16:00:00	2.72245984371e+12
2/11/1993 16:00:00	2.74526604497e+12
2/12/1993 16:00:00	2.86183949117e+12
2/16/1993 16:00:00	3.20321913872e+12
2/17/1993 16:00:00	3.23175445059e+12
2/18/1993 16:00:00	3.16666982474e+12
2/19/1993 16:00:00	3.1778801335e+12
2/22/1993 16:00:00	3.38648765704e+12
2/23/1993 16:00:00	3.36129023328e+12
2/24/1993 16:00:00	3.10009069148e+12
2/25/1993 16:00:00	3.06049623532e+12
2/26/1993 16:00:00	3.0755720784e+12
3/1/1993 16:00:00	3.13091456318e+12
3/2/1993 16:00:00	2.94088424562e+12
3/3/1993 16:00:00	2.84937096705e+12
3/4/1993 16:00:00	2.9558098656e+12
3/5/1993 16:00:00	2.95618337948e+12
3/8/1993 16:00:00	2.86079822194e+12
3/9/1993 16:00:00	2.86294170636e+12
3/10/1993 16:00:00	2.81967158036e+12
3/11/1993 16:00:00	2.80973000817e+12
3/12/1993 16:00:00	2.78955290358e+12
3/15/1993 16:00:00	2.75236935333e+12
3/16/1993 16:00:00	2.76937716447e+12
3/17/1993 16:00:00	2.95255662568e+12
3/18/1993 16:00:00	2.95766680905e+12
3/19/1993 16:00:00	3.05731224211e+12
3/22/1993 16:00:00	3.11441831999e+12
3/23/1993 16:00:00	3.14991375483e+12
3/24/1993 16:00:00	3.14114871153e+12
3/25/1993 16:00:00	2.98376600089e+12
3/26/1993 16:00:00	3.02873291536e+12
3/29/1993 16:00:00	3.06211454749e+12
3/30/1993 16:00:00	2.89826684395e+12
3/31/1993 16:00:00	2.85854360142e+12
4/1/1993 16:00:00	2.98120841658e+12
4/2/1993 16:00:00	3.31455806877e+12
4/5/1993 16:00:00	3.21328901907e+12
4/6/1993 16:00:00	3.33067537284e+12
4/7/1993 16:00:00	3.19618582411e+12
4/8/1993 16:00:00	3.29818822341e+12
4/12/1993 16:00:00	3.08395409418e+12
4/13/1993 16:00:00	3.16834174419e+12
4/14/1993 16:00:00	3.15264460133e+12
4/15/1993 16:00:00	3.22487390263e+12
4/16/1993 16:00:00	3.31743093324e+12
4/19/1993 16:00:00	3.41213161959e+12
4/20/1993 16:00:00	3.36478587699e+12
4/21/1993 16:00:00	3.33237620865e+12
4/22/1993 16:00:00	3.38415262082e+12
4/23/1993 16:00:00	3.53006042272e+12
4/26/1993 16:00:00	3.73403000443e+12
4/27/1993 16:00:00	3.48487760645e+12
4/28/1993 16:00:00	3.3281688373e+12
4/29/1993 16:00:00	3.34951865628e+12
4/30/1993 16:00:00	3.32232002232e+12
5/3/1993 16:00:00	3.1763969994e+12
5/4/1993 16:00:00	2.94814686398e+12
5/5/1993 16:00:00	2.89763586024e+12
5/6/1993 16:00:00	2.98759489916e+12
5/7/1993 16:00:00	2.95015687292e+12
5/10/1993 16:00:00	2.91092197922e+12
5/11/1993 16:00:00	2.95741346058e+12
5/12/1993 16:00:00	3.01002588406e+12
5/13/1993 16:00:00	3.09489260952e+12
5/14/1993 16:00:00	3.04035040783e+12
5/17/1993 16:00:00	2.9669520741e+12
5/18/1993 16:00:00	2.88413580633e+12
5/19/1993 16:00:00	2.67447388158e+12
5/20/1993 16:00:00	2.54841137677e+12
5/21/1993 16:00:00	2.6275737495e+12
5/24/1993 16:00:00	2.61970762809e+12
5/25/1993 16:00:00	2.63951794539e+12
5/26/1993 16:00:00	2.46505040159e+12
5/27/1993 16:00:00	2.4980294345e+12
5/28/1993 16:00:00	2.59197290146e+12
6/1/1993 16:00:00	2.49982652629e+12
6/2/1993 16:00:00	2.49780042432e+12
6/3/1993 16:00:00	2.51142439568e+12
6/4/1993 16:00:00	2.58202672133e+12
6/7/1993 16:00:00	2.67289233455e+12
6/8/1993 16:00:00	2.75345030327e+12
6/9/1993 16:00:00	2.76578747449e+12
6/10/1993 16:00:00	2.78307231612e+12
6/11/1993 16:00:00	2.70235034867e+12
6/14/1993 16:00:00	2.61262934895e+12
6/15/1993 16:00:00	2.61741011824e+12
6/16/1993 16:00:00	2.66046061814e+12
6/17/1993 16:00:00	2.68355795228e+12
6/18/1993 16:00:00	2.81844850953e+12
6/21/1993 16:00:00	2.82188565721e+12
6/22/1993 16:00:00	2.86244442375e+12
6/23/1993 16:00:00	2.89424946056e+12
6/24/1993 16:00:00	2.82477184136e+12
6/25/1993 16:00:00	2.72173165479e+12
6/28/1993 16:00:00	2.58258290166e+12
6/29/1993 16:00:00	2.63602383363e+12
6/30/1993 16:00:00	2.63394904788e+12
7/1/1993 16:00:00	2.68685466998e+12
7/2/1993 16:00:00	2.67721434599e+12
7/6/1993 16:00:00	2.75383337571e+12
7/7/1993 16:00:00	2.82224941709e+12
7/8/1993 16:00:00	2.75639727713e+12
7/9/1993 16:00:00	2.717185072e+12
7/12/1993 16:00:00	2.70915363395e+12
7/13/1993 16:00:00	2.73021679224e+12
7/14/1993 16:00:00	2.69152271219e+12
7/15/1993 16:00:00	2.76540585957e+12
7/16/1993 16:00:00	2.98277870203e+12
7/19/1993 16:00:00	3.03532171503e+12
7/20/1993 16:00:00	2.86184698495e+12
7/21/1993 16:00:00	2.93862493359e+12
7/22/1993 16:00:00	3.04703629927e+12
7/23/1993 16:00:00	2.9209063882e+12
7/26/1993 16:00:00	2.84279062711e+12
7/27/1993 16:00:00	2.94903237156e+12
7/28/1993 16:00:00	2.82974621934e+12
7/29/1993 16:00:00	2.81857705546e+12
7/30/1993 16:00:00	2.92544636545e+12
8/2/1993 16:00:00	2.86747318254e+12
8/3/1993 16:00:00	2.84496973887e+12
8/4/1993 16:00:00	2.75314396244e+12
8/5/1993 16:00:00	2.7016808765e+12
8/6/1993 16:00:00	2.68635692172e+12
8/9/1993 16:00:00	2.70636145461e+12
8/10/1993 16:00:00	2.78927443706e+12
8/11/1993 16:00:00	2.76497462879e+12
8/12/1993 16:00:00	2.77372757764e+12
8/13/1993 16:00:00	2.75057846313e+12
8/16/1993 16:00:00	2.51963374471e+12
8/17/1993 16:00:00	2.44811748201e+12
8/18/1993 16:00:00	2.41666410868e+12
8/19/1993 16:00:00	2.5247502475e+12
8/20/1993 16:00:00	2.51341110333e+12
8/23/1993 16:00:00	2.52219302488e+12
8/24/1993 16:00:00	2.51281247561e+12
8/25/1993 16:00:00	2.57574857574e+12
8/26/1993 16:00:00	2.64583745756e+12
8/27/1993 16:00:00	2.6071085869e+12
8/30/1993 16:00:00	2.54838539456e+12
8/31/1993 16:00:00	2.48028293204e+12
9/1/1993 16:00:00	2.45126916911e+12
9/2/1993 16:00:00	2.44434694425e+12
9/3/1993 16:00:00	2.46218349168e+12
9/7/1993 16:00:00	2.60211139665e+12
9/8/1993 16:00:00	2.64227433932e+12
9/9/1993 16:00:00	2.56831105987e+12
9/10/1993 16:00:00	2.52051207615e+12
9/13/1993 16:00:00	2.58371019545e+12
9/14/1993 16:00:00	2.65637948534e+12
9/15/1993 16:00:00	2.58927288374e+12
9/16/1993 16:00:00	2.62381103137e+12
9/17/1993 16:00:00	2.61532757138e+12
9/20/1993 16:00:00	2.58936988688e+12
9/21/1993 16:00:00	2.62881271636e+12
9/22/1993 16:00:00	2.44976618284e+12
9/23/1993 16:00:00	2.39058606212e+12
9/24/1993 16:00:00	2.37303821294e+12
9/27/1993 16:00:00	2.29000888027e+12
9/28/1993 16:00:00	2.22786531884e+12
9/29/1993 16:00:00	2.21376963906e+12
9/30/1993 16:00:00	2.28671436765e+12
10/1/1993 16:00:00	2.28603799096e+12
10/4/1993 16:00:00	2.26043062753e+12
10/5/1993 16:00:00	2.31468258471e+12
10/6/1993 16:00:00	2.33121546229e+12
10/7/1993 16:00:00	2.37675409116e+12
10/8/1993 16:00:00	2.31507290431e+12
10/11/1993 16:00:00	2.32801495026e+12
10/12/1993 16:00:00	2.29397167304e+12
10/13/1993 16:00:00	2.22768858256e+12
10/14/1993 16:00:00	2.13026580916e+12
10/15/1993 16:00:00	2.12356553366e+12
10/18/1993 16:00:00	2.16667076775e+12
10/19/1993 16:00:00	2.28626928e+12
10/20/1993 16:00:00	2.26568870266e+12
10/21/1993 16:00:00	2.20597898871e+12
10/22/1993 16:00:00	2.1926188566e+12
10/25/1993 16:00:00	2.20689796229e+12
10/26/1993 16:00:00	2.25576911449e+12
10/27/1993 16:00:00	2.15723271591e+12
10/28/1993 16:00:00	2.17481584902e+12
10/29/1993 16:00:00	2.14657113992e+12
11/1/1993 16:00:00	2.08089767491e+12
11/2/1993 16:00:00	2.07719222325e+12
11/3/1993 16:00:00	2.19454651426e+12
11/4/1993 16:00:00	2.37306509956e+12
11/5/1993 16:00:00	2.25766953005e+12
11/8/1993 16:00:00	2.23717832928e+12
11/9/1993 16:00:00	2.21952383119e+12
11/10/1993 16:00:00	2.09843557878e+12
11/11/1993 16:00:00	2.07245119714e+12
11/12/1993 16:00:00	2.06521562266e+12
11/15/1993 16:00:00	2.12973104342e+12
11/16/1993 16:00:00	2.09379228159e+12
11/17/1993 16:00:00	2.21570180587e+12
11/18/1993 16:00:00	2.28649216049e+12
11/19/1993 16:00:00	2.30854053293e+12
11/22/1993 16:00:00	2.44046181313e+12
11/23/1993 16:00:00	2.28752961739e+12
11/24/1993 16:00:00	2.21982165826e+12
11/26/1993 16:00:00	2.19864413743e+12
11/29/1993 16:00:00	2.25304813926e+12
11/30/1993 16:00:00	2.1909877508e+12
12/1/1993 16:00:00	2.08681560409e+12
12/2/1993 16:00:00	2.03640090512e+12
12/3/1993 16:00:00	1.95072942324e+12
12/6/1993 16:00:00	1.99188371819e+12
12/7/1993 16:00:00	2.02286490479e+12
12/8/1993 16:00:00	2.05691791796e+12
12/9/1993 16:00:00	2.17591942024e+12
12/10/1993 16:00:00	2.18168392383e+12
12/13/1993 16:00:00	2.16871345731e+12
12/14/1993 16:00:00	2.25265469534e+12
12/15/1993 16:00:00	2.21628338866e+12
12/16/1993 16:00:00	2.19589068215e+12
12/17/1993 16:00:00	2.14808631949e+12
12/20/1993 16:00:00	2.13764886869e+12
12/21/1993 16:00:00	2.15844402873e+12
12/22/1993 16:00:00	2.16112523898e+12
12/23/1993 16:00:00	2.1300811031e+12
12/27/1993 16:00:00	2.10612510154e+12
12/28/1993 16:00:00	2.06023778196e+12
12/29/1993 16:00:00	2.05102951846e+12
12/30/1993 16:00:00	2.01533492686e+12
12/31/1993 16:00:00	2.00769338804e+12
1/3/1994 16:00:00	2.05016931497e+12
1/4/1994 16:00:00	2.00967404352e+12
1/5/1994 16:00:00	1.96705657391e+12
1/6/1994 16:00:00	1.92170464555e+12
1/7/1994 16:00:00	1.91436683054e+12
1/10/1994 16:00:00	1.85657683309e+12
1/11/1994 16:00:00	1.87178311261e+12
1/12/1994 16:00:00	1.86400937408e+12
1/13/1994 16:00:00	1.87120604993e+12
1/14/1994 16:00:00	1.82037850307e+12
1/17/1994 16:00:00	1.83385843321e+12
1/18/1994 16:00:00	1.83276742108e+12
1/19/1994 16:00:00	1.89473746149e+12
1/20/1994 16:00:00	1.82348620184e+12
1/21/1994 16:00:00	1.82342561417e+12
1/24/1994 16:00:00	1.85556605244e+12
1/25/1994 16:00:00	1.89376239579e+12
1/26/1994 16:00:00	1.88464370346e+12
1/27/1994 16:00:00	1.84738706721e+12
1/28/1994 16:00:00	1.81313818806e+12
1/31/1994 16:00:00	1.79471094906e+12
2/1/1994 16:00:00	1.84456427838e+12
2/2/1994 16:00:00	1.82438398888e+12
2/3/1994 16:00:00	1.84817689775e+12
2/4/1994 16:00:00	2.01897271205e+12
2/7/1994 16:00:00	1.98730805007e+12
2/8/1994 16:00:00	1.96076516742e+12
2/9/1994 16:00:00	1.92573461386e+12
2/10/1994 16:00:00	1.96377824501e+12
2/11/1994 16:00:00	1.95701052416e+12
2/14/1994 16:00:00	1.91001588912e+12
2/15/1994 16:00:00	1.86612687593e+12
2/16/1994 16:00:00	1.86070187586e+12
2/17/1994 16:00:00	1.88000629783e+12
2/18/1994 16:00:00	1.87324206799e+12
2/22/1994 16:00:00	1.83913407861e+12
2/23/1994 16:00:00	1.86108031626e+12
2/24/1994 16:00:00	1.94549578091e+12
2/25/1994 16:00:00	1.89334756055e+12
2/28/1994 16:00:00	1.81435261902e+12
3/1/1994 16:00:00	1.84795255758e+12
3/2/1994 16:00:00	1.86923008277e+12
3/3/1994 16:00:00	1.87022719927e+12
3/4/1994 16:00:00	1.81857550533e+12
3/7/1994 16:00:00	1.77558870536e+12
3/8/1994 16:00:00	1.81911140214e+12
3/9/1994 16:00:00	1.80523284231e+12
3/10/1994 16:00:00	1.84944770451e+12
3/11/1994 16:00:00	1.85487561407e+12
3/14/1994 16:00:00	1.80817184243e+12
3/15/1994 16:00:00	1.81031462348e+12
3/16/1994 16:00:00	1.77846123138e+12
3/17/1994 16:00:00	1.73893481964e+12
3/18/1994 16:00:00	1.75131834526e+12
3/21/1994 16:00:00	1.80915634764e+12
3/22/1994 16:00:00	1.8405296591e+12
3/23/1994 16:00:00	1.84372413814e+12
3/24/1994 16:00:00	1.93330047208e+12
3/25/1994 16:00:00	1.99257148823e+12
3/28/1994 16:00:00	2.08237397258e+12
3/29/1994 16:00:00	2.256574251e+12
3/30/1994 16:00:00	2.30625622324e+12
3/31/1994 16:00:00	2.25834730949e+12
4/4/1994 16:00:00	2.39290796555e+12
4/5/1994 16:00:00	2.12853682428e+12
4/6/1994 16:00:00	2.13861210707e+12
4/7/1994 16:00:00	2.10319220692e+12
4/8/1994 16:00:00	2.20215286096e+12
4/11/1994 16:00:00	2.2212409405e+12
4/12/1994 16:00:00	2.36790836565e+12
4/13/1994 16:00:00	2.52439568651e+12
4/14/1994 16:00:00	2.55864421736e+12
4/15/1994 16:00:00	2.54648812317e+12
4/18/1994 16:00:00	2.66943158389e+12
4/19/1994 16:00:00	2.73972422749e+12
4/20/1994 16:00:00	2.78672077666e+12
4/21/1994 16:00:00	2.51437327781e+12
4/22/1994 16:00:00	2.47336918695e+12
4/25/1994 16:00:00	2.35991655325e+12
4/26/1994 16:00:00	2.34840677008e+12
4/28/1994 16:00:00	2.40611736779e+12
4/29/1994 16:00:00	2.39190081973e+12
5/2/1994 16:00:00	2.26692282611e+12
5/3/1994 16:00:00	2.31740452235e+12
5/4/1994 16:00:00	2.31018228513e+12
5/5/1994 16:00:00	2.29858295855e+12
5/6/1994 16:00:00	2.36655939721e+12
5/9/1994 16:00:00	2.49237044494e+12
5/10/1994 16:00:00	2.45260203259e+12
5/11/1994 16:00:00	2.55003596668e+12
5/12/1994 16:00:00	2.52083536238e+12
5/13/1994 16:00:00	2.55976929135e+12
5/16/1994 16:00:00	2.65251349406e+12
5/17/1994 16:00:00	2.65394115875e+12
5/18/1994 16:00:00	2.47691479619e+12
5/19/1994 16:00:00	2.41553959387e+12
5/20/1994 16:00:00	2.44314146965e+12
5/23/1994 16:00:00	2.45416242308e+12
5/24/1994 16:00:00	2.31413545804e+12
5/25/1994 16:00:00	2.29272841073e+12
5/26/1994 16:00:00	2.33850949772e+12
5/27/1994 16:00:00	2.32107793769e+12
5/31/1994 16:00:00	2.28494479952e+12
6/1/1994 16:00:00	2.27951114954e+12
6/2/1994 16:00:00	2.2551340516e+12
6/3/1994 16:00:00	2.21881774508e+12
6/6/1994 16:00:00	2.21981374174e+12
6/7/1994 16:00:00	2.26999284328e+12
6/8/1994 16:00:00	2.43241957476e+12
6/9/1994 16:00:00	2.44766117459e+12
6/10/1994 16:00:00	2.36308529554e+12
6/13/1994 16:00:00	2.4167699417e+12
6/14/1994 16:00:00	2.31102656022e+12
6/15/1994 16:00:00	2.30512548625e+12
6/16/1994 16:00:00	2.30618860658e+12
6/17/1994 16:00:00	2.41489770248e+12
6/20/1994 16:00:00	2.49644245374e+12
6/21/1994 16:00:00	2.63741345293e+12
6/22/1994 16:00:00	2.58969750107e+12
6/23/1994 16:00:00	2.79959821361e+12
6/24/1994 16:00:00	2.8423972168e+12
6/27/1994 16:00:00	2.61630295615e+12
6/28/1994 16:00:00	2.59856240327e+12
6/29/1994 16:00:00	2.58548534076e+12
6/30/1994 16:00:00	2.63975325199e+12
7/1/1994 16:00:00	2.64713832815e+12
7/5/1994 16:00:00	2.71764567618e+12
7/6/1994 16:00:00	2.79481462514e+12
7/7/1994 16:00:00	2.66357661638e+12
7/8/1994 16:00:00	2.66347417734e+12
7/11/1994 16:00:00	2.676710283e+12
7/12/1994 16:00:00	2.62195659374e+12
7/13/1994 16:00:00	2.4531025221e+12
7/14/1994 16:00:00	2.48690501039e+12
7/15/1994 16:00:00	2.49411484685e+12
7/18/1994 16:00:00	2.47649695915e+12
7/19/1994 16:00:00	2.54782355767e+12
7/20/1994 16:00:00	2.65838216766e+12
7/21/1994 16:00:00	2.60059919974e+12
7/22/1994 16:00:00	2.54082388551e+12
7/25/1994 16:00:00	2.52049959635e+12
7/26/1994 16:00:00	2.56543425007e+12
7/27/1994 16:00:00	2.61354794523e+12
7/28/1994 16:00:00	2.60803320999e+12
7/29/1994 16:00:00	2.43638923051e+12
8/1/1994 16:00:00	2.37039991135e+12
8/2/1994 16:00:00	2.38707844983e+12
8/3/1994 16:00:00	2.43273804221e+12
8/4/1994 16:00:00	2.49197349811e+12
8/5/1994 16:00:00	2.50166214865e+12
8/8/1994 16:00:00	2.46766089619e+12
8/9/1994 16:00:00	2.43365824045e+12
8/10/1994 16:00:00	2.37072999734e+12
8/11/1994 16:00:00	2.36153331963e+12
8/12/1994 16:00:00	2.31625474313e+12
8/15/1994 16:00:00	2.31556757071e+12
8/16/1994 16:00:00	2.25347901858e+12
8/17/1994 16:00:00	2.14187337069e+12
8/18/1994 16:00:00	2.16444375704e+12
8/19/1994 16:00:00	2.19134294611e+12
8/22/1994 16:00:00	2.21527202623e+12
8/23/1994 16:00:00	2.14855282269e+12
8/24/1994 16:00:00	2.12168178417e+12
8/25/1994 16:00:00	2.07318563151e+12
8/26/1994 16:00:00	1.95117857517e+12
8/29/1994 16:00:00	1.96457244975e+12
8/30/1994 16:00:00	1.91710574265e+12
8/31/1994 16:00:00	1.9734025112e+12
9/1/1994 16:00:00	2.06837032737e+12
9/2/1994 16:00:00	2.07297339689e+12
9/6/1994 16:00:00	2.03821496959e+12
9/7/1994 16:00:00	1.98744888e+12
9/8/1994 16:00:00	1.93326544058e+12
9/9/1994 16:00:00	2.02012539561e+12
9/12/1994 16:00:00	2.07018538607e+12
9/13/1994 16:00:00	1.99199453035e+12
9/14/1994 16:00:00	1.97682383222e+12
9/15/1994 16:00:00	1.83941825362e+12
9/16/1994 16:00:00	1.87633186524e+12
9/19/1994 16:00:00	1.88584098814e+12
9/20/1994 16:00:00	1.98561844925e+12
9/21/1994 16:00:00	2.03417570729e+12
9/22/1994 16:00:00	2.03808590292e+12
9/23/1994 16:00:00	2.09154175272e+12
9/26/1994 16:00:00	2.11391720476e+12
9/27/1994 16:00:00	2.10822598455e+12
9/28/1994 16:00:00	2.06676376713e+12
9/29/1994 16:00:00	2.08007721462e+12
9/30/1994 16:00:00	2.03980864316e+12
10/3/1994 16:00:00	2.05881643317e+12
10/4/1994 16:00:00	2.21769492563e+12
10/5/1994 16:00:00	2.14484642819e+12
10/6/1994 16:00:00	2.21518705974e+12
10/7/1994 16:00:00	2.13838527548e+12
10/10/1994 16:00:00	2.04889542323e+12
10/11/1994 16:00:00	1.93390376182e+12
10/12/1994 16:00:00	1.94157268359e+12
10/13/1994 16:00:00	1.94277061441e+12
10/14/1994 16:00:00	1.95956514333e+12
10/17/1994 16:00:00	1.9896874239e+12
10/18/1994 16:00:00	1.97376683582e+12
10/19/1994 16:00:00	1.88987706346e+12
10/20/1994 16:00:00	1.90157378175e+12
10/21/1994 16:00:00	1.93784559752e+12
10/24/1994 16:00:00	1.96430003711e+12
10/25/1994 16:00:00	1.97022732187e+12
10/26/1994 16:00:00	1.89228742175e+12
10/27/1994 16:00:00	1.86845162852e+12
10/28/1994 16:00:00	1.7838036624e+12
10/31/1994 16:00:00	1.76936946534e+12
11/1/1994 16:00:00	1.80903215266e+12
11/2/1994 16:00:00	1.82549222333e+12
11/3/1994 16:00:00	1.83666580239e+12
11/4/1994 16:00:00	1.92850224506e+12
11/7/1994 16:00:00	1.94813236111e+12
11/8/1994 16:00:00	1.84353851844e+12
11/9/1994 16:00:00	1.83303671712e+12
11/10/1994 16:00:00	1.86401595495e+12
11/11/1994 16:00:00	1.88384003148e+12
11/14/1994 16:00:00	1.78219619702e+12
11/15/1994 16:00:00	1.78873910934e+12
11/16/1994 16:00:00	1.77796123598e+12
11/17/1994 16:00:00	1.80190586551e+12
11/18/1994 16:00:00	1.78428795682e+12
11/21/1994 16:00:00	1.82662817106e+12
11/22/1994 16:00:00	1.98006835669e+12
11/23/1994 16:00:00	1.99319136312e+12
11/25/1994 16:00:00	1.93476911347e+12
11/28/1994 16:00:00	1.89806329517e+12
11/29/1994 16:00:00	1.82517603792e+12
11/30/1994 16:00:00	1.88400086181e+12
12/1/1994 16:00:00	1.98550552343e+12
12/2/1994 16:00:00	1.92149681588e+12
12/5/1994 16:00:00	1.91343186708e+12
12/6/1994 16:00:00	1.95377940133e+12
12/7/1994 16:00:00	2.01754902446e+12
12/8/1994 16:00:00	2.16373892937e+12
12/9/1994 16:00:00	2.1263496545e+12
12/12/1994 16:00:00	2.12399254843e+12
12/13/1994 16:00:00	2.14782018074e+12
12/14/1994 16:00:00	2.08106050858e+12
12/15/1994 16:00:00	2.05012093074e+12
12/16/1994 16:00:00	2.07814691691e+12
12/19/1994 16:00:00	2.10505767696e+12
12/20/1994 16:00:00	2.10368349046e+12
12/21/1994 16:00:00	1.98959279843e+12
12/22/1994 16:00:00	1.96130702152e+12
12/23/1994 16:00:00	1.94298381664e+12
12/27/1994 16:00:00	1.90275629183e+12
12/28/1994 16:00:00	1.95757057063e+12
12/29/1994 16:00:00	1.87040211773e+12
12/30/1994 16:00:00	1.89993778691e+12
1/3/1995 16:00:00	1.99003870913e+12
1/4/1995 16:00:00	1.96726316196e+12
1/5/1995 16:00:00	1.9930127583e+12
1/6/1995 16:00:00	1.94102119849e+12
1/9/1995 16:00:00	1.91448534764e+12
1/10/1995 16:00:00	1.85853172061e+12
1/11/1995 16:00:00	1.86646408983e+12
1/12/1995 16:00:00	1.86496514135e+12
1/13/1995 16:00:00	1.82307658999e+12
1/16/1995 16:00:00	1.78232256753e+12
1/17/1995 16:00:00	1.74195337049e+12
1/18/1995 16:00:00	1.71354730894e+12
1/19/1995 16:00:00	1.73246662986e+12
1/20/1995 16:00:00	1.82962833136e+12
1/23/1995 16:00:00	1.80756173966e+12
1/24/1995 16:00:00	1.7865134532e+12
1/25/1995 16:00:00	1.82333986178e+12
1/26/1995 16:00:00	1.88301923357e+12
1/27/1995 16:00:00	1.87460524054e+12
1/30/1995 16:00:00	1.95231152012e+12
1/31/1995 16:00:00	1.90124156516e+12
2/1/1995 16:00:00	1.87837668903e+12
2/2/1995 16:00:00	1.82343776072e+12
2/3/1995 16:00:00	1.7586660529e+12
2/6/1995 16:00:00	1.69951326889e+12
2/7/1995 16:00:00	1.70538357478e+12
2/8/1995 16:00:00	1.64497723023e+12
2/9/1995 16:00:00	1.6375144234e+12
2/10/1995 16:00:00	1.58897183342e+12
2/13/1995 16:00:00	1.61253089041e+12
2/14/1995 16:00:00	1.60219875631e+12
2/15/1995 16:00:00	1.57365426643e+12
2/16/1995 16:00:00	1.59285020144e+12
2/17/1995 16:00:00	1.65193442939e+12
2/21/1995 16:00:00	1.66319509046e+12
2/22/1995 16:00:00	1.6131010195e+12
2/23/1995 16:00:00	1.59400605687e+12
2/24/1995 16:00:00	1.62436065885e+12
2/27/1995 16:00:00	1.66756155842e+12
2/28/1995 16:00:00	1.57780665927e+12
3/1/1995 16:00:00	1.60866246061e+12
3/2/1995 16:00:00	1.5889821648e+12
3/3/1995 16:00:00	1.53517749145e+12
3/6/1995 16:00:00	1.53063777432e+12
3/7/1995 16:00:00	1.58576565967e+12
3/8/1995 16:00:00	1.53333178967e+12
3/9/1995 16:00:00	1.53458416058e+12
3/10/1995 16:00:00	1.48600440318e+12
3/13/1995 16:00:00	1.49681543753e+12
3/14/1995 16:00:00	1.44262626606e+12
3/15/1995 16:00:00	1.47011979775e+12
3/16/1995 16:00:00	1.46039655922e+12
3/17/1995 16:00:00	1.46898712848e+12
3/20/1995 16:00:00	1.44380162977e+12
3/21/1995 16:00:00	1.44004796299e+12
3/22/1995 16:00:00	1.44133430367e+12
3/23/1995 16:00:00	1.42628771846e+12
3/24/1995 16:00:00	1.36455859706e+12
3/27/1995 16:00:00	1.35062165634e+12
3/28/1995 16:00:00	1.32154153105e+12
3/29/1995 16:00:00	1.39738018984e+12
3/30/1995 16:00:00	1.43067742426e+12
3/31/1995 16:00:00	1.44418679504e+12
4/3/1995 16:00:00	1.43256479698e+12
4/4/1995 16:00:00	1.49740224055e+12
4/5/1995 16:00:00	1.47027558534e+12
4/6/1995 16:00:00	1.51860279305e+12
4/7/1995 16:00:00	1.47759605015e+12
4/10/1995 16:00:00	1.42551136396e+12
4/11/1995 16:00:00	1.38898876657e+12
4/12/1995 16:00:00	1.35672322283e+12
4/13/1995 16:00:00	1.34061066338e+12
4/17/1995 16:00:00	1.35823230702e+12
4/18/1995 16:00:00	1.39180928532e+12
4/19/1995 16:00:00	1.45169976242e+12
4/20/1995 16:00:00	1.43399786632e+12
4/21/1995 16:00:00	1.41294588393e+12
4/24/1995 16:00:00	1.36659442298e+12
4/25/1995 16:00:00	1.3436517295e+12
4/26/1995 16:00:00	1.31040197873e+12
4/27/1995 16:00:00	1.29197488886e+12
4/28/1995 16:00:00	1.25799817931e+12
5/1/1995 16:00:00	1.28735904342e+12
5/2/1995 16:00:00	1.29406925839e+12
5/3/1995 16:00:00	1.21556524944e+12
5/4/1995 16:00:00	1.22303179722e+12
5/5/1995 16:00:00	1.25353486622e+12
5/8/1995 16:00:00	1.20285327608e+12
5/9/1995 16:00:00	1.20982739756e+12
5/10/1995 16:00:00	1.23470953972e+12
5/11/1995 16:00:00	1.18341474858e+12
5/12/1995 16:00:00	1.15767690227e+12
5/15/1995 16:00:00	1.13610677064e+12
5/16/1995 16:00:00	1.10419071088e+12
5/17/1995 16:00:00	1.0805540634e+12
5/18/1995 16:00:00	1.12522904872e+12
5/19/1995 16:00:00	1.11343208507e+12
5/22/1995 16:00:00	1.07883817878e+12
5/23/1995 16:00:00	1.02730623382e+12
5/24/1995 16:00:00	1.04430416478e+12
5/25/1995 16:00:00	1.03798756817e+12
5/26/1995 16:00:00	1.07367577692e+12
5/30/1995 16:00:00	1.16542731765e+12
5/31/1995 16:00:00	1.12284545438e+12
6/1/1995 16:00:00	1.10412332738e+12
6/2/1995 16:00:00	1.09371644882e+12
6/5/1995 16:00:00	1.04034963385e+12
6/6/1995 16:00:00	1.07673738269e+12
6/7/1995 16:00:00	1.06448625678e+12
6/8/1995 16:00:00	1.04162459078e+12
6/9/1995 16:00:00	1.04537080283e+12
6/12/1995 16:00:00	1.03829108577e+12
6/13/1995 16:00:00	1.01668071985e+12
6/14/1995 16:00:00	1.01294458472e+12
6/15/1995 16:00:00	978443754156
6/16/1995 16:00:00	947334333211
6/19/1995 16:00:00	877028531243
6/20/1995 16:00:00	833084398701
6/21/1995 16:00:00	852469173017
6/22/1995 16:00:00	802899088531
6/23/1995 16:00:00	809788013926
6/26/1995 16:00:00	846954788077
6/27/1995 16:00:00	888674276358
6/28/1995 16:00:00	875268212811
6/29/1995 16:00:00	848536235992
6/30/1995 16:00:00	840672869259
7/3/1995 16:00:00	837007080450
7/5/1995 16:00:00	817354744600
7/6/1995 16:00:00	770805379342
7/7/1995 16:00:00	714313289108
7/10/1995 16:00:00	692275426813
7/11/1995 16:00:00	727558132609
7/12/1995 16:00:00	667304020104
7/13/1995 16:00:00	655652029165
7/14/1995 16:00:00	633949505855
7/17/1995 16:00:00	611731016363
7/18/1995 16:00:00	668972287629
7/19/1995 16:00:00	778285320323
7/20/1995 16:00:00	765260490747
7/21/1995 16:00:00	776553579371
7/24/1995 16:00:00	714021714915
7/25/1995 16:00:00	676293921245
7/26/1995 16:00:00	662244378410
7/27/1995 16:00:00	637294642373
7/28/1995 16:00:00	670796360610
7/31/1995 16:00:00	689970983081
8/1/1995 16:00:00	725725952775
8/2/1995 16:00:00	756185971698
8/3/1995 16:00:00	750670210356
8/4/1995 16:00:00	720689914761
8/7/1995 16:00:00	709468949076
8/8/1995 16:00:00	702293286364
8/9/1995 16:00:00	666463301958
8/10/1995 16:00:00	686969834651
8/11/1995 16:00:00	666245074784
8/14/1995 16:00:00	635255695614
8/15/1995 16:00:00	638032287563
8/16/1995 16:00:00	598018224972
8/17/1995 16:00:00	598983426836
8/18/1995 16:00:00	601781077364
8/21/1995 16:00:00	652708154683
8/22/1995 16:00:00	618217769461
8/23/1995 16:00:00	612226034117
8/24/1995 16:00:00	638093062020
8/25/1995 16:00:00	648681267057
8/28/1995 16:00:00	696367856204
8/29/1995 16:00:00	694093466541
8/30/1995 16:00:00	672627225623
8/31/1995 16:00:00	659344494211
9/1/1995 16:00:00	672116130181
9/5/1995 16:00:00	594789018561
9/6/1995 16:00:00	599015808560
9/7/1995 16:00:00	584344704750
9/8/1995 16:00:00	569828687296
9/11/1995 16:00:00	554812913361
9/12/1995 16:00:00	565543852956
9/13/1995 16:00:00	561260462738
9/14/1995 16:00:00	571673053672
9/15/1995 16:00:00	615063483503
9/18/1995 16:00:00	608950946593
9/19/1995 16:00:00	578907024982
9/20/1995 16:00:00	573130575728
9/21/1995 16:00:00	597391940669
9/22/1995 16:00:00	604554181391
9/25/1995 16:00:00	619487078063
9/26/1995 16:00:00	642649529894
9/27/1995 16:00:00	658377424578
9/28/1995 16:00:00	593092674591
9/29/1995 16:00:00	624601699599
10/2/1995 16:00:00	661057389017
10/3/1995 16:00:00	664078324905
10/4/1995 16:00:00	713894952365
10/5/1995 16:00:00	661781319185
10/6/1995 16:00:00	680814244202
10/9/1995 16:00:00	755141810455
10/10/1995 16:00:00	739924367854
10/11/1995 16:00:00	685897735128
10/12/1995 16:00:00	654514246845
10/13/1995 16:00:00	665691722132
10/16/1995 16:00:00	671657415965
10/17/1995 16:00:00	597893616336
10/18/1995 16:00:00	572409299788
10/19/1995 16:00:00	563447696241
10/20/1995 16:00:00	590297018658
10/23/1995 16:00:00	586643716261
10/24/1995 16:00:00	584294708092
10/25/1995 16:00:00	614031164524
10/26/1995 16:00:00	620422818790
10/27/1995 16:00:00	585606115061
10/30/1995 16:00:00	545945087472
10/31/1995 16:00:00	568878323767
11/1/1995 16:00:00	563296648054
11/2/1995 16:00:00	525024861497
11/3/1995 16:00:00	507479813842
11/6/1995 16:00:00	522580434685
11/7/1995 16:00:00	572645765050
11/8/1995 16:00:00	565979134896
11/9/1995 16:00:00	514764485205
11/10/1995 16:00:00	523560896632
11/13/1995 16:00:00	537550300050
11/14/1995 16:00:00	582120663649
11/15/1995 16:00:00	577325138506
11/16/1995 16:00:00	583023394615
11/17/1995 16:00:00	592061933314
11/20/1995 16:00:00	644272118791
11/21/1995 16:00:00	636196248902
11/22/1995 16:00:00	654016341075
11/24/1995 16:00:00	622603021641
11/27/1995 16:00:00	637382421500
11/28/1995 16:00:00	557660344548
11/29/1995 16:00:00	553715898563
11/30/1995 16:00:00	570458271626
12/1/1995 16:00:00	590242805301
12/4/1995 16:00:00	557627563356
12/5/1995 16:00:00	577042265162
12/6/1995 16:00:00	581219571462
12/7/1995 16:00:00	590147789453
12/8/1995 16:00:00	553713416071
12/11/1995 16:00:00	563249418999
12/12/1995 16:00:00	595106659309
12/13/1995 16:00:00	587983511386
12/14/1995 16:00:00	652292762155
12/15/1995 16:00:00	663256834820
12/18/1995 16:00:00	717662076724
12/19/1995 16:00:00	612311815467
12/20/1995 16:00:00	644432986983
12/21/1995 16:00:00	591585372820
12/22/1995 16:00:00	578556583010
12/26/1995 16:00:00	579296764149
12/27/1995 16:00:00	593780411934
12/28/1995 16:00:00	620081951776
12/29/1995 16:00:00	606625309442
1/2/1996 16:00:00	576509275422
1/3/1996 16:00:00	617403693676
1/4/1996 16:00:00	646441038386
1/5/1996 16:00:00	641252460433
1/8/1996 16:00:00	648603366976
1/9/1996 16:00:00	748379965798
1/10/1996 16:00:00	745319382682
1/11/1996 16:00:00	662765395148
1/12/1996 16:00:00	672224843413
1/15/1996 16:00:00	739436684369
1/16/1996 16:00:00	691892048297
1/17/1996 16:00:00	694556048916
1/18/1996 16:00:00	661474118891
1/19/1996 16:00:00	625059901600
1/22/1996 16:00:00	603615408849
1/23/1996 16:00:00	616466426280
1/24/1996 16:00:00	568759466688
1/25/1996 16:00:00	598188980384
1/26/1996 16:00:00	583658304559
1/29/1996 16:00:00	586626809664
1/30/1996 16:00:00	563394493729
1/31/1996 16:00:00	541212708088
2/1/1996 16:00:00	514036335141
2/2/1996 16:00:00	515613349874
2/5/1996 16:00:00	479876654980
2/6/1996 16:00:00	471518336361
2/7/1996 16:00:00	481311163434
2/8/1996 16:00:00	461185890025
2/9/1996 16:00:00	463291009182
2/12/1996 16:00:00	458555523369
2/13/1996 16:00:00	473739214758
2/14/1996 16:00:00	476265579198
2/15/1996 16:00:00	470537029786
2/16/1996 16:00:00	473602548866
2/20/1996 16:00:00	479039566517
2/21/1996 16:00:00	455053943452
2/22/1996 16:00:00	420296869029
2/23/1996 16:00:00	422223393202
2/26/1996 16:00:00	431753475047
2/27/1996 16:00:00	445933643851
2/28/1996 16:00:00	445626161770
2/29/1996 16:00:00	464258896458
3/1/1996 16:00:00	505070000612
3/4/1996 16:00:00	513637359903
3/5/1996 16:00:00	477188765853
3/6/1996 16:00:00	496235454672
3/7/1996 16:00:00	492430447848
3/8/1996 16:00:00	536043092985
3/11/1996 16:00:00	499036706529
3/12/1996 16:00:00	515397948078
3/13/1996 16:00:00	475216476306
3/14/1996 16:00:00	485326742812
3/15/1996 16:00:00	459128542708
3/18/1996 16:00:00	433898535749
3/19/1996 16:00:00	442187673923
3/20/1996 16:00:00	472310706245
3/21/1996 16:00:00	481311406415
3/22/1996 16:00:00	478444882166
3/25/1996 16:00:00	514090024946
3/26/1996 16:00:00	503498361246
3/27/1996 16:00:00	488890848524
3/28/1996 16:00:00	489227692514
3/29/1996 16:00:00	485722481452
4/1/1996 16:00:00	478235182176
4/2/1996 16:00:00	472010152785
4/3/1996 16:00:00	466030928010
4/4/1996 16:00:00	467681913745
4/8/1996 16:00:00	484815184198
4/9/1996 16:00:00	484106598371
4/10/1996 16:00:00	489134205767
4/11/1996 16:00:00	501662869219
4/12/1996 16:00:00	499609308678
4/15/1996 16:00:00	485066912045
4/16/1996 16:00:00	450051221193
4/17/1996 16:00:00	461676762492
4/18/1996 16:00:00	433626374787
4/19/1996 16:00:00	434836480687
4/22/1996 16:00:00	411927668586
4/23/1996 16:00:00	392692605894
4/24/1996 16:00:00	375882301456
4/25/1996 16:00:00	371645945700
4/26/1996 16:00:00	371982893847
4/29/1996 16:00:00	371686515438
4/30/1996 16:00:00	372442012006
5/1/1996 16:00:00	361630602328
5/2/1996 16:00:00	388707375584
5/3/1996 16:00:00	381296658506
5/6/1996 16:00:00	378375537415
5/7/1996 16:00:00	382282276761
5/8/1996 16:00:00	377880208852
5/9/1996 16:00:00	379867580392
5/10/1996 16:00:00	362959635699
5/13/1996 16:00:00	337369523611
5/14/1996 16:00:00	327474555329
5/15/1996 16:00:00	335185782710
5/16/1996 16:00:00	328029953851
5/17/1996 16:00:00	334564566109
5/20/1996 16:00:00	331248554981
5/21/1996 16:00:00	339260105842
5/22/1996 16:00:00	338689384947
5/23/1996 16:00:00	333548317677
5/24/1996 16:00:00	338399831600
5/28/1996 16:00:00	344326188582
5/29/1996 16:00:00	356626148921
5/30/1996 16:00:00	345927092342
5/31/1996 16:00:00	333531466049
6/3/1996 16:00:00	338338874822
6/4/1996 16:00:00	333682425882
6/5/1996 16:00:00	324176278245
6/6/1996 16:00:00	341590798929
6/7/1996 16:00:00	335216611606
6/10/1996 16:00:00	339289561239
6/11/1996 16:00:00	336450004346
6/12/1996 16:00:00	327625464915
6/13/1996 16:00:00	335381677686
6/14/1996 16:00:00	351220961459
6/17/1996 16:00:00	355667879262
6/18/1996 16:00:00	375400463766
6/19/1996 16:00:00	372962812731
6/20/1996 16:00:00	378739618363
6/21/1996 16:00:00	365213769667
6/24/1996 16:00:00	357934779550
6/25/1996 16:00:00	372685257841
6/26/1996 16:00:00	386945922828
6/27/1996 16:00:00	367082396804
6/28/1996 16:00:00	357262301083
7/1/1996 16:00:00	342225458498
7/2/1996 16:00:00	352804541025
7/3/1996 16:00:00	362936471316
7/5/1996 16:00:00	389332472033
7/8/1996 16:00:00	392620245167
7/9/1996 16:00:00	384372179877
7/10/1996 16:00:00	390442158070
7/11/1996 16:00:00	429351182292
7/12/1996 16:00:00	431139232032
7/15/1996 16:00:00	488859854802
7/16/1996 16:00:00	471450600604
7/17/1996 16:00:00	432558732605
7/18/1996 16:00:00	407326218978
7/19/1996 16:00:00	427933521701
7/22/1996 16:00:00	446558651910
7/23/1996 16:00:00	502057791909
7/24/1996 16:00:00	485561020582
7/25/1996 16:00:00	449022641409
7/26/1996 16:00:00	421145561971
7/29/1996 16:00:00	447173388366
7/30/1996 16:00:00	426318227019
7/31/1996 16:00:00	415206858394
8/1/1996 16:00:00	386104098431
8/2/1996 16:00:00	356574731944
8/5/1996 16:00:00	367770574029
8/6/1996 16:00:00	350238626522
8/7/1996 16:00:00	333794524422
8/8/1996 16:00:00	341166319134
8/9/1996 16:00:00	340230242731
8/12/1996 16:00:00	338865489644
8/13/1996 16:00:00	354507054544
8/14/1996 16:00:00	341954106857
8/15/1996 16:00:00	342353906485
8/16/1996 16:00:00	349911016702
8/19/1996 16:00:00	353348628344
8/20/1996 16:00:00	365285973275
8/21/1996 16:00:00	358038839896
8/22/1996 16:00:00	335443891369
8/23/1996 16:00:00	341697337822
8/26/1996 16:00:00	348999874118
8/27/1996 16:00:00	339727057767
8/28/1996 16:00:00	339060336263
8/29/1996 16:00:00	352149351089
8/30/1996 16:00:00	364278777904
9/3/1996 16:00:00	355186258851
9/4/1996 16:00:00	355611566042
9/5/1996 16:00:00	382794888044
9/6/1996 16:00:00	362135992946
9/9/1996 16:00:00	349722518112
9/10/1996 16:00:00	350501441950
9/11/1996 16:00:00	345342328017
9/12/1996 16:00:00	329456288067
9/13/1996 16:00:00	297698969960
9/16/1996 16:00:00	296220944106
9/17/1996 16:00:00	279800498347
9/18/1996 16:00:00	274045215961
9/19/1996 16:00:00	263944400512
9/20/1996 16:00:00	256994095764
9/23/1996 16:00:00	267578089046
9/24/1996 16:00:00	264285107414
9/25/1996 16:00:00	254730523395
9/26/1996 16:00:00	256036784001
9/27/1996 16:00:00	256110606601
9/30/1996 16:00:00	263731178653
10/1/1996 16:00:00	267241417507
10/2/1996 16:00:00	253204578733
10/3/1996 16:00:00	257737244693
10/4/1996 16:00:00	241451321058
10/7/1996 16:00:00	236196775253
10/8/1996 16:00:00	247103945010
10/9/1996 16:00:00	246584924423
10/10/1996 16:00:00	249260656385
10/11/1996 16:00:00	235320153314
10/14/1996 16:00:00	229644876438
10/15/1996 16:00:00	227071870759
10/16/1996 16:00:00	233785754904
10/17/1996 16:00:00	244783125680
10/18/1996 16:00:00	243967728066
10/21/1996 16:00:00	254358533290
10/22/1996 16:00:00	264410999880
10/23/1996 16:00:00	250567362611
10/24/1996 16:00:00	252057434440
10/25/1996 16:00:00	257164777402
10/28/1996 16:00:00	259348295648
10/29/1996 16:00:00	270490840375
10/30/1996 16:00:00	264988666390
10/31/1996 16:00:00	248336991369
11/1/1996 16:00:00	245040508568
11/4/1996 16:00:00	244529085377
11/5/1996 16:00:00	231452497918
11/6/1996 16:00:00	216317587188
11/7/1996 16:00:00	209460587944
11/8/1996 16:00:00	207061314661
11/11/1996 16:00:00	202506435669
11/12/1996 16:00:00	210690662705
11/13/1996 16:00:00	207183859271
11/14/1996 16:00:00	198748920240
11/15/1996 16:00:00	206504082749
11/18/1996 16:00:00	211427334016
11/19/1996 16:00:00	201606682922
11/20/1996 16:00:00	199813531505
11/21/1996 16:00:00	205842882526
11/22/1996 16:00:00	192193625643
11/25/1996 16:00:00	190325130810
11/26/1996 16:00:00	187505375862
11/27/1996 16:00:00	182981876167
11/29/1996 16:00:00	182048240558
12/2/1996 16:00:00	175247709692
12/3/1996 16:00:00	179562510556
12/4/1996 16:00:00	181823014619
12/5/1996 16:00:00	181216166096
12/6/1996 16:00:00	186943393553
12/9/1996 16:00:00	167134188641
12/10/1996 16:00:00	171757311186
12/11/1996 16:00:00	167385800891
12/12/1996 16:00:00	175144764288
12/13/1996 16:00:00	184577308646
12/16/1996 16:00:00	200550988868
12/17/1996 16:00:00	192480190599
12/18/1996 16:00:00	177953271118
12/19/1996 16:00:00	173504400320
12/20/1996 16:00:00	179608417145
12/23/1996 16:00:00	185730759142
12/24/1996 16:00:00	178704338465
12/26/1996 16:00:00	173979295772
12/27/1996 16:00:00	178757377298
12/30/1996 16:00:00	184662242203
12/31/1996 16:00:00	188274337084
1/2/1997 16:00:00	192398073170
1/3/1997 16:00:00	169495773367
1/6/1997 16:00:00	166582415307
1/7/1997 16:00:00	160092328609
1/8/1997 16:00:00	166581895608
1/9/1997 16:00:00	164450321224
1/10/1997 16:00:00	159607847183
1/13/1997 16:00:00	160395620673
1/14/1997 16:00:00	151053981889
1/15/1997 16:00:00	159957649608
1/16/1997 16:00:00	154896590710
1/17/1997 16:00:00	149796399380
1/20/1997 16:00:00	141598471437
1/21/1997 16:00:00	135124555174
1/22/1997 16:00:00	129998225250
1/23/1997 16:00:00	135484414669
1/24/1997 16:00:00	141986365012
1/27/1997 16:00:00	146152618908
1/28/1997 16:00:00	145788866664
1/29/1997 16:00:00	145077685112
1/30/1997 16:00:00	135803940518
1/31/1997 16:00:00	131515082856
2/3/1997 16:00:00	133135315872
2/4/1997 16:00:00	133981421950
2/5/1997 16:00:00	146765622297
2/6/1997 16:00:00	147806964768
2/7/1997 16:00:00	140747277314
2/10/1997 16:00:00	153890757420
2/11/1997 16:00:00	154191362522
2/12/1997 16:00:00	139018629738
2/13/1997 16:00:00	135864995254
2/14/1997 16:00:00	139395343635
2/18/1997 16:00:00	140616456441
2/19/1997 16:00:00	140668133232
2/20/1997 16:00:00	148941354182
2/21/1997 16:00:00	157174699166
2/24/1997 16:00:00	148578078630
2/25/1997 16:00:00	147793094678
2/26/1997 16:00:00	148560393771
2/27/1997 16:00:00	164950872888
2/28/1997 16:00:00	163989493400
3/3/1997 16:00:00	160870020492
3/4/1997 16:00:00	157632998726
3/5/1997 16:00:00	152250859092
3/6/1997 16:00:00	163137045157
3/7/1997 16:00:00	169286391191
3/10/1997 16:00:00	161078635907
3/11/1997 16:00:00	164786932578
3/12/1997 16:00:00	170257375324
3/13/1997 16:00:00	169670686999
3/14/1997 16:00:00	170720542072
3/17/1997 16:00:00	174971690788
3/18/1997 16:00:00	178058081988
3/19/1997 16:00:00	188378898032
3/20/1997 16:00:00	181614807360
3/21/1997 16:00:00	187724416767
3/24/1997 16:00:00	195055950875
3/25/1997 16:00:00	191702487995
3/26/1997 16:00:00	172490339940
3/27/1997 16:00:00	182336145749
3/31/1997 16:00:00	197015700654
4/1/1997 16:00:00	197398529194
4/2/1997 16:00:00	207125352259
4/3/1997 16:00:00	190847933989
4/4/1997 16:00:00	178383193127
4/7/1997 16:00:00	172078552282
4/8/1997 16:00:00	167221975017
4/9/1997 16:00:00	174296418760
4/10/1997 16:00:00	184092861313
4/11/1997 16:00:00	200168722220
4/14/1997 16:00:00	187546215709
4/15/1997 16:00:00	193832900653
4/16/1997 16:00:00	193497834128
4/17/1997 16:00:00	186722022648
4/18/1997 16:00:00	181180057439
4/21/1997 16:00:00	190597579057
4/22/1997 16:00:00	179652528794
4/23/1997 16:00:00	166708772549
4/24/1997 16:00:00	166979646094
4/25/1997 16:00:00	178585880471
4/28/1997 16:00:00	171656526167
4/29/1997 16:00:00	155114165172
4/30/1997 16:00:00	145205885877
5/1/1997 16:00:00	141654804136
5/2/1997 16:00:00	128584426421
5/5/1997 16:00:00	118764477739
5/6/1997 16:00:00	125732459078
5/7/1997 16:00:00	128152269512
5/8/1997 16:00:00	124023829567
5/9/1997 16:00:00	124217584868
5/12/1997 16:00:00	122064641154
5/13/1997 16:00:00	127735223845
5/14/1997 16:00:00	128112265155
5/15/1997 16:00:00	118966903189
5/16/1997 16:00:00	125398102606
5/19/1997 16:00:00	126208624610
5/20/1997 16:00:00	114483788851
5/21/1997 16:00:00	111508976988
5/22/1997 16:00:00	113158951082
5/23/1997 16:00:00	108591537459
5/27/1997 16:00:00	100010074164
5/28/1997 16:00:00	100704705725
5/29/1997 16:00:00	104496076844
5/30/1997 16:00:00	108358821944
6/2/1997 16:00:00	108503961219
6/3/1997 16:00:00	118397209899
6/4/1997 16:00:00	121490908783
6/5/1997 16:00:00	118170962911
6/6/1997 16:00:00	112788115125
6/9/1997 16:00:00	109382305631
6/10/1997 16:00:00	114140762462
6/11/1997 16:00:00	111389052045
6/12/1997 16:00:00	111129482353
6/13/1997 16:00:00	106167991722
6/16/1997 16:00:00	102439353291
6/17/1997 16:00:00	98309434685.4
6/18/1997 16:00:00	103700857401
6/19/1997 16:00:00	100455479786
6/20/1997 16:00:00	100701641144
6/23/1997 16:00:00	104584885485
6/24/1997 16:00:00	99047931282.6
6/25/1997 16:00:00	101297225321
6/26/1997 16:00:00	105066928778
6/27/1997 16:00:00	106564128706
6/30/1997 16:00:00	108570216020
7/1/1997 16:00:00	109985200272
7/2/1997 16:00:00	102292808089
7/3/1997 16:00:00	99045839620
7/7/1997 16:00:00	97767371567.5
7/8/1997 16:00:00	93475489171.6
7/9/1997 16:00:00	92354994256.2
7/10/1997 16:00:00	92446272192.4
7/11/1997 16:00:00	90987221503.3
7/14/1997 16:00:00	84003927312.5
7/15/1997 16:00:00	79926394096
7/16/1997 16:00:00	69938426684.6
7/17/1997 16:00:00	71627020841.6
7/18/1997 16:00:00	76367020454.9
7/21/1997 16:00:00	79112004376.1
7/22/1997 16:00:00	71890746336.3
7/23/1997 16:00:00	71727892588.5
7/24/1997 16:00:00	72551909341.1
7/25/1997 16:00:00	73169441076.2
7/28/1997 16:00:00	75295209828.8
7/29/1997 16:00:00	72680495317.1
7/30/1997 16:00:00	70125731684.3
7/31/1997 16:00:00	69032206279.7
8/1/1997 16:00:00	68733044169.1
8/4/1997 16:00:00	65974433711
8/5/1997 16:00:00	63857170297.9
8/6/1997 16:00:00	62996922264
8/7/1997 16:00:00	64076115931.5
8/8/1997 16:00:00	67612229863.7
8/11/1997 16:00:00	70185864720.8
8/12/1997 16:00:00	72232108441.9
8/13/1997 16:00:00	70639041425.9
8/14/1997 16:00:00	69848004354.5
8/15/1997 16:00:00	75002758964.4
8/18/1997 16:00:00	72372269150.9
8/19/1997 16:00:00	66128158492.8
8/20/1997 16:00:00	61958292496.6
8/21/1997 16:00:00	66287661323.8
8/22/1997 16:00:00	67730077339.3
8/25/1997 16:00:00	68365097597.6
8/26/1997 16:00:00	71114368515.3
8/27/1997 16:00:00	71430368510.6
8/28/1997 16:00:00	75674620362.2
8/29/1997 16:00:00	74998787848.2
9/2/1997 16:00:00	69056716040.3
9/3/1997 16:00:00	69547638806.4
9/4/1997 16:00:00	68584269472
9/5/1997 16:00:00	67647441542.4
9/8/1997 16:00:00	66485445602.6
9/9/1997 16:00:00	64949992724
9/10/1997 16:00:00	69116649463.8
9/11/1997 16:00:00	68777057421.5
9/12/1997 16:00:00	68644655467.6
9/15/1997 16:00:00	73503618504.8
9/16/1997 16:00:00	66168657055.4
9/17/1997 16:00:00	67628095271.6
9/18/1997 16:00:00	67562959381.2
9/19/1997 16:00:00	65900984811.5
9/22/1997 16:00:00	65076669352.4
9/23/1997 16:00:00	63150418248.9
9/24/1997 16:00:00	66400820895.2
9/25/1997 16:00:00	68134156077.6
9/26/1997 16:00:00	68126443081.4
9/29/1997 16:00:00	65977504648.5
9/30/1997 16:00:00	69857985763.4
10/1/1997 16:00:00	68980836228.1
10/2/1997 16:00:00	67013264324.1
10/3/1997 16:00:00	64971643087.8
10/6/1997 16:00:00	64766289046.1
10/7/1997 16:00:00	62262735722.2
10/8/1997 16:00:00	61560660332.8
10/9/1997 16:00:00	61147756921.4
10/10/1997 16:00:00	62864446302
10/13/1997 16:00:00	62465376766.8
10/14/1997 16:00:00	64004604434.4
10/15/1997 16:00:00	66156022177.2
10/16/1997 16:00:00	69702175772.1
10/17/1997 16:00:00	74373219525.9
10/20/1997 16:00:00	71710029174
10/21/1997 16:00:00	67360669091.4
10/22/1997 16:00:00	69573068547.7
10/23/1997 16:00:00	74201373747.5
10/24/1997 16:00:00	77847348322.7
10/27/1997 16:00:00	95407689519.7
10/28/1997 16:00:00	75370710240.7
10/29/1997 16:00:00	79127094661.5
10/30/1997 16:00:00	85891276417
10/31/1997 16:00:00	81090596841.1
11/3/1997 16:00:00	73739628433.9
11/4/1997 16:00:00	74453098769.5
11/5/1997 16:00:00	74666220847.4
11/6/1997 16:00:00	77456487255.6
11/7/1997 16:00:00	78833706829.6
11/10/1997 16:00:00	82757392863.3
11/11/1997 16:00:00	82967444050.4
11/12/1997 16:00:00	90628656497.8
11/13/1997 16:00:00	83731722291
11/14/1997 16:00:00	78152067263.2
11/17/1997 16:00:00	73234198470.9
11/18/1997 16:00:00	76096038348.2
11/19/1997 16:00:00	75540390812.4
11/20/1997 16:00:00	70506287587
11/21/1997 16:00:00	71737524834
11/24/1997 16:00:00	77167529216.2
11/25/1997 16:00:00	75469519264.5
11/26/1997 16:00:00	74184219401.2
11/28/1997 16:00:00	72908620285.3
12/1/1997 16:00:00	66993401666.7
12/2/1997 16:00:00	72106639373.9
12/3/1997 16:00:00	70202012299.5
12/4/1997 16:00:00	72017218810
12/5/1997 16:00:00	68481397668.1
12/8/1997 16:00:00	66108198197.7
12/9/1997 16:00:00	72066288563.5
12/10/1997 16:00:00	75717244989.6
12/11/1997 16:00:00	82667340883.1
12/12/1997 16:00:00	88525520703.6
12/15/1997 16:00:00	87005960692.6
12/16/1997 16:00:00	83649465260.1
12/17/1997 16:00:00	87166150597.1
12/18/1997 16:00:00	91721509924.8
12/19/1997 16:00:00	90905094337.3
12/22/1997 16:00:00	89357803919.7
12/23/1997 16:00:00	96601381235.1
12/24/1997 16:00:00	99902898937.4
12/26/1997 16:00:00	95166413010.8
12/29/1997 16:00:00	87925834630.4
12/30/1997 16:00:00	82633351261.1
12/31/1997 16:00:00	84599843405.6
1/2/1998 16:00:00	80219657396.2
1/5/1998 16:00:00	78091813058.1
1/6/1998 16:00:00	80716672630.4
1/7/1998 16:00:00	84413604604.7
1/8/1998 16:00:00	83623138721.8
1/9/1998 16:00:00	93367368469.2
1/12/1998 16:00:00	89055287511.7
1/13/1998 16:00:00	82557692577.9
1/14/1998 16:00:00	82294831985.8
1/15/1998 16:00:00	82559219720.5
1/16/1998 16:00:00	80067379885.8
1/20/1998 16:00:00	75115943562.3
1/21/1998 16:00:00	75255196470.5
1/22/1998 16:00:00	76611813037.6
1/23/1998 16:00:00	75809893420.3
1/26/1998 16:00:00	77664877580.6
1/27/1998 16:00:00	73290676830.4
1/28/1998 16:00:00	67526601344.4
1/29/1998 16:00:00	66478121837.7
1/30/1998 16:00:00	66134920380.1
2/2/1998 16:00:00	60660300757.1
2/3/1998 16:00:00	59012122951
2/4/1998 16:00:00	56959840884.3
2/5/1998 16:00:00	58461838770.1
2/6/1998 16:00:00	55447367345.3
2/9/1998 16:00:00	57193540903.1
2/10/1998 16:00:00	54631037003.4
2/11/1998 16:00:00	54816471743.9
2/12/1998 16:00:00	53996512198.9
2/13/1998 16:00:00	55187839735.3
2/17/1998 16:00:00	56411364174.5
2/18/1998 16:00:00	54641125751.6
2/19/1998 16:00:00	52384593364.9
2/20/1998 16:00:00	52022261923.5
2/23/1998 16:00:00	48593283689.2
2/24/1998 16:00:00	50247505777.8
2/25/1998 16:00:00	46691299864
2/26/1998 16:00:00	45962503491.2
2/27/1998 16:00:00	47467493771.3
3/2/1998 16:00:00	49481190592.9
3/3/1998 16:00:00	49757952779
3/4/1998 16:00:00	49271440655.4
3/5/1998 16:00:00	55956459419.1
3/6/1998 16:00:00	50596620814.7
3/9/1998 16:00:00	55171704259.3
3/10/1998 16:00:00	52247407310
3/11/1998 16:00:00	51572525643.5
3/12/1998 16:00:00	50354474145.2
3/13/1998 16:00:00	49613341761.4
3/16/1998 16:00:00	48270116485.9
3/17/1998 16:00:00	49816172444.7
3/18/1998 16:00:00	48688698446.8
3/19/1998 16:00:00	47592164954.3
3/20/1998 16:00:00	49643650059
3/23/1998 16:00:00	48441855082.3
3/24/1998 16:00:00	46184774522.3
3/25/1998 16:00:00	44256820236.1
3/26/1998 16:00:00	43952390652.1
3/27/1998 16:00:00	44670184523.1
3/30/1998 16:00:00	45260600743.1
3/31/1998 16:00:00	43722722681.7
4/1/1998 16:00:00	42927241508.6
4/2/1998 16:00:00	42776456839.9
4/3/1998 16:00:00	42448225677.8
4/6/1998 16:00:00	45402924776.5
4/7/1998 16:00:00	48065501642.3
4/8/1998 16:00:00	47016611286.8
4/9/1998 16:00:00	46363486490.2
4/13/1998 16:00:00	45696184484.9
4/14/1998 16:00:00	44576670385.4
4/15/1998 16:00:00	42602856407.2
4/16/1998 16:00:00	43035240298.6
4/17/1998 16:00:00	42678237310.5
4/20/1998 16:00:00	40439031863.5
4/21/1998 16:00:00	38865155068.8
4/22/1998 16:00:00	36948862844.4
4/23/1998 16:00:00	39754105083
4/24/1998 16:00:00	40585948592.3
4/27/1998 16:00:00	43549452362.7
4/28/1998 16:00:00	43321198749.8
4/29/1998 16:00:00	41541814713.2
4/30/1998 16:00:00	40715782675
5/1/1998 16:00:00	40415110213.8
5/4/1998 16:00:00	40030769286.7
5/5/1998 16:00:00	40879345897.2
5/6/1998 16:00:00	41403379344.7
5/7/1998 16:00:00	43392954605
5/8/1998 16:00:00	40090412967.2
5/11/1998 16:00:00	41693414585.8
5/12/1998 16:00:00	39832881926.2
5/13/1998 16:00:00	39231595869.3
5/14/1998 16:00:00	38978624627.3
5/15/1998 16:00:00	40550530366.6
5/18/1998 16:00:00	41264388305.9
5/19/1998 16:00:00	39992975124.8
5/20/1998 16:00:00	41730535221.8
5/21/1998 16:00:00	43185694986.4
5/22/1998 16:00:00	44233399727.7
5/26/1998 16:00:00	45801682630.3
5/27/1998 16:00:00	44770015866.4
5/28/1998 16:00:00	44211238342.7
5/29/1998 16:00:00	46733239143.8
6/1/1998 16:00:00	49892653001.2
6/2/1998 16:00:00	47159639822.6
6/3/1998 16:00:00	49960272814.9
6/4/1998 16:00:00	45982770723.4
6/5/1998 16:00:00	44691028528
6/8/1998 16:00:00	44691601394.9
6/9/1998 16:00:00	42898948917
6/10/1998 16:00:00	45476665926.5
6/11/1998 16:00:00	47130103074.6
6/12/1998 16:00:00	46944592762.9
6/15/1998 16:00:00	48577359900.8
6/16/1998 16:00:00	43981900375.7
6/17/1998 16:00:00	42582084068.1
6/18/1998 16:00:00	42278020934.4
6/19/1998 16:00:00	41032296347.6
6/22/1998 16:00:00	38660409761.1
6/23/1998 16:00:00	35161996606.2
6/24/1998 16:00:00	32860785083.1
6/25/1998 16:00:00	34351781551.1
6/26/1998 16:00:00	33630034377.9
6/29/1998 16:00:00	32224962343.3
6/30/1998 16:00:00	32430383501
7/1/1998 16:00:00	31093623269.1
7/2/1998 16:00:00	32743650100.9
7/6/1998 16:00:00	32029791501.7
7/7/1998 16:00:00	31788117787.7
7/8/1998 16:00:00	29581151351.2
7/9/1998 16:00:00	29258886519.3
7/10/1998 16:00:00	28781810737.6
7/13/1998 16:00:00	26976173317
7/14/1998 16:00:00	27137598333.6
7/15/1998 16:00:00	25355171882.8
7/16/1998 16:00:00	25216676034
7/17/1998 16:00:00	24645896465.7
7/20/1998 16:00:00	24569679430
7/21/1998 16:00:00	26299434891.4
7/22/1998 16:00:00	26393052651.4
7/23/1998 16:00:00	27786364952.4
7/24/1998 16:00:00	27643205246.4
7/27/1998 16:00:00	26620428154.6
7/28/1998 16:00:00	28494887318.9
7/29/1998 16:00:00	29328044662.7
7/30/1998 16:00:00	26676838503.8
7/31/1998 16:00:00	29219924017.1
8/3/1998 16:00:00	29806096565.2
8/4/1998 16:00:00	33176242934.8
8/5/1998 16:00:00	32246971051.6
8/6/1998 16:00:00	29656996205
8/7/1998 16:00:00	29798228096.7
8/10/1998 16:00:00	29900876032.8
8/11/1998 16:00:00	32080749387.7
8/12/1998 16:00:00	30332523036.5
8/13/1998 16:00:00	31450741954
8/14/1998 16:00:00	32065421234.8
8/17/1998 16:00:00	29362892276.7
8/18/1998 16:00:00	27232852700.4
8/19/1998 16:00:00	27428792034.2
8/20/1998 16:00:00	27454810781.4
8/21/1998 16:00:00	28857295215
8/24/1998 16:00:00	29123390854.4
8/25/1998 16:00:00	28036389949.3
8/26/1998 16:00:00	28925602467.5
8/27/1998 16:00:00	32897890364.6
8/28/1998 16:00:00	36423266432.1
8/31/1998 16:00:00	47226498825.5
9/1/1998 16:00:00	37983559668.8
9/2/1998 16:00:00	37416499831.7
9/3/1998 16:00:00	38594132981.4
9/4/1998 16:00:00	38965130441.7
9/8/1998 16:00:00	31137167774.8
9/9/1998 16:00:00	32955874487.5
9/10/1998 16:00:00	35051708385.1
9/11/1998 16:00:00	30413016379.8
9/14/1998 16:00:00	29163598290.6
9/15/1998 16:00:00	28121079084.7
9/16/1998 16:00:00	27681510764.2
9/17/1998 16:00:00	30177673550.1
9/18/1998 16:00:00	29577347369.8
9/21/1998 16:00:00	27759499327.5
9/22/1998 16:00:00	27249152782.6
9/23/1998 16:00:00	23694799433.2
9/24/1998 16:00:00	25660404554.8
9/25/1998 16:00:00	23772884185.5
9/28/1998 16:00:00	24143448529.5
9/29/1998 16:00:00	24077094461.2
9/30/1998 16:00:00	26154752926.7
10/1/1998 16:00:00	30360768463
10/2/1998 16:00:00	30192006425.7
10/5/1998 16:00:00	35095659393.9
10/6/1998 16:00:00	37110830104.1
10/7/1998 16:00:00	40306965581.7
10/8/1998 16:00:00	42670822342.3
10/9/1998 16:00:00	34879148503.9
10/12/1998 16:00:00	30927827218
10/13/1998 16:00:00	33676294591.4
10/14/1998 16:00:00	31294610090
10/15/1998 16:00:00	26458327120.9
10/16/1998 16:00:00	26827890709.5
10/19/1998 16:00:00	25835391352.4
10/20/1998 16:00:00	27447340028.8
10/21/1998 16:00:00	24334180832.4
10/22/1998 16:00:00	23083815323.9
10/23/1998 16:00:00	23845900212.3
10/26/1998 16:00:00	22351855583.8
10/27/1998 16:00:00	23132019781.2
10/28/1998 16:00:00	21784307934.9
10/29/1998 16:00:00	21027382036.8
10/30/1998 16:00:00	20853431012.9
11/2/1998 16:00:00	20053882431.2
11/3/1998 16:00:00	20792220753.1
11/4/1998 16:00:00	19371062933
11/5/1998 16:00:00	19059693300.7
11/6/1998 16:00:00	18426349851.7
11/9/1998 16:00:00	18087662001
11/10/1998 16:00:00	17736366851
11/11/1998 16:00:00	17632683897.5
11/12/1998 16:00:00	18152284505.4
11/13/1998 16:00:00	18214644727.3
11/16/1998 16:00:00	17842289181.3
11/17/1998 16:00:00	17021842601.6
11/18/1998 16:00:00	16475067181.8
11/19/1998 16:00:00	15749550195.6
11/20/1998 16:00:00	15551611224.5
11/23/1998 16:00:00	14207313941.6
11/24/1998 16:00:00	14437733189.5
11/25/1998 16:00:00	13964751744.3
11/27/1998 16:00:00	13191846636.2
11/30/1998 16:00:00	14912581213.4
12/1/1998 16:00:00	12781837159.8
12/2/1998 16:00:00	13106100364
12/3/1998 16:00:00	14215378700.9
12/4/1998 16:00:00	12701408430.5
12/7/1998 16:00:00	11614297101.3
12/8/1998 16:00:00	11803633758.4
12/9/1998 16:00:00	11446244100.9
12/10/1998 16:00:00	12119254283.8
12/11/1998 16:00:00	11638566384.3
12/14/1998 16:00:00	12917208110.1
12/15/1998 16:00:00	11733974224
12/16/1998 16:00:00	11901151123
12/17/1998 16:00:00	11190650501.2
12/18/1998 16:00:00	10296846302.5
12/21/1998 16:00:00	9372818638.83
12/22/1998 16:00:00	9685651560.88
12/23/1998 16:00:00	8851707170.85
12/24/1998 16:00:00	9045827619.7
12/28/1998 16:00:00	8782616666.75
12/29/1998 16:00:00	8798360337.94
12/30/1998 16:00:00	8983214991.69
12/31/1998 16:00:00	8615882042.58
1/4/1999 16:00:00	8363540830.38
1/5/1999 16:00:00	7711387864.94
1/6/1999 16:00:00	6975182334.83
1/7/1999 16:00:00	6954191073.29
1/8/1999 16:00:00	6881477528.9
1/11/1999 16:00:00	6609345824.61
1/12/1999 16:00:00	7219685517.93
1/13/1999 16:00:00	7117011848.91
1/14/1999 16:00:00	7588697825
1/15/1999 16:00:00	6692163683.88
1/19/1999 16:00:00	6168880775.86
1/20/1999 16:00:00	6172852979.85
1/21/1999 16:00:00	6831940371.43
1/22/1999 16:00:00	6810972570.38
1/25/1999 16:00:00	6473200993.75
1/26/1999 16:00:00	5845391354.56
1/27/1999 16:00:00	6120097241.46
1/28/1999 16:00:00	5453166003.67
1/29/1999 16:00:00	5281334338.04
2/1/1999 16:00:00	5257258256.36
2/2/1999 16:00:00	5647416363.22
2/3/1999 16:00:00	5315063559.66
2/4/1999 16:00:00	6012971317.37
2/5/1999 16:00:00	6365118352.32
2/8/1999 16:00:00	5931208307.2
2/9/1999 16:00:00	6800253227.29
2/10/1999 16:00:00	6711612796.93
2/11/1999 16:00:00	5675452737.47
2/12/1999 16:00:00	6396153906.73
2/16/1999 16:00:00	6441233313.04
2/17/1999 16:00:00	7069766679.27
2/18/1999 16:00:00	6909592304.41
2/19/1999 16:00:00	6637070686.46
2/22/1999 16:00:00	5977579128.76
2/23/1999 16:00:00	5692351646.95
2/24/1999 16:00:00	6025569797.97
2/25/1999 16:00:00	6163955614.8
2/26/1999 16:00:00	6628305713.01
3/1/1999 16:00:00	6505027799.36
3/2/1999 16:00:00	7003443018.99
3/3/1999 16:00:00	6884283984.6
3/4/1999 16:00:00	6528011401.67
3/5/1999 16:00:00	6159386441.46
3/8/1999 16:00:00	5561731755.35
3/9/1999 16:00:00	5610559343.28
3/10/1999 16:00:00	5550639606.77
3/11/1999 16:00:00	5472891448.73
3/12/1999 16:00:00	5876543442.87
3/15/1999 16:00:00	5374534984.02
3/16/1999 16:00:00	5241199134.02
3/17/1999 16:00:00	5358251345.11
3/18/1999 16:00:00	5050083445.62
3/19/1999 16:00:00	5440802277.37
3/22/1999 16:00:00	5643695801.8
3/23/1999 16:00:00	6243633446
3/24/1999 16:00:00	5612471938.11
3/25/1999 16:00:00	5001337168.07
3/26/1999 16:00:00	5166069543.14
3/29/1999 16:00:00	4608100146.1
3/30/1999 16:00:00	4707895767.05
3/31/1999 16:00:00	4918459406.84
4/1/1999 16:00:00	4614703993.6
4/5/1999 16:00:00	4117050497.74
4/6/1999 16:00:00	4095452673.93
4/7/1999 16:00:00	4225870992.03
4/8/1999 16:00:00	4127912571.58
4/9/1999 16:00:00	4053885895.42
4/12/1999 16:00:00	4138295975.65
4/13/1999 16:00:00	4308982554.11
4/14/1999 16:00:00	4755077581.59
4/15/1999 16:00:00	4564163695.48
4/16/1999 16:00:00	4966806246.97
4/19/1999 16:00:00	5668917082.55
4/20/1999 16:00:00	5286236642.28
4/21/1999 16:00:00	4506989842.03
4/22/1999 16:00:00	4144317863.64
4/23/1999 16:00:00	3983398120.56
4/26/1999 16:00:00	3711179370.05
4/27/1999 16:00:00	3884347096.59
4/28/1999 16:00:00	4285690496.08
4/29/1999 16:00:00	4393220529.72
4/30/1999 16:00:00	4311502255.68
5/3/1999 16:00:00	4382306202.74
5/4/1999 16:00:00	4592817391
5/5/1999 16:00:00	4178278652.24
5/6/1999 16:00:00	4636526343.23
5/7/1999 16:00:00	4439815385.03
5/10/1999 16:00:00	4309182969.05
5/11/1999 16:00:00	4108161046.02
5/12/1999 16:00:00	3855777438.08
5/13/1999 16:00:00	4073450476.32
5/14/1999 16:00:00	4307738457.18
5/17/1999 16:00:00	4078295847.78
5/18/1999 16:00:00	4135477833.88
5/19/1999 16:00:00	3966175703.67
5/20/1999 16:00:00	4295783966.97
5/21/1999 16:00:00	4417479609.66
5/24/1999 16:00:00	4757242574.19
5/25/1999 16:00:00	5227851008.26
5/26/1999 16:00:00	4793854470.61
5/27/1999 16:00:00	4810340927.7
5/28/1999 16:00:00	4575600288.7
6/1/1999 16:00:00	4883754059.09
6/2/1999 16:00:00	4639321994.47
6/3/1999 16:00:00	4840029915.78
6/4/1999 16:00:00	4398396586.56
6/7/1999 16:00:00	4126776479.85
6/8/1999 16:00:00	4439561293.6
6/9/1999 16:00:00	4219759744.37
6/10/1999 16:00:00	4367673710.77
6/11/1999 16:00:00	4569205388.27
6/14/1999 16:00:00	4830790350.4
6/15/1999 16:00:00	4617821571.78
6/16/1999 16:00:00	3909340794.57
6/17/1999 16:00:00	3781826681.38
6/18/1999 16:00:00	3732586697.53
6/21/1999 16:00:00	3399865625.2
6/22/1999 16:00:00	3709840591.69
6/23/1999 16:00:00	3536848087.11
6/24/1999 16:00:00	3749993049.34
6/25/1999 16:00:00	3767061529.73
6/28/1999 16:00:00	3501773609.87
6/29/1999 16:00:00	3360569583.08
6/30/1999 16:00:00	3207582094.17
7/1/1999 16:00:00	3145033043.35
7/2/1999 16:00:00	3027759525.49
7/6/1999 16:00:00	3087917987.04
7/7/1999 16:00:00	3075203816.96
7/8/1999 16:00:00	2954099915.69
7/9/1999 16:00:00	2867391940.62
7/12/1999 16:00:00	2914362599.25
7/13/1999 16:00:00	2957705433.02
7/14/1999 16:00:00	2808888176.58
7/15/1999 16:00:00	2733386293.44
7/16/1999 16:00:00	2659453276.77
7/19/1999 16:00:00	2742591553.53
7/20/1999 16:00:00	3061941798.34
7/21/1999 16:00:00	3019877473.49
7/22/1999 16:00:00	3252414708.76
7/23/1999 16:00:00	3240078414.87
7/26/1999 16:00:00	3481070001.62
7/27/1999 16:00:00	3273244394.38
7/28/1999 16:00:00	3083104145.61
7/29/1999 16:00:00	3283059242.92
7/30/1999 16:00:00	3334148651.68
8/2/1999 16:00:00	3364239667.99
8/3/1999 16:00:00	3432298371.81
8/4/1999 16:00:00	3621223555.49
8/5/1999 16:00:00	3451155907.29
8/6/1999 16:00:00	3564940547.25
8/9/1999 16:00:00	3704905216.54
8/10/1999 16:00:00	3807666654.81
8/11/1999 16:00:00	3434487520.22
8/12/1999 16:00:00	3557941230.72
8/13/1999 16:00:00	3095619112.29
8/16/1999 16:00:00	3023707285.8
8/17/1999 16:00:00	2980718862.25
8/18/1999 16:00:00	3083272185.75
8/19/1999 16:00:00	3195574765.35
8/20/1999 16:00:00	3045578723.47
8/23/1999 16:00:00	2757179308.69
8/24/1999 16:00:00	2703008736.96
8/25/1999 16:00:00	2532487898.96
8/26/1999 16:00:00	2660853864.18
8/27/1999 16:00:00	2742257203.9
8/30/1999 16:00:00	2860312431.08
8/31/1999 16:00:00	2767221031.22
9/1/1999 16:00:00	2709617536.61
9/2/1999 16:00:00	2740183712.81
9/3/1999 16:00:00	2364817355.87
9/7/1999 16:00:00	2398477568.83
9/8/1999 16:00:00	2497589029.15
9/9/1999 16:00:00	2392921223.97
9/10/1999 16:00:00	2312013303.25
9/13/1999 16:00:00	2397032844.28
9/14/1999 16:00:00	2359210448.76
9/15/1999 16:00:00	2497714245.22
9/16/1999 16:00:00	2503401878.35
9/17/1999 16:00:00	2279966951.97
9/20/1999 16:00:00	2265632668.06
9/21/1999 16:00:00	2430458161.89
9/22/1999 16:00:00	2355024133.98
9/23/1999 16:00:00	2649575691.03
9/24/1999 16:00:00	2641214368.54
9/27/1999 16:00:00	2587609387.31
9/28/1999 16:00:00	2553502703.85
9/29/1999 16:00:00	2709037763.5
9/30/1999 16:00:00	2625913663.58
10/1/1999 16:00:00	2624831789.33
10/4/1999 16:00:00	2450043680.9
10/5/1999 16:00:00	2399621764.21
10/6/1999 16:00:00	2257183721.99
10/7/1999 16:00:00	2274792623.27
10/8/1999 16:00:00	2204626430.54
10/11/1999 16:00:00	2113037993.3
10/12/1999 16:00:00	2258650126.04
10/13/1999 16:00:00	2461403650.89
10/14/1999 16:00:00	2417144438.88
10/15/1999 16:00:00	2632930500.23
10/18/1999 16:00:00	2734868177.68
10/19/1999 16:00:00	2692395607.95
10/20/1999 16:00:00	2447981102.21
10/21/1999 16:00:00	2329908025.18
10/22/1999 16:00:00	2363192156.24
10/25/1999 16:00:00	2361391551.66
10/26/1999 16:00:00	2420289505.58
10/27/1999 16:00:00	2433202580.36
10/28/1999 16:00:00	2182453022.41
10/29/1999 16:00:00	1955446853.19
11/1/1999 16:00:00	1987633227.37
11/2/1999 16:00:00	1985551482.28
11/3/1999 16:00:00	1868285292.79
11/4/1999 16:00:00	1806726942.1
11/5/1999 16:00:00	1752851484.11
11/8/1999 16:00:00	1648130582.3
11/9/1999 16:00:00	1682680126.12
11/10/1999 16:00:00	1617745301.69
11/11/1999 16:00:00	1532305516.81
11/12/1999 16:00:00	1473025278.32
11/15/1999 16:00:00	1482837198.84
11/16/1999 16:00:00	1371115673.32
11/17/1999 16:00:00	1427862951.6
11/18/1999 16:00:00	1297658166.42
11/19/1999 16:00:00	1263851497
11/22/1999 16:00:00	1322711745.34
11/23/1999 16:00:00	1305503613.08
11/24/1999 16:00:00	1177614399.91
11/26/1999 16:00:00	1167161064.48
11/29/1999 16:00:00	1225855686.61
11/30/1999 16:00:00	1366738306.89
12/1/1999 16:00:00	1278961396.17
12/2/1999 16:00:00	1158245233.94
12/3/1999 16:00:00	1085219954.1
12/6/1999 16:00:00	1056504593.04
12/7/1999 16:00:00	1057330293.81
12/8/1999 16:00:00	1096643909.86
12/9/1999 16:00:00	1081875315.78
12/10/1999 16:00:00	1055843152.59
12/13/1999 16:00:00	1013628382.61
12/14/1999 16:00:00	1069254077.02
12/15/1999 16:00:00	1008353311.37
12/16/1999 16:00:00	934526403.522
12/17/1999 16:00:00	910993139.399
12/20/1999 16:00:00	876045539.092
12/21/1999 16:00:00	735466803.522
12/22/1999 16:00:00	742983070.325
12/23/1999 16:00:00	716998745.815
12/27/1999 16:00:00	730214785.232
12/28/1999 16:00:00	744459173.359
12/29/1999 16:00:00	660371563.353
12/30/1999 16:00:00	682247774.661
12/31/1999 16:00:00	685419972.293
1/3/2000 16:00:00	610007527.493
1/4/2000 16:00:00	736023469.581
1/5/2000 16:00:00	792894582.025
1/6/2000 16:00:00	956890208.827
1/7/2000 16:00:00	602614177.522
1/10/2000 16:00:00	552898407.778
1/11/2000 16:00:00	634041682.66
1/12/2000 16:00:00	676432858.577
1/13/2000 16:00:00	554661565.777
1/14/2000 16:00:00	516356558.773
1/18/2000 16:00:00	508499811.469
1/19/2000 16:00:00	474368821.552
1/20/2000 16:00:00	488639267.808
1/21/2000 16:00:00	470704050.347
1/24/2000 16:00:00	538934781.304
1/25/2000 16:00:00	515096508.737
1/26/2000 16:00:00	577816912.425
1/27/2000 16:00:00	552795226.824
1/28/2000 16:00:00	636790625.227
1/31/2000 16:00:00	555420742.879
2/1/2000 16:00:00	511182291.491
2/2/2000 16:00:00	498590817.884
2/3/2000 16:00:00	440622209.734
2/4/2000 16:00:00	431996928.284
2/7/2000 16:00:00	414433618.241
2/8/2000 16:00:00	362706464.663
2/9/2000 16:00:00	401445588.649
2/10/2000 16:00:00	362245991.116
2/11/2000 16:00:00	387788164.383
2/14/2000 16:00:00	389570435.253
2/15/2000 16:00:00	381480081.841
2/16/2000 16:00:00	387133362.107
2/17/2000 16:00:00	362771384.765
2/18/2000 16:00:00	402367386.387
2/22/2000 16:00:00	398874679.729
2/23/2000 16:00:00	332561349.623
2/24/2000 16:00:00	311306688.534
2/25/2000 16:00:00	332940043.526
2/28/2000 16:00:00	333821081.599
2/29/2000 16:00:00	307623934.647
3/1/2000 16:00:00	300317466.315
3/2/2000 16:00:00	321431610.314
3/3/2000 16:00:00	267309803.908
3/6/2000 16:00:00	261213816.999
3/7/2000 16:00:00	273243054.46
3/8/2000 16:00:00	266036289.719
3/9/2000 16:00:00	239357331.111
3/10/2000 16:00:00	242679192.664
3/13/2000 16:00:00	261959459.157
3/14/2000 16:00:00	291253630.819
3/15/2000 16:00:00	328122110.931
3/16/2000 16:00:00	272181980.994
3/17/2000 16:00:00	256923385.477
3/20/2000 16:00:00	278876855.88
3/21/2000 16:00:00	247550340.548
3/22/2000 16:00:00	232815099.195
3/23/2000 16:00:00	220766624.681
3/24/2000 16:00:00	212037735.534
3/27/2000 16:00:00	211210878.286
3/28/2000 16:00:00	227539730.06
3/29/2000 16:00:00	255994288.798
3/30/2000 16:00:00	275422465.851
3/31/2000 16:00:00	258336468.604
4/3/2000 16:00:00	305015871.417
4/4/2000 16:00:00	314171239.529
4/5/2000 16:00:00	331207947.55
4/6/2000 16:00:00	307930863.204
4/7/2000 16:00:00	271021024.41
4/10/2000 16:00:00	320825316.877
4/11/2000 16:00:00	343934791.032
4/12/2000 16:00:00	404925563.5
4/13/2000 16:00:00	458094296.121
4/14/2000 16:00:00	577579030.458
4/17/2000 16:00:00	378688070.661
4/18/2000 16:00:00	348909519.302
4/19/2000 16:00:00	381210228.457
4/20/2000 16:00:00	406390217.28
4/24/2000 16:00:00	441672677.851
4/25/2000 16:00:00	352648306.998
4/26/2000 16:00:00	389135147.496
4/27/2000 16:00:00	337701972.24
4/28/2000 16:00:00	299141444.323
5/1/2000 16:00:00	291123550.057
5/2/2000 16:00:00	341613525.222
5/3/2000 16:00:00	353286452.592
5/4/2000 16:00:00	351368482.349
5/5/2000 16:00:00	326592049.479
5/8/2000 16:00:00	365051349.435
5/9/2000 16:00:00	388733499.212
5/10/2000 16:00:00	473822898.133
5/11/2000 16:00:00	387348553.792
5/12/2000 16:00:00	387694003.099
5/15/2000 16:00:00	337372698.242
5/16/2000 16:00:00	309023538.175
5/17/2000 16:00:00	328446761.18
5/18/2000 16:00:00	364074475.668
5/19/2000 16:00:00	416167582.588
5/22/2000 16:00:00	417521268.739
5/23/2000 16:00:00	522457275.815
5/24/2000 16:00:00	424748943.305
5/25/2000 16:00:00	453207146.003
5/26/2000 16:00:00	453632337.969
5/30/2000 16:00:00	317334723.612
5/31/2000 16:00:00	344774516.407
6/1/2000 16:00:00	292229397.743
6/2/2000 16:00:00	229795323.252
6/5/2000 16:00:00	228289238.082
6/6/2000 16:00:00	247545798.608
6/7/2000 16:00:00	227944558.746
6/8/2000 16:00:00	231356730.208
6/9/2000 16:00:00	227854746.626
6/12/2000 16:00:00	249947759.199
6/13/2000 16:00:00	221265119.643
6/14/2000 16:00:00	236444092.169
6/15/2000 16:00:00	224164906.179
6/16/2000 16:00:00	220790851.851
6/19/2000 16:00:00	194647467.318
6/20/2000 16:00:00	197067399.135
6/21/2000 16:00:00	189684697.698
6/22/2000 16:00:00	210729304.455
6/23/2000 16:00:00	235820064.881
6/26/2000 16:00:00	216720084.971
6/27/2000 16:00:00	224710272.611
6/28/2000 16:00:00	216758742.709
6/29/2000 16:00:00	233296255.532
6/30/2000 16:00:00	219809216.255
7/3/2000 16:00:00	207246136.278
7/5/2000 16:00:00	231514409.004
7/6/2000 16:00:00	213245915.216
7/7/2000 16:00:00	200260941.831
7/10/2000 16:00:00	209552172.378
7/11/2000 16:00:00	206317315.557
7/12/2000 16:00:00	191850788.048
7/13/2000 16:00:00	184636288.95
7/14/2000 16:00:00	172862918.463
7/17/2000 16:00:00	167232209.901
7/18/2000 16:00:00	178484908.087
7/19/2000 16:00:00	190761902.789
7/20/2000 16:00:00	172554911.774
7/21/2000 16:00:00	190125984.63
7/24/2000 16:00:00	202068125.146
7/25/2000 16:00:00	197474013.917
7/26/2000 16:00:00	198435365.655
7/27/2000 16:00:00	221970560.822
7/28/2000 16:00:00	258420547.289
7/31/2000 16:00:00	235805682.731
8/1/2000 16:00:00	245423705.913
8/2/2000 16:00:00	258690581.367
8/3/2000 16:00:00	225362904.571
8/4/2000 16:00:00	227912265.81
8/7/2000 16:00:00	212006846.124
8/8/2000 16:00:00	199279671.475
8/9/2000 16:00:00	215348165.983
8/10/2000 16:00:00	228334638.855
8/11/2000 16:00:00	219018307.695
8/14/2000 16:00:00	205250189.839
8/15/2000 16:00:00	205450298.121
8/16/2000 16:00:00	199432821.805
8/17/2000 16:00:00	188077914.307
8/18/2000 16:00:00	191202016.033
8/21/2000 16:00:00	189878286.756
8/22/2000 16:00:00	190057034.648
8/23/2000 16:00:00	180909538.168
8/24/2000 16:00:00	172696575.769
8/25/2000 16:00:00	175655080.381
8/28/2000 16:00:00	173304917.079
8/29/2000 16:00:00	170831486.994
8/30/2000 16:00:00	171641676.322
8/31/2000 16:00:00	157487922.85
9/1/2000 16:00:00	152989601.522
9/5/2000 16:00:00	167114242.036
9/6/2000 16:00:00	184910355.194
9/7/2000 16:00:00	172808658.904
9/8/2000 16:00:00	188823581.636
9/11/2000 16:00:00	202774613.273
9/12/2000 16:00:00	212388798.757
9/13/2000 16:00:00	197772708.79
9/14/2000 16:00:00	201134244.909
9/15/2000 16:00:00	212276700.839
9/18/2000 16:00:00	222502479.247
9/19/2000 16:00:00	198109008.475
9/20/2000 16:00:00	189130129.507
9/21/2000 16:00:00	230535349.321
9/22/2000 16:00:00	189869182.266
9/25/2000 16:00:00	205182239.598
9/26/2000 16:00:00	212394839.68
9/27/2000 16:00:00	211706680.372
9/28/2000 16:00:00	197729185.798
9/29/2000 16:00:00	216141675.433
10/2/2000 16:00:00	230966540.377
10/3/2000 16:00:00	253150622.612
10/4/2000 16:00:00	238700678.709
10/5/2000 16:00:00	236839343.888
10/6/2000 16:00:00	260849973.379
10/9/2000 16:00:00	264632061.851
10/10/2000 16:00:00	306323036.355
10/11/2000 16:00:00	321281621.203
10/12/2000 16:00:00	345819730.23
10/13/2000 16:00:00	261563337.981
10/16/2000 16:00:00	254573241.817
10/17/2000 16:00:00	289740830.114
10/18/2000 16:00:00	292795001.088
10/19/2000 16:00:00	213542784.414
10/20/2000 16:00:00	204332686.957
10/23/2000 16:00:00	205416218.641
10/24/2000 16:00:00	231977976.309
10/25/2000 16:00:00	271215055.235
10/26/2000 16:00:00	250579021.507
10/27/2000 16:00:00	252288866.671
10/30/2000 16:00:00	280570689.54
10/31/2000 16:00:00	226704481.354
11/1/2000 16:00:00	232777719.45
11/2/2000 16:00:00	224379908.389
11/3/2000 16:00:00	215871256.002
11/6/2000 16:00:00	220950135.729
11/7/2000 16:00:00	223672348.67
11/8/2000 16:00:00	276357118.741
11/9/2000 16:00:00	276792890.093
11/10/2000 16:00:00	320255178.707
11/13/2000 16:00:00	319098614.958
11/14/2000 16:00:00	266325123.531
11/15/2000 16:00:00	250453295.479
11/16/2000 16:00:00	294391767.423
11/17/2000 16:00:00	295239899.022
11/20/2000 16:00:00	331627870.167
11/21/2000 16:00:00	333502189.51
11/22/2000 16:00:00	378650003.448
11/24/2000 16:00:00	314007911.266
11/27/2000 16:00:00	326010031.951
11/28/2000 16:00:00	384095680.913
11/29/2000 16:00:00	428749035.154
11/30/2000 16:00:00	428207665.912
12/1/2000 16:00:00	407909178.141
12/4/2000 16:00:00	389182362.424
12/5/2000 16:00:00	287393675.393
12/6/2000 16:00:00	320446156.235
12/7/2000 16:00:00	341957924.08
12/8/2000 16:00:00	319141974.483
12/11/2000 16:00:00	229687787.346
12/12/2000 16:00:00	255092724.689
12/13/2000 16:00:00	286540279.164
12/14/2000 16:00:00	328829024.474
12/15/2000 16:00:00	351781249.207
12/18/2000 16:00:00	350051765.702
12/19/2000 16:00:00	430376606.865
12/20/2000 16:00:00	504826387.377
12/21/2000 16:00:00	496390900.754
12/22/2000 16:00:00	378987703.925
12/26/2000 16:00:00	372307080.609
12/27/2000 16:00:00	360049846.705
12/28/2000 16:00:00	362588360.987
12/29/2000 16:00:00	417093595.513
1/2/2001 16:00:00	523338932.703
1/3/2001 16:00:00	259401560.068
1/4/2001 16:00:00	273646941.249
1/5/2001 16:00:00	336641863.141
1/8/2001 16:00:00	325787958.826
1/9/2001 16:00:00	326070174.611
1/10/2001 16:00:00	276166221.796
1/11/2001 16:00:00	252320573.643
1/12/2001 16:00:00	242801562.737
1/16/2001 16:00:00	251729647.334
1/17/2001 16:00:00	228912889.537
1/18/2001 16:00:00	200216389.253
1/19/2001 16:00:00	202644584.75
1/22/2001 16:00:00	202248836.703
1/23/2001 16:00:00	189713155.611
1/24/2001 16:00:00	195260921.66
1/25/2001 16:00:00	218342078.147
1/26/2001 16:00:00	207900089.207
1/29/2001 16:00:00	194254531.728
1/30/2001 16:00:00	196595511.394
1/31/2001 16:00:00	218406697.511
2/1/2001 16:00:00	209921272.864
2/2/2001 16:00:00	244886928.879
2/5/2001 16:00:00	245678784.262
2/6/2001 16:00:00	244674996.333
2/7/2001 16:00:00	256785190.835
2/8/2001 16:00:00	279998240.294
2/9/2001 16:00:00	314366591.126
2/12/2001 16:00:00	303244389.638
2/13/2001 16:00:00	332649693.19
2/14/2001 16:00:00	293176570.929
2/15/2001 16:00:00	278868662.782
2/16/2001 16:00:00	325932467.56
2/20/2001 16:00:00	364150794.328
2/21/2001 16:00:00	395158217.864
2/22/2001 16:00:00	406982322.929
2/23/2001 16:00:00	402994372.23
2/26/2001 16:00:00	380403648.366
2/27/2001 16:00:00	449637593.632
2/28/2001 16:00:00	492670634.765
3/1/2001 16:00:00	451018418.269
3/2/2001 16:00:00	509604268.952
3/5/2001 16:00:00	482184768.841
3/6/2001 16:00:00	426278031.434
3/7/2001 16:00:00	426088436.807
3/8/2001 16:00:00	450220357.024
3/9/2001 16:00:00	545257142.041
3/12/2001 16:00:00	647246560.769
3/13/2001 16:00:00	549067095.133
3/14/2001 16:00:00	575441121.664
3/15/2001 16:00:00	639034727.073
3/16/2001 16:00:00	682740846.32
3/19/2001 16:00:00	580859146.114
3/20/2001 16:00:00	698506484.073
3/21/2001 16:00:00	699011084.381
3/22/2001 16:00:00	572184254.849
3/23/2001 16:00:00	572587539.666
3/26/2001 16:00:00	612733025.029
3/27/2001 16:00:00	549864732.423
3/28/2001 16:00:00	685661906.752
3/29/2001 16:00:00	725032549.57
3/30/2001 16:00:00	714415295.004
4/2/2001 16:00:00	810761994.568
4/3/2001 16:00:00	989549377.158
4/4/2001 16:00:00	1042504171.17
4/5/2001 16:00:00	743822980.443
4/6/2001 16:00:00	825686817.313
4/9/2001 16:00:00	750481135.871
4/10/2001 16:00:00	583901549.555
4/11/2001 16:00:00	531499231.219
4/12/2001 16:00:00	461877607.88
4/16/2001 16:00:00	544775633.93
4/17/2001 16:00:00	504559697.66
4/18/2001 16:00:00	347103210.749
4/19/2001 16:00:00	284455243.857
4/20/2001 16:00:00	282863081.556
4/23/2001 16:00:00	340019959.743
4/24/2001 16:00:00	359434798.208
4/25/2001 16:00:00	340191875.215
4/26/2001 16:00:00	366435427.482
4/27/2001 16:00:00	336653216.538
4/30/2001 16:00:00	314506651.483
5/1/2001 16:00:00	275867703.863
5/2/2001 16:00:00	260017704.324
5/3/2001 16:00:00	294900574.643
5/4/2001 16:00:00	268617607.071
5/7/2001 16:00:00	285505784.937
5/8/2001 16:00:00	267536169.349
5/9/2001 16:00:00	295177929.782
5/10/2001 16:00:00	310204311.765
5/11/2001 16:00:00	314872199.498
5/14/2001 16:00:00	330207487.746
5/15/2001 16:00:00	323108609.917
5/16/2001 16:00:00	280351691.42
5/17/2001 16:00:00	267130629.557
5/18/2001 16:00:00	264934200.152
5/21/2001 16:00:00	215283121.427
5/22/2001 16:00:00	217299704.645
5/23/2001 16:00:00	246235670.951
5/24/2001 16:00:00	227391697.186
5/25/2001 16:00:00	239955996.722
5/29/2001 16:00:00	282264801.044
5/30/2001 16:00:00	313453211.502
5/31/2001 16:00:00	307290104.49
6/1/2001 16:00:00	280262349.624
6/4/2001 16:00:00	284435562.073
6/5/2001 16:00:00	246980030.458
6/6/2001 16:00:00	252843186.367
6/7/2001 16:00:00	233488773.461
6/8/2001 16:00:00	253036707.901
6/11/2001 16:00:00	274020047.013
6/12/2001 16:00:00	278633925.903
6/13/2001 16:00:00	301603676.236
6/14/2001 16:00:00	348485389.713
6/15/2001 16:00:00	340015633.993
6/18/2001 16:00:00	353847250.819
6/19/2001 16:00:00	359342738.565
6/20/2001 16:00:00	335052072.586
6/21/2001 16:00:00	321607606.782
6/22/2001 16:00:00	324010873.831
6/25/2001 16:00:00	321716385.56
6/26/2001 16:00:00	318543677.525
6/27/2001 16:00:00	312553235.384
6/28/2001 16:00:00	300729117.659
6/29/2001 16:00:00	273431177.015
7/2/2001 16:00:00	278074763.986
7/3/2001 16:00:00	274727909.628
7/5/2001 16:00:00	314416030.4
7/6/2001 16:00:00	353646546.96
7/9/2001 16:00:00	344653594.024
7/10/2001 16:00:00	381993096.026
7/11/2001 16:00:00	368043591.999
7/12/2001 16:00:00	298216270.669
7/13/2001 16:00:00	307603931.131
7/16/2001 16:00:00	324874640.233
7/17/2001 16:00:00	303176046.043
7/18/2001 16:00:00	337990685.082
7/19/2001 16:00:00	314063827.678
7/20/2001 16:00:00	336103639.802
7/23/2001 16:00:00	361456964.61
7/24/2001 16:00:00	373930300.56
7/25/2001 16:00:00	364352363.104
7/26/2001 16:00:00	348353291.536
7/27/2001 16:00:00	326919507.012
7/30/2001 16:00:00	332934434.295
7/31/2001 16:00:00	331672308.542
8/1/2001 16:00:00	299917095.943
8/2/2001 16:00:00	283158627.629
8/3/2001 16:00:00	297424095.431
8/6/2001 16:00:00	311627698.797
8/7/2001 16:00:00	316624452.525
8/8/2001 16:00:00	356777401.839
8/9/2001 16:00:00	352469459.991
8/10/2001 16:00:00	362787354.11
8/13/2001 16:00:00	340820439.398
8/14/2001 16:00:00	353434864.421
8/15/2001 16:00:00	392795236.769
8/16/2001 16:00:00	379134173.684
8/17/2001 16:00:00	431076138.782
8/20/2001 16:00:00	413480669.104
8/21/2001 16:00:00	465202049.328
8/22/2001 16:00:00	427386039.559
8/23/2001 16:00:00	440179173.42
8/24/2001 16:00:00	370328879.861
8/27/2001 16:00:00	369092859.868
8/28/2001 16:00:00	403879568.071
8/29/2001 16:00:00	421870879.128
8/30/2001 16:00:00	468913240.688
8/31/2001 16:00:00	451257400.75
9/4/2001 16:00:00	494355415.066
9/5/2001 16:00:00	500443241.539
9/6/2001 16:00:00	561449266.474
9/7/2001 16:00:00	571647000.603
9/10/2001 16:00:00	551562993.284
9/17/2001 16:00:00	692425234.338
9/18/2001 16:00:00	739110338.765
9/19/2001 16:00:00	777718709.584
9/20/2001 16:00:00	855779229.967
9/21/2001 16:00:00	925256297.477
9/24/2001 16:00:00	785844449.792
9/25/2001 16:00:00	779002436.095
9/26/2001 16:00:00	860353023.651
9/27/2001 16:00:00	877809094.291
9/28/2001 16:00:00	831886476.37
10/1/2001 16:00:00	853747650.046
10/2/2001 16:00:00	845971449.105
10/3/2001 16:00:00	654234603.06
10/4/2001 16:00:00	635441428.462
10/5/2001 16:00:00	607616992.258
10/8/2001 16:00:00	602060703.043
10/9/2001 16:00:00	645902423.286
10/10/2001 16:00:00	558219171.63
10/11/2001 16:00:00	445025566.753
10/12/2001 16:00:00	450929277.263
10/15/2001 16:00:00	456944814.151
10/16/2001 16:00:00	434770996.011
10/17/2001 16:00:00	528553328.655
10/18/2001 16:00:00	485718603.553
10/19/2001 16:00:00	476251720.844
10/22/2001 16:00:00	438075618.179
10/23/2001 16:00:00	431345252.978
10/24/2001 16:00:00	403457298.207
10/25/2001 16:00:00	355007847.354
10/26/2001 16:00:00	377983779.251
10/29/2001 16:00:00	440140380.532
10/30/2001 16:00:00	465884641.404
10/31/2001 16:00:00	444270332.833
11/1/2001 16:00:00	387802669.496
11/2/2001 16:00:00	379360854.572
11/5/2001 16:00:00	342393870.338
11/6/2001 16:00:00	302523251.193
11/7/2001 16:00:00	303783979.301
11/8/2001 16:00:00	313176150.451
11/9/2001 16:00:00	313746772.762
11/12/2001 16:00:00	307083986.16
11/13/2001 16:00:00	274189419.887
11/14/2001 16:00:00	268409107.009
11/15/2001 16:00:00	271731964.077
11/16/2001 16:00:00	274066508.549
11/19/2001 16:00:00	250740740.061
11/20/2001 16:00:00	285539526.599
11/21/2001 16:00:00	290039204.165
11/23/2001 16:00:00	270625101.217
11/26/2001 16:00:00	250641541.129
11/27/2001 16:00:00	251635085.079
11/28/2001 16:00:00	278924802.399
11/29/2001 16:00:00	253081226.8
11/30/2001 16:00:00	258844679.398
12/3/2001 16:00:00	272225032.146
12/4/2001 16:00:00	233307457.027
12/5/2001 16:00:00	198730288.89
12/6/2001 16:00:00	197937937.038
12/7/2001 16:00:00	214311229.209
12/10/2001 16:00:00	225605522.101
12/11/2001 16:00:00	221854232.931
12/12/2001 16:00:00	216572469.081
12/13/2001 16:00:00	244758656.276
12/14/2001 16:00:00	238347595.053
12/17/2001 16:00:00	226100356.176
12/18/2001 16:00:00	218495409.593
12/19/2001 16:00:00	230451659.537
12/20/2001 16:00:00	259851839.294
12/21/2001 16:00:00	246037237.061
12/24/2001 16:00:00	249073804.135
12/26/2001 16:00:00	242096677.516
12/27/2001 16:00:00	236292146.365
12/28/2001 16:00:00	230660545.356
12/31/2001 16:00:00	255061197.442
1/2/2002 16:00:00	231519285.596
1/3/2002 16:00:00	207493651.396
1/4/2002 16:00:00	204979368.076
1/7/2002 16:00:00	211803228.436
1/8/2002 16:00:00	207522132.978
1/9/2002 16:00:00	213264647.467
1/10/2002 16:00:00	209106031.6
1/11/2002 16:00:00	217180242.979
1/14/2002 16:00:00	231419062.765
1/15/2002 16:00:00	224862192.551
1/16/2002 16:00:00	250990623.624
1/17/2002 16:00:00	234144635.981
1/18/2002 16:00:00	252967734.077
1/22/2002 16:00:00	276422485.062
1/23/2002 16:00:00	253641312.894
1/24/2002 16:00:00	243594718.47
1/25/2002 16:00:00	245707298.487
1/28/2002 16:00:00	241580968.527
1/29/2002 16:00:00	261487468.953
1/30/2002 16:00:00	255550003.903
1/31/2002 16:00:00	250795972.432
2/1/2002 16:00:00	258074262.954
2/4/2002 16:00:00	282889538.63
2/5/2002 16:00:00	296961794.611
2/6/2002 16:00:00	303149575.893
2/7/2002 16:00:00	325149468.696
2/8/2002 16:00:00	298044890.028
2/11/2002 16:00:00	286732185.564
2/12/2002 16:00:00	293831875.144
2/13/2002 16:00:00	278845388.578
2/14/2002 16:00:00	280487406.383
2/15/2002 16:00:00	305639242.445
2/19/2002 16:00:00	333888838.146
2/20/2002 16:00:00	320379533.445
2/21/2002 16:00:00	366107269.706
2/22/2002 16:00:00	360599327.581
2/25/2002 16:00:00	316950459.622
2/26/2002 16:00:00	320544049.533
2/27/2002 16:00:00	333840074.297
2/28/2002 16:00:00	351960345.884
3/1/2002 16:00:00	290765614.587
3/4/2002 16:00:00	256405801.706
3/5/2002 16:00:00	250860156.225
3/6/2002 16:00:00	247287434.008
3/7/2002 16:00:00	245757936.945
3/8/2002 16:00:00	226432686.809
3/11/2002 16:00:00	228935993.262
3/12/2002 16:00:00	238425727.538
3/13/2002 16:00:00	255788438.283
3/14/2002 16:00:00	260392972.247
3/15/2002 16:00:00	252603958.179
3/18/2002 16:00:00	248377221.509
3/19/2002 16:00:00	249616535.713
3/20/2002 16:00:00	276110644.023
3/21/2002 16:00:00	254111823.67
3/22/2002 16:00:00	261159722.587
3/25/2002 16:00:00	285133675.022
3/26/2002 16:00:00	277249699.718
3/27/2002 16:00:00	283790105.046
3/28/2002 16:00:00	273087512.449
4/1/2002 16:00:00	257469835.34
4/2/2002 16:00:00	292409991.244
4/3/2002 16:00:00	293969080.339
4/4/2002 16:00:00	300823567.071
4/5/2002 16:00:00	311005186.746
4/8/2002 16:00:00	299391865.871
4/9/2002 16:00:00	330676266.769
4/10/2002 16:00:00	323356358.485
4/11/2002 16:00:00	347502925.609
4/12/2002 16:00:00	331145503.2
4/15/2002 16:00:00	323212491.524
4/16/2002 16:00:00	282810786.734
4/17/2002 16:00:00	287203799.825
4/18/2002 16:00:00	303741958.41
4/19/2002 16:00:00	300879367.099
4/22/2002 16:00:00	323725852.767
4/23/2002 16:00:00	340555571.553
4/24/2002 16:00:00	356407831.81
4/25/2002 16:00:00	359112729.587
4/26/2002 16:00:00	405043241.904
4/29/2002 16:00:00	401994450.759
4/30/2002 16:00:00	378438346.638
5/1/2002 16:00:00	384602644.336
5/2/2002 16:00:00	423067655.823
5/3/2002 16:00:00	455180140.557
5/6/2002 16:00:00	490624225.519
5/7/2002 16:00:00	504435279.143
5/8/2002 16:00:00	342653894.78
5/9/2002 16:00:00	369252395.012
5/10/2002 16:00:00	419074503.189
5/13/2002 16:00:00	368118618.143
5/14/2002 16:00:00	303203704.318
5/15/2002 16:00:00	296564667.186
5/16/2002 16:00:00	295266885.697
5/17/2002 16:00:00	293435033.097
5/20/2002 16:00:00	312738481.68
5/21/2002 16:00:00	338428559.374
5/22/2002 16:00:00	336224927.259
5/23/2002 16:00:00	316053231.542
5/24/2002 16:00:00	339500942.354
5/28/2002 16:00:00	344138034.462
5/29/2002 16:00:00	371428859.078
5/30/2002 16:00:00	361936434.517
5/31/2002 16:00:00	379785919.629
6/3/2002 16:00:00	420068293.045
6/4/2002 16:00:00	403624184.764
6/5/2002 16:00:00	391327620.907
6/6/2002 16:00:00	422277168.426
6/7/2002 16:00:00	447800292.982
6/10/2002 16:00:00	450261346.953
6/11/2002 16:00:00	488121308.628
6/12/2002 16:00:00	466885394.178
6/13/2002 16:00:00	476026608.736
6/14/2002 16:00:00	479214360.624
6/17/2002 16:00:00	430385814.903
6/18/2002 16:00:00	409671047.541
6/19/2002 16:00:00	480896062.026
6/20/2002 16:00:00	527426296.348
6/21/2002 16:00:00	565799369.519
6/24/2002 16:00:00	532384470.097
6/25/2002 16:00:00	585262110.279
6/26/2002 16:00:00	572276554.892
6/27/2002 16:00:00	534909571.515
6/28/2002 16:00:00	541746663.94
7/1/2002 16:00:00	619697263.658
7/2/2002 16:00:00	687145862.172
7/3/2002 16:00:00	618418304.981
7/5/2002 16:00:00	499349210.643
7/8/2002 16:00:00	554044949.275
7/9/2002 16:00:00	601303626.212
7/10/2002 16:00:00	657014634.506
7/11/2002 16:00:00	582919043.797
7/12/2002 16:00:00	583028940.969
7/15/2002 16:00:00	528844104.363
7/16/2002 16:00:00	552522264.808
7/17/2002 16:00:00	522358954.74
7/18/2002 16:00:00	578666085.213
7/19/2002 16:00:00	630722719.532
7/22/2002 16:00:00	677383187.504
7/23/2002 16:00:00	764356402.531
7/24/2002 16:00:00	639604512.085
7/25/2002 16:00:00	751023702.229
7/26/2002 16:00:00	708633264.009
7/29/2002 16:00:00	599992172.401
7/30/2002 16:00:00	563848946.25
7/31/2002 16:00:00	595967577.79
8/1/2002 16:00:00	680048208.566
8/2/2002 16:00:00	723258771.823
8/5/2002 16:00:00	802392619.635
8/6/2002 16:00:00	683536505.318
8/7/2002 16:00:00	656323498.994
8/8/2002 16:00:00	589951347.367
8/9/2002 16:00:00	608080992.507
8/12/2002 16:00:00	602727485.387
8/13/2002 16:00:00	664661394.625
8/14/2002 16:00:00	537743080.286
8/15/2002 16:00:00	504976254.155
8/16/2002 16:00:00	494572206.116
8/19/2002 16:00:00	458624421.392
8/20/2002 16:00:00	464692185.929
8/21/2002 16:00:00	433789362.918
8/22/2002 16:00:00	413151742.288
8/23/2002 16:00:00	461084066.946
8/26/2002 16:00:00	455677899.56
8/27/2002 16:00:00	503413345.135
8/28/2002 16:00:00	558669351.998
8/29/2002 16:00:00	536656282.587
8/30/2002 16:00:00	557068586.946
9/3/2002 16:00:00	617661143.118
9/4/2002 16:00:00	610415659.936
9/5/2002 16:00:00	655650127.26
9/6/2002 16:00:00	595443439.695
9/9/2002 16:00:00	577580102.409
9/10/2002 16:00:00	534899218.848
9/11/2002 16:00:00	548570889.971
9/12/2002 16:00:00	593592643.747
9/13/2002 16:00:00	579651299.292
9/16/2002 16:00:00	604733854.675
9/17/2002 16:00:00	643277611.415
9/18/2002 16:00:00	665148165.486
9/19/2002 16:00:00	697117814.541
9/20/2002 16:00:00	688527949.256
9/23/2002 16:00:00	750617938.96
9/24/2002 16:00:00	749693162.833
9/25/2002 16:00:00	660008542.224
9/26/2002 16:00:00	684588341.734
9/27/2002 16:00:00	712298081.871
9/30/2002 16:00:00	771612351.81
10/1/2002 16:00:00	631007708.744
10/2/2002 16:00:00	694001451.647
10/3/2002 16:00:00	744105597.911
10/4/2002 16:00:00	786224936.202
10/7/2002 16:00:00	808397689.338
10/8/2002 16:00:00	803739318.104
10/9/2002 16:00:00	820605717.327
10/10/2002 16:00:00	695588006.061
10/11/2002 16:00:00	582870528.457
10/14/2002 16:00:00	562521243.461
10/15/2002 16:00:00	481566966.617
10/16/2002 16:00:00	529488925.699
10/17/2002 16:00:00	475899604.975
10/18/2002 16:00:00	460226587.787
10/21/2002 16:00:00	432480360.247
10/22/2002 16:00:00	440574747.998
10/23/2002 16:00:00	415474873.969
10/24/2002 16:00:00	446973160.506
10/25/2002 16:00:00	406803912.25
10/28/2002 16:00:00	417262164.816
10/29/2002 16:00:00	446478291.464
10/30/2002 16:00:00	410726021.936
10/31/2002 16:00:00	411311943.158
11/1/2002 16:00:00	376208004.846
11/4/2002 16:00:00	347225573.856
11/5/2002 16:00:00	339242648.061
11/6/2002 16:00:00	324867009.131
11/7/2002 16:00:00	359146600.747
11/8/2002 16:00:00	379012017.227
11/11/2002 16:00:00	413521007.208
11/12/2002 16:00:00	381932313.358
11/13/2002 16:00:00	368182868.34
11/14/2002 16:00:00	330139042.23
11/15/2002 16:00:00	317280509.698
11/18/2002 16:00:00	331355107.006
11/19/2002 16:00:00	346655267.254
11/20/2002 16:00:00	302499779.572
11/21/2002 16:00:00	268937296.979
11/22/2002 16:00:00	269259123.156
11/25/2002 16:00:00	261425239.415
11/26/2002 16:00:00	287793857.173
11/27/2002 16:00:00	260378904.178
11/29/2002 16:00:00	265725688.993
12/2/2002 16:00:00	257704500.749
12/3/2002 16:00:00	280651060.066
12/4/2002 16:00:00	299275294.161
12/5/2002 16:00:00	311812353.715
12/6/2002 16:00:00	302206017.425
12/9/2002 16:00:00	345052846.15
12/10/2002 16:00:00	329493226.265
12/11/2002 16:00:00	324900166.983
12/12/2002 16:00:00	319633971.619
12/13/2002 16:00:00	350076707.422
12/16/2002 16:00:00	316150273.857
12/17/2002 16:00:00	313251533.388
12/18/2002 16:00:00	333220815.223
12/19/2002 16:00:00	345864767.272
12/20/2002 16:00:00	335140392.779
12/23/2002 16:00:00	321281835.544
12/24/2002 16:00:00	333328967.959
12/26/2002 16:00:00	336130486.081
12/27/2002 16:00:00	354515134.457
12/30/2002 16:00:00	362696444.385
12/31/2002 16:00:00	374219589.844
1/2/2003 16:00:00	326815811.504
1/3/2003 16:00:00	316038643.688
1/6/2003 16:00:00	292444533.506
1/7/2003 16:00:00	281475713.047
1/8/2003 16:00:00	305274421.924
1/9/2003 16:00:00	277023398.539
1/10/2003 16:00:00	264604722.12
1/13/2003 16:00:00	269322211.41
1/14/2003 16:00:00	265154080.83
1/15/2003 16:00:00	275173942.447
1/16/2003 16:00:00	284466656.556
1/17/2003 16:00:00	320970129.523
1/21/2003 16:00:00	331662507.773
1/22/2003 16:00:00	335676868.047
1/23/2003 16:00:00	312287678.692
1/24/2003 16:00:00	337661612.296
1/27/2003 16:00:00	349538686.198
1/28/2003 16:00:00	338891358.737
1/29/2003 16:00:00	323750683.138
1/30/2003 16:00:00	348891562.111
1/31/2003 16:00:00	351499624.066
2/3/2003 16:00:00	349385551.45
2/4/2003 16:00:00	362263307.104
2/5/2003 16:00:00	367244732.025
2/6/2003 16:00:00	361337460.58
2/7/2003 16:00:00	379287125.066
2/10/2003 16:00:00	369294631.347
2/11/2003 16:00:00	363339797.271
2/12/2003 16:00:00	378274940.137
2/13/2003 16:00:00	372603148.629
2/14/2003 16:00:00	346968511.97
2/18/2003 16:00:00	314711306.898
2/19/2003 16:00:00	321103440.589
2/20/2003 16:00:00	324981548.503
2/21/2003 16:00:00	317601231.02
2/24/2003 16:00:00	333915129.874
2/25/2003 16:00:00	332740450.792
2/26/2003 16:00:00	354945285.833
2/27/2003 16:00:00	330808468.99
2/28/2003 16:00:00	315225293.941
3/3/2003 16:00:00	334434718.882
3/4/2003 16:00:00	340575666.083
3/5/2003 16:00:00	338528059.277
3/6/2003 16:00:00	341048174.268
3/7/2003 16:00:00	338995972.484
3/10/2003 16:00:00	360998145.104
3/11/2003 16:00:00	370509147.475
3/12/2003 16:00:00	350467816.562
3/13/2003 16:00:00	290196353.486
3/14/2003 16:00:00	286834065.924
3/17/2003 16:00:00	257427701.985
3/18/2003 16:00:00	247874529.491
3/19/2003 16:00:00	254252204.05
3/20/2003 16:00:00	251423692.485
3/21/2003 16:00:00	241037146.842
3/24/2003 16:00:00	271138451.464
3/25/2003 16:00:00	259611444.729
3/26/2003 16:00:00	255218096.733
3/27/2003 16:00:00	260726218.63
3/28/2003 16:00:00	269358762.375
3/31/2003 16:00:00	295112264.488
4/1/2003 16:00:00	288135497.144
4/2/2003 16:00:00	264390326.513
4/3/2003 16:00:00	254410787.958
4/4/2003 16:00:00	266832903.616
4/7/2003 16:00:00	265634649.57
4/8/2003 16:00:00	266579945.765
4/9/2003 16:00:00	285023697.699
4/10/2003 16:00:00	274645755.498
4/11/2003 16:00:00	282989978.315
4/14/2003 16:00:00	265719645.542
4/15/2003 16:00:00	258098279.586
4/16/2003 16:00:00	259896036.868
4/17/2003 16:00:00	242085141.21
4/21/2003 16:00:00	239406847.508
4/22/2003 16:00:00	225827849.956
4/23/2003 16:00:00	220913828.409
4/24/2003 16:00:00	224536743.163
4/25/2003 16:00:00	237555547.639
4/28/2003 16:00:00	223568883.419
4/29/2003 16:00:00	217493863.465
4/30/2003 16:00:00	224109183.601
5/1/2003 16:00:00	218258364.375
5/2/2003 16:00:00	204331673.5
5/5/2003 16:00:00	205005980.046
5/6/2003 16:00:00	197193392.508
5/7/2003 16:00:00	203833702.654
5/8/2003 16:00:00	215097371.17
5/9/2003 16:00:00	200250311.897
5/12/2003 16:00:00	191180854.812
5/13/2003 16:00:00	194781853.053
5/14/2003 16:00:00	196029327.572
5/15/2003 16:00:00	189475111.298
5/16/2003 16:00:00	193821397.441
5/19/2003 16:00:00	214306615.376
5/20/2003 16:00:00	212472712.461
5/21/2003 16:00:00	214333125.657
5/22/2003 16:00:00	205069305.086
5/23/2003 16:00:00	204872555.991
5/27/2003 16:00:00	183025669.007
5/28/2003 16:00:00	181349819.059
5/29/2003 16:00:00	179135291.653
5/30/2003 16:00:00	170355756.585
6/2/2003 16:00:00	173978755.13
6/3/2003 16:00:00	169057051.648
6/4/2003 16:00:00	159564012.827
6/5/2003 16:00:00	156120618.883
6/6/2003 16:00:00	163934108.094
6/9/2003 16:00:00	170482237.896
6/10/2003 16:00:00	162759518.323
6/11/2003 16:00:00	157277541.84
6/12/2003 16:00:00	155285746.67
6/13/2003 16:00:00	165790891.35
6/16/2003 16:00:00	150538981.543
6/17/2003 16:00:00	152311007.764
6/18/2003 16:00:00	149950973.502
6/19/2003 16:00:00	157242004.738
6/20/2003 16:00:00	157879892.429
6/23/2003 16:00:00	165224606.001
6/24/2003 16:00:00	169052747.239
6/25/2003 16:00:00	171804252.543
6/26/2003 16:00:00	159597819.988
6/27/2003 16:00:00	165790998.367
6/30/2003 16:00:00	163814346.177
7/1/2003 16:00:00	157266096.051
7/2/2003 16:00:00	147640156.359
7/3/2003 16:00:00	153227897.461
7/7/2003 16:00:00	133547299.671
7/8/2003 16:00:00	128656090.729
7/9/2003 16:00:00	129621401.144
7/10/2003 16:00:00	136877068.935
7/11/2003 16:00:00	133768186.096
7/14/2003 16:00:00	128990360.196
7/15/2003 16:00:00	128522263.962
7/16/2003 16:00:00	129727127.541
7/17/2003 16:00:00	141596687.477
7/18/2003 16:00:00	140244933.98
7/21/2003 16:00:00	145636105.474
7/22/2003 16:00:00	139138697.413
7/23/2003 16:00:00	135687252.465
7/24/2003 16:00:00	141108497.878
7/25/2003 16:00:00	132702248.852
7/28/2003 16:00:00	131586678.419
7/29/2003 16:00:00	134568390.754
7/30/2003 16:00:00	137512675.029
7/31/2003 16:00:00	132534514.996
8/1/2003 16:00:00	136795669.661
8/4/2003 16:00:00	136936328.127
8/5/2003 16:00:00	153140733.634
8/6/2003 16:00:00	153453383.1
8/7/2003 16:00:00	151633890.58
8/8/2003 16:00:00	155246291.349
8/11/2003 16:00:00	150147430.932
8/12/2003 16:00:00	143342364.918
8/13/2003 16:00:00	143213840.057
8/14/2003 16:00:00	142812389.744
8/15/2003 16:00:00	139088368.119
8/18/2003 16:00:00	128389969.933
8/19/2003 16:00:00	123579118.734
8/20/2003 16:00:00	124502425.446
8/21/2003 16:00:00	120463321.974
8/22/2003 16:00:00	122686475.534
8/25/2003 16:00:00	121902407.344
8/26/2003 16:00:00	121574044.974
8/27/2003 16:00:00	118668683.378
8/28/2003 16:00:00	115530614.575
8/29/2003 16:00:00	112397205.342
9/2/2003 16:00:00	107559584.273
9/3/2003 16:00:00	107757471.663
9/4/2003 16:00:00	104804448.934
9/5/2003 16:00:00	106836816.25
9/8/2003 16:00:00	101556070.627
9/9/2003 16:00:00	105183688.613
9/10/2003 16:00:00	112780884.173
9/11/2003 16:00:00	109026731.743
9/12/2003 16:00:00	107285086.53
9/15/2003 16:00:00	110435527.105
9/16/2003 16:00:00	101440882.074
9/17/2003 16:00:00	102686656.402
9/18/2003 16:00:00	98018559.1606
9/19/2003 16:00:00	99716748.9675
9/22/2003 16:00:00	105434164.392
9/23/2003 16:00:00	99847294.2621
9/24/2003 16:00:00	111135881.314
9/25/2003 16:00:00	115461164.323
9/26/2003 16:00:00	117688864.833
9/29/2003 16:00:00	111629720.89
9/30/2003 16:00:00	118916798.278
10/1/2003 16:00:00	110894852.38
10/2/2003 16:00:00	109799670.63
10/3/2003 16:00:00	100597299.175
10/6/2003 16:00:00	98398038.1633
10/7/2003 16:00:00	96604900.931
10/8/2003 16:00:00	98452289.7113
10/9/2003 16:00:00	96229563.546
10/10/2003 16:00:00	93573752.791
10/13/2003 16:00:00	91736529.0912
10/14/2003 16:00:00	91041839.197
10/15/2003 16:00:00	92209366.7074
10/16/2003 16:00:00	90015234.9851
10/17/2003 16:00:00	96494878.4866
10/20/2003 16:00:00	92905824.8525
10/21/2003 16:00:00	91242244.2033
10/22/2003 16:00:00	96529438.4185
10/23/2003 16:00:00	99887579.103
10/24/2003 16:00:00	99632270.9006
10/27/2003 16:00:00	99552587.8505
10/28/2003 16:00:00	89520355.1564
10/29/2003 16:00:00	89830353.9856
10/30/2003 16:00:00	89303332.5148
10/31/2003 16:00:00	90900130.0952
11/3/2003 16:00:00	86411495.8341
11/4/2003 16:00:00	88157368.5242
11/5/2003 16:00:00	85780982.537
11/6/2003 16:00:00	85069555.648
11/7/2003 16:00:00	87276839.6037
11/10/2003 16:00:00	90516701.3143
11/11/2003 16:00:00	91526642.5636
11/12/2003 16:00:00	85659663.8554
11/13/2003 16:00:00	85953126.5816
11/14/2003 16:00:00	91221594.3374
11/17/2003 16:00:00	94040734.4266
11/18/2003 16:00:00	100555431.287
11/19/2003 16:00:00	97624137.3112
11/20/2003 16:00:00	100456799.267
11/21/2003 16:00:00	97350751.1687
11/24/2003 16:00:00	89252143.3671
11/25/2003 16:00:00	89259126.3273
11/26/2003 16:00:00	88048215.2968
11/28/2003 16:00:00	87755959.9597
12/1/2003 16:00:00	83893592.344
12/2/2003 16:00:00	85301564.1079
12/3/2003 16:00:00	88533372.242
12/4/2003 16:00:00	85676561.0415
12/5/2003 16:00:00	89938998.9757
12/8/2003 16:00:00	88405600.319
12/9/2003 16:00:00	94507940.9329
12/10/2003 16:00:00	93444281.663
12/11/2003 16:00:00	87448827.1087
12/12/2003 16:00:00	87901013.0435
12/15/2003 16:00:00	91350372.1342
12/16/2003 16:00:00	90805509.2011
12/17/2003 16:00:00	90343239.4098
12/18/2003 16:00:00	85303658.3717
12/19/2003 16:00:00	86029457.1288
12/22/2003 16:00:00	85235627.9847
12/23/2003 16:00:00	83300835.7836
12/24/2003 16:00:00	82790610.9769
12/26/2003 16:00:00	83142461.0012
12/29/2003 16:00:00	79043478.2849
12/30/2003 16:00:00	78267630.9117
12/31/2003 16:00:00	78915057.2826
1/2/2004 16:00:00	79570292.8332
1/5/2004 16:00:00	74783283.0764
1/6/2004 16:00:00	73275836.2623
1/7/2004 16:00:00	71278923.3351
1/8/2004 16:00:00	69581634.3819
1/9/2004 16:00:00	70960888.5073
1/12/2004 16:00:00	67580836.372
1/13/2004 16:00:00	69595658.6955
1/14/2004 16:00:00	68885759.2221
1/15/2004 16:00:00	68348794.7833
1/16/2004 16:00:00	66259213.6498
1/20/2004 16:00:00	66419023.6172
1/21/2004 16:00:00	67251218.4799
1/22/2004 16:00:00	68465507.7521
1/23/2004 16:00:00	69224347.3373
1/26/2004 16:00:00	66061472.4388
1/27/2004 16:00:00	70431985.1098
1/28/2004 16:00:00	74020394.6257
1/29/2004 16:00:00	73187939.7894
1/30/2004 16:00:00	74196067.6361
2/2/2004 16:00:00	74802212.9904
2/3/2004 16:00:00	75050290.3081
2/4/2004 16:00:00	78713873.6527
2/5/2004 16:00:00	77809932.1552
2/6/2004 16:00:00	73591268.2399
2/9/2004 16:00:00	73656414.2264
2/10/2004 16:00:00	73304708.9937
2/11/2004 16:00:00	70944303.1246
2/12/2004 16:00:00	72818776.644
2/13/2004 16:00:00	74642404.3089
2/17/2004 16:00:00	71617465.043
2/18/2004 16:00:00	70991441.6321
2/19/2004 16:00:00	74229655.5353
2/20/2004 16:00:00	74957790.3936
2/23/2004 16:00:00	77464692.6268
2/24/2004 16:00:00	78044107.1966
2/25/2004 16:00:00	76633503.6382
2/26/2004 16:00:00	76074141.0768
2/27/2004 16:00:00	76702724.036
3/1/2004 16:00:00	73688695.345
3/2/2004 16:00:00	76259889.7326
3/3/2004 16:00:00	77515060.5614
3/4/2004 16:00:00	75349865.4115
3/5/2004 16:00:00	76154887.8349
3/8/2004 16:00:00	81524568.4361
3/9/2004 16:00:00	82282605.2821
3/10/2004 16:00:00	85542283.7807
3/11/2004 16:00:00	87882425.8588
3/12/2004 16:00:00	83049858.0583
3/15/2004 16:00:00	87406875.6772
3/16/2004 16:00:00	86962346.1462
3/17/2004 16:00:00	82863335.2704
3/18/2004 16:00:00	83989943.2862
3/19/2004 16:00:00	88202896.8259
3/22/2004 16:00:00	91559931.5915
3/23/2004 16:00:00	93808435.8481
3/24/2004 16:00:00	90590073.4559
3/25/2004 16:00:00	83332941.9092
3/26/2004 16:00:00	84188091.7461
3/29/2004 16:00:00	80107059.8542
3/30/2004 16:00:00	79306979.2224
3/31/2004 16:00:00	79777273.9829
4/1/2004 16:00:00	77646767.1369
4/2/2004 16:00:00	71597291.544
4/5/2004 16:00:00	69576382.8661
4/6/2004 16:00:00	72201176.4057
4/7/2004 16:00:00	72440883.8758
4/8/2004 16:00:00	72446551.5471
4/12/2004 16:00:00	71098842.0814
4/13/2004 16:00:00	74202861.388
4/14/2004 16:00:00	73114567.4779
4/15/2004 16:00:00	77053323.716
4/16/2004 16:00:00	77442587.6495
4/19/2004 16:00:00	74615914.5448
4/20/2004 16:00:00	79830065.1636
4/21/2004 16:00:00	77755176.619
4/22/2004 16:00:00	71733092.3609
4/23/2004 16:00:00	70048211.4252
4/26/2004 16:00:00	71578347.8949
4/27/2004 16:00:00	71990613.1882
4/28/2004 16:00:00	75920648.7131
4/29/2004 16:00:00	79450149.5332
4/30/2004 16:00:00	85274844.9588
5/3/2004 16:00:00	82853612.4489
5/4/2004 16:00:00	81797626.7244
5/5/2004 16:00:00	79854346.2521
5/6/2004 16:00:00	81680887.5421
5/7/2004 16:00:00	83702233.1298
5/10/2004 16:00:00	85862657.8714
5/11/2004 16:00:00	82005208.578
5/12/2004 16:00:00	81521708.5168
5/13/2004 16:00:00	83261854.0997
5/14/2004 16:00:00	85123395.3247
5/17/2004 16:00:00	87555553.6316
5/18/2004 16:00:00	85196330.5589
5/19/2004 16:00:00	85497075.6347
5/20/2004 16:00:00	84320632.6211
5/21/2004 16:00:00	83092807.7299
5/24/2004 16:00:00	81390705.1174
5/25/2004 16:00:00	76549320.9182
5/26/2004 16:00:00	75086099.9078
5/27/2004 16:00:00	73660181.0204
5/28/2004 16:00:00	72877110.3584
6/1/2004 16:00:00	73181913.5356
6/2/2004 16:00:00	73668401.5466
6/3/2004 16:00:00	76343868.2637
6/4/2004 16:00:00	75012639.4947
6/7/2004 16:00:00	69670555.5164
6/8/2004 16:00:00	69393367.2889
6/9/2004 16:00:00	72316197.8581
6/10/2004 16:00:00	70779773.5102
6/14/2004 16:00:00	73782420.1496
6/15/2004 16:00:00	70924062.5348
6/16/2004 16:00:00	71276307.0276
6/17/2004 16:00:00	73261139.8086
6/18/2004 16:00:00	72964692.5687
6/21/2004 16:00:00	74712213.548
6/22/2004 16:00:00	71431676.4769
6/23/2004 16:00:00	68866682.0612
6/24/2004 16:00:00	69261820.2594
6/25/2004 16:00:00	67697119.2293
6/28/2004 16:00:00	69389849.4989
6/29/2004 16:00:00	67428296.7813
6/30/2004 16:00:00	65434653.5447
7/1/2004 16:00:00	69084805.4646
7/2/2004 16:00:00	70323814.7434
7/6/2004 16:00:00	74858995.0848
7/7/2004 16:00:00	74431380.4497
7/8/2004 16:00:00	76914240.676
7/9/2004 16:00:00	76599688.6727
7/12/2004 16:00:00	77572907.6229
7/13/2004 16:00:00	77908530.1595
7/14/2004 16:00:00	80284248.4596
7/15/2004 16:00:00	81115387.5564
7/16/2004 16:00:00	83900095.832
7/19/2004 16:00:00	84418003.4232
7/20/2004 16:00:00	78352469.3084
7/21/2004 16:00:00	85194886.6596
7/22/2004 16:00:00	81712929.1602
7/23/2004 16:00:00	86362049.578
7/26/2004 16:00:00	87508380.3203
7/27/2004 16:00:00	83896134.1618
7/28/2004 16:00:00	84999576.2332
7/29/2004 16:00:00	82043329.9836
7/30/2004 16:00:00	81274735.7066
8/2/2004 16:00:00	80795301.1197
8/3/2004 16:00:00	85865740.8403
8/4/2004 16:00:00	85799907.4962
8/5/2004 16:00:00	90621755.5138
8/6/2004 16:00:00	97753465.6727
8/9/2004 16:00:00	97049221.2485
8/10/2004 16:00:00	93423889.0617
8/11/2004 16:00:00	95885704.0327
8/12/2004 16:00:00	99832938.8147
8/13/2004 16:00:00	99386809.2549
8/16/2004 16:00:00	96008760.3414
8/17/2004 16:00:00	92778823.6072
8/18/2004 16:00:00	87854154.2791
8/19/2004 16:00:00	89269421.2278
8/20/2004 16:00:00	86578924.3409
8/23/2004 16:00:00	85981383.5031
8/24/2004 16:00:00	86070586.4421
8/25/2004 16:00:00	82523478.6503
8/26/2004 16:00:00	83611722.2671
8/27/2004 16:00:00	82458353.6061
8/30/2004 16:00:00	86623214.9727
8/31/2004 16:00:00	86331304.777
9/1/2004 16:00:00	84441954.132
9/2/2004 16:00:00	80685301.8195
9/3/2004 16:00:00	85151633.4816
9/7/2004 16:00:00	82995500.7735
9/8/2004 16:00:00	83948542.0181
9/9/2004 16:00:00	81832130.989
9/10/2004 16:00:00	78082916.9034
9/13/2004 16:00:00	75026976.1381
9/14/2004 16:00:00	74721155.182
9/15/2004 16:00:00	77124335.6917
9/16/2004 16:00:00	76678192.6696
9/17/2004 16:00:00	75974538.8886
9/20/2004 16:00:00	75988012.2253
9/21/2004 16:00:00	75101498.2677
9/22/2004 16:00:00	79043566.6078
9/23/2004 16:00:00	79263294.3555
9/24/2004 16:00:00	80096007.6176
9/27/2004 16:00:00	82183043.646
9/28/2004 16:00:00	81698471.7971
9/29/2004 16:00:00	78098612.2144
9/30/2004 16:00:00	77715614.9797
10/1/2004 16:00:00	71362750.4123
10/4/2004 16:00:00	70131483.5176
10/5/2004 16:00:00	69855128.5921
10/6/2004 16:00:00	68197277.5256
10/7/2004 16:00:00	70499391.1304
10/8/2004 16:00:00	74364443.2613
10/11/2004 16:00:00	73312510.4088
10/12/2004 16:00:00	73696440.0025
10/13/2004 16:00:00	74206041.8562
10/14/2004 16:00:00	75221022.0666
10/15/2004 16:00:00	74090331.24
10/18/2004 16:00:00	70923006.507
10/19/2004 16:00:00	72467115.695
10/20/2004 16:00:00	71451205.4567
10/21/2004 16:00:00	68194818.3607
10/22/2004 16:00:00	72679600.9386
10/25/2004 16:00:00	73729311.3558
10/26/2004 16:00:00	72563863.1718
10/27/2004 16:00:00	67047731.0278
10/28/2004 16:00:00	65801674.6841
10/29/2004 16:00:00	66135391.9109
11/1/2004 16:00:00	65396415.4033
11/2/2004 16:00:00	64773464.584
11/3/2004 16:00:00	63478502.0669
11/4/2004 16:00:00	62422117.7798
11/5/2004 16:00:00	60741852.6374
11/8/2004 16:00:00	60562336.0684
11/9/2004 16:00:00	60956968.0734
11/10/2004 16:00:00	61597379.6023
11/11/2004 16:00:00	59166162.0458
11/12/2004 16:00:00	57464996.9552
11/15/2004 16:00:00	56721057.527
11/16/2004 16:00:00	57785788.7553
11/17/2004 16:00:00	55463414.626
11/18/2004 16:00:00	54710462.7165
11/19/2004 16:00:00	57271448.7061
11/22/2004 16:00:00	55641471.4648
11/23/2004 16:00:00	55911044.0871
11/24/2004 16:00:00	54461663.1516
11/26/2004 16:00:00	54973059.0365
11/29/2004 16:00:00	55028299.5424
11/30/2004 16:00:00	55378284.8639
12/1/2004 16:00:00	51994330.3823
12/2/2004 16:00:00	51420323.0188
12/3/2004 16:00:00	51201330.8228
12/6/2004 16:00:00	50677810.7268
12/7/2004 16:00:00	53294577.9207
12/8/2004 16:00:00	52378075.1336
12/9/2004 16:00:00	51443558.2692
12/10/2004 16:00:00	51918771.8255
12/13/2004 16:00:00	50567191.3498
12/14/2004 16:00:00	49827732.6331
12/15/2004 16:00:00	50395791.646
12/16/2004 16:00:00	51834340.7835
12/17/2004 16:00:00	52245296.1205
12/20/2004 16:00:00	53331867.5489
12/21/2004 16:00:00	51387317.7751
12/22/2004 16:00:00	51207249.6842
12/23/2004 16:00:00	51106040.8032
12/27/2004 16:00:00	51775487.4734
12/28/2004 16:00:00	50298821.3133
12/29/2004 16:00:00	50123718.0038
12/30/2004 16:00:00	50250121.995
12/31/2004 16:00:00	50525637.1106
1/3/2005 16:00:00	52134625.1075
1/4/2005 16:00:00	54999982.1977
1/5/2005 16:00:00	56036116.0871
1/6/2005 16:00:00	56880262.7461
1/7/2005 16:00:00	56006010.3292
1/10/2005 16:00:00	56108683.3113
1/11/2005 16:00:00	57303515.0335
1/12/2005 16:00:00	55881459.6049
1/13/2005 16:00:00	58113271.7488
1/14/2005 16:00:00	56481012.5755
1/18/2005 16:00:00	55218436.8963
1/19/2005 16:00:00	57971121.013
1/20/2005 16:00:00	61321123.7808
1/21/2005 16:00:00	62815674.4529
1/24/2005 16:00:00	65477861.2735
1/25/2005 16:00:00	64528310.2571
1/26/2005 16:00:00	62226631.8638
1/27/2005 16:00:00	62496339.5653
1/28/2005 16:00:00	63425486.1118
1/31/2005 16:00:00	60971638.5627
2/1/2005 16:00:00	60402962.0183
2/2/2005 16:00:00	60130195.342
2/3/2005 16:00:00	62213111.1069
2/4/2005 16:00:00	59218414.7207
2/7/2005 16:00:00	59613532.8981
2/8/2005 16:00:00	59299792.8702
2/9/2005 16:00:00	62288236.4265
2/10/2005 16:00:00	62106466.0439
2/11/2005 16:00:00	59367553.8594
2/14/2005 16:00:00	58583287.6496
2/15/2005 16:00:00	57441722.3686
2/16/2005 16:00:00	58092500.2832
2/17/2005 16:00:00	60451002.135
2/18/2005 16:00:00	61051045.7205
2/22/2005 16:00:00	63326661.2696
2/23/2005 16:00:00	63089283.3321
2/24/2005 16:00:00	60701620.8351
2/25/2005 16:00:00	59698841.2221
2/28/2005 16:00:00	61622024.1137
3/1/2005 16:00:00	59604049.7166
3/2/2005 16:00:00	59717662.1179
3/3/2005 16:00:00	61213174.5744
3/4/2005 16:00:00	60149267.5258
3/7/2005 16:00:00	57571237.3106
3/8/2005 16:00:00	59313745.4605
3/9/2005 16:00:00	59851876.784
3/10/2005 16:00:00	60109812.7608
3/11/2005 16:00:00	61811071.5649
3/14/2005 16:00:00	60983360.3539
3/15/2005 16:00:00	62473385.1874
3/16/2005 16:00:00	64618931.5402
3/17/2005 16:00:00	64164708.5177
3/18/2005 16:00:00	65235701.2538
3/21/2005 16:00:00	64883228.4646
3/22/2005 16:00:00	67300452.952
3/23/2005 16:00:00	66597631.02
3/24/2005 16:00:00	66566217.7889
3/28/2005 16:00:00	66204799.8672
3/29/2005 16:00:00	67813049.3103
3/30/2005 16:00:00	63999518.9245
3/31/2005 16:00:00	64860747.8975
4/1/2005 16:00:00	66853313.9048
4/4/2005 16:00:00	65436917.2839
4/5/2005 16:00:00	64921280.4821
4/6/2005 16:00:00	65263830.3395
4/7/2005 16:00:00	62926755.0821
4/8/2005 16:00:00	64482253.4019
4/11/2005 16:00:00	65350240.4343
4/12/2005 16:00:00	64406205.596
4/13/2005 16:00:00	67591545.212
4/14/2005 16:00:00	70483812.4624
4/15/2005 16:00:00	75327379.2062
4/18/2005 16:00:00	75289241.0528
4/19/2005 16:00:00	73755725.4021
4/20/2005 16:00:00	75615670.1263
4/21/2005 16:00:00	69628181.5722
4/22/2005 16:00:00	72760874.1204
4/25/2005 16:00:00	70983425.7945
4/26/2005 16:00:00	72995195.1539
4/27/2005 16:00:00	72707363.185
4/28/2005 16:00:00	74909830.7156
4/29/2005 16:00:00	73451497.9241
5/2/2005 16:00:00	72598242.152
5/3/2005 16:00:00	71510212.1424
5/4/2005 16:00:00	68924929.3027
5/5/2005 16:00:00	68778458.7431
5/6/2005 16:00:00	68228385.8058
5/9/2005 16:00:00	67284944.5465
5/10/2005 16:00:00	68767995.7997
5/11/2005 16:00:00	67756852.2014
5/12/2005 16:00:00	68349234.0525
5/13/2005 16:00:00	66145596.668
5/16/2005 16:00:00	64858230.7491
5/17/2005 16:00:00	63710325.0231
5/18/2005 16:00:00	61131490.7648
5/19/2005 16:00:00	59627535.3595
5/20/2005 16:00:00	58935905.8942
5/23/2005 16:00:00	58067221.2048
5/24/2005 16:00:00	57537620.675
5/25/2005 16:00:00	58287766.308
5/26/2005 16:00:00	56553466.6715
5/27/2005 16:00:00	56487027.2414
5/31/2005 16:00:00	57086659.978
6/1/2005 16:00:00	55715317.834
6/2/2005 16:00:00	54561768.7004
6/3/2005 16:00:00	56954187.1532
6/6/2005 16:00:00	56931801.333
6/7/2005 16:00:00	58388110.6277
6/8/2005 16:00:00	58781589.2418
6/9/2005 16:00:00	57682557.2865
6/10/2005 16:00:00	59529366.7165
6/13/2005 16:00:00	58697238.3025
6/14/2005 16:00:00	59420435.1601
6/15/2005 16:00:00	58875118.3873
6/16/2005 16:00:00	57961372.563
6/17/2005 16:00:00	57961290.2404
6/20/2005 16:00:00	57984261.6154
6/21/2005 16:00:00	58098605.6517
6/22/2005 16:00:00	58305001.8185
6/23/2005 16:00:00	60271575.0495
6/24/2005 16:00:00	62326986.6981
6/27/2005 16:00:00	63213145.7961
6/28/2005 16:00:00	61436174.0145
6/29/2005 16:00:00	61859327.2948
6/30/2005 16:00:00	63338872.0401
7/1/2005 16:00:00	63625924.8077
7/5/2005 16:00:00	61679015.2942
7/6/2005 16:00:00	62600827.6467
7/7/2005 16:00:00	61966106.9453
7/8/2005 16:00:00	58431352.5272
7/11/2005 16:00:00	56832229.777
7/12/2005 16:00:00	56051621.0949
7/13/2005 16:00:00	55681044.1304
7/14/2005 16:00:00	54052492.7824
7/15/2005 16:00:00	53574595.1067
7/18/2005 16:00:00	54258630.257
7/19/2005 16:00:00	52389923.269
7/20/2005 16:00:00	51289431.7821
7/21/2005 16:00:00	51272862.1983
7/22/2005 16:00:00	51490108.769
7/25/2005 16:00:00	52100540.0091
7/26/2005 16:00:00	51526144.4431
7/27/2005 16:00:00	50372261.7193
7/28/2005 16:00:00	49671473.497
7/29/2005 16:00:00	50925628.4099
8/1/2005 16:00:00	50678028.2195
8/2/2005 16:00:00	49050778.3474
8/3/2005 16:00:00	49146395.2384
8/4/2005 16:00:00	50604658.2907
8/5/2005 16:00:00	51355692.3735
8/8/2005 16:00:00	52511675.506
8/9/2005 16:00:00	51491300.2554
8/10/2005 16:00:00	52846940.5692
8/11/2005 16:00:00	51574905.2511
8/12/2005 16:00:00	52462994.4838
8/15/2005 16:00:00	51525533.3682
8/16/2005 16:00:00	54057341.3136
8/17/2005 16:00:00	53122563.5329
8/18/2005 16:00:00	53964153.3574
8/19/2005 16:00:00	54073457.0217
8/22/2005 16:00:00	54015652.4899
8/23/2005 16:00:00	54500159.8477
8/24/2005 16:00:00	55496942.6028
8/25/2005 16:00:00	55134568.2777
8/26/2005 16:00:00	55718291.7191
8/29/2005 16:00:00	54441219.1254
8/30/2005 16:00:00	55057151.6988
8/31/2005 16:00:00	53544810.5958
9/1/2005 16:00:00	53818080.3733
9/2/2005 16:00:00	54465846.8254
9/6/2005 16:00:00	52089860.0253
9/7/2005 16:00:00	51836501.3276
9/8/2005 16:00:00	51900375.6632
9/9/2005 16:00:00	51055532.9609
9/12/2005 16:00:00	50654537.0581
9/13/2005 16:00:00	51060647.518
9/14/2005 16:00:00	52824658.7843
9/15/2005 16:00:00	52932062.2295
9/16/2005 16:00:00	51984917.3019
9/19/2005 16:00:00	53237692.6688
9/20/2005 16:00:00	53918185.563
9/21/2005 16:00:00	55732229.7051
9/22/2005 16:00:00	55153082.7525
9/23/2005 16:00:00	54710584.3704
9/26/2005 16:00:00	54697062.9165
9/27/2005 16:00:00	55106050.8259
9/28/2005 16:00:00	55091784.1999
9/29/2005 16:00:00	52898913.3831
9/30/2005 16:00:00	51874971.2268
10/3/2005 16:00:00	51508329.2408
10/4/2005 16:00:00	52550346.3499
10/5/2005 16:00:00	54743614.5467
10/6/2005 16:00:00	56932798.0634
10/7/2005 16:00:00	56560016.8151
10/10/2005 16:00:00	57518467.4013
10/11/2005 16:00:00	58407563.1376
10/12/2005 16:00:00	60512280.0566
10/13/2005 16:00:00	59139186.6729
10/14/2005 16:00:00	57854892.0697
10/17/2005 16:00:00	57338037.7392
10/18/2005 16:00:00	58583637.2165
10/19/2005 16:00:00	55089996.0132
10/20/2005 16:00:00	56657161.7413
10/21/2005 16:00:00	55621574.4186
10/24/2005 16:00:00	53009893.4794
10/25/2005 16:00:00	53646294.0507
10/26/2005 16:00:00	54498940.4774
10/27/2005 16:00:00	57813828.6498
10/28/2005 16:00:00	56522422.9124
10/31/2005 16:00:00	54120108.6286
11/1/2005 16:00:00	54275326.4048
11/2/2005 16:00:00	52167349.5927
11/3/2005 16:00:00	49849798.6122
11/4/2005 16:00:00	49353169.0848
11/7/2005 16:00:00	49195887.8384
11/8/2005 16:00:00	49185999.7239
11/9/2005 16:00:00	49139764.2013
11/10/2005 16:00:00	47551860.9717
11/11/2005 16:00:00	47191528.2095
11/14/2005 16:00:00	47217925.3002
11/15/2005 16:00:00	47904987.1683
11/16/2005 16:00:00	47044574.6402
11/17/2005 16:00:00	45201229.6603
11/18/2005 16:00:00	44766647.6009
11/21/2005 16:00:00	44467713.7959
11/22/2005 16:00:00	44010690.423
11/23/2005 16:00:00	43718630.0749
11/25/2005 16:00:00	43460622.0265
11/28/2005 16:00:00	44574130.4303
11/29/2005 16:00:00	45242672.9552
11/30/2005 16:00:00	45596241.4088
12/1/2005 16:00:00	43067746.3607
12/2/2005 16:00:00	42784036.4468
12/5/2005 16:00:00	43752905.2097
12/6/2005 16:00:00	43337225.4905
12/7/2005 16:00:00	43609170.4784
12/8/2005 16:00:00	44571530.5603
12/9/2005 16:00:00	44082622.7158
12/12/2005 16:00:00	43633321.0783
12/13/2005 16:00:00	43127618.1965
12/14/2005 16:00:00	43584219.5466
12/15/2005 16:00:00	43391927.7354
12/16/2005 16:00:00	44316280.7257
12/19/2005 16:00:00	46452941.0409
12/20/2005 16:00:00	46378808.9564
12/21/2005 16:00:00	45793504.2258
12/22/2005 16:00:00	44918808.0473
12/23/2005 16:00:00	44945226.2457
12/27/2005 16:00:00	46144558.3873
12/28/2005 16:00:00	46340162.2278
12/29/2005 16:00:00	47282878.0021
12/30/2005 16:00:00	48389789.0716
1/3/2006 16:00:00	45186009.7799
1/4/2006 16:00:00	43801678.1656
1/5/2006 16:00:00	43260964.113
1/6/2006 16:00:00	40933458.3878
1/9/2006 16:00:00	40468750.8691
1/10/2006 16:00:00	40407736.9943
1/11/2006 16:00:00	39498736.7747
1/12/2006 16:00:00	40098369.1389
1/13/2006 16:00:00	40178420.5162
1/17/2006 16:00:00	40988077.8247
1/18/2006 16:00:00	42423365.2749
1/19/2006 16:00:00	41513766.9746
1/20/2006 16:00:00	45258243.6208
1/23/2006 16:00:00	45252313.8618
1/24/2006 16:00:00	44687185.4248
1/25/2006 16:00:00	45296851.3158
1/26/2006 16:00:00	44369521.458
1/27/2006 16:00:00	42603047.0905
1/30/2006 16:00:00	42387188.261
1/31/2006 16:00:00	42986550.1639
2/1/2006 16:00:00	42553019.468
2/2/2006 16:00:00	44760490.0533
2/3/2006 16:00:00	46442011.6199
2/6/2006 16:00:00	46846064.7388
2/7/2006 16:00:00	47495462.0786
2/8/2006 16:00:00	45877229.7381
2/9/2006 16:00:00	47212444.0776
2/10/2006 16:00:00	46372631.6577
2/13/2006 16:00:00	47997955.3266
2/14/2006 16:00:00	46569873.185
2/15/2006 16:00:00	45711402.5993
2/16/2006 16:00:00	44474095.6236
2/17/2006 16:00:00	45562140.7481
2/21/2006 16:00:00	47117108.2337
2/22/2006 16:00:00	45377901.0887
2/23/2006 16:00:00	45769420.2485
2/24/2006 16:00:00	45431258.8081
2/27/2006 16:00:00	43940702.6065
2/28/2006 16:00:00	45927764.7507
3/1/2006 16:00:00	44079698.1171
3/2/2006 16:00:00	44012370.3445
3/3/2006 16:00:00	44800439.0878
3/6/2006 16:00:00	45996316.9215
3/7/2006 16:00:00	46831568.7127
3/8/2006 16:00:00	46792568.6183
3/9/2006 16:00:00	48024524.8519
3/10/2006 16:00:00	47912745.7451
3/13/2006 16:00:00	47518176.1053
3/14/2006 16:00:00	45130411.1944
3/15/2006 16:00:00	44013325.3288
3/16/2006 16:00:00	45149380.4694
3/17/2006 16:00:00	44821502.2698
3/20/2006 16:00:00	44525950.2689
3/21/2006 16:00:00	45969022.8185
3/22/2006 16:00:00	45663313.3007
3/23/2006 16:00:00	46092217.2422
3/24/2006 16:00:00	45416185.7077
3/27/2006 16:00:00	45414000.6425
3/28/2006 16:00:00	46004883.9341
3/29/2006 16:00:00	43418779.2351
3/30/2006 16:00:00	43044168.117
3/31/2006 16:00:00	43443422.6319
4/3/2006 16:00:00	43318125.7363
4/4/2006 16:00:00	42635447.0216
4/5/2006 16:00:00	41452183.0439
4/6/2006 16:00:00	41130022.1275
4/7/2006 16:00:00	42341675.1446
4/10/2006 16:00:00	42550624.1611
4/11/2006 16:00:00	43606245.1119
4/12/2006 16:00:00	43604629.169
4/13/2006 16:00:00	43104204.6135
4/17/2006 16:00:00	44484976.7536
4/18/2006 16:00:00	41952022.6349
4/19/2006 16:00:00	41416725.6955
4/20/2006 16:00:00	41881534.2536
4/21/2006 16:00:00	43387949.0022
4/24/2006 16:00:00	43541235.1403
4/25/2006 16:00:00	43850780.4515
4/26/2006 16:00:00	43911550.8622
4/27/2006 16:00:00	42682714.4426
4/28/2006 16:00:00	43954467.4459
5/1/2006 16:00:00	45276644.684
5/2/2006 16:00:00	44946927.2953
5/3/2006 16:00:00	45172333.7514
5/4/2006 16:00:00	44092935.0859
5/5/2006 16:00:00	43079648.8023
5/8/2006 16:00:00	42986993.0172
5/9/2006 16:00:00	43505110.0906
5/10/2006 16:00:00	44684071.9288
5/11/2006 16:00:00	47707648.0463
5/12/2006 16:00:00	49674110.1214
5/15/2006 16:00:00	49820801.3386
5/16/2006 16:00:00	50972770.2799
5/17/2006 16:00:00	53080522.9935
5/18/2006 16:00:00	54212003.2323
5/19/2006 16:00:00	53001193.4817
5/22/2006 16:00:00	54574639.9239
5/23/2006 16:00:00	56209486.6561
5/24/2006 16:00:00	55112710.1077
5/25/2006 16:00:00	52981597.7399
5/26/2006 16:00:00	52494385.1518
5/30/2006 16:00:00	55921808.7802
5/31/2006 16:00:00	55180775.3075
6/1/2006 16:00:00	51297120.519
6/2/2006 16:00:00	51720704.0748
6/5/2006 16:00:00	55124140.5379
6/6/2006 16:00:00	55291252.5723
6/7/2006 16:00:00	56572157.4436
6/8/2006 16:00:00	56877526.4511
6/9/2006 16:00:00	58028988.1925
6/12/2006 16:00:00	61492815.9773
6/13/2006 16:00:00	62276733.0317
6/14/2006 16:00:00	60415420.6515
6/15/2006 16:00:00	55545784.4861
6/16/2006 16:00:00	56810173.6217
6/19/2006 16:00:00	58228375.9866
6/20/2006 16:00:00	58039508.5688
6/21/2006 16:00:00	55336742.4967
6/22/2006 16:00:00	57479197.4798
6/23/2006 16:00:00	57700669.6303
6/26/2006 16:00:00	57288381.3065
6/27/2006 16:00:00	60564600.3438
6/28/2006 16:00:00	59252847.9153
6/29/2006 16:00:00	53889375.907
6/30/2006 16:00:00	54716784.0685
7/3/2006 16:00:00	53784248.6302
7/5/2006 16:00:00	57341500.6751
7/6/2006 16:00:00	57565034.3027
7/7/2006 16:00:00	59511312.3191
7/10/2006 16:00:00	61119329.2136
7/11/2006 16:00:00	59791204.3618
7/12/2006 16:00:00	63220039.3423
7/13/2006 16:00:00	66452029.2268
7/14/2006 16:00:00	68533625.1023
7/17/2006 16:00:00	68070850.3776
7/18/2006 16:00:00	67441660.8075
7/19/2006 16:00:00	64861833.8439
7/20/2006 16:00:00	67779918.8937
7/21/2006 16:00:00	69972564.1283
7/24/2006 16:00:00	65850417.0392
7/25/2006 16:00:00	64760555.0277
7/26/2006 16:00:00	64968467.0201
7/27/2006 16:00:00	66296011.2466
7/28/2006 16:00:00	62187845.1481
7/31/2006 16:00:00	62285627.7531
8/1/2006 16:00:00	65455560.4085
8/2/2006 16:00:00	63297962.2623
8/3/2006 16:00:00	62161969.8968
8/4/2006 16:00:00	63062885.9307
8/7/2006 16:00:00	64339203.0865
8/8/2006 16:00:00	65597185.6553
8/9/2006 16:00:00	65376917.299
8/10/2006 16:00:00	64030177.2582
8/11/2006 16:00:00	65435912.5778
8/14/2006 16:00:00	64195621.3474
8/15/2006 16:00:00	59373073.7878
8/16/2006 16:00:00	55212081.778
8/17/2006 16:00:00	54652393.5531
8/18/2006 16:00:00	54439580.3251
8/21/2006 16:00:00	56038486.6524
8/22/2006 16:00:00	56036766.4241
8/23/2006 16:00:00	57347674.9904
8/24/2006 16:00:00	56894789.2569
8/25/2006 16:00:00	56625351.3415
8/28/2006 16:00:00	55382504.633
8/29/2006 16:00:00	54907674.4066
8/30/2006 16:00:00	54183563.2824
8/31/2006 16:00:00	54392063.608
9/1/2006 16:00:00	53551457.6657
9/5/2006 16:00:00	52029812.4227
9/6/2006 16:00:00	55193676.9899
9/7/2006 16:00:00	56005869.0132
9/8/2006 16:00:00	55043973.0411
9/11/2006 16:00:00	54061831.706
9/12/2006 16:00:00	51104982.4937
9/13/2006 16:00:00	50100424.858
9/14/2006 16:00:00	49987791.0254
9/15/2006 16:00:00	49488997.0757
9/18/2006 16:00:00	49489119.8425
9/19/2006 16:00:00	50525317.0315
9/20/2006 16:00:00	48357064.2779
9/21/2006 16:00:00	49290548.393
9/22/2006 16:00:00	50468799.198
9/25/2006 16:00:00	47849029.0063
9/26/2006 16:00:00	47177445.5386
9/27/2006 16:00:00	47386957.7764
9/28/2006 16:00:00	47038955.0853
9/29/2006 16:00:00	47697222.3657
10/2/2006 16:00:00	49529045.888
10/3/2006 16:00:00	48937132.0015
10/4/2006 16:00:00	45368293.5104
10/5/2006 16:00:00	44743184.5041
10/6/2006 16:00:00	45067853.7503
10/9/2006 16:00:00	44644530.8909
10/10/2006 16:00:00	44452787.9571
10/11/2006 16:00:00	44742655.4193
10/12/2006 16:00:00	42643801.3624
10/13/2006 16:00:00	41978461.8336
10/16/2006 16:00:00	41891568.2309
10/17/2006 16:00:00	43313713.8128
10/18/2006 16:00:00	43965041.5001
10/19/2006 16:00:00	43682396.1551
10/20/2006 16:00:00	43402623.5106
10/23/2006 16:00:00	42102239.2826
10/24/2006 16:00:00	42997197.7215
10/25/2006 16:00:00	42142019.6659
10/26/2006 16:00:00	41011625.6613
10/27/2006 16:00:00	42795103.9122
10/30/2006 16:00:00	42006303.6838
10/31/2006 16:00:00	41741708.5212
11/1/2006 16:00:00	43478844.0146
11/2/2006 16:00:00	43387168.3703
11/3/2006 16:00:00	43760550.548
11/6/2006 16:00:00	41883521.4058
11/7/2006 16:00:00	41058330.2345
11/8/2006 16:00:00	40513954.3656
11/9/2006 16:00:00	41109275.8907
11/10/2006 16:00:00	40564290.2634
11/13/2006 16:00:00	39350615.3247
11/14/2006 16:00:00	38131111.6681
11/15/2006 16:00:00	37691456.6816
11/16/2006 16:00:00	37232814.2321
11/17/2006 16:00:00	37260603.8767
11/20/2006 16:00:00	37061602.9115
11/21/2006 16:00:00	36939543.0381
11/22/2006 16:00:00	36269345.823
11/24/2006 16:00:00	36491327.2594
11/27/2006 16:00:00	38995521.0875
11/28/2006 16:00:00	38676333.3913
11/29/2006 16:00:00	37910400.8534
11/30/2006 16:00:00	38016791.8578
12/1/2006 16:00:00	39029632.5062
12/4/2006 16:00:00	37449796.0693
12/5/2006 16:00:00	37071666.4207
12/6/2006 16:00:00	37500046.4733
12/7/2006 16:00:00	38951747.8417
12/8/2006 16:00:00	38446375.7103
12/11/2006 16:00:00	38054928.066
12/12/2006 16:00:00	38757253.4228
12/13/2006 16:00:00	38573963.8026
12/14/2006 16:00:00	37311079.9028
12/15/2006 16:00:00	37051344.2478
12/18/2006 16:00:00	38179920.27
12/19/2006 16:00:00	38572994.6874
12/20/2006 16:00:00	39024438.3056
12/21/2006 16:00:00	39884489.1091
12/22/2006 16:00:00	41155715.6966
12/26/2006 16:00:00	40669342.3462
12/27/2006 16:00:00	40076941.9488
12/28/2006 16:00:00	40689871.9281
12/29/2006 16:00:00	40606784.0896
1/3/2007 16:00:00	40411820.9455
1/4/2007 16:00:00	38143061.2036
1/5/2007 16:00:00	38717051.3712
1/8/2007 16:00:00	38666616.3267
1/9/2007 16:00:00	38114281.0527
1/10/2007 16:00:00	36794795.6741
1/11/2007 16:00:00	35684684.1018
1/12/2007 16:00:00	35165189.3627
1/16/2007 16:00:00	35261760.6958
1/17/2007 16:00:00	36152800.3419
1/18/2007 16:00:00	38184366.651
1/19/2007 16:00:00	37979300.7089
1/22/2007 16:00:00	39246159.748
1/23/2007 16:00:00	39572198.0325
1/24/2007 16:00:00	37640778.4779
1/25/2007 16:00:00	39122539.3383
1/26/2007 16:00:00	39581589.9233
1/29/2007 16:00:00	39502472.4949
1/30/2007 16:00:00	39477784.6011
1/31/2007 16:00:00	38313690.0081
2/1/2007 16:00:00	38525356.086
2/2/2007 16:00:00	38134137.7956
2/5/2007 16:00:00	38266530.572
2/6/2007 16:00:00	38451374.819
2/7/2007 16:00:00	37433068.9459
2/8/2007 16:00:00	37486593.8836
2/9/2007 16:00:00	38956919.4212
2/12/2007 16:00:00	39439317.4047
2/13/2007 16:00:00	39063080.3772
2/14/2007 16:00:00	37115455.9856
2/15/2007 16:00:00	36494641.8761
2/16/2007 16:00:00	36888172.9893
2/20/2007 16:00:00	36074594.0449
2/21/2007 16:00:00	35765336.747
2/22/2007 16:00:00	35246303.2421
2/23/2007 16:00:00	35645361.9902
2/26/2007 16:00:00	36192228.2039
2/27/2007 16:00:00	40679446.7487
2/28/2007 16:00:00	40315612.3636
3/1/2007 16:00:00	40904659.9295
3/2/2007 16:00:00	42784759.5606
3/5/2007 16:00:00	43814242.9647
3/6/2007 16:00:00	41664191.9178
3/7/2007 16:00:00	42191436.6145
3/8/2007 16:00:00	41363134.2244
3/9/2007 16:00:00	41509771.0759
3/12/2007 16:00:00	40728923.9579
3/13/2007 16:00:00	43134882.7738
3/14/2007 16:00:00	41274019.9502
3/15/2007 16:00:00	41593471.133
3/16/2007 16:00:00	41720892.3431
3/19/2007 16:00:00	40466640.3928
3/20/2007 16:00:00	39627436.6067
3/21/2007 16:00:00	37366003.294
3/22/2007 16:00:00	37798079.2246
3/23/2007 16:00:00	38185238.71
3/26/2007 16:00:00	37746811.4446
3/27/2007 16:00:00	38567757.0384
3/28/2007 16:00:00	39833180.1705
3/29/2007 16:00:00	39726222.1094
3/30/2007 16:00:00	39865828.3515
4/2/2007 16:00:00	39731059.0834
4/3/2007 16:00:00	38202131.2646
4/4/2007 16:00:00	37763552.4905
4/5/2007 16:00:00	37230232.2318
4/9/2007 16:00:00	37534213.602
4/10/2007 16:00:00	36979975.2009
4/11/2007 16:00:00	38174787.2318
4/12/2007 16:00:00	37297043.0717
4/13/2007 16:00:00	37099200.0099
4/16/2007 16:00:00	36105444.0972
4/17/2007 16:00:00	35892021.4886
4/18/2007 16:00:00	36276363.1034
4/19/2007 16:00:00	35965084.2475
4/20/2007 16:00:00	35394796.4151
4/23/2007 16:00:00	35257677.7498
4/24/2007 16:00:00	34748983.3998
4/25/2007 16:00:00	33383317.0277
4/26/2007 16:00:00	32889469.9025
4/27/2007 16:00:00	32871815.0473
4/30/2007 16:00:00	34188604.3609
5/1/2007 16:00:00	34303738.5568
5/2/2007 16:00:00	33208772.0314
5/3/2007 16:00:00	32868941.126
5/4/2007 16:00:00	32809011.7713
5/7/2007 16:00:00	32833709.3694
5/8/2007 16:00:00	32646982.1597
5/9/2007 16:00:00	32461822.5146
5/10/2007 16:00:00	33817268.5694
5/11/2007 16:00:00	32547026.1522
5/14/2007 16:00:00	33239537.299
5/15/2007 16:00:00	34037468.8093
5/16/2007 16:00:00	33066405.8266
5/17/2007 16:00:00	33560156.533
5/18/2007 16:00:00	32759669.9882
5/21/2007 16:00:00	32153097.3688
5/22/2007 16:00:00	32095161.8351
5/23/2007 16:00:00	32569583.165
5/24/2007 16:00:00	33992035.7655
5/25/2007 16:00:00	33377234.9214
5/29/2007 16:00:00	32626615.358
5/30/2007 16:00:00	31856651.7415
5/31/2007 16:00:00	31435270.4677
6/1/2007 16:00:00	31399197.8152
6/4/2007 16:00:00	31144836.8088
6/5/2007 16:00:00	31168032.7566
6/6/2007 16:00:00	32193853.3453
6/7/2007 16:00:00	33715956.4946
6/8/2007 16:00:00	32497285.0178
6/11/2007 16:00:00	32708937.5169
6/12/2007 16:00:00	33320511.2704
6/13/2007 16:00:00	32250274.9877
6/14/2007 16:00:00	31637303.6397
6/15/2007 16:00:00	30784762.3382
6/18/2007 16:00:00	30788589.9042
6/19/2007 16:00:00	30830914.3546
6/20/2007 16:00:00	31725730.4514
6/21/2007 16:00:00	30884664.6978
6/22/2007 16:00:00	31781284.2977
6/25/2007 16:00:00	32208725.6962
6/26/2007 16:00:00	32787012.328
6/27/2007 16:00:00	31299188.3334
6/28/2007 16:00:00	31362375.4172
6/29/2007 16:00:00	31227933.193
7/2/2007 16:00:00	30405483.677
7/3/2007 16:00:00	29896630.7855
7/5/2007 16:00:00	29269402.327
7/6/2007 16:00:00	28930415.1669
7/9/2007 16:00:00	28898802.9241
7/10/2007 16:00:00	29647629.309
7/11/2007 16:00:00	29064526.9245
7/12/2007 16:00:00	27746675.4654
7/13/2007 16:00:00	27196539.0989
7/16/2007 16:00:00	27299110.2782
7/17/2007 16:00:00	26695551.8663
7/18/2007 16:00:00	26811418.002
7/19/2007 16:00:00	26591137.0535
7/20/2007 16:00:00	27039247.6804
7/23/2007 16:00:00	27027254.5071
7/24/2007 16:00:00	28245987.5234
7/25/2007 16:00:00	28147387.3288
7/26/2007 16:00:00	28886693.0251
7/27/2007 16:00:00	30660055.9832
7/30/2007 16:00:00	29610083.5624
7/31/2007 16:00:00	31498822.0064
8/1/2007 16:00:00	30787174.7416
8/2/2007 16:00:00	29961946.9346
8/3/2007 16:00:00	31695209.9247
8/6/2007 16:00:00	30616309.2449
8/7/2007 16:00:00	29988473.2571
8/8/2007 16:00:00	29024166.8127
8/9/2007 16:00:00	31061401.9868
8/10/2007 16:00:00	31921830.091
8/13/2007 16:00:00	31295518.7659
8/14/2007 16:00:00	32913225.1638
8/15/2007 16:00:00	34813353.2307
8/16/2007 16:00:00	35862009.8982
8/17/2007 16:00:00	33851322.1594
8/20/2007 16:00:00	33393232.9865
8/21/2007 16:00:00	32361532.1725
8/22/2007 16:00:00	31062045.4501
8/23/2007 16:00:00	31337840.513
8/24/2007 16:00:00	30035483.4003
8/27/2007 16:00:00	30656484.7985
8/28/2007 16:00:00	32869605.7795
8/29/2007 16:00:00	30066041.4547
8/30/2007 16:00:00	29618551.0547
8/31/2007 16:00:00	28646638.3852
9/4/2007 16:00:00	27243739.9283
9/5/2007 16:00:00	28086568.6704
9/6/2007 16:00:00	28175055.5083
9/7/2007 16:00:00	29759829.3688
9/10/2007 16:00:00	29836956.5567
9/11/2007 16:00:00	28502909.6065
9/12/2007 16:00:00	28506621.8005
9/13/2007 16:00:00	28108018.5389
9/14/2007 16:00:00	28060605.2178
9/17/2007 16:00:00	28783412.7772
9/18/2007 16:00:00	26627554.6112
9/19/2007 16:00:00	26437975.1373
9/20/2007 16:00:00	26677221.9145
9/21/2007 16:00:00	26125456.5446
9/24/2007 16:00:00	25785082.4563
9/25/2007 16:00:00	25068805.7134
9/26/2007 16:00:00	24718119.1365
9/27/2007 16:00:00	24359769.8515
9/28/2007 16:00:00	24616413.3877
10/1/2007 16:00:00	23786178.3548
10/2/2007 16:00:00	23788605.018
10/3/2007 16:00:00	24298315.958
10/4/2007 16:00:00	24145337.6026
10/5/2007 16:00:00	22692505.8379
10/8/2007 16:00:00	22282597.7786
10/9/2007 16:00:00	22008944.1533
10/10/2007 16:00:00	21862156.3739
10/11/2007 16:00:00	22918728.9438
10/12/2007 16:00:00	21798258.3452
10/15/2007 16:00:00	22314064.7825
10/16/2007 16:00:00	22643889.1798
10/17/2007 16:00:00	21785260.2406
10/18/2007 16:00:00	21519055.3838
10/19/2007 16:00:00	23142191.9601
10/22/2007 16:00:00	22323571.6291
10/23/2007 16:00:00	20937618.5591
10/24/2007 16:00:00	21427002.4593
10/25/2007 16:00:00	22302570.7702
10/26/2007 16:00:00	21207931.5676
10/29/2007 16:00:00	20962987.2245
10/30/2007 16:00:00	20849485.1785
10/31/2007 16:00:00	19975407.2013
11/1/2007 16:00:00	21110016.1167
11/2/2007 16:00:00	20630106.411
11/5/2007 16:00:00	21040547.3292
11/6/2007 16:00:00	20340842.8485
11/7/2007 16:00:00	21837647.46
11/8/2007 16:00:00	23841119.7897
11/9/2007 16:00:00	26248121.369
11/12/2007 16:00:00	28264901.5952
11/13/2007 16:00:00	24785744.8608
11/14/2007 16:00:00	25754385.8356
11/15/2007 16:00:00	26187365.6951
11/16/2007 16:00:00	25478622.4471
11/19/2007 16:00:00	26376557.6148
11/20/2007 16:00:00	26074875.7555
11/21/2007 16:00:00	27016387.4497
11/23/2007 16:00:00	26162595.7957
11/26/2007 16:00:00	27534035.886
11/27/2007 16:00:00	25898304.203
11/28/2007 16:00:00	23551051.173
11/29/2007 16:00:00	23264235.7776
11/30/2007 16:00:00	23806070.7193
12/3/2007 16:00:00	24419798.2459
12/4/2007 16:00:00	24737663.0442
12/5/2007 16:00:00	23419758.054
12/6/2007 16:00:00	22426576.1178
12/7/2007 16:00:00	22427651.2162
12/10/2007 16:00:00	22171740.5647
12/11/2007 16:00:00	23729597.4041
12/12/2007 16:00:00	23105674.6338
12/13/2007 16:00:00	23494437.022
12/14/2007 16:00:00	24233727.9632
12/17/2007 16:00:00	26017047.2793
12/18/2007 16:00:00	25781058.5841
12/19/2007 16:00:00	25810742.8811
12/20/2007 16:00:00	24243173.9425
12/21/2007 16:00:00	22823062.9717
12/24/2007 16:00:00	22320686.1811
12/26/2007 16:00:00	22000752.4588
12/27/2007 16:00:00	22805506.0031
12/28/2007 16:00:00	22884116.7498
12/31/2007 16:00:00	23688287.6125
1/2/2008 16:00:00	24825654.2654
1/3/2008 16:00:00	24530159.8285
1/4/2008 16:00:00	27771860.0198
1/7/2008 16:00:00	28184395.1506
1/8/2008 16:00:00	30395356.9051
1/9/2008 16:00:00	28470039.8058
1/10/2008 16:00:00	28362288.79
1/11/2008 16:00:00	30045653.4648
1/14/2008 16:00:00	28492527.1851
1/15/2008 16:00:00	30866463.0068
1/16/2008 16:00:00	31879306.3345
1/17/2008 16:00:00	33227304.1473
1/18/2008 16:00:00	33378361.6441
1/22/2008 16:00:00	35978544.0782
1/23/2008 16:00:00	36410553.5682
1/24/2008 16:00:00	34193876.5821
1/25/2008 16:00:00	36312104.3705
1/28/2008 16:00:00	35487347.1965
1/29/2008 16:00:00	35311867.2755
1/30/2008 16:00:00	35422745.1022
1/31/2008 16:00:00	33617723.2695
2/1/2008 16:00:00	32603657.0335
2/4/2008 16:00:00	33988669.838
2/5/2008 16:00:00	36904152.3147
2/6/2008 16:00:00	39098626.5234
2/7/2008 16:00:00	38292228.0126
2/8/2008 16:00:00	37001986.6794
2/11/2008 16:00:00	35819218.4101
2/12/2008 16:00:00	36442399.7318
2/13/2008 16:00:00	34061841.5282
2/14/2008 16:00:00	35923850.5566
2/15/2008 16:00:00	36305428.3294
2/19/2008 16:00:00	36518293.0385
2/20/2008 16:00:00	36031788.7198
2/21/2008 16:00:00	37079291.2665
2/22/2008 16:00:00	36684774.0621
2/25/2008 16:00:00	36144951.1239
2/26/2008 16:00:00	35738434.3433
2/27/2008 16:00:00	35216926.7408
2/28/2008 16:00:00	35636677.6335
2/29/2008 16:00:00	38485870.6767
3/3/2008 16:00:00	39254416.2648
3/4/2008 16:00:00	38606945.456
3/5/2008 16:00:00	38054854.9442
3/6/2008 16:00:00	40585034.0272
3/7/2008 16:00:00	40889521.3066
3/10/2008 16:00:00	43267492.4895
3/11/2008 16:00:00	38345008.6999
3/12/2008 16:00:00	38682260.7535
3/13/2008 16:00:00	37800754.657
3/14/2008 16:00:00	39897112.4963
3/17/2008 16:00:00	42092266.9581
3/18/2008 16:00:00	36471314.1196
3/19/2008 16:00:00	39182234.3414
3/20/2008 16:00:00	36790482.8433
3/24/2008 16:00:00	32983074.0854
3/25/2008 16:00:00	32438153.5372
3/26/2008 16:00:00	32729503.4997
3/27/2008 16:00:00	34913305.4622
3/28/2008 16:00:00	35449164.6286
3/31/2008 16:00:00	34897928.6056
4/1/2008 16:00:00	30430293.6676
4/2/2008 16:00:00	30638538.6503
4/3/2008 16:00:00	30444630.4126
4/4/2008 16:00:00	29912120.7583
4/7/2008 16:00:00	30115973.8599
4/8/2008 16:00:00	30815147.0383
4/9/2008 16:00:00	31861652.5235
4/10/2008 16:00:00	30508207.7683
4/11/2008 16:00:00	33049493.1104
4/14/2008 16:00:00	33506813.1336
4/15/2008 16:00:00	33379467.7421
4/16/2008 16:00:00	30598758.841
4/17/2008 16:00:00	30810115.9902
4/18/2008 16:00:00	27878765.5285
4/21/2008 16:00:00	27295706.3133
4/22/2008 16:00:00	28520625.9777
4/23/2008 16:00:00	27586492.7322
4/24/2008 16:00:00	26852186.3394
4/25/2008 16:00:00	27064194.6039
4/28/2008 16:00:00	26916813.7914
4/29/2008 16:00:00	26308644.1976
4/30/2008 16:00:00	26963095.1691
5/1/2008 16:00:00	24417101.9846
5/2/2008 16:00:00	24317110.0949
5/5/2008 16:00:00	24531679.4968
5/6/2008 16:00:00	24083073.1774
5/7/2008 16:00:00	25402916.5457
5/8/2008 16:00:00	24837744.8948
5/9/2008 16:00:00	25135984.9142
5/12/2008 16:00:00	23764913.1461
5/13/2008 16:00:00	23581453.9922
5/14/2008 16:00:00	23745201.3949
5/15/2008 16:00:00	22503473.4704
5/16/2008 16:00:00	22454351.2576
5/19/2008 16:00:00	22944375.6413
5/20/2008 16:00:00	23476549.2977
5/21/2008 16:00:00	25040287.6312
5/22/2008 16:00:00	24781310.1454
5/23/2008 16:00:00	25017753.9721
5/27/2008 16:00:00	23700975.1918
5/28/2008 16:00:00	23416936.6971
5/29/2008 16:00:00	22794842.6231
5/30/2008 16:00:00	22359720.8686
6/2/2008 16:00:00	23183422.6862
6/3/2008 16:00:00	23568800.9932
6/4/2008 16:00:00	22667586.2546
6/5/2008 16:00:00	21593220.0189
6/6/2008 16:00:00	23546185.0289
6/9/2008 16:00:00	23926375.4641
6/10/2008 16:00:00	24270362.6472
6/11/2008 16:00:00	26030875.4048
6/12/2008 16:00:00	25954666.539
6/13/2008 16:00:00	24400896.5847
6/16/2008 16:00:00	23756127.2155
6/17/2008 16:00:00	24140899.8322
6/18/2008 16:00:00	24921777.8043
6/19/2008 16:00:00	23759688.6406
6/20/2008 16:00:00	25689995.3278
6/23/2008 16:00:00	26297259.1939
6/24/2008 16:00:00	26705548.0941
6/25/2008 16:00:00	25410946.4205
6/26/2008 16:00:00	28494006.1525
6/27/2008 16:00:00	28500653.3654
6/30/2008 16:00:00	29408535.2438
7/1/2008 16:00:00	28165924.9053
7/2/2008 16:00:00	30201243.2392
7/3/2008 16:00:00	30370085.8606
7/7/2008 16:00:00	29825975.8301
7/8/2008 16:00:00	27700521.6522
7/9/2008 16:00:00	29912447.5304
7/10/2008 16:00:00	28856649.3425
7/11/2008 16:00:00	30239834.492
7/14/2008 16:00:00	30919091.2662
7/15/2008 16:00:00	30906186.8767
7/16/2008 16:00:00	28607814.1534
7/17/2008 16:00:00	28046816.7508
7/18/2008 16:00:00	29988981.2325
7/21/2008 16:00:00	29612573.7056
7/22/2008 16:00:00	29619387.1969
7/23/2008 16:00:00	28455756.4526
7/24/2008 16:00:00	29742188.2051
7/25/2008 16:00:00	28591834.4738
7/28/2008 16:00:00	30209061.4794
7/29/2008 16:00:00	28339366.7862
7/30/2008 16:00:00	27914895.6651
7/31/2008 16:00:00	28123989.3083
8/1/2008 16:00:00	29207225.9125
8/4/2008 16:00:00	30092513.6043
8/5/2008 16:00:00	27051588.4471
8/6/2008 16:00:00	25821115.3174
8/7/2008 16:00:00	26425048.5236
8/8/2008 16:00:00	24632352.9658
8/11/2008 16:00:00	23966585.1949
8/12/2008 16:00:00	23896772.4413
8/13/2008 16:00:00	24052241.4115
8/14/2008 16:00:00	23226289.577
8/15/2008 16:00:00	23361951.4865
8/18/2008 16:00:00	24182049.5782
8/19/2008 16:00:00	25086749.2296
8/20/2008 16:00:00	24964451.401
8/21/2008 16:00:00	25320289.8717
8/22/2008 16:00:00	24321471.3782
8/25/2008 16:00:00	25863643.9985
8/26/2008 16:00:00	25969368.5285
8/27/2008 16:00:00	25472004.8403
8/28/2008 16:00:00	24856534.6564
8/29/2008 16:00:00	26429190.125
9/2/2008 16:00:00	27415132.0252
9/3/2008 16:00:00	28198057.6304
9/4/2008 16:00:00	30941932.186
9/5/2008 16:00:00	31395526.5956
9/8/2008 16:00:00	31575885.603
9/9/2008 16:00:00	33592577.2787
9/10/2008 16:00:00	32770168.0273
9/11/2008 16:00:00	30940337.4431
9/12/2008 16:00:00	31310018.8806
9/15/2008 16:00:00	34240343.6768
9/16/2008 16:00:00	33442705.4545
9/17/2008 16:00:00	38659253.1041
9/18/2008 16:00:00	34746696.7337
9/19/2008 16:00:00	31344428.2121
9/22/2008 16:00:00	35777023.211
9/23/2008 16:00:00	36596190.07
9/24/2008 16:00:00	35842360.6023
9/25/2008 16:00:00	34135400.7926
9/26/2008 16:00:00	35174805.5895
9/29/2008 16:00:00	43554757.0614
9/30/2008 16:00:00	39799318.9586
10/1/2008 16:00:00	41061367.5475
10/2/2008 16:00:00	46661534.5927
10/3/2008 16:00:00	48836939.3146
10/6/2008 16:00:00	54193577.7789
10/7/2008 16:00:00	64521655.2039
10/8/2008 16:00:00	66080746.9645
10/9/2008 16:00:00	71414668.2881
10/10/2008 16:00:00	72777116.5822
10/13/2008 16:00:00	46220531.9912
10/14/2008 16:00:00	52224422.9096
10/15/2008 16:00:00	66259817.5469
10/16/2008 16:00:00	55479453.92
10/17/2008 16:00:00	55273736.1809
10/20/2008 16:00:00	50654747.6534
10/21/2008 16:00:00	58528787.6004
10/22/2008 16:00:00	63383940.6418
10/23/2008 16:00:00	64133495.3364
10/24/2008 16:00:00	70321906.4872
10/27/2008 16:00:00	76188391.6112
10/28/2008 16:00:00	50935537.1293
10/29/2008 16:00:00	51317827.657
10/30/2008 16:00:00	46180979.904
10/31/2008 16:00:00	45967763.9039
11/3/2008 16:00:00	46259051.9937
11/4/2008 16:00:00	42324341.9237
11/5/2008 16:00:00	48943743.3454
11/6/2008 16:00:00	55504989.6471
11/7/2008 16:00:00	52069906.9625
11/10/2008 16:00:00	54171393.7332
11/11/2008 16:00:00	57707916.6858
11/12/2008 16:00:00	65701060.5277
11/13/2008 16:00:00	53684889.1816
11/14/2008 16:00:00	61508631.55
11/17/2008 16:00:00	65391096.1712
11/18/2008 16:00:00	65596979.5484
11/19/2008 16:00:00	75872386.966
11/20/2008 16:00:00	86888385.9982
11/21/2008 16:00:00	75568910.3314
11/24/2008 16:00:00	61714369.4828
11/25/2008 16:00:00	62565467.9296
11/26/2008 16:00:00	54703145.9657
11/28/2008 16:00:00	55989047.1192
12/1/2008 16:00:00	68621052.2464
12/2/2008 16:00:00	61740532.3541
12/3/2008 16:00:00	56480961.1421
12/4/2008 16:00:00	61273576.8846
12/5/2008 16:00:00	53800429.369
12/8/2008 16:00:00	47438985.2947
12/9/2008 16:00:00	47767122.6569
12/10/2008 16:00:00	48241406.3582
12/11/2008 16:00:00	52206120.4405
12/12/2008 16:00:00	49026452.2747
12/15/2008 16:00:00	51600519.1721
12/16/2008 16:00:00	44165423.3709
12/17/2008 16:00:00	45766678.087
12/18/2008 16:00:00	48173934.6878
12/19/2008 16:00:00	46985019.1018
12/22/2008 16:00:00	50050172.6188
12/23/2008 16:00:00	50817873.5092
12/24/2008 16:00:00	50394705.7606
12/26/2008 16:00:00	50443089.5215
12/29/2008 16:00:00	51686387.8468
12/30/2008 16:00:00	48462474.6604
12/31/2008 16:00:00	47226907.2638
1/2/2009 16:00:00	41077972.9621
1/5/2009 16:00:00	41114920.8267
1/6/2009 16:00:00	39879340.046
1/7/2009 16:00:00	43275239.3218
1/8/2009 16:00:00	41907526.0578
1/9/2009 16:00:00	44724743.4348
1/12/2009 16:00:00	47175769.9021
1/13/2009 16:00:00	47124587.209
1/14/2009 16:00:00	51430417.5715
1/15/2009 16:00:00	48894675.3665
1/16/2009 16:00:00	47278980.8674
1/20/2009 16:00:00	54315345.2912
1/21/2009 16:00:00	47377578.9247
1/22/2009 16:00:00	49276775.6784
1/23/2009 16:00:00	48554380.5517
1/26/2009 16:00:00	47493230.2687
1/27/2009 16:00:00	46462719.1153
1/28/2009 16:00:00	41563549.9246
1/29/2009 16:00:00	44725059.1625
1/30/2009 16:00:00	47081663.488
2/2/2009 16:00:00	45378301.6524
2/3/2009 16:00:00	43246911.74
2/4/2009 16:00:00	43071148.33
2/5/2009 16:00:00	40217800.724
2/6/2009 16:00:00	37058477.2121
2/9/2009 16:00:00	36595917.6789
2/10/2009 16:00:00	40637165.6013
2/11/2009 16:00:00	41197767.2006
2/12/2009 16:00:00	39681483.1464
2/13/2009 16:00:00	40224724.2938
2/17/2009 16:00:00	45021343.1453
2/18/2009 16:00:00	44926746.8905
2/19/2009 16:00:00	46998687.4359
2/20/2009 16:00:00	46604412.2354
2/23/2009 16:00:00	51493120.7689
2/24/2009 16:00:00	46389276.9137
2/25/2009 16:00:00	47305651.0732
2/26/2009 16:00:00	51274378.8652
2/27/2009 16:00:00	52710971.2764
3/2/2009 16:00:00	57820530.6174
3/3/2009 16:00:00	57947770.8306
3/4/2009 16:00:00	53308109.3286
3/5/2009 16:00:00	58103610.6313
3/6/2009 16:00:00	59481307.2644
3/9/2009 16:00:00	63277704.9248
3/10/2009 16:00:00	51548151.7708
3/11/2009 16:00:00	49168724.7319
3/12/2009 16:00:00	44275724.7655
3/13/2009 16:00:00	43948727.5742
3/16/2009 16:00:00	46148431.8812
3/17/2009 16:00:00	40904041.3236
3/18/2009 16:00:00	39353764.5221
3/19/2009 16:00:00	39431023.5225
3/20/2009 16:00:00	41229263.4339
3/23/2009 16:00:00	33936217.4601
3/24/2009 16:00:00	35812246.1916
3/25/2009 16:00:00	35314292.3161
3/26/2009 16:00:00	32043838.1277
3/27/2009 16:00:00	33847615.6757
3/30/2009 16:00:00	36349592.9127
3/31/2009 16:00:00	35404257.0583
4/1/2009 16:00:00	33825800.9582
4/2/2009 16:00:00	30558809.8051
4/3/2009 16:00:00	28853774.9575
4/6/2009 16:00:00	29066031.2895
4/7/2009 16:00:00	31361053.3308
4/8/2009 16:00:00	29772079.321
4/9/2009 16:00:00	27002691.0065
4/13/2009 16:00:00	27123928.2063
4/14/2009 16:00:00	28111924.4019
4/15/2009 16:00:00	28343883.0705
4/16/2009 16:00:00	26137646.8189
4/17/2009 16:00:00	25970847.423
4/20/2009 16:00:00	28471969.8607
4/21/2009 16:00:00	27277996.7829
4/22/2009 16:00:00	27026026.1511
4/23/2009 16:00:00	26233200.2603
4/24/2009 16:00:00	24853066.1954
4/27/2009 16:00:00	24763077.8054
4/28/2009 16:00:00	25312245.5548
4/29/2009 16:00:00	24267493.0585
4/30/2009 16:00:00	23536914.539
5/1/2009 16:00:00	23350343.3227
5/4/2009 16:00:00	21963275.3104
5/5/2009 16:00:00	22018493.6147
5/6/2009 16:00:00	21998393.9747
5/7/2009 16:00:00	23541985.9161
5/8/2009 16:00:00	23499390.6539
5/11/2009 16:00:00	23250859.9847
5/12/2009 16:00:00	24102357.3102
5/13/2009 16:00:00	26040187.3202
5/14/2009 16:00:00	25163281.3506
5/15/2009 16:00:00	25207032.3773
5/18/2009 16:00:00	23234024.8144
5/19/2009 16:00:00	22906876.4151
5/20/2009 16:00:00	23145208.6306
5/21/2009 16:00:00	24419953.9445
5/22/2009 16:00:00	24658033.7393
5/26/2009 16:00:00	21899657.4116
5/27/2009 16:00:00	22351645.5044
5/28/2009 16:00:00	21574080.6509
5/29/2009 16:00:00	20776581.3586
6/1/2009 16:00:00	18996148.643
6/2/2009 16:00:00	18916889.3608
6/3/2009 16:00:00	19087200.1363
6/4/2009 16:00:00	18440011.0699
6/5/2009 16:00:00	18378812.305
6/8/2009 16:00:00	18542766.8518
6/9/2009 16:00:00	18116977.5977
6/10/2009 16:00:00	18307160.1794
6/11/2009 16:00:00	18306105.2017
6/12/2009 16:00:00	18558642.0246
6/15/2009 16:00:00	19697047.4763
6/16/2009 16:00:00	20272162.3921
6/17/2009 16:00:00	19689577.2614
6/18/2009 16:00:00	19803903.4839
6/19/2009 16:00:00	19165332.7014
6/22/2009 16:00:00	20881649.366
6/23/2009 16:00:00	21023583.5774
6/24/2009 16:00:00	19959290.7421
6/25/2009 16:00:00	18780524.2013
6/26/2009 16:00:00	18655235.8201
6/29/2009 16:00:00	18531096.24
6/30/2009 16:00:00	18636914.256
7/1/2009 16:00:00	18605180.1315
7/2/2009 16:00:00	19830828.7657
7/6/2009 16:00:00	20147246.0739
7/7/2009 16:00:00	21648216.1834
7/8/2009 16:00:00	21308382.4706
7/9/2009 16:00:00	21196609.1899
7/10/2009 16:00:00	20920960.8838
7/13/2009 16:00:00	19715390.4248
7/14/2009 16:00:00	19498097.751
7/15/2009 16:00:00	17531796.8751
7/16/2009 16:00:00	16903914.1156
7/17/2009 16:00:00	16631413.6796
7/20/2009 16:00:00	16152193.9782
7/21/2009 16:00:00	15818916.5352
7/22/2009 16:00:00	15420175.4412
7/23/2009 16:00:00	14397910.6842
7/24/2009 16:00:00	14726339.2924
7/27/2009 16:00:00	14386063.5
7/28/2009 16:00:00	14681320.9459
7/29/2009 16:00:00	14387427.8726
7/30/2009 16:00:00	14134252.7188
7/31/2009 16:00:00	14262065.6161
8/3/2009 16:00:00	13621352.9894
8/4/2009 16:00:00	13620568.0384
8/5/2009 16:00:00	13936168.2262
8/6/2009 16:00:00	14303661.1427
8/7/2009 16:00:00	13758012.5908
8/10/2009 16:00:00	14047001.4111
8/11/2009 16:00:00	14408003.4754
8/12/2009 16:00:00	13735525.597
8/13/2009 16:00:00	13507298.2094
8/14/2009 16:00:00	13971439.7116
8/17/2009 16:00:00	15186918.2342
8/18/2009 16:00:00	14534846.378
8/19/2009 16:00:00	14232360.6925
8/20/2009 16:00:00	13731774.94
8/21/2009 16:00:00	13181843.2184
8/24/2009 16:00:00	13220321.989
8/25/2009 16:00:00	13101252.2228
8/26/2009 16:00:00	13168624.4261
8/27/2009 16:00:00	13069770.0366
8/28/2009 16:00:00	13030130.234
8/31/2009 16:00:00	13425662.6198
9/1/2009 16:00:00	14179462.8001
9/2/2009 16:00:00	14211128.3341
9/3/2009 16:00:00	13927840.4
9/4/2009 16:00:00	13028080.7425
9/8/2009 16:00:00	12659311.2239
9/9/2009 16:00:00	12332258.5062
9/10/2009 16:00:00	11980384.2743
9/11/2009 16:00:00	11944963.6686
9/14/2009 16:00:00	11806188.3504
9/15/2009 16:00:00	11695055.5319
9/16/2009 16:00:00	11182487.2816
9/17/2009 16:00:00	11189733.9913
9/18/2009 16:00:00	11132814.3745
9/21/2009 16:00:00	11029823.6407
9/22/2009 16:00:00	10966983.5639
9/23/2009 16:00:00	11120591.4355
9/24/2009 16:00:00	11418549.0455
9/25/2009 16:00:00	11719091.9926
9/28/2009 16:00:00	11119743.7495
9/29/2009 16:00:00	11268443.0275
9/30/2009 16:00:00	11243592.9859
10/1/2009 16:00:00	12240774.2963
10/2/2009 16:00:00	12347481.1692
10/5/2009 16:00:00	12047692.4484
10/6/2009 16:00:00	11406657.4308
10/7/2009 16:00:00	11307995.457
10/8/2009 16:00:00	11162088.2382
10/9/2009 16:00:00	10971074.0913
10/12/2009 16:00:00	10900620.1848
10/13/2009 16:00:00	10892240.0172
10/14/2009 16:00:00	10446430.4085
10/15/2009 16:00:00	10518350.3135
10/16/2009 16:00:00	10722865.518
10/19/2009 16:00:00	10398815.3232
10/20/2009 16:00:00	10390903.7764
10/21/2009 16:00:00	10447905.1845
10/22/2009 16:00:00	10323695.8895
10/23/2009 16:00:00	10451731.5314
10/26/2009 16:00:00	10552790.8202
10/27/2009 16:00:00	11030766.7289
10/28/2009 16:00:00	11772515.6696
10/29/2009 16:00:00	11174434.1821
10/30/2009 16:00:00	12073687.7979
11/2/2009 16:00:00	11922554.0006
11/3/2009 16:00:00	11808733.2727
11/4/2009 16:00:00	11747882.9071
11/5/2009 16:00:00	10877302.9101
11/6/2009 16:00:00	10683972.7829
11/9/2009 16:00:00	9998595.88826
11/10/2009 16:00:00	9922137.85976
11/11/2009 16:00:00	9730413.8963
11/12/2009 16:00:00	9896013.55124
11/13/2009 16:00:00	9650514.18987
11/16/2009 16:00:00	9353850.50495
11/17/2009 16:00:00	9264877.5649
11/18/2009 16:00:00	9420055.27908
11/19/2009 16:00:00	9859082.02253
11/20/2009 16:00:00	10007461.4075
11/23/2009 16:00:00	9523021.26206
11/24/2009 16:00:00	9619492.27762
11/25/2009 16:00:00	9494191.05237
11/27/2009 16:00:00	9925516.40185
11/30/2009 16:00:00	9890672.35972
12/1/2009 16:00:00	9583501.48944
12/2/2009 16:00:00	9543689.1994
12/3/2009 16:00:00	9660015.04323
12/4/2009 16:00:00	9507516.68583
12/7/2009 16:00:00	9642671.27121
12/8/2009 16:00:00	9819901.60585
12/9/2009 16:00:00	9522233.38625
12/10/2009 16:00:00	9379024.47655
12/11/2009 16:00:00	9486396.99222
12/14/2009 16:00:00	9214907.6957
12/15/2009 16:00:00	9369449.07112
12/16/2009 16:00:00	9330803.05348
12/17/2009 16:00:00	9670965.35007
12/18/2009 16:00:00	9197460.76199
12/21/2009 16:00:00	8886564.19217
12/22/2009 16:00:00	8725875.15791
12/23/2009 16:00:00	8534295.05076
12/24/2009 16:00:00	8297688.69497
12/28/2009 16:00:00	8167216.83465
12/29/2009 16:00:00	8267402.99064
12/30/2009 16:00:00	8191414.74719
12/31/2009 16:00:00	8414339.74845
1/4/2010 16:00:00	8044102.01726
1/5/2010 16:00:00	8043574.17477
1/6/2010 16:00:00	8188598.37812
1/7/2010 16:00:00	8172063.33992
1/8/2010 16:00:00	7969727.35128
1/11/2010 16:00:00	8066783.67195
1/12/2010 16:00:00	8369006.57391
1/13/2010 16:00:00	8055845.81156
1/14/2010 16:00:00	8034436.86022
1/15/2010 16:00:00	8314489.88226
1/19/2010 16:00:00	7911385.35938
1/20/2010 16:00:00	8252186.67909
1/21/2010 16:00:00	8483473.26328
1/22/2010 16:00:00	9226999.44868
1/25/2010 16:00:00	9132372.12161
1/26/2010 16:00:00	9107038.60303
1/27/2010 16:00:00	8890822.07346
1/28/2010 16:00:00	9576449.71019
1/29/2010 16:00:00	10077180.9891
2/1/2010 16:00:00	9744486.81508
2/2/2010 16:00:00	9480339.4211
2/3/2010 16:00:00	9323345.69707
2/4/2010 16:00:00	10132106.169
2/5/2010 16:00:00	9874717.98069
2/8/2010 16:00:00	10087757.1729
2/9/2010 16:00:00	9775038.62996
2/10/2010 16:00:00	9835623.79703
2/11/2010 16:00:00	9389154
2/12/2010 16:00:00	9311091
2/16/2010 16:00:00	8980557
2/17/2010 16:00:00	8842733
2/18/2010 16:00:00	8630509
2/19/2010 16:00:00	8653683
2/22/2010 16:00:00	8707350
2/23/2010 16:00:00	9057397
2/24/2010 16:00:00	8774430
2/25/2010 16:00:00	8713447
2/26/2010 16:00:00	8665878
3/1/2010 16:00:00	8284117.5
3/2/2010 16:00:00	8220689.5
3/3/2010 16:00:00	8220689.5
3/4/2010 16:00:00	8118238.5
3/5/2010 16:00:00	7758431.5
3/8/2010 16:00:00	7695007.5
3/9/2010 16:00:00	7562059.5
3/10/2010 16:00:00	7380328.5
3/11/2010 16:00:00	7308367.5
3/12/2010 16:00:00	7297389
3/15/2010 16:00:00	7341298
3/16/2010 16:00:00	7199814.5
3/17/2010 16:00:00	7165663.5
3/18/2010 16:00:00	7080283.5
3/19/2010 16:00:00	7208351
3/22/2010 16:00:00	7005884.5
3/23/2010 16:00:00	6866838.5
3/24/2010 16:00:00	6940022.5
3/25/2010 16:00:00	6997347
3/26/2010 16:00:00	6954657
3/29/2010 16:00:00	6864397.5
3/30/2010 16:00:00	6797316.5
3/31/2010 16:00:00	6871717.5
4/1/2010 16:00:00	6886353.5
4/5/2010 16:00:00	6696083
4/6/2010 16:00:00	6642418.5
4/7/2010 16:00:00	6676567.5
4/8/2010 16:00:00	6653394
4/9/2010 16:00:00	6527766
4/12/2010 16:00:00	6507031.5
4/13/2010 16:00:00	6404578
4/14/2010 16:00:00	6181375
4/15/2010 16:00:00	6105754.5
4/16/2010 16:00:00	6298465.5
4/19/2010 16:00:00	6325298
4/20/2010 16:00:00	6239920
4/21/2010 16:00:00	6115512
4/22/2010 16:00:00	6020376
4/23/2010 16:00:00	5947194.5
4/26/2010 16:00:00	5987445
4/27/2010 16:00:00	6354572
4/28/2010 16:00:00	6344813
4/29/2010 16:00:00	6016718.5
4/30/2010 16:00:00	6372866.5
5/3/2010 16:00:00	6102095
5/4/2010 16:00:00	6654614
5/5/2010 16:00:00	6743650.5
5/6/2010 16:00:00	7430335
5/7/2010 16:00:00	7916989.5
5/10/2010 16:00:00	6766826
5/11/2010 16:00:00	6759507
5/12/2010 16:00:00	6391161.5
5/13/2010 16:00:00	6687546.5
5/14/2010 16:00:00	7069308.5
5/17/2010 16:00:00	7015642
5/18/2010 16:00:00	7288851
5/19/2010 16:00:00	7463265
5/20/2010 16:00:00	8192641
5/21/2010 16:00:00	8102382
5/24/2010 16:00:00	8045055.5
5/25/2010 16:00:00	8107260.5
5/26/2010 16:00:00	8347541
5/27/2010 16:00:00	7409599.5
5/28/2010 16:00:00	7546204
6/1/2010 16:00:00	7763310.5
6/2/2010 16:00:00	7212013
6/3/2010 16:00:00	6996127
6/4/2010 16:00:00	7698667
6/7/2010 16:00:00	8123119
6/8/2010 16:00:00	8162148
6/9/2010 16:00:00	8380471
6/10/2010 16:00:00	7647440
6/11/2010 16:00:00	7446190
6/14/2010 16:00:00	7464487
6/15/2010 16:00:00	6855864
6/16/2010 16:00:00	6747309.5
6/17/2010 16:00:00	6661931.5
6/18/2010 16:00:00	6658274
6/21/2010 16:00:00	6831469.5
6/22/2010 16:00:00	6997347
6/23/2010 16:00:00	7081505.5
6/24/2010 16:00:00	7441313.5
6/25/2010 16:00:00	7433993.5
6/28/2010 16:00:00	7519373.5
6/29/2010 16:00:00	8351201.5
6/30/2010 16:00:00	8761012
7/1/2010 16:00:00	8843953
7/2/2010 16:00:00	8917133
7/6/2010 16:00:00	8834198
7/7/2010 16:00:00	7998708.5
7/8/2010 16:00:00	7879179.5
7/9/2010 16:00:00	7629144.5
7/12/2010 16:00:00	7563282
7/13/2010 16:00:00	7303487
7/14/2010 16:00:00	7159565
7/15/2010 16:00:00	7121754.5
7/16/2010 16:00:00	7695007.5
7/19/2010 16:00:00	7538887.5
7/20/2010 16:00:00	7251040.5
7/21/2010 16:00:00	7547425
7/22/2010 16:00:00	7035155.5
7/23/2010 16:00:00	6852203.5
7/26/2010 16:00:00	6696083
7/27/2010 16:00:00	6677788
7/28/2010 16:00:00	6827808.5
7/29/2010 16:00:00	7002224
7/30/2010 16:00:00	6949777.5
8/2/2010 16:00:00	6574114.5
8/3/2010 16:00:00	6653394
8/4/2010 16:00:00	6459464
8/5/2010 16:00:00	6483857
8/6/2010 16:00:00	6513129.5
8/9/2010 16:00:00	6547282.5
8/10/2010 16:00:00	6527766
8/11/2010 16:00:00	7071747
8/12/2010 16:00:00	7247383
8/13/2010 16:00:00	7412039
8/16/2010 16:00:00	7368131.5
8/17/2010 16:00:00	7071747
8/18/2010 16:00:00	6988808
8/19/2010 16:00:00	7294949.5
8/20/2010 16:00:00	7302267.5
8/23/2010 16:00:00	7505955.5
8/24/2010 16:00:00	7923090
8/25/2010 16:00:00	7709641.5
8/26/2010 16:00:00	7976753
8/27/2010 16:00:00	7651099.5
8/30/2010 16:00:00	7892594.5
8/31/2010 16:00:00	7973094.5
9/1/2010 16:00:00	7294949.5
9/2/2010 16:00:00	7059550.5
9/3/2010 16:00:00	6696083
9/7/2010 16:00:00	6818053
9/8/2010 16:00:00	6577774
9/9/2010 16:00:00	6499713
9/10/2010 16:00:00	6439948.5
9/13/2010 16:00:00	6146003.5
9/14/2010 16:00:00	6080140
9/15/2010 16:00:00	5964272
9/16/2010 16:00:00	5884992
9/17/2010 16:00:00	5816689
9/20/2010 16:00:00	5520303.5
9/21/2010 16:00:00	5547138.5
9/22/2010 16:00:00	5555676.5
9/23/2010 16:00:00	5569092.5
9/24/2010 16:00:00	5250753.5
9/27/2010 16:00:00	5315397
9/28/2010 16:00:00	5294662
9/29/2010 16:00:00	5336132
9/30/2010 16:00:00	5415412
10/1/2010 16:00:00	5426387.5
10/4/2010 16:00:00	5623979.5
10/5/2010 16:00:00	5204406.5
10/6/2010 16:00:00	5317837
10/7/2010 16:00:00	5284904.5
10/8/2010 16:00:00	5155618
10/11/2010 16:00:00	5164156
10/12/2010 16:00:00	5039747.5
10/13/2010 16:00:00	4928756.5
10/14/2010 16:00:00	4959248.5
10/15/2010 16:00:00	4640910
10/18/2010 16:00:00	4647008
10/19/2010 16:00:00	4820205
10/20/2010 16:00:00	4722629
10/21/2010 16:00:00	4688478
10/22/2010 16:00:00	4589682.5
10/25/2010 16:00:00	4527479
10/26/2010 16:00:00	4489669
10/27/2010 16:00:00	4444540
10/28/2010 16:00:00	4417707.5
10/29/2010 16:00:00	4445759
11/1/2010 16:00:00	4433563
11/2/2010 16:00:00	4298178.5
11/3/2010 16:00:00	4234755
11/4/2010 16:00:00	4079853.5
11/5/2010 16:00:00	4077414
11/8/2010 16:00:00	4062777.75
11/9/2010 16:00:00	4133520.75
11/10/2010 16:00:00	4065217.75
11/11/2010 16:00:00	4135960.25
11/12/2010 16:00:00	4343306
11/15/2010 16:00:00	4385996
11/16/2010 16:00:00	4609198
11/17/2010 16:00:00	4566509
11/18/2010 16:00:00	4349404.5
11/19/2010 16:00:00	4335988
11/22/2010 16:00:00	4232315.5
11/23/2010 16:00:00	4423806
11/24/2010 16:00:00	4156693.75
11/26/2010 16:00:00	4244512
11/29/2010 16:00:00	4245731.5
11/30/2010 16:00:00	4409169
12/1/2010 16:00:00	4140837.5
12/2/2010 16:00:00	4001794
12/3/2010 16:00:00	3967643.75
12/6/2010 16:00:00	3972521.5
12/7/2010 16:00:00	3970082.5
12/8/2010 16:00:00	3913976.75
12/9/2010 16:00:00	3905439
12/10/2010 16:00:00	3828599
12/13/2010 16:00:00	3868848.5
12/14/2010 16:00:00	3854211.25
12/15/2010 16:00:00	3895682.5
12/16/2010 16:00:00	3810302.25
12/17/2010 16:00:00	3799325.5
12/20/2010 16:00:00	3789567.75
12/21/2010 16:00:00	3722485.25
12/22/2010 16:00:00	3721266.5
12/23/2010 16:00:00	3750538
12/27/2010 16:00:00	3743221.25
12/28/2010 16:00:00	3762736.25
12/29/2010 16:00:00	3740781.25
12/30/2010 16:00:00	3766394
12/31/2010 16:00:00	3802984.5
1/3/2011 16:00:00	3629790.25
1/4/2011 16:00:00	3634667.75
1/5/2011 16:00:00	3545631
1/6/2011 16:00:00	3510260.25
1/7/2011 16:00:00	3513919.5
1/10/2011 16:00:00	3476109
1/11/2011 16:00:00	3467571.25
1/12/2011 16:00:00	3393170
1/13/2011 16:00:00	3382193.5
1/14/2011 16:00:00	3307792.25
1/18/2011 16:00:00	3278519.5
1/19/2011 16:00:00	3387071.5
1/20/2011 16:00:00	3462691.75
1/21/2011 16:00:00	3543191
1/24/2011 16:00:00	3398049.25
1/25/2011 16:00:00	3383413
1/26/2011 16:00:00	3327307
1/27/2011 16:00:00	3266322.25
1/28/2011 16:00:00	3511479.5
1/31/2011 16:00:00	3463912.5
2/1/2011 16:00:00	3266322.25
2/2/2011 16:00:00	3279738.75
2/3/2011 16:00:00	3267542
2/4/2011 16:00:00	3208997.25
2/7/2011 16:00:00	3163869
2/8/2011 16:00:00	3090687.5
2/9/2011 16:00:00	3112642
2/10/2011 16:00:00	3098006
2/11/2011 16:00:00	3037021.25
2/14/2011 16:00:00	3012627.75
2/15/2011 16:00:00	3026044.5
2/16/2011 16:00:00	2966279.75
2/17/2011 16:00:00	2966279.75
2/18/2011 16:00:00	2983355
2/22/2011 16:00:00	3248027.5
2/23/2011 16:00:00	3324867.5
2/24/2011 16:00:00	3271201.25
2/25/2011 16:00:00	3133376.25
2/28/2011 16:00:00	3118740.5
3/1/2011 16:00:00	3265102.75
3/2/2011 16:00:00	3213876
3/3/2011 16:00:00	3026044.5
3/4/2011 16:00:00	3069952.5
3/7/2011 16:00:00	3193140.75
3/8/2011 16:00:00	3156551
3/9/2011 16:00:00	3221194.5
3/10/2011 16:00:00	3368775.5
3/11/2011 16:00:00	3311451.25
3/14/2011 16:00:00	3343163
3/15/2011 16:00:00	3479768.5
3/16/2011 16:00:00	3728583.5
3/17/2011 16:00:00	3632229.25
3/18/2011 16:00:00	3652963.5
3/21/2011 16:00:00	3450495
3/22/2011 16:00:00	3463912.5
3/23/2011 16:00:00	3405366.75
3/24/2011 16:00:00	3222414.25
3/25/2011 16:00:00	3202899
3/28/2011 16:00:00	3251686.5
3/29/2011 16:00:00	3161428.75
3/30/2011 16:00:00	3110202.75
3/31/2011 16:00:00	3098006
4/1/2011 16:00:00	3094347
4/4/2011 16:00:00	3122399.5
4/5/2011 16:00:00	3145573.75
4/6/2011 16:00:00	3129717.75
4/7/2011 16:00:00	3129717.75
4/8/2011 16:00:00	3177286
4/11/2011 16:00:00	3205337.75
4/12/2011 16:00:00	3267542
4/13/2011 16:00:00	3189482.5
4/14/2011 16:00:00	3205337.75
4/15/2011 16:00:00	3226072.75
4/18/2011 16:00:00	3288277.25
4/19/2011 16:00:00	3228512.5
4/20/2011 16:00:00	3008968.25
4/21/2011 16:00:00	2938227
4/25/2011 16:00:00	2915052.5
4/26/2011 16:00:00	2866264.75
4/27/2011 16:00:00	2807720.5
4/28/2011 16:00:00	2824795.5
4/29/2011 16:00:00	2822356
5/2/2011 16:00:00	2840651
5/3/2011 16:00:00	2878462
5/4/2011 16:00:00	2895537.75
5/5/2011 16:00:00	2938227
5/6/2011 16:00:00	2911393.75
5/9/2011 16:00:00	2879681.5
5/10/2011 16:00:00	2806500.5
5/11/2011 16:00:00	2866264.75
5/12/2011 16:00:00	2816257.75
5/13/2011 16:00:00	2911393.75
5/16/2011 16:00:00	3063855
5/17/2011 16:00:00	3038241.5
5/18/2011 16:00:00	2961401
5/19/2011 16:00:00	2934568
5/20/2011 16:00:00	2999210.75
5/23/2011 16:00:00	3133376.25
5/24/2011 16:00:00	3191921.75
5/25/2011 16:00:00	3156551
5/26/2011 16:00:00	3096786.25
5/27/2011 16:00:00	3050437.5
5/31/2011 16:00:00	2907734.75
6/1/2011 16:00:00	3093127
6/2/2011 16:00:00	3069952.5
6/3/2011 16:00:00	3206557.75
6/6/2011 16:00:00	3285837.5
6/7/2011 16:00:00	3304133
6/8/2011 16:00:00	3376095
6/9/2011 16:00:00	3359018.5
6/10/2011 16:00:00	3513919.5
6/13/2011 16:00:00	3515138.25
6/14/2011 16:00:00	3382193.5
6/15/2011 16:00:00	3566365.75
6/16/2011 16:00:00	3613932.5
6/17/2011 16:00:00	3643206.25
6/20/2011 16:00:00	3587100.75
6/21/2011 16:00:00	3354139.75
6/22/2011 16:00:00	3423662.25
6/23/2011 16:00:00	3330965.75
6/24/2011 16:00:00	3506600.5
6/27/2011 16:00:00	3338283.75
6/28/2011 16:00:00	3188262.5
6/29/2011 16:00:00	3146793.25
6/30/2011 16:00:00	3027263.5
7/1/2011 16:00:00	2884560.25
7/5/2011 16:00:00	2844310.75
7/6/2011 16:00:00	2813819
7/7/2011 16:00:00	2696728.75
7/8/2011 16:00:00	2721122
7/11/2011 16:00:00	2863826.25
7/12/2011 16:00:00	2932128.5
7/13/2011 16:00:00	2895537.75
7/14/2011 16:00:00	2994332.5
7/15/2011 16:00:00	2873583
7/18/2011 16:00:00	2924809.75
7/19/2011 16:00:00	2719902.25
7/20/2011 16:00:00	2756493.5
7/21/2011 16:00:00	2695509.25
7/22/2011 16:00:00	2615010
7/25/2011 16:00:00	2629645.5
7/26/2011 16:00:00	2610130.25
7/27/2011 16:00:00	2810159.75
7/28/2011 16:00:00	2799182.25
7/29/2011 16:00:00	2824795.5
8/1/2011 16:00:00	2862606
8/2/2011 16:00:00	3078490.25
8/3/2011 16:00:00	2995552
8/4/2011 16:00:00	3402927
8/5/2011 16:00:00	3470011.25
8/8/2011 16:00:00	4098148.5
8/9/2011 16:00:00	3511479.5
8/10/2011 16:00:00	3905439
8/11/2011 16:00:00	3410246
8/12/2011 16:00:00	3319989
8/15/2011 16:00:00	3174845.5
8/16/2011 16:00:00	3257784.5
8/17/2011 16:00:00	3313890.5
8/18/2011 16:00:00	3790788.5
8/19/2011 16:00:00	3999354.25
8/22/2011 16:00:00	3968862.25
8/23/2011 16:00:00	3476109
8/24/2011 16:00:00	3389511.25
8/25/2011 16:00:00	3551729.75
8/26/2011 16:00:00	3289496.5
8/29/2011 16:00:00	3011408
8/30/2011 16:00:00	2956521.5
8/31/2011 16:00:00	2940666
9/1/2011 16:00:00	3018725.75
9/2/2011 16:00:00	3224854
9/6/2011 16:00:00	3224854
9/7/2011 16:00:00	2978476.25
9/8/2011 16:00:00	3019946.25
9/9/2011 16:00:00	3217535.5
9/12/2011 16:00:00	3093127
9/13/2011 16:00:00	2973597.25
9/14/2011 16:00:00	2849189.75
9/15/2011 16:00:00	2717463.25
9/16/2011 16:00:00	2645501.75
9/19/2011 16:00:00	2638183.5
9/20/2011 16:00:00	2672334.75
9/21/2011 16:00:00	2812598.75
9/22/2011 16:00:00	3084588.75
9/23/2011 16:00:00	2985794
9/26/2011 16:00:00	2884560.25
9/27/2011 16:00:00	2799182.25
9/28/2011 16:00:00	2923590.75
9/29/2011 16:00:00	3017506.25
9/30/2011 16:00:00	3249246.5
10/3/2011 16:00:00	3509041
10/4/2011 16:00:00	3287057.25
10/5/2011 16:00:00	3039460.5
10/6/2011 16:00:00	2885780.25
10/7/2011 16:00:00	2941886.25
10/10/2011 16:00:00	2641842.75
10/11/2011 16:00:00	2589396.25
10/12/2011 16:00:00	2540608.75
10/13/2011 16:00:00	2473525.75
10/14/2011 16:00:00	2334481.25
10/17/2011 16:00:00	2443034
10/18/2011 16:00:00	2349117.75
10/19/2011 16:00:00	2489381.75
10/20/2011 16:00:00	2517435.5
10/21/2011 16:00:00	2429616.5
10/24/2011 16:00:00	2279595.75
10/25/2011 16:00:00	2408882.5
10/26/2011 16:00:00	2413760.75
10/27/2011 16:00:00	2218611.25
10/28/2011 16:00:00	2207633.75
10/31/2011 16:00:00	2318625.5
11/1/2011 16:00:00	2499139
11/2/2011 16:00:00	2435715.25
11/3/2011 16:00:00	2283254.5
11/4/2011 16:00:00	2319845
11/7/2011 16:00:00	2268618.5
11/8/2011 16:00:00	2189338.25
11/9/2011 16:00:00	2414981
11/10/2011 16:00:00	2425958
11/11/2011 16:00:00	2288133
11/14/2011 16:00:00	2329603.5
11/15/2011 16:00:00	2253982.25
11/16/2011 16:00:00	2361314.5
11/17/2011 16:00:00	2524752.5
11/18/2011 16:00:00	2586956.5
11/21/2011 16:00:00	2732099.25
11/22/2011 16:00:00	2707706
11/23/2011 16:00:00	2890659
11/25/2011 16:00:00	2957741.25
11/28/2011 16:00:00	2646721.5
11/29/2011 16:00:00	2699167.75
11/30/2011 16:00:00	2407662.5
12/1/2011 16:00:00	2349117.75
12/2/2011 16:00:00	2367413
12/5/2011 16:00:00	2291792.25
12/6/2011 16:00:00	2308867.75
12/7/2011 16:00:00	2310088
12/8/2011 16:00:00	2423519
12/9/2011 16:00:00	2308867.75
12/12/2011 16:00:00	2380829.5
12/13/2011 16:00:00	2463768.5
12/14/2011 16:00:00	2577199.25
12/15/2011 16:00:00	2600373.25
12/16/2011 16:00:00	2565002.25
12/19/2011 16:00:00	2632085.25
12/20/2011 16:00:00	2402784
12/21/2011 16:00:00	2499139
12/22/2011 16:00:00	2440594.25
12/23/2011 16:00:00	2375950.25
12/27/2011 16:00:00	2357655.25
12/28/2011 16:00:00	2433276
12/29/2011 16:00:00	2383269.5
12/30/2011 16:00:00	2401564.5
1/3/2012 16:00:00	2267399
1/4/2012 16:00:00	2236906.5
1/5/2012 16:00:00	2179581.25
1/6/2012 16:00:00	2157627.25
1/9/2012 16:00:00	2177141.75
1/10/2012 16:00:00	2132013.25
1/11/2012 16:00:00	2118597
1/12/2012 16:00:00	2089324.625
1/13/2012 16:00:00	2112498.5
1/17/2012 16:00:00	2061271.75
1/18/2012 16:00:00	1977113.5
1/19/2012 16:00:00	1936863
1/20/2012 16:00:00	1944181.625
1/23/2012 16:00:00	1944181.625
1/24/2012 16:00:00	1953939.375
1/25/2012 16:00:00	1880757.5
1/26/2012 16:00:00	1900272.875
1/27/2012 16:00:00	1883197
1/30/2012 16:00:00	1878318.625
1/31/2012 16:00:00	1869780.75
2/1/2012 16:00:00	1825871.75
2/2/2012 16:00:00	1807576.625
2/3/2012 16:00:00	1734395.375
2/6/2012 16:00:00	1735615
2/7/2012 16:00:00	1723417.875
2/8/2012 16:00:00	1700244.5
2/9/2012 16:00:00	1661213.875
2/10/2012 16:00:00	1695365.125
2/13/2012 16:00:00	1647797.25
2/14/2012 16:00:00	1635600.625
2/15/2012 16:00:00	1672191.125
2/16/2012 16:00:00	1600229.5
2/17/2012 16:00:00	1616085.75
2/21/2012 16:00:00	1601449.5
2/22/2012 16:00:00	1622184.25
2/23/2012 16:00:00	1591692
2/24/2012 16:00:00	1574616.375
2/27/2012 16:00:00	1569737.5
2/28/2012 16:00:00	1522169.75
2/29/2012 16:00:00	1541685
3/1/2012 16:00:00	1502654.625
3/2/2012 16:00:00	1507533.5
3/5/2012 16:00:00	1552661.875
3/6/2012 16:00:00	1599010
3/7/2012 16:00:00	1563639.125
3/8/2012 16:00:00	1511192.75
3/9/2012 16:00:00	1494116.875
3/12/2012 16:00:00	1491677.5
3/13/2012 16:00:00	1406299.375
3/14/2012 16:00:00	1390443.25
3/15/2012 16:00:00	1380686
3/16/2012 16:00:00	1383125.625
3/19/2012 16:00:00	1352633.125
3/20/2012 16:00:00	1345315.125
3/21/2012 16:00:00	1345315.125
3/22/2012 16:00:00	1353853
3/23/2012 16:00:00	1355072.75
3/26/2012 16:00:00	1283111.125
3/27/2012 16:00:00	1278232.5
3/28/2012 16:00:00	1292868.625
3/29/2012 16:00:00	1308724.25
3/30/2012 16:00:00	1316042.625
4/2/2012 16:00:00	1274573.125
4/3/2012 16:00:00	1275792.875
4/4/2012 16:00:00	1328239.25
4/5/2012 16:00:00	1302625.875
4/9/2012 16:00:00	1333118.125
4/10/2012 16:00:00	1395322.125
4/11/2012 16:00:00	1377027
4/12/2012 16:00:00	1328239.25
4/13/2012 16:00:00	1389223.75
4/16/2012 16:00:00	1431913.125
4/17/2012 16:00:00	1347754.625
4/18/2012 16:00:00	1357511.875
4/19/2012 16:00:00	1400201.25
4/20/2012 16:00:00	1417276.375
4/23/2012 16:00:00	1451427.875
4/24/2012 16:00:00	1477041.25
4/25/2012 16:00:00	1358731.625
4/26/2012 16:00:00	1334337.875
4/27/2012 16:00:00	1312383.625
4/30/2012 16:00:00	1337996.875
5/1/2012 16:00:00	1331898.125
5/2/2012 16:00:00	1322140.75
5/3/2012 16:00:00	1361171.25
5/4/2012 16:00:00	1463625
5/7/2012 16:00:00	1459965.625
5/8/2012 16:00:00	1477041.25
5/9/2012 16:00:00	1484359.375
5/10/2012 16:00:00	1500215.25
5/11/2012 16:00:00	1500520
5/14/2012 16:00:00	1542294.375
5/15/2012 16:00:00	1556930.75
5/16/2012 16:00:00	1589862.375
5/17/2012 16:00:00	1690486.5
5/18/2012 16:00:00	1751166.25
5/21/2012 16:00:00	1609072.5
5/22/2012 16:00:00	1615170.75
5/23/2012 16:00:00	1603888.75
5/24/2012 16:00:00	1633466.25
5/25/2012 16:00:00	1643223.375
5/29/2012 16:00:00	1579495.125
5/30/2012 16:00:00	1617915
5/31/2012 16:00:00	1640174.125
6/1/2012 16:00:00	1772815.5
6/4/2012 16:00:00	1731041.125
6/5/2012 16:00:00	1708476.75
6/6/2012 16:00:00	1589862.375
6/7/2012 16:00:00	1608767.75
6/8/2012 16:00:00	1561199.75
6/11/2012 16:00:00	1634686
6/12/2012 16:00:00	1581934.5
6/13/2012 16:00:00	1615170.75
6/14/2012 16:00:00	1594741.25
6/15/2012 16:00:00	1532841.875
6/18/2012 16:00:00	1494421.625
6/19/2012 16:00:00	1446549.125
6/20/2012 16:00:00	1441670.25
6/21/2012 16:00:00	1549307.875
6/22/2012 16:00:00	1501130
6/25/2012 16:00:00	1588643
6/26/2012 16:00:00	1557540.75
6/27/2012 16:00:00	1529792.875
6/28/2012 16:00:00	1577665.5
6/29/2012 16:00:00	1430693.125
7/2/2012 16:00:00	1416361.625
7/3/2012 16:00:00	1382820.25
7/5/2012 16:00:00	1379771.375
7/6/2012 16:00:00	1430693.125
7/9/2012 16:00:00	1438316.25
7/10/2012 16:00:00	1478260.75
7/11/2012 16:00:00	1504484.125
7/12/2012 16:00:00	1547478.125
7/13/2012 16:00:00	1477956.125
7/16/2012 16:00:00	1489543.25
7/17/2012 16:00:00	1465759.25
7/18/2012 16:00:00	1405079.875
7/19/2012 16:00:00	1359341.5
7/20/2012 16:00:00	1410568.25
7/23/2012 16:00:00	1463625
7/24/2012 16:00:00	1497776
7/25/2012 16:00:00	1528268.25
7/26/2012 16:00:00	1470028.375
7/27/2012 16:00:00	1360866
7/30/2012 16:00:00	1367879.375
7/31/2012 16:00:00	1369098.875
8/1/2012 16:00:00	1376721.75
8/2/2012 16:00:00	1392882.75
8/3/2012 16:00:00	1313603.375
8/6/2012 16:00:00	1284025.625
8/7/2012 16:00:00	1251704
8/8/2012 16:00:00	1253838.625
8/9/2012 16:00:00	1243471.125
8/10/2012 16:00:00	1238592.5
8/13/2012 16:00:00	1230054.5
8/14/2012 16:00:00	1228835
8/15/2012 16:00:00	1219687.125
8/16/2012 16:00:00	1175778.5
8/17/2012 16:00:00	1159922.5
8/20/2012 16:00:00	1154433.875
8/21/2012 16:00:00	1169375.125
8/22/2012 16:00:00	1155044
8/23/2012 16:00:00	1180657.25
8/24/2012 16:00:00	1161142.625
8/27/2012 16:00:00	1155044
8/28/2012 16:00:00	1154129.25
8/29/2012 16:00:00	1154129.25
8/30/2012 16:00:00	1189195.25
8/31/2012 16:00:00	1166325.625
9/4/2012 16:00:00	1167240.625
9/5/2012 16:00:00	1172119.5
9/6/2012 16:00:00	1094669.125
9/7/2012 16:00:00	1098328.375
9/10/2012 16:00:00	1139187.625
9/11/2012 16:00:00	1144676.625
9/12/2012 16:00:00	1134004.25
9/13/2012 16:00:00	1089180.875
9/14/2012 16:00:00	1059603.5
9/17/2012 16:00:00	1058688.75
9/18/2012 16:00:00	1056249.25
9/19/2012 16:00:00	1049236.125
9/20/2012 16:00:00	1052285.125
9/21/2012 16:00:00	1051980.5
9/24/2012 16:00:00	1072105.25
9/25/2012 16:00:00	1114489.5
9/26/2012 16:00:00	1141932.25
9/27/2012 16:00:00	1094364.375
9/28/2012 16:00:00	1121502.125
10/1/2012 16:00:00	1125466.375
10/2/2012 16:00:00	1116319.125
10/3/2012 16:00:00	1096499
10/4/2012 16:00:00	1083997
10/5/2012 16:00:00	1101072.875
10/8/2012 16:00:00	1130650.375
10/9/2012 16:00:00	1185840.875
10/10/2012 16:00:00	1202916.625
10/11/2012 16:00:00	1216028.25
10/12/2012 16:00:00	1216638
10/15/2012 16:00:00	1190414.75
10/16/2012 16:00:00	1136443.625
10/17/2012 16:00:00	1141017.5
10/18/2012 16:00:00	1178827.625
10/19/2012 16:00:00	1264815.75
10/22/2012 16:00:00	1245300.875
10/23/2012 16:00:00	1281281.5
10/24/2012 16:00:00	1295917.75
10/25/2012 16:00:00	1292563.625
10/26/2012 16:00:00	1280671.625
10/31/2012 16:00:00	1305065.125
11/1/2012 16:00:00	1248960.125
11/2/2012 16:00:00	1291343.875
11/5/2012 16:00:00	1263291.5
11/6/2012 16:00:00	1255363.125
11/7/2012 16:00:00	1343790.5
11/8/2012 16:00:00	1408433.75
11/9/2012 16:00:00	1390443.25
11/12/2012 16:00:00	1390138.625
11/13/2012 16:00:00	1419411
11/14/2012 16:00:00	1469723.25
11/15/2012 16:00:00	1485579.25
11/16/2012 16:00:00	1468808.375
11/19/2012 16:00:00	1359951.125
11/20/2012 16:00:00	1359646.75
11/21/2012 16:00:00	1350193.625
11/23/2012 16:00:00	1288904.5
11/26/2012 16:00:00	1271829
11/27/2012 16:00:00	1284940.375
11/28/2012 16:00:00	1253229
11/29/2012 16:00:00	1230054.5
11/30/2012 16:00:00	1234018.5
12/3/2012 16:00:00	1241032
12/4/2012 16:00:00	1247740
12/5/2012 16:00:00	1285550.625
12/6/2012 16:00:00	1262376.25
12/7/2012 16:00:00	1283416
12/10/2012 16:00:00	1271219.375
12/11/2012 16:00:00	1222126.625
12/12/2012 16:00:00	1231274.375
12/13/2012 16:00:00	1258412.375
12/14/2012 16:00:00	1294088.25
12/17/2012 16:00:00	1242251.5
12/18/2012 16:00:00	1185231.125
12/19/2012 16:00:00	1202306.75
12/20/2012 16:00:00	1201392
12/21/2012 16:00:00	1238897.125
12/24/2012 16:00:00	1248654.875
12/26/2012 16:00:00	1278842.125
12/27/2012 16:00:00	1284331
12/28/2012 16:00:00	1321531.625
12/31/2012 16:00:00	1236457.875
1/2/2013 16:00:00	1118758.125
1/3/2013 16:00:00	1135528.875
1/4/2013 16:00:00	1146810.875
1/7/2013 16:00:00	1144676.625
1/8/2013 16:00:00	1151079.875
1/9/2013 16:00:00	1140712.375
1/10/2013 16:00:00	1119977.875
1/11/2013 16:00:00	1115403.875
1/14/2013 16:00:00	1129735.5
1/15/2013 16:00:00	1146201.125
1/16/2013 16:00:00	1132479.625
1/17/2013 16:00:00	1115709
1/18/2013 16:00:00	1123941.875
1/22/2013 16:00:00	1117538.625
1/23/2013 16:00:00	1098328.375
1/24/2013 16:00:00	1142542.125
1/25/2013 16:00:00	1125771.125
1/28/2013 16:00:00	1119673
1/29/2013 16:00:00	1118148.125
1/30/2013 16:00:00	1122112.25
1/31/2013 16:00:00	1131260
2/1/2013 16:00:00	1091925.125
2/4/2013 16:00:00	1148945.25
2/5/2013 16:00:00	1098633.25
2/6/2013 16:00:00	1108695.75
2/7/2013 16:00:00	1105646.5
2/8/2013 16:00:00	1071800.25
2/11/2013 16:00:00	1071800.25
2/12/2013 16:00:00	1084301.875
2/13/2013 16:00:00	1072105.25
2/14/2013 16:00:00	1073934.875
2/15/2013 16:00:00	1082777.25
2/19/2013 16:00:00	1058688.75
2/20/2013 16:00:00	1105951.5
2/21/2013 16:00:00	1143761.75
2/22/2013 16:00:00	1109610.125
2/25/2013 16:00:00	1150775
2/26/2013 16:00:00	1137358.5
2/27/2013 16:00:00	1101682.5
2/28/2013 16:00:00	1107476.125
3/1/2013 16:00:00	1092534.875
3/4/2013 16:00:00	1077898.625
3/5/2013 16:00:00	1031855.5
3/6/2013 16:00:00	1039783.3125
3/7/2013 16:00:00	1031245.5
3/8/2013 16:00:00	1027281.6875
3/11/2013 16:00:00	1018743.625
3/12/2013 16:00:00	1031245.5
3/13/2013 16:00:00	1033990.0625
3/14/2013 16:00:00	1023622.6875
3/15/2013 16:00:00	1031855.5
3/18/2013 16:00:00	1039478.4375
3/19/2013 16:00:00	1042832.375
3/20/2013 16:00:00	1023317.5
3/21/2013 16:00:00	1056249.25
3/22/2013 16:00:00	1027281.6875
3/25/2013 16:00:00	1037648.875
3/26/2013 16:00:00	1020878.5625
3/27/2013 16:00:00	1015694.4375
3/28/2013 16:00:00	1009291.1875
4/1/2013 16:00:00	1029416
4/2/2013 16:00:00	1005022.5
4/3/2013 16:00:00	1030025.6875
4/4/2013 16:00:00	1030330.875
4/5/2013 16:00:00	1057163.625
4/8/2013 16:00:00	1040393.1875
4/9/2013 16:00:00	1019353.5
4/10/2013 16:00:00	959893.9375
4/11/2013 16:00:00	959588.9375
4/12/2013 16:00:00	961723.6875
4/15/2013 16:00:00	1020268.5
4/16/2013 16:00:00	977579.5625
4/17/2013 16:00:00	1035819.5625
4/18/2013 16:00:00	1079727.875
4/19/2013 16:00:00	1032465.4375
4/22/2013 16:00:00	1003192.6875
4/23/2013 16:00:00	974530.1875
4/24/2013 16:00:00	975749.625
4/25/2013 16:00:00	959588.9375
4/26/2013 16:00:00	968431.5
4/29/2013 16:00:00	941903.6875
4/30/2013 16:00:00	921168.8125
5/1/2013 16:00:00	932755.875
5/2/2013 16:00:00	899214.4375
5/3/2013 16:00:00	867502.8125
5/6/2013 16:00:00	857439.9375
5/7/2013 16:00:00	859269.75
5/8/2013 16:00:00	845243.25
5/9/2013 16:00:00	847987.625
5/10/2013 16:00:00	833046.4375
5/13/2013 16:00:00	829997.25
5/14/2013 16:00:00	818105.25
5/15/2013 16:00:00	812921.625
5/16/2013 16:00:00	815665.75
5/17/2013 16:00:00	791272.1875
5/20/2013 16:00:00	796455.75
5/21/2013 16:00:00	791882
5/22/2013 16:00:00	812616.5625
5/23/2013 16:00:00	818715.0625
5/24/2013 16:00:00	819934.6875
5/28/2013 16:00:00	803469
5/29/2013 16:00:00	815665.75
5/30/2013 16:00:00	802554.3125
5/31/2013 16:00:00	826948.0625
6/3/2013 16:00:00	819324.875
6/4/2013 16:00:00	832741.4375
6/5/2013 16:00:00	864453.25
6/6/2013 16:00:00	852866.375
6/7/2013 16:00:00	817800.3125
6/10/2013 16:00:00	816580.5625
6/11/2013 16:00:00	840974.3125
6/12/2013 16:00:00	869637.0625
6/13/2013 16:00:00	837315.3125
6/14/2013 16:00:00	852561.5
6/17/2013 16:00:00	829387.375
6/18/2013 16:00:00	808957.5
6/19/2013 16:00:00	835485.8125
6/20/2013 16:00:00	896775.1875
6/21/2013 16:00:00	907142.4375
6/24/2013 16:00:00	934585.125
6/25/2013 16:00:00	916290.0625
6/26/2013 16:00:00	891286.5
6/27/2013 16:00:00	878479.875
6/28/2013 16:00:00	877565.0625
7/1/2013 16:00:00	859574.5625
7/2/2013 16:00:00	859879.3125
7/3/2013 16:00:00	847682.5625
7/5/2013 16:00:00	829082.5
7/8/2013 16:00:00	826033.25
7/9/2013 16:00:00	811092.125
7/10/2013 16:00:00	796760.875
7/11/2013 16:00:00	748888
7/12/2013 16:00:00	739740.1875
7/15/2013 16:00:00	734251.75
7/16/2013 16:00:00	736995.875
7/17/2013 16:00:00	732117.25
7/18/2013 16:00:00	736386.3125
7/19/2013 16:00:00	759255.3125
7/22/2013 16:00:00	753156.9375
7/23/2013 16:00:00	769622.5625
7/24/2013 16:00:00	761999.6875
7/25/2013 16:00:00	747363.3125
7/26/2013 16:00:00	735776.25
7/29/2013 16:00:00	738520.625
7/30/2013 16:00:00	728458.1875
7/31/2013 16:00:00	724799.1875
8/1/2013 16:00:00	701930.125
8/2/2013 16:00:00	689733.125
8/5/2013 16:00:00	688818.5
8/6/2013 16:00:00	701015.4375
8/7/2013 16:00:00	703149.6875
8/8/2013 16:00:00	693392.3125
8/9/2013 16:00:00	701930.125
8/12/2013 16:00:00	698270.9375
8/13/2013 16:00:00	685769.25
8/14/2013 16:00:00	693697.0625
8/15/2013 16:00:00	728153.1875
8/16/2013 16:00:00	729982.8125
8/19/2013 16:00:00	733337
8/20/2013 16:00:00	723274.5625
8/21/2013 16:00:00	730897.6875
8/22/2013 16:00:00	710162.75
8/23/2013 16:00:00	695831.5
8/26/2013 16:00:00	694916.8125
8/27/2013 16:00:00	736995.875
8/28/2013 16:00:00	727848.4375
8/29/2013 16:00:00	713212.25
8/30/2013 16:00:00	726018.875
9/3/2013 16:00:00	714126.9375
9/4/2013 16:00:00	690343
9/5/2013 16:00:00	687903.5625
9/6/2013 16:00:00	683939.6875
9/9/2013 16:00:00	660155.75
9/10/2013 16:00:00	651008.0625
9/11/2013 16:00:00	654972.1875
9/12/2013 16:00:00	657106.5625
9/13/2013 16:00:00	654972.1875
9/16/2013 16:00:00	660460.6875
9/17/2013 16:00:00	646739.125
9/18/2013 16:00:00	623565.125
9/19/2013 16:00:00	619296.25
9/20/2013 16:00:00	625394.625
9/23/2013 16:00:00	629053.6875
9/24/2013 16:00:00	629053.6875
9/25/2013 16:00:00	634847.125
9/26/2013 16:00:00	620211
9/27/2013 16:00:00	622040.375
9/30/2013 16:00:00	629663.625
10/1/2013 16:00:00	608928.8125
10/2/2013 16:00:00	608928.8125
10/3/2013 16:00:00	630273.4375
10/4/2013 16:00:00	614112.5625
10/7/2013 16:00:00	629053.6875
10/8/2013 16:00:00	664424.625
10/9/2013 16:00:00	672047.75
10/10/2013 16:00:00	629358.875
10/11/2013 16:00:00	614722.3125
10/14/2013 16:00:00	601001
10/15/2013 16:00:00	608319
10/16/2013 16:00:00	587279.4375
10/17/2013 16:00:00	577826.75
10/18/2013 16:00:00	549774.125
10/21/2013 16:00:00	546419.875
10/22/2013 16:00:00	543675.5625
10/23/2013 16:00:00	553128.1875
10/24/2013 16:00:00	545810.0625
10/25/2013 16:00:00	534832.9375
10/28/2013 16:00:00	533918.125
10/29/2013 16:00:00	531478.6875
10/30/2013 16:00:00	533308.3125
10/31/2013 16:00:00	535747.625
11/1/2013 16:00:00	536052.625
11/4/2013 16:00:00	533613.25
11/5/2013 16:00:00	531173.9375
11/6/2013 16:00:00	532088.75
11/7/2013 16:00:00	561970.9375
11/8/2013 16:00:00	539406.8125
11/11/2013 16:00:00	541541.1875
11/12/2013 16:00:00	539101.6875
11/13/2013 16:00:00	518366.9375
11/14/2013 16:00:00	515622.75
11/15/2013 16:00:00	511658.75
11/18/2013 16:00:00	526295.0625
11/19/2013 16:00:00	530869
11/20/2013 16:00:00	534832.9375
11/21/2013 16:00:00	518671.90625
11/22/2013 16:00:00	510134.25
11/25/2013 16:00:00	506780.03125
11/26/2013 16:00:00	498852.125
11/27/2013 16:00:00	487874.8125
11/29/2013 16:00:00	480556.78125
12/2/2013 16:00:00	483910.84375
12/3/2013 16:00:00	483910.84375
12/4/2013 16:00:00	482996.0625
12/5/2013 16:00:00	484825.75
12/6/2013 16:00:00	474458.3125
12/9/2013 16:00:00	469274.59375
12/10/2013 16:00:00	469579.65625
12/11/2013 16:00:00	487874.8125
12/12/2013 16:00:00	490924.15625
12/13/2013 16:00:00	493363.53125
12/16/2013 16:00:00	484825.75
12/17/2013 16:00:00	487265.09375
12/18/2013 16:00:00	470494.28125
12/19/2013 16:00:00	474763.40625
12/20/2013 16:00:00	460431.9375
12/23/2013 16:00:00	446100.6875
12/24/2013 16:00:00	444880.84375
12/26/2013 16:00:00	441221.90625
12/27/2013 16:00:00	444271.21875
12/30/2013 16:00:00	445795.71875
12/31/2013 16:00:00	437562.8125
1/2/2014 16:00:00	447625.1875
1/3/2014 16:00:00	457382.78125
1/6/2014 16:00:00	462261.34375
1/7/2014 16:00:00	449454.75
1/8/2014 16:00:00	446100.6875
1/9/2014 16:00:00	451589.09375
1/10/2014 16:00:00	446405.59375
1/13/2014 16:00:00	466225.53125
1/14/2014 16:00:00	440307.09375
1/15/2014 16:00:00	429024.84375
1/16/2014 16:00:00	428110.25
1/17/2014 16:00:00	436343.0625
1/21/2014 16:00:00	425975.75
1/22/2014 16:00:00	422316.71875
1/23/2014 16:00:00	427500.34375
1/24/2014 16:00:00	452808.875
1/27/2014 16:00:00	465082.09375
1/28/2014 16:00:00	465691.8125
1/29/2014 16:00:00	481319.0625
1/30/2014 16:00:00	455629.34375
1/31/2014 16:00:00	458145.03125
2/3/2014 16:00:00	489704.4375
2/4/2014 16:00:00	477507.5
2/5/2014 16:00:00	482614.90625
2/6/2014 16:00:00	463786.09375
2/7/2014 16:00:00	439011.1875
2/10/2014 16:00:00	431388.09375
2/11/2014 16:00:00	416751.90625
2/12/2014 16:00:00	414388.6875
2/13/2014 16:00:00	404936.1875
2/14/2014 16:00:00	402649.3125
2/18/2014 16:00:00	396931.9375
2/19/2014 16:00:00	404631.3125
2/20/2014 16:00:00	398990.21875
2/21/2014 16:00:00	401277.15625
2/24/2014 16:00:00	393501.59375
2/25/2014 16:00:00	395559.875
2/26/2014 16:00:00	396550.8125
2/27/2014 16:00:00	388851.5625
2/28/2014 16:00:00	389995
3/3/2014 16:00:00	398456.59375
3/4/2014 16:00:00	383515.5
3/5/2014 16:00:00	380008.75
3/6/2014 16:00:00	381228.5
3/7/2014 16:00:00	386793.375
3/10/2014 16:00:00	385802.28125
3/11/2014 16:00:00	390681.09375
3/12/2014 16:00:00	386183.46875
3/13/2014 16:00:00	402801.78125
3/14/2014 16:00:00	411034.65625
3/17/2014 16:00:00	399904.9375
3/18/2014 16:00:00	385268.65625
3/19/2014 16:00:00	391672.03125
3/20/2014 16:00:00	388394.15625
3/21/2014 16:00:00	402572.90625
3/24/2014 16:00:00	412635.46875
3/25/2014 16:00:00	408900.15625
3/26/2014 16:00:00	424756.15625
3/27/2014 16:00:00	431997.90625
3/28/2014 16:00:00	429024.84375
3/31/2014 16:00:00	420106.03125
4/1/2014 16:00:00	397846.6875
4/2/2014 16:00:00	394721.3125
4/3/2014 16:00:00	404097.65625
4/4/2014 16:00:00	437105.46875
4/7/2014 16:00:00	448463.84375
4/8/2014 16:00:00	436495.53125
4/9/2014 16:00:00	414007.625
4/10/2014 16:00:00	452122.875
4/11/2014 16:00:00	468436.15625
4/14/2014 16:00:00	457077.8125
4/15/2014 16:00:00	452885.15625
4/16/2014 16:00:00	435047.15625
4/17/2014 16:00:00	434208.6875
4/21/2014 16:00:00	424832.28125
4/22/2014 16:00:00	414312.625
4/23/2014 16:00:00	425365.875
4/24/2014 16:00:00	413169.09375
4/25/2014 16:00:00	432836.46875
4/28/2014 16:00:00	428338.90625
4/29/2014 16:00:00	418505.1875
4/30/2014 16:00:00	414846.15625
5/1/2014 16:00:00	411187.0625
5/2/2014 16:00:00	413474.03125
5/5/2014 16:00:00	407299.40625
5/6/2014 16:00:00	422697.90625
5/7/2014 16:00:00	426661.9375
5/8/2014 16:00:00	428034.15625
5/9/2014 16:00:00	422926.625
5/12/2014 16:00:00	402268.125
5/13/2014 16:00:00	401353.3125
5/14/2014 16:00:00	407528.03125
5/15/2014 16:00:00	416828.15625
5/16/2014 16:00:00	408976.40625
5/19/2014 16:00:00	400209.875
5/20/2014 16:00:00	404631.3125
5/21/2014 16:00:00	393272.875
5/22/2014 16:00:00	388013.03125
5/23/2014 16:00:00	379246.5625
5/27/2014 16:00:00	364610.21875
5/28/2014 16:00:00	368345.5625
5/29/2014 16:00:00	361484.875
5/30/2014 16:00:00	361256.125
6/2/2014 16:00:00	362170.9375
6/3/2014 16:00:00	362628.28125
6/4/2014 16:00:00	358588.03125
6/5/2014 16:00:00	349592.90625
6/6/2014 16:00:00	343570.59375
6/9/2014 16:00:00	344485.4375
6/10/2014 16:00:00	342808.3125
6/11/2014 16:00:00	342884.625
6/12/2014 16:00:00	351803.59375
6/13/2014 16:00:00	348983.03125
6/16/2014 16:00:00	347992.03125
6/17/2014 16:00:00	347305.9375
6/18/2014 16:00:00	341207.5625
6/19/2014 16:00:00	342045.96875
6/20/2014 16:00:00	341131.34375
6/23/2014 16:00:00	340597.65625
6/24/2014 16:00:00	342198.53125
6/25/2014 16:00:00	335032.84375
6/26/2014 16:00:00	334651.71875
6/27/2014 16:00:00	330077.875
6/30/2014 16:00:00	328629.5
7/1/2014 16:00:00	317423.5625
7/2/2014 16:00:00	316127.65625
7/3/2014 16:00:00	310258
7/7/2014 16:00:00	313002.25
7/8/2014 16:00:00	323903.21875
7/9/2014 16:00:00	316890
7/10/2014 16:00:00	319863
7/11/2014 16:00:00	313917.0625
7/14/2014 16:00:00	307818.59375
7/15/2014 16:00:00	311172.71875
7/16/2014 16:00:00	307437.46875
7/17/2014 16:00:00	319786.8125
7/18/2014 16:00:00	304616.96875
7/21/2014 16:00:00	305684.125
7/22/2014 16:00:00	299433.28125
7/23/2014 16:00:00	293944.625
7/24/2014 16:00:00	294783.21875
7/25/2014 16:00:00	298442.15625
7/28/2014 16:00:00	297984.75
7/29/2014 16:00:00	299509.4375
7/30/2014 16:00:00	295926.625
7/31/2014 16:00:00	313917.0625
8/1/2014 16:00:00	317423.5625
8/4/2014 16:00:00	310867.78125
8/5/2014 16:00:00	317881
8/6/2014 16:00:00	318490.8125
8/7/2014 16:00:00	321768.71875
8/8/2014 16:00:00	314755.53125
8/11/2014 16:00:00	308885.71875
8/12/2014 16:00:00	309495.6875
8/13/2014 16:00:00	299585.65625
8/14/2014 16:00:00	294935.65625
8/15/2014 16:00:00	290742.96875
8/18/2014 16:00:00	283958.4375
8/19/2014 16:00:00	278850.96875
8/20/2014 16:00:00	278927.25
8/21/2014 16:00:00	277631.28125
8/22/2014 16:00:00	276259.1875
8/25/2014 16:00:00	273286.1875
8/26/2014 16:00:00	272142.71875
8/27/2014 16:00:00	272142.71875
8/28/2014 16:00:00	273209.9375
8/29/2014 16:00:00	269931.96875
9/2/2014 16:00:00	267645.15625
9/3/2014 16:00:00	272218.9375
9/4/2014 16:00:00	273057.53125
9/5/2014 16:00:00	268788.5
9/8/2014 16:00:00	267263.9375
9/9/2014 16:00:00	273896.0625
9/10/2014 16:00:00	267187.78125
9/11/2014 16:00:00	267721.3125
9/12/2014 16:00:00	271837.78125
9/15/2014 16:00:00	279841.96875
9/16/2014 16:00:00	272600.0625
9/17/2014 16:00:00	271227.90625
9/18/2014 16:00:00	265205.75
9/19/2014 16:00:00	265739.34375
9/22/2014 16:00:00	272905.03125
9/23/2014 16:00:00	275115.71875
9/24/2014 16:00:00	266730.375
9/25/2014 16:00:00	283043.65625
9/26/2014 16:00:00	273819.8125
9/29/2014 16:00:00	274887.0625
9/30/2014 16:00:00	273743.65625
10/1/2014 16:00:00	287007.65625
10/2/2014 16:00:00	287236.3125
10/3/2014 16:00:00	278622.375
10/6/2014 16:00:00	280146.96875
10/7/2014 16:00:00	292115.0625
10/8/2014 16:00:00	275191.90625
10/9/2014 16:00:00	288379.84375
10/10/2014 16:00:00	309953.03125
10/13/2014 16:00:00	324131.875
10/14/2014 16:00:00	324436.78125
10/15/2014 16:00:00	330687.71875
10/16/2014 16:00:00	336862.4375
10/17/2014 16:00:00	323750.6875
10/20/2014 16:00:00	309190.71875
10/21/2014 16:00:00	284720.8125
10/22/2014 16:00:00	289294.59375
10/23/2014 16:00:00	275649.40625
10/24/2014 16:00:00	269322.15625
10/27/2014 16:00:00	268483.71875
10/28/2014 16:00:00	256591.65625
10/29/2014 16:00:00	259335.953125
10/30/2014 16:00:00	257430.265625
10/31/2014 16:00:00	246986.671875
11/3/2014 16:00:00	244623.546875
11/4/2014 16:00:00	247139.1875
11/5/2014 16:00:00	246910.4375
11/6/2014 16:00:00	244776
11/7/2014 16:00:00	245462.078125
11/10/2014 16:00:00	242794
11/11/2014 16:00:00	240430.921875
11/12/2014 16:00:00	239211.15625
11/13/2014 16:00:00	236238.109375
11/14/2014 16:00:00	233951.328125
11/17/2014 16:00:00	236161.9375
11/18/2014 16:00:00	230749.515625
11/19/2014 16:00:00	233722.59375
11/20/2014 16:00:00	230673.375
11/21/2014 16:00:00	229224.9375
11/24/2014 16:00:00	223660.171875
11/25/2014 16:00:00	222821.625
11/26/2014 16:00:00	218400.25
11/28/2014 16:00:00	215274.765625
12/1/2014 16:00:00	222745.453125
12/2/2014 16:00:00	220001.078125
12/3/2014 16:00:00	218781.40625
12/4/2014 16:00:00	219315.0625
12/5/2014 16:00:00	219086.328125
12/8/2014 16:00:00	224041.328125
12/9/2014 16:00:00	221449.4375
12/10/2014 16:00:00	232197.96875
12/11/2014 16:00:00	228843.8125
12/12/2014 16:00:00	236238.109375
12/15/2014 16:00:00	243556.3125
12/16/2014 16:00:00	255372.015625
12/17/2014 16:00:00	242107.875
12/18/2014 16:00:00	223888.875
12/19/2014 16:00:00	221068.3125
12/22/2014 16:00:00	219391.265625
12/23/2014 16:00:00	221525.75
12/24/2014 16:00:00	220992.09375
12/26/2014 16:00:00	216342.046875
12/29/2014 16:00:00	216494.53125
12/30/2014 16:00:00	220610.953125
12/31/2014 16:00:00	227471.765625
1/2/2015 16:00:00	228920.09375
1/5/2015 16:00:00	240202.125
1/6/2015 16:00:00	249044.921875
1/7/2015 16:00:00	239821.015625
1/8/2015 16:00:00	225794.546875
1/9/2015 16:00:00	230215.96875
1/12/2015 16:00:00	237457.84375
1/13/2015 16:00:00	237610.359375
1/14/2015 16:00:00	241650.546875
1/15/2015 16:00:00	251103.15625
1/16/2015 16:00:00	242260.40625
1/20/2015 16:00:00	236390.625
1/21/2015 16:00:00	232655.328125
1/22/2015 16:00:00	219924.828125
1/23/2015 16:00:00	218628.96875
1/26/2015 16:00:00	219086.328125
1/27/2015 16:00:00	236009.484375
1/28/2015 16:00:00	239744.78125
1/29/2015 16:00:00	232960.296875
1/30/2015 16:00:00	238448.890625
2/2/2015 16:00:00	232274.171875
2/3/2015 16:00:00	225260.96875
2/4/2015 16:00:00	226023.3125
2/5/2015 16:00:00	220382.21875
2/6/2015 16:00:00	224193.796875
2/9/2015 16:00:00	226404.4375
2/10/2015 16:00:00	215579.734375
2/11/2015 16:00:00	213292.84375
2/12/2015 16:00:00	205898.4375
2/13/2015 16:00:00	200486.09375
2/17/2015 16:00:00	199952.46875
2/18/2015 16:00:00	199266.40625
2/19/2015 16:00:00	196217.1875
2/20/2015 16:00:00	192329.40625
2/23/2015 16:00:00	191567.140625
2/24/2015 16:00:00	191109.75
2/25/2015 16:00:00	192634.328125
2/26/2015 16:00:00	189661.375
2/27/2015 16:00:00	192100.75
3/2/2015 16:00:00	186917.09375
3/3/2015 16:00:00	189508.953125
3/4/2015 16:00:00	191567.140625
3/5/2015 16:00:00	190804.828125
3/6/2015 16:00:00	197513.109375
3/9/2015 16:00:00	195683.578125
3/10/2015 16:00:00	206355.8125
3/11/2015 16:00:00	210091.140625
3/12/2015 16:00:00	205746.03125
3/13/2015 16:00:00	208414.078125
3/16/2015 16:00:00	200486.09375
3/17/2015 16:00:00	199418.875
3/18/2015 16:00:00	193244.203125
3/19/2015 16:00:00	192558.140625
3/20/2015 16:00:00	188365.4375
3/23/2015 16:00:00	189966.28125
3/24/2015 16:00:00	191948.28125
3/25/2015 16:00:00	205288.640625
3/26/2015 16:00:00	207423.078125
3/27/2015 16:00:00	204831.21875
3/30/2015 16:00:00	197589.296875
3/31/2015 16:00:00	203992.6875
4/1/2015 16:00:00	207118.15625
4/2/2015 16:00:00	206660.75
4/6/2015 16:00:00	201858.25
4/7/2015 16:00:00	202773.03125
4/8/2015 16:00:00	197970.5
4/9/2015 16:00:00	194235.21875
4/10/2015 16:00:00	191795.875
4/13/2015 16:00:00	193320.4375
4/14/2015 16:00:00	194997.5
4/15/2015 16:00:00	191338.4375
4/16/2015 16:00:00	192024.484375
4/17/2015 16:00:00	200791.03125
4/20/2015 16:00:00	191948.28125
4/21/2015 16:00:00	189432.65625
4/22/2015 16:00:00	186535.921875
4/23/2015 16:00:00	184325.25
4/24/2015 16:00:00	176930.90625
4/27/2015 16:00:00	178074.359375
4/28/2015 16:00:00	179217.78125
4/29/2015 16:00:00	182495.703125
4/30/2015 16:00:00	191185.984375
5/1/2015 16:00:00	183486.734375
5/4/2015 16:00:00	182724.421875
5/5/2015 16:00:00	191414.6875
5/6/2015 16:00:00	195454.890625
5/7/2015 16:00:00	191872.03125
5/8/2015 16:00:00	184935.046875
5/11/2015 16:00:00	186993.28125
5/12/2015 16:00:00	189661.375
5/13/2015 16:00:00	188365.4375
5/14/2015 16:00:00	180132.515625
5/15/2015 16:00:00	179827.625
5/18/2015 16:00:00	177845.65625
5/19/2015 16:00:00	178379.265625
5/20/2015 16:00:00	177921.84375
5/21/2015 16:00:00	174948.890625
5/22/2015 16:00:00	175634.984375
5/26/2015 16:00:00	181809.59375
5/27/2015 16:00:00	172814.46875
5/28/2015 16:00:00	173957.875
5/29/2015 16:00:00	177083.328125
6/1/2015 16:00:00	175482.53125
6/2/2015 16:00:00	177159.546875
6/3/2015 16:00:00	175634.984375
6/4/2015 16:00:00	179370.265625
6/5/2015 16:00:00	180589.921875
6/8/2015 16:00:00	186231.015625
6/9/2015 16:00:00	187069.53125
6/10/2015 16:00:00	179598.9375
6/11/2015 16:00:00	178607.984375
6/12/2015 16:00:00	182953.125
6/15/2015 16:00:00	185544.921875
6/16/2015 16:00:00	182953.125
6/17/2015 16:00:00	181199.796875
6/18/2015 16:00:00	173805.40625
6/19/2015 16:00:00	176244.8125
6/22/2015 16:00:00	172204.625
6/23/2015 16:00:00	171518.515625
6/24/2015 16:00:00	174186.578125
6/25/2015 16:00:00	175330.0625
6/26/2015 16:00:00	178531.734375
6/29/2015 16:00:00	191109.75
6/30/2015 16:00:00	188975.3125
7/1/2015 16:00:00	185011.328125
7/2/2015 16:00:00	184477.75
7/6/2015 16:00:00	185773.640625
7/7/2015 16:00:00	184477.75
7/8/2015 16:00:00	194387.671875
7/9/2015 16:00:00	194768.828125
7/10/2015 16:00:00	185773.640625
7/13/2015 16:00:00	175939.921875
7/14/2015 16:00:00	172433.28125
7/15/2015 16:00:00	171899.65625
7/16/2015 16:00:00	164734
7/17/2015 16:00:00	157492.109375
7/20/2015 16:00:00	155662.609375
7/21/2015 16:00:00	156120.015625
7/22/2015 16:00:00	160998.703125
7/23/2015 16:00:00	162980.703125
7/24/2015 16:00:00	167783.25
7/27/2015 16:00:00	171823.46875
7/28/2015 16:00:00	167325.859375
7/29/2015 16:00:00	165267.59375
7/30/2015 16:00:00	163209.375
7/31/2015 16:00:00	163743.046875
8/3/2015 16:00:00	165038.9375
8/4/2015 16:00:00	166334.8125
8/5/2015 16:00:00	162447.140625
8/6/2015 16:00:00	169993.890625
8/7/2015 16:00:00	170984.921875
8/10/2015 16:00:00	164886.46875
8/11/2015 16:00:00	171137.359375
8/12/2015 16:00:00	169536.515625
8/13/2015 16:00:00	170451.296875
8/14/2015 16:00:00	169460.328125
8/17/2015 16:00:00	165420.09375
8/18/2015 16:00:00	167707.015625
8/19/2015 16:00:00	170908.703125
8/20/2015 16:00:00	185468.703125
8/21/2015 16:00:00	209023.890625
8/24/2015 16:00:00	234103.71875
8/25/2015 16:00:00	237076.765625
8/26/2015 16:00:00	201095.96875
8/27/2015 16:00:00	185697.40625
8/28/2015 16:00:00	186002.328125
8/31/2015 16:00:00	192863.0625
9/1/2015 16:00:00	210777.171875
9/2/2015 16:00:00	193396.6875
9/3/2015 16:00:00	196140.96875
9/4/2015 16:00:00	202620.53125
9/8/2015 16:00:00	185544.921875
9/9/2015 16:00:00	192024.484375
9/10/2015 16:00:00	185926.09375
9/11/2015 16:00:00	182495.703125
9/14/2015 16:00:00	184325.25
9/15/2015 16:00:00	177540.6875
9/16/2015 16:00:00	174872.65625
9/17/2015 16:00:00	174262.828125
9/18/2015 16:00:00	181580.9375
9/21/2015 16:00:00	180208.78125
9/22/2015 16:00:00	188060.515625
9/23/2015 16:00:00	188213
9/24/2015 16:00:00	189508.953125
9/25/2015 16:00:00	194692.59375
9/28/2015 16:00:00	211691.96875
9/29/2015 16:00:00	214207.59375
9/30/2015 16:00:00	200257.390625
10/1/2015 16:00:00	197436.890625
10/2/2015 16:00:00	186612.125
10/5/2015 16:00:00	178607.984375
10/6/2015 16:00:00	180818.640625
10/7/2015 16:00:00	178074.359375
10/8/2015 16:00:00	175863.6875
10/9/2015 16:00:00	173348.078125
10/12/2015 16:00:00	172280.84375
10/13/2015 16:00:00	175634.984375
10/14/2015 16:00:00	176244.8125
10/15/2015 16:00:00	167630.8125
10/16/2015 16:00:00	165191.453125
10/19/2015 16:00:00	162523.328125
10/20/2015 16:00:00	165115.171875
10/21/2015 16:00:00	167859.5
10/22/2015 16:00:00	157873.265625
10/23/2015 16:00:00	144685.40625
10/26/2015 16:00:00	144304.234375
10/27/2015 16:00:00	143160.765625
10/28/2015 16:00:00	139959.125
10/29/2015 16:00:00	140645.1875
10/30/2015 16:00:00	142169.8125
11/2/2015 16:00:00	137595.953125
11/3/2015 16:00:00	136071.359375
11/4/2015 16:00:00	135918.890625
11/5/2015 16:00:00	137214.828125
11/6/2015 16:00:00	136833.640625
11/9/2015 16:00:00	141102.5625
11/10/2015 16:00:00	142398.453125
11/11/2015 16:00:00	142779.640625
11/12/2015 16:00:00	147124.78125
11/13/2015 16:00:00	155586.359375
11/16/2015 16:00:00	149106.78125
11/17/2015 16:00:00	148801.84375
11/18/2015 16:00:00	139882.875
11/19/2015 16:00:00	139959.125
11/20/2015 16:00:00	136986.125
11/23/2015 16:00:00	138129.59375
11/24/2015 16:00:00	138358.296875
11/25/2015 16:00:00	138205.8125
11/27/2015 16:00:00	137291.046875
11/30/2015 16:00:00	138510.75
12/1/2015 16:00:00	134394.25
12/2/2015 16:00:00	136833.640625
12/3/2015 16:00:00	143846.875
12/4/2015 16:00:00	133784.4375
12/7/2015 16:00:00	135537.734375
12/8/2015 16:00:00	135309.078125
12/9/2015 16:00:00	141559.953125
12/10/2015 16:00:00	139654.171875
12/11/2015 16:00:00	149182.96875
12/14/2015 16:00:00	145981.34375
12/15/2015 16:00:00	143389.484375
12/16/2015 16:00:00	137062.375
12/17/2015 16:00:00	141407.5
12/18/2015 16:00:00	150936.3125
12/21/2015 16:00:00	146057.53125
12/22/2015 16:00:00	143465.71875
12/23/2015 16:00:00	140187.765625
12/24/2015 16:00:00	140035.34375
12/28/2015 16:00:00	140340.28125
12/29/2015 16:00:00	134013.15625
12/30/2015 16:00:00	137519.71875
12/31/2015 16:00:00	142169.8125
1/4/2016 16:00:00	151088.765625
1/5/2016 16:00:00	152613.359375
1/6/2016 16:00:00	156882.265625
1/7/2016 16:00:00	171518.515625
1/8/2016 16:00:00	175482.53125
1/11/2016 16:00:00	174262.828125
1/12/2016 16:00:00	167630.8125
1/13/2016 16:00:00	185392.484375
1/14/2016 16:00:00	173424.265625
1/15/2016 16:00:00	189585.125
1/19/2016 16:00:00	188746.640625
1/20/2016 16:00:00	190271.21875
1/21/2016 16:00:00	189508.953125
1/22/2016 16:00:00	173195.625
1/25/2016 16:00:00	180894.875
1/26/2016 16:00:00	176092.359375
1/27/2016 16:00:00	189280.234375
1/28/2016 16:00:00	181504.71875
1/29/2016 16:00:00	169841.453125
2/1/2016 16:00:00	168697.984375
2/2/2016 16:00:00	179141.546875
2/3/2016 16:00:00	181962.109375
2/4/2016 16:00:00	182038.296875
2/5/2016 16:00:00	200943.46875
2/8/2016 16:00:00	210243.578125
2/9/2016 16:00:00	212378.078125
2/10/2016 16:00:00	209786.203125
2/11/2016 16:00:00	210167.34375
2/12/2016 16:00:00	201172.171875
2/16/2016 16:00:00	188136.75
2/17/2016 16:00:00	174948.890625
2/18/2016 16:00:00	180742.4375
2/19/2016 16:00:00	178989.140625
2/22/2016 16:00:00	170451.296875
2/23/2016 16:00:00	178684.234375
2/24/2016 16:00:00	173652.96875
2/25/2016 16:00:00	168774.203125
2/26/2016 16:00:00	169307.796875
2/29/2016 16:00:00	173957.875
3/1/2016 16:00:00	157110.9375
3/2/2016 16:00:00	156958.53125
3/3/2016 16:00:00	157873.265625
3/4/2016 16:00:00	157720.8125
3/7/2016 16:00:00	160541.375
3/8/2016 16:00:00	164505.328125
3/9/2016 16:00:00	161456.09375
3/10/2016 16:00:00	161989.71875
3/11/2016 16:00:00	153680.578125
3/14/2016 16:00:00	152842.0625
3/15/2016 16:00:00	152918.328125
3/16/2016 16:00:00	148801.84375
3/17/2016 16:00:00	149259.21875
3/18/2016 16:00:00	148268.203125
3/21/2016 16:00:00	146743.625
3/22/2016 16:00:00	145447.703125
3/23/2016 16:00:00	148954.34375
3/24/2016 16:00:00	148725.609375
3/28/2016 16:00:00	149487.921875
3/29/2016 16:00:00	142322.28125
3/30/2016 16:00:00	140187.765625
3/31/2016 16:00:00	140950.078125
4/1/2016 16:00:00	136223.828125
4/4/2016 16:00:00	137977.109375
4/5/2016 16:00:00	141712.4375
4/6/2016 16:00:00	134851.703125
4/7/2016 16:00:00	140797.625
4/8/2016 16:00:00	141102.5625
4/11/2016 16:00:00	142550.984375
4/12/2016 16:00:00	138891.875
4/13/2016 16:00:00	133631.96875
4/14/2016 16:00:00	133631.96875
4/15/2016 16:00:00	134623
4/18/2016 16:00:00	132488.5
4/19/2016 16:00:00	134927.921875
4/20/2016 16:00:00	134546.765625
4/21/2016 16:00:00	134546.765625
4/22/2016 16:00:00	140568.9375
4/25/2016 16:00:00	140645.1875
4/26/2016 16:00:00	142169.8125
4/27/2016 16:00:00	145981.34375
4/28/2016 16:00:00	151165
4/29/2016 16:00:00	153604.375
5/2/2016 16:00:00	149411.71875
5/3/2016 16:00:00	153528.140625
5/4/2016 16:00:00	156424.890625
5/5/2016 16:00:00	156653.625
5/6/2016 16:00:00	154137.96875
5/9/2016 16:00:00	152994.515625
5/10/2016 16:00:00	146514.9375
5/11/2016 16:00:00	150478.90625
5/12/2016 16:00:00	152537.140625
5/13/2016 16:00:00	154137.96875
5/16/2016 16:00:00	148496.890625
5/17/2016 16:00:00	154061.71875
5/18/2016 16:00:00	152308.484375
5/19/2016 16:00:00	154747.84375
5/20/2016 16:00:00	149640.390625
5/23/2016 16:00:00	150402.671875
5/24/2016 16:00:00	141178.796875
5/25/2016 16:00:00	138129.59375
5/26/2016 16:00:00	136909.90625
5/27/2016 16:00:00	134699.21875
5/31/2016 16:00:00	133936.90625
6/1/2016 16:00:00	134013.15625
6/2/2016 16:00:00	133174.59375
6/3/2016 16:00:00	134927.921875
6/6/2016 16:00:00	133479.53125
6/7/2016 16:00:00	134394.25
6/8/2016 16:00:00	134013.15625
6/9/2016 16:00:00	134394.25
6/10/2016 16:00:00	138815.640625
6/13/2016 16:00:00	142474.734375
6/14/2016 16:00:00	142398.453125
6/15/2016 16:00:00	143618.15625
6/16/2016 16:00:00	142550.984375
6/17/2016 16:00:00	147277.265625
6/20/2016 16:00:00	144761.65625
6/21/2016 16:00:00	143465.71875
6/22/2016 16:00:00	144151.8125
6/23/2016 16:00:00	138282.046875
6/24/2016 16:00:00	155129
6/27/2016 16:00:00	164200.421875
6/28/2016 16:00:00	153756.8125
6/29/2016 16:00:00	145676.375
6/30/2016 16:00:00	140721.390625
7/1/2016 16:00:00	138510.75
7/5/2016 16:00:00	141026.34375
7/6/2016 16:00:00	137595.953125
7/7/2016 16:00:00	136300.03125
7/8/2016 16:00:00	129972.914062
7/11/2016 16:00:00	127762.25
7/12/2016 16:00:00	125780.273438
7/13/2016 16:00:00	126695.007812
7/14/2016 16:00:00	124103.1875
7/15/2016 16:00:00	124865.460938
7/18/2016 16:00:00	122273.648438
7/19/2016 16:00:00	123569.59375
7/20/2016 16:00:00	119300.664062
7/21/2016 16:00:00	119986.742188
7/22/2016 16:00:00	118614.578125
7/25/2016 16:00:00	118462.140625
7/26/2016 16:00:00	118157.179688
7/27/2016 16:00:00	115717.835938
7/28/2016 16:00:00	114498.132812
7/29/2016 16:00:00	113735.882812
8/1/2016 16:00:00	111982.539062
8/2/2016 16:00:00	114498.132812
8/3/2016 16:00:00	113278.445312
8/4/2016 16:00:00	112439.921875
8/5/2016 16:00:00	109085.765625
8/8/2016 16:00:00	109466.945312
8/9/2016 16:00:00	108628.40625
8/10/2016 16:00:00	109466.945312
8/11/2016 16:00:00	108171.023438
8/12/2016 16:00:00	107866.085938
8/15/2016 16:00:00	106570.1875
8/16/2016 16:00:00	108171.023438
8/17/2016 16:00:00	107713.617188
8/18/2016 16:00:00	107637.382812
8/19/2016 16:00:00	107713.617188
8/22/2016 16:00:00	107561.179688
8/23/2016 16:00:00	106875.085938
8/24/2016 16:00:00	109085.765625
8/25/2016 16:00:00	109466.945312
8/26/2016 16:00:00	109009.515625
8/29/2016 16:00:00	108552.171875
8/30/2016 16:00:00	109543.164062
8/31/2016 16:00:00	109924.304688
9/1/2016 16:00:00	109162.007812
9/2/2016 16:00:00	108094.75
9/6/2016 16:00:00	106036.5625
9/7/2016 16:00:00	105884.117188
9/8/2016 16:00:00	107713.617188
9/9/2016 16:00:00	115794.0625
9/12/2016 16:00:00	109619.40625
9/13/2016 16:00:00	112516.148438
9/14/2016 16:00:00	110839.078125
9/15/2016 16:00:00	105807.882812
9/16/2016 16:00:00	106036.5625
9/19/2016 16:00:00	107179.992188
9/20/2016 16:00:00	106646.421875
9/21/2016 16:00:00	103520.96875
9/22/2016 16:00:00	101081.570312
9/23/2016 16:00:00	102987.328125
9/26/2016 16:00:00	105579.179688
9/27/2016 16:00:00	102453.734375
9/28/2016 16:00:00	101843.898438
9/29/2016 16:00:00	104054.585938
9/30/2016 16:00:00	101920.117188
10/3/2016 16:00:00	102148.804688
10/4/2016 16:00:00	102682.421875
10/5/2016 16:00:00	101538.953125
10/6/2016 16:00:00	101767.648438
10/7/2016 16:00:00	102377.492188
10/10/2016 16:00:00	100395.515625
10/11/2016 16:00:00	104664.414062
10/12/2016 16:00:00	104969.328125
10/13/2016 16:00:00	106036.5625
10/14/2016 16:00:00	105884.117188
10/17/2016 16:00:00	106722.640625
10/18/2016 16:00:00	103749.65625
10/19/2016 16:00:00	103978.34375
10/20/2016 16:00:00	104207.039062
10/21/2016 16:00:00	103139.804688
10/24/2016 16:00:00	99404.5
10/25/2016 16:00:00	100395.515625
10/26/2016 16:00:00	102225.039062
10/27/2016 16:00:00	103673.421875
10/28/2016 16:00:00	105579.179688
10/31/2016 16:00:00	106036.5625
11/1/2016 16:00:00	108323.5
11/2/2016 16:00:00	110915.3125
11/3/2016 16:00:00	114193.242188
11/4/2016 16:00:00	115489.125
11/7/2016 16:00:00	107103.796875
11/8/2016 16:00:00	105198.03125
11/9/2016 16:00:00	103597.171875
11/10/2016 16:00:00	108704.632812
11/11/2016 16:00:00	108399.710938
11/14/2016 16:00:00	111753.859375
11/15/2016 16:00:00	107179.992188
11/16/2016 16:00:00	105198.03125
11/17/2016 16:00:00	102987.328125
11/18/2016 16:00:00	104130.804688
11/21/2016 16:00:00	100929.125
11/22/2016 16:00:00	99938.125
11/23/2016 16:00:00	101081.570312
11/25/2016 16:00:00	100243.046875
11/28/2016 16:00:00	100852.890625
11/29/2016 16:00:00	99785.6484375
11/30/2016 16:00:00	103520.96875
12/1/2016 16:00:00	108628.40625
12/2/2016 16:00:00	108171.023438
12/5/2016 16:00:00	105502.96875
12/6/2016 16:00:00	104969.328125
12/7/2016 16:00:00	100852.890625
12/8/2016 16:00:00	100395.515625
12/9/2016 16:00:00	98184.8203125
12/12/2016 16:00:00	99328.265625
12/13/2016 16:00:00	95516.765625
12/14/2016 16:00:00	96126.609375
12/15/2016 16:00:00	95516.765625
12/16/2016 16:00:00	96736.453125
12/19/2016 16:00:00	95592.9921875
12/20/2016 16:00:00	94449.546875
12/21/2016 16:00:00	94754.4765625
12/22/2016 16:00:00	95669.21875
12/23/2016 16:00:00	95288.078125
12/27/2016 16:00:00	93992.140625
12/28/2016 16:00:00	96126.609375
12/29/2016 16:00:00	96583.984375
12/30/2016 16:00:00	99328.265625
1/3/2017 16:00:00	96888.9140625
1/4/2017 16:00:00	95211.8359375
1/5/2017 16:00:00	93763.453125
1/6/2017 16:00:00	91171.609375
1/9/2017 16:00:00	90333.09375
1/10/2017 16:00:00	89723.2421875
1/11/2017 16:00:00	89113.4140625
1/12/2017 16:00:00	89399.265625
1/13/2017 16:00:00	88446.390625
1/17/2017 16:00:00	89284.9296875
1/18/2017 16:00:00	88770.34375
1/19/2017 16:00:00	88846.6015625
1/20/2017 16:00:00	88255.8046875
1/23/2017 16:00:00	88141.4609375
1/24/2017 16:00:00	86311.9453125
1/25/2017 16:00:00	83681.96875
1/26/2017 16:00:00	83434.2421875
1/27/2017 16:00:00	82957.8046875
1/30/2017 16:00:00	84882.6171875
1/31/2017 16:00:00	85397.171875
2/1/2017 16:00:00	83643.8515625
2/2/2017 16:00:00	83910.671875
2/3/2017 16:00:00	83205.5625
2/6/2017 16:00:00	82900.625
2/7/2017 16:00:00	81985.859375
2/8/2017 16:00:00	81604.6875
2/9/2017 16:00:00	80689.9375
2/10/2017 16:00:00	79908.5703125
2/13/2017 16:00:00	78536.4296875
2/14/2017 16:00:00	77735.9921875
2/15/2017 16:00:00	76401.9765625
2/16/2017 16:00:00	76459.1640625
2/17/2017 16:00:00	75506.2734375
2/21/2017 16:00:00	74362.8046875
2/22/2017 16:00:00	74267.515625
2/23/2017 16:00:00	75125.125
2/24/2017 16:00:00	74705.859375
2/27/2017 16:00:00	74419.9765625
2/28/2017 16:00:00	75048.890625
3/1/2017 16:00:00	72628.5546875
3/2/2017 16:00:00	73733.9140625
3/3/2017 16:00:00	73333.6796875
3/6/2017 16:00:00	73791.078125
3/7/2017 16:00:00	74210.34375
3/8/2017 16:00:00	73810.1484375
3/9/2017 16:00:00	73638.6328125
3/10/2017 16:00:00	72742.8984375
3/13/2017 16:00:00	72323.6484375
3/14/2017 16:00:00	72914.4375
3/15/2017 16:00:00	71580.3828125
3/16/2017 16:00:00	71675.6796875
3/17/2017 16:00:00	71885.328125
3/20/2017 16:00:00	71599.453125
3/21/2017 16:00:00	74820.1953125
3/22/2017 16:00:00	73371.8125
3/23/2017 16:00:00	73905.421875
3/24/2017 16:00:00	73448.046875
3/27/2017 16:00:00	73104.9921875
3/28/2017 16:00:00	71732.859375
3/29/2017 16:00:00	70799.03125
3/30/2017 16:00:00	70436.9453125
3/31/2017 16:00:00	70608.46875
4/3/2017 16:00:00	70722.8125
4/4/2017 16:00:00	70398.8125
4/5/2017 16:00:00	71256.4140625
4/6/2017 16:00:00	71142.078125
4/7/2017 16:00:00	71256.4140625
4/10/2017 16:00:00	71180.203125
4/11/2017 16:00:00	72056.828125
4/12/2017 16:00:00	72990.671875
4/13/2017 16:00:00	73867.328125
4/17/2017 16:00:00	72056.828125
4/18/2017 16:00:00	72342.703125
4/19/2017 16:00:00	72037.7890625
4/20/2017 16:00:00	70322.59375
4/21/2017 16:00:00	70303.5390625
4/24/2017 16:00:00	67787.953125
4/25/2017 16:00:00	66320.5
4/26/2017 16:00:00	66568.2421875
4/27/2017 16:00:00	65424.7929688
4/28/2017 16:00:00	65062.6875
5/1/2017 16:00:00	63404.6875
5/2/2017 16:00:00	63042.5664062
5/3/2017 16:00:00	63652.4414062
5/4/2017 16:00:00	63557.1171875
5/5/2017 16:00:00	62890.1367188
5/8/2017 16:00:00	62470.8671875
5/9/2017 16:00:00	61822.90625
5/10/2017 16:00:00	61727.609375
5/11/2017 16:00:00	61880.0820312
5/12/2017 16:00:00	61441.7382812
5/15/2017 16:00:00	60889.078125
5/16/2017 16:00:00	60145.8359375
5/17/2017 16:00:00	64700.5859375
5/18/2017 16:00:00	63023.5390625
5/19/2017 16:00:00	62242.1601562
5/22/2017 16:00:00	60660.3867188
5/23/2017 16:00:00	60507.9179688
5/24/2017 16:00:00	59669.3789062
5/25/2017 16:00:00	58163.8320312
5/26/2017 16:00:00	57858.9179688
5/30/2017 16:00:00	57725.5195312
5/31/2017 16:00:00	57820.8007812
6/1/2017 16:00:00	57077.5546875
6/2/2017 16:00:00	55152.7382812
6/5/2017 16:00:00	55190.8515625
6/6/2017 16:00:00	55857.8789062
6/7/2017 16:00:00	55209.8984375
6/8/2017 16:00:00	55019.3242188
6/9/2017 16:00:00	59078.5898438
6/12/2017 16:00:00	60088.6601562
6/13/2017 16:00:00	58678.3984375
6/14/2017 16:00:00	59421.6328125
6/15/2017 16:00:00	60241.109375
6/16/2017 16:00:00	60965.3046875
6/19/2017 16:00:00	58030.4375
6/20/2017 16:00:00	59345.4257812
6/21/2017 16:00:00	57649.2695312
6/22/2017 16:00:00	57668.34375
6/23/2017 16:00:00	57039.4296875
6/26/2017 16:00:00	57801.7421875
6/27/2017 16:00:00	60908.1367188
6/28/2017 16:00:00	58392.5390625
6/29/2017 16:00:00	61365.5195312
6/30/2017 16:00:00	61517.9882812
7/3/2017 16:00:00	63233.1601562
7/5/2017 16:00:00	61479.8632812
7/6/2017 16:00:00	63061.6484375
7/7/2017 16:00:00	61155.8867188
7/10/2017 16:00:00	59898.078125
7/11/2017 16:00:00	59421.6328125
7/12/2017 16:00:00	57287.1796875
7/13/2017 16:00:00	56925.0976562
7/14/2017 16:00:00	55591.0742188
7/17/2017 16:00:00	55514.8242188
7/18/2017 16:00:00	54428.546875
7/19/2017 16:00:00	53437.5429688
7/20/2017 16:00:00	53208.8554688
7/21/2017 16:00:00	53266.0390625
7/24/2017 16:00:00	52599.015625
7/25/2017 16:00:00	52961.1132812
7/26/2017 16:00:00	52484.6640625
7/27/2017 16:00:00	53399.4296875
7/28/2017 16:00:00	53609.0703125
7/31/2017 16:00:00	54333.2578125
8/1/2017 16:00:00	53952.1015625
8/2/2017 16:00:00	53532.8398438
8/3/2017 16:00:00	54123.6328125
8/4/2017 16:00:00	53875.8789062
8/7/2017 16:00:00	52884.8789062
8/8/2017 16:00:00	53151.6875
8/9/2017 16:00:00	53304.1484375
8/10/2017 16:00:00	56772.6367188
8/11/2017 16:00:00	55495.7773438
8/14/2017 16:00:00	53361.3203125
8/15/2017 16:00:00	53227.9257812
8/16/2017 16:00:00	52980.1601562
8/17/2017 16:00:00	56219.9609375
8/18/2017 16:00:00	56391.4765625
8/21/2017 16:00:00	56562.9960938
8/22/2017 16:00:00	54028.328125
8/23/2017 16:00:00	54600.0625
8/24/2017 16:00:00	55095.5546875
8/25/2017 16:00:00	55438.59375
8/28/2017 16:00:00	54981.2070312
8/29/2017 16:00:00	54257.03125
8/30/2017 16:00:00	52408.4335938
8/31/2017 16:00:00	50902.8828125
9/1/2017 16:00:00	50902.8828125
9/5/2017 16:00:00	52275.03125
9/6/2017 16:00:00	51855.7695312
9/7/2017 16:00:00	51493.6640625
9/8/2017 16:00:00	52770.53125
9/11/2017 16:00:00	51093.4609375
9/12/2017 16:00:00	50636.0820312
9/13/2017 16:00:00	50464.5625
9/14/2017 16:00:00	51322.1601562
9/15/2017 16:00:00	50845.7148438
9/18/2017 16:00:00	51017.2304688
9/19/2017 16:00:00	50750.4296875
9/20/2017 16:00:00	51207.8046875
9/21/2017 16:00:00	52179.75
9/22/2017 16:00:00	52332.2070312
9/25/2017 16:00:00	53952.1015625
9/26/2017 16:00:00	53589.9960938
9/27/2017 16:00:00	52122.578125
9/28/2017 16:00:00	52236.921875
9/29/2017 16:00:00	51093.4609375
10/2/2017 16:00:00	50941.0039062
10/3/2017 16:00:00	50636.0820312
10/4/2017 16:00:00	50483.625
10/5/2017 16:00:00	49035.2421875
10/6/2017 16:00:00	48844.6601562
10/9/2017 16:00:00	48978.0625
10/10/2017 16:00:00	48882.7890625
10/11/2017 16:00:00	48444.4570312
10/12/2017 16:00:00	48749.375
10/13/2017 16:00:00	48196.6992188
10/16/2017 16:00:00	47701.2070312
10/17/2017 16:00:00	47548.75
10/18/2017 16:00:00	47682.1445312
10/19/2017 16:00:00	48234.8164062
10/20/2017 16:00:00	47853.671875
10/23/2017 16:00:00	48787.4921875
10/24/2017 16:00:00	48520.6835938
10/25/2017 16:00:00	49111.4726562
10/26/2017 16:00:00	49549.796875
10/27/2017 16:00:00	45261.8242188
10/30/2017 16:00:00	44937.8515625
10/31/2017 16:00:00	44461.4140625
11/1/2017 16:00:00	44518.5898438
11/2/2017 16:00:00	44766.3398438
11/3/2017 16:00:00	43489.46875
11/6/2017 16:00:00	43051.15625
11/7/2017 16:00:00	42993.9726562
11/8/2017 16:00:00	42441.3085938
11/9/2017 16:00:00	43146.4375
11/10/2017 16:00:00	43127.3710938
11/13/2017 16:00:00	42974.9140625
11/14/2017 16:00:00	43432.3007812
11/15/2017 16:00:00	44099.3125
11/16/2017 16:00:00	42384.1289062
11/17/2017 16:00:00	42898.6914062
11/20/2017 16:00:00	42993.9726562
11/21/2017 16:00:00	41602.78125
11/22/2017 16:00:00	41450.3125
11/24/2017 16:00:00	40992.9296875
11/27/2017 16:00:00	41050.1054688
11/28/2017 16:00:00	40745.1757812
11/29/2017 16:00:00	42860.578125
11/30/2017 16:00:00	41831.4648438
12/1/2017 16:00:00	42346.0234375
12/4/2017 16:00:00	43832.515625
12/5/2017 16:00:00	43737.2226562
12/6/2017 16:00:00	43184.546875
12/7/2017 16:00:00	42727.1757812
12/8/2017 16:00:00	42193.5507812
12/11/2017 16:00:00	41183.5
12/12/2017 16:00:00	41374.0742188
12/13/2017 16:00:00	41145.3828125
12/14/2017 16:00:00	41240.6875
12/15/2017 16:00:00	39868.5273438
12/18/2017 16:00:00	38839.4257812
12/19/2017 16:00:00	39487.3710938
12/20/2017 16:00:00	39658.8984375
12/21/2017 16:00:00	39677.9453125
12/22/2017 16:00:00	39811.3515625
12/26/2017 16:00:00	40441.1640625
12/27/2017 16:00:00	40441.1640625
12/28/2017 16:00:00	40345.7382812
12/29/2017 16:00:00	41051.8828125
1/2/2018 16:00:00	38952.53125
1/3/2018 16:00:00	37807.421875
1/4/2018 16:00:00	37616.578125
1/5/2018 16:00:00	36490.5625
1/8/2018 16:00:00	36070.6992188
1/9/2018 16:00:00	36051.609375
1/10/2018 16:00:00	36318.7929688
1/11/2018 16:00:00	35574.4765625
1/12/2018 16:00:00	34830.1640625
1/16/2018 16:00:00	35097.3554688
1/17/2018 16:00:00	33990.421875
1/18/2018 16:00:00	33952.2617188
1/19/2018 16:00:00	33646.8828125
1/22/2018 16:00:00	32578.1347656
1/23/2018 16:00:00	31776.5683594
1/24/2018 16:00:00	32387.2851562
1/25/2018 16:00:00	32444.5332031
1/26/2018 16:00:00	31013.1621094
1/29/2018 16:00:00	31433.0253906
1/30/2018 16:00:00	32158.2617188
1/31/2018 16:00:00	31833.8183594
2/1/2018 16:00:00	32616.3046875
2/2/2018 16:00:00	34543.8945312
2/5/2018 16:00:00	38551.7539062
2/6/2018 16:00:00	35574.4765625
2/7/2018 16:00:00	36910.4335938
2/8/2018 16:00:00	41548.1015625
2/9/2018 16:00:00	39563.2460938
2/12/2018 16:00:00	37368.4726562
2/13/2018 16:00:00	36891.34375
2/14/2018 16:00:00	34715.65625
2/15/2018 16:00:00	32959.8359375
2/16/2018 16:00:00	33246.1015625
2/20/2018 16:00:00	33169.7695312
2/21/2018 16:00:00	33436.9570312
2/22/2018 16:00:00	33379.703125
2/23/2018 16:00:00	31413.9492188
2/26/2018 16:00:00	30192.5039062
2/27/2018 16:00:00	31299.4355469
2/28/2018 16:00:00	31891.0664062
3/1/2018 16:00:00	33417.8828125
3/2/2018 16:00:00	32539.96875
3/5/2018 16:00:00	31509.3691406
3/6/2018 16:00:00	31089.4960938
3/7/2018 16:00:00	30860.4785156
3/8/2018 16:00:00	30383.3574219
3/9/2018 16:00:00	28665.7011719
3/12/2018 16:00:00	28245.8320312
3/13/2018 16:00:00	29276.421875
3/14/2018 16:00:00	29333.6816406
3/15/2018 16:00:00	29448.1894531
3/16/2018 16:00:00	29658.1230469
3/19/2018 16:00:00	31528.453125
3/20/2018 16:00:00	31299.4355469
3/21/2018 16:00:00	31710.6503906
3/22/2018 16:00:00	34043.9882812
3/23/2018 16:00:00	36740.7382812
3/26/2018 16:00:00	32647.8144531
3/27/2018 16:00:00	35822.6914062
3/28/2018 16:00:00	37027.625
3/29/2018 16:00:00	35057.6679688
4/2/2018 16:00:00	37983.9257812
4/3/2018 16:00:00	36798.1210938
4/4/2018 16:00:00	35057.6679688
4/5/2018 16:00:00	34522.1328125
4/6/2018 16:00:00	37085
4/9/2018 16:00:00	36358.21875
4/10/2018 16:00:00	34024.875
4/11/2018 16:00:00	34483.8867188
4/12/2018 16:00:00	33336.3398438
4/13/2018 16:00:00	33776.234375
4/16/2018 16:00:00	33049.4453125
4/17/2018 16:00:00	30945.6054688
4/18/2018 16:00:00	30773.4785156
4/19/2018 16:00:00	31538.515625
4/20/2018 16:00:00	33030.3242188
4/23/2018 16:00:00	33355.46875
4/24/2018 16:00:00	35440.1796875
4/25/2018 16:00:00	35306.3085938
4/26/2018 16:00:00	33164.2109375
4/27/2018 16:00:00	33068.578125
4/30/2018 16:00:00	33776.234375
5/1/2018 16:00:00	32686.0625
5/2/2018 16:00:00	33221.5820312
5/3/2018 16:00:00	33259.84375
5/4/2018 16:00:00	31385.5039062
5/7/2018 16:00:00	30620.4746094
5/8/2018 16:00:00	30735.2265625
5/9/2018 16:00:00	29683.296875
5/10/2018 16:00:00	28803.5195312
5/11/2018 16:00:00	28880.015625
5/14/2018 16:00:00	28727.0039062
5/15/2018 16:00:00	29683.296875
5/16/2018 16:00:00	29109.5273438
5/17/2018 16:00:00	29472.9160156
5/18/2018 16:00:00	29912.8066406
5/21/2018 16:00:00	29415.5410156
5/22/2018 16:00:00	29549.4199219
5/23/2018 16:00:00	28803.5195312
5/24/2018 16:00:00	28860.8886719
5/25/2018 16:00:00	28784.3886719
5/29/2018 16:00:00	29147.7792969
5/30/2018 16:00:00	28516.6230469
5/31/2018 16:00:00	28593.1347656
6/1/2018 16:00:00	27254.3203125
6/4/2018 16:00:00	26546.6640625
6/5/2018 16:00:00	26317.15625
6/6/2018 16:00:00	25819.8828125
6/7/2018 16:00:00	26431.9121094
6/8/2018 16:00:00	26451.0351562
6/11/2018 16:00:00	26259.7734375
6/12/2018 16:00:00	25858.1328125
6/13/2018 16:00:00	25896.3867188
6/14/2018 16:00:00	25093.0957031
6/15/2018 16:00:00	25341.7382812
6/18/2018 16:00:00	25399.1152344
6/19/2018 16:00:00	25628.6230469
6/20/2018 16:00:00	25074.1914062
6/21/2018 16:00:00	25745.6484375
6/22/2018 16:00:00	25995.0507812
6/25/2018 16:00:00	27664.1015625
6/26/2018 16:00:00	27376.3339844
6/27/2018 16:00:00	28450.6640625
6/28/2018 16:00:00	27740.8417969
6/29/2018 16:00:00	27606.5507812
7/2/2018 16:00:00	26973.4628906
7/3/2018 16:00:00	27932.6953125
7/5/2018 16:00:00	26896.7246094
7/6/2018 16:00:00	25707.2792969
7/9/2018 16:00:00	24959.0839844
7/10/2018 16:00:00	24920.7148438
7/11/2018 16:00:00	25323.5878906
7/12/2018 16:00:00	24038.2265625
7/13/2018 16:00:00	23961.4902344
7/16/2018 16:00:00	24153.3320312
7/17/2018 16:00:00	23673.7226562
7/18/2018 16:00:00	23827.1953125
7/19/2018 16:00:00	24210.8847656
7/20/2018 16:00:00	24249.2539062
7/23/2018 16:00:00	24019.0429688
7/24/2018 16:00:00	23712.0898438
7/25/2018 16:00:00	22714.4960938
7/26/2018 16:00:00	23712.0898438
7/27/2018 16:00:00	24709.6855469
7/30/2018 16:00:00	25764.8339844
7/31/2018 16:00:00	25285.2207031
8/1/2018 16:00:00	24920.7148438
8/2/2018 16:00:00	23923.1191406
8/3/2018 16:00:00	23712.0898438
8/6/2018 16:00:00	23270.84375
8/7/2018 16:00:00	23040.6328125
8/8/2018 16:00:00	23002.2636719
8/9/2018 16:00:00	23021.4492188
8/10/2018 16:00:00	23539.4296875
8/13/2018 16:00:00	23616.1679688
8/14/2018 16:00:00	23213.2929688
8/15/2018 16:00:00	24019.0429688
8/16/2018 16:00:00	23846.3828125
8/17/2018 16:00:00	23808.0058594
8/20/2018 16:00:00	23865.5664062
8/21/2018 16:00:00	23616.1679688
8/22/2018 16:00:00	23347.5820312
8/23/2018 16:00:00	23462.6894531
8/24/2018 16:00:00	22810.4160156
8/27/2018 16:00:00	22138.9609375
8/28/2018 16:00:00	22043.0332031
8/29/2018 16:00:00	21256.4667969
8/30/2018 16:00:00	21390.7578125
8/31/2018 16:00:00	21314.0234375
9/4/2018 16:00:00	21601.7929688
9/5/2018 16:00:00	22465.0917969
9/6/2018 16:00:00	23040.6328125
9/7/2018 16:00:00	23270.84375
9/10/2018 16:00:00	23078.9980469
9/11/2018 16:00:00	22561.0175781
9/12/2018 16:00:00	22772.0507812
9/13/2018 16:00:00	22100.5859375
9/14/2018 16:00:00	22254.0644531
9/17/2018 16:00:00	23232.4765625
9/18/2018 16:00:00	22637.7597656
9/19/2018 16:00:00	22714.4960938
9/20/2018 16:00:00	21966.2929688
9/21/2018 16:00:00	22349.9863281
9/24/2018 16:00:00	22158.1386719
9/25/2018 16:00:00	22062.21875
9/26/2018 16:00:00	22056.4316406
9/27/2018 16:00:00	21477.5214844
9/28/2018 16:00:00	21496.8183594
10/1/2018 16:00:00	21381.0371094
10/2/2018 16:00:00	21496.8183594
10/3/2018 16:00:00	21477.5214844
10/4/2018 16:00:00	22673.9355469
10/5/2018 16:00:00	23542.2949219
10/8/2018 16:00:00	23947.5292969
10/9/2018 16:00:00	23773.8574219
10/10/2018 16:00:00	26880.6738281
10/11/2018 16:00:00	27864.8164062
10/12/2018 16:00:00	25549.1816406
10/15/2018 16:00:00	26533.3222656
10/16/2018 16:00:00	24294.8789062
10/17/2018 16:00:00	24179.0996094
10/18/2018 16:00:00	25819.3359375
10/19/2018 16:00:00	25973.7128906
10/22/2018 16:00:00	25549.1816406
10/23/2018 16:00:00	25819.3359375
10/24/2018 16:00:00	29389.28125
10/25/2018 16:00:00	26417.5488281
10/26/2018 16:00:00	28347.2402344
10/29/2018 16:00:00	30006.7773438
10/30/2018 16:00:00	28713.8828125
10/31/2018 16:00:00	26784.1855469
11/1/2018 16:00:00	25607.0722656
11/2/2018 16:00:00	26803.4863281
11/5/2018 16:00:00	27054.3476562
11/6/2018 16:00:00	26436.8417969
11/7/2018 16:00:00	24005.4257812
11/8/2018 16:00:00	24449.2519531
11/9/2018 16:00:00	25664.9628906
11/12/2018 16:00:00	27980.6035156
11/13/2018 16:00:00	27942.0039062
11/14/2018 16:00:00	28636.6914062
11/15/2018 16:00:00	27131.5273438
11/16/2018 16:00:00	27420.9882812
11/19/2018 16:00:00	30122.5664062
11/20/2018 16:00:00	31704.9179688
11/21/2018 16:00:00	31029.5214844
11/23/2018 16:00:00	31743.5078125
11/26/2018 16:00:00	29543.6445312
11/27/2018 16:00:00	29215.6074219
11/28/2018 16:00:00	26475.4296875
11/29/2018 16:00:00	26726.2929688
11/30/2018 16:00:00	26108.7929688
12/3/2018 16:00:00	24815.8945312
12/4/2018 16:00:00	27575.3632812
12/6/2018 16:00:00	27054.3476562
12/7/2018 16:00:00	29775.21875
12/10/2018 16:00:00	28829.6640625
12/11/2018 16:00:00	28540.2089844
12/12/2018 16:00:00	27787.6289062
12/13/2018 16:00:00	27768.3320312
12/14/2018 16:00:00	29813.8066406
12/17/2018 16:00:00	31897.8789062
12/18/2018 16:00:00	31261.0800781
12/19/2018 16:00:00	33557.4179688
12/20/2018 16:00:00	34927.5078125
12/21/2018 16:00:00	38400.9570312
12/24/2018 16:00:00	41199.0234375
12/26/2018 16:00:00	33623.140625
12/27/2018 16:00:00	33118.9882812
12/28/2018 16:00:00	33215.9453125
12/31/2018 16:00:00	32498.5
1/2/2019 16:00:00	31994.3320312
1/3/2019 16:00:00	35154.9960938
1/4/2019 16:00:00	30540.0488281
1/7/2019 16:00:00	29570.5371094
1/8/2019 16:00:00	28736.7421875
1/9/2019 16:00:00	28096.8496094
1/10/2019 16:00:00	27805.9960938
1/11/2019 16:00:00	28116.2460938
1/14/2019 16:00:00	28911.2441406
1/15/2019 16:00:00	27224.2792969
1/16/2019 16:00:00	27185.4980469
1/17/2019 16:00:00	26584.390625
1/18/2019 16:00:00	25828.1621094
1/22/2019 16:00:00	27321.2285156
1/23/2019 16:00:00	27263.0546875
1/24/2019 16:00:00	26758.9042969
1/25/2019 16:00:00	25789.3808594
1/28/2019 16:00:00	26758.9042969
1/29/2019 16:00:00	27534.5292969
1/30/2019 16:00:00	25440.3515625
1/31/2019 16:00:00	24296.3144531
2/1/2019 16:00:00	24645.34375
2/4/2019 16:00:00	23753.3769531
2/5/2019 16:00:00	23113.4863281
2/6/2019 16:00:00	23288.0039062
2/7/2019 16:00:00	24238.1367188
2/8/2019 16:00:00	24102.4082031
2/11/2019 16:00:00	24179.9667969
2/12/2019 16:00:00	23132.8789062
2/13/2019 16:00:00	23113.4863281
2/14/2019 16:00:00	22997.1445312
2/15/2019 16:00:00	22745.0703125
2/19/2019 16:00:00	22609.3339844
2/20/2019 16:00:00	22609.3339844
2/21/2019 16:00:00	22880.8027344
2/22/2019 16:00:00	22376.6503906
2/25/2019 16:00:00	22124.5722656
2/26/2019 16:00:00	22066.4003906
2/27/2019 16:00:00	22143.9628906
2/28/2019 16:00:00	22299.0859375
3/1/2019 16:00:00	21814.3242188
3/4/2019 16:00:00	21814.3242188
3/5/2019 16:00:00	21775.546875
3/6/2019 16:00:00	22124.5722656
3/7/2019 16:00:00	22997.1445312
3/8/2019 16:00:00	23074.7089844
3/11/2019 16:00:00	21659.2050781
3/12/2019 16:00:00	21290.78125
3/13/2019 16:00:00	20864.1914062
3/14/2019 16:00:00	20922.3613281
3/15/2019 16:00:00	20437.5957031
3/18/2019 16:00:00	20224.3027344
3/19/2019 16:00:00	20049.7832031
3/20/2019 16:00:00	19795.0566406
3/21/2019 16:00:00	18881.1425781
3/22/2019 16:00:00	20145.0644531
3/25/2019 16:00:00	20242.2929688
3/26/2019 16:00:00	19970.0625
3/27/2019 16:00:00	20358.9648438
3/28/2019 16:00:00	20222.8496094
3/29/2019 16:00:00	19775.6132812
4/1/2019 16:00:00	19017.2578125
4/2/2019 16:00:00	18783.9160156
4/3/2019 16:00:00	18472.7910156
4/4/2019 16:00:00	18511.6894531
4/5/2019 16:00:00	18220.0078125
4/8/2019 16:00:00	18083.8925781
4/9/2019 16:00:00	18278.34375
4/10/2019 16:00:00	17986.6699219
4/11/2019 16:00:00	18142.2304688
4/12/2019 16:00:00	17889.4453125
4/15/2019 16:00:00	17908.8867188
4/16/2019 16:00:00	17714.4375
4/17/2019 16:00:00	17539.4355469
4/18/2019 16:00:00	17500.5410156
4/22/2019 16:00:00	17344.984375
4/23/2019 16:00:00	16683.8535156
4/24/2019 16:00:00	16839.4121094
4/25/2019 16:00:00	16683.8535156
4/26/2019 16:00:00	16625.515625
4/29/2019 16:00:00	16528.2871094
4/30/2019 16:00:00	16917.1933594
5/1/2019 16:00:00	17111.6445312
5/2/2019 16:00:00	17306.0917969
5/3/2019 16:00:00	16489.4003906
5/6/2019 16:00:00	16781.0742188
5/7/2019 16:00:00	17772.7714844
5/8/2019 16:00:00	17908.8867188
5/9/2019 16:00:00	18200.5644531
5/10/2019 16:00:00	18181.1171875
5/13/2019 16:00:00	20067.2890625
5/14/2019 16:00:00	19406.15625
5/15/2019 16:00:00	18608.9082031
5/16/2019 16:00:00	18045.0039062
5/17/2019 16:00:00	18608.9082031
5/20/2019 16:00:00	19542.2753906
5/21/2019 16:00:00	18978.3613281
5/22/2019 16:00:00	19192.2636719
5/23/2019 16:00:00	20067.2890625
5/24/2019 16:00:00	20183.9550781
5/28/2019 16:00:00	20378.4101562
5/29/2019 16:00:00	20874.2597656
5/30/2019 16:00:00	20616.609375
5/31/2019 16:00:00	21603.4472656
6/3/2019 16:00:00	22988.90625
6/4/2019 16:00:00	21136.7675781
6/5/2019 16:00:00	20655.5039062
6/6/2019 16:00:00	20174.2382812
6/7/2019 16:00:00	19026.9765625
6/10/2019 16:00:00	18360.9863281
6/11/2019 16:00:00	18268.625
6/12/2019 16:00:00	18589.4667969
6/13/2019 16:00:00	18273.4824219
6/14/2019 16:00:00	18531.1308594
6/17/2019 16:00:00	18181.1171875
6/18/2019 16:00:00	17413.0390625
6/19/2019 16:00:00	17204.0078125
6/20/2019 16:00:00	16747.0488281
6/21/2019 16:00:00	16805.3808594
6/24/2019 16:00:00	16829.6894531
6/25/2019 16:00:00	17678.6152344
6/26/2019 16:00:00	17453.4082031
6/27/2019 16:00:00	17267.3730469
6/28/2019 16:00:00	17208.6191406
7/1/2019 16:00:00	16518.3164062
7/2/2019 16:00:00	16322.4853516
7/3/2019 16:00:00	15965.0947266
7/5/2019 16:00:00	16058.1162109
7/8/2019 16:00:00	16405.7167969
7/9/2019 16:00:00	16146.2392578
7/10/2019 16:00:00	15676.2460938
7/11/2019 16:00:00	15715.4111328
7/12/2019 16:00:00	15455.9365234
7/15/2019 16:00:00	15313.9609375
7/16/2019 16:00:00	15548.9550781
7/17/2019 16:00:00	15774.1611328
7/18/2019 16:00:00	15715.4111328
7/19/2019 16:00:00	16087.4921875
7/22/2019 16:00:00	15700.7246094
7/23/2019 16:00:00	15406.9824219
7/24/2019 16:00:00	15078.9628906
7/25/2019 16:00:00	15509.7929688
7/26/2019 16:00:00	15044.6933594
7/29/2019 16:00:00	15186.6660156
7/30/2019 16:00:00	15387.3974609
7/31/2019 16:00:00	16028.7421875
8/1/2019 16:00:00	16273.5283203
8/2/2019 16:00:00	17027.4765625
8/5/2019 16:00:00	18824.2246094
8/6/2019 16:00:00	18021.3203125
8/7/2019 16:00:00	17786.3222656
8/8/2019 16:00:00	16596.6484375
8/9/2019 16:00:00	17066.6445312
8/12/2019 16:00:00	17649.2382812
8/13/2019 16:00:00	16488.9433594
8/14/2019 16:00:00	17982.1523438
8/15/2019 16:00:00	18040.9042969
8/16/2019 16:00:00	17189.0390625
8/19/2019 16:00:00	16415.5058594
8/20/2019 16:00:00	16743.5214844
8/21/2019 16:00:00	16307.8007812
8/22/2019 16:00:00	16474.2558594
8/23/2019 16:00:00	17982.1523438
8/26/2019 16:00:00	17242.890625
8/27/2019 16:00:00	17335.9140625
8/28/2019 16:00:00	17184.140625
8/29/2019 16:00:00	16381.2363281
8/30/2019 16:00:00	16493.8359375
9/3/2019 16:00:00	16973.625
9/4/2019 16:00:00	16263.7382812
9/5/2019 16:00:00	15367.8105469
9/6/2019 16:00:00	15406.9824219
9/9/2019 16:00:00	15514.6865234
9/10/2019 16:00:00	15646.8671875
9/11/2019 16:00:00	15225.8330078
9/12/2019 16:00:00	15025.1083984
9/13/2019 16:00:00	15191.5664062
9/16/2019 16:00:00	15406.9824219
9/17/2019 16:00:00	15196.4580078
9/18/2019 16:00:00	15211.1484375
9/19/2019 16:00:00	15147.5009766
9/20/2019 16:00:00	15602.8085938
9/23/2019 16:00:00	15612.6015625
9/24/2019 16:00:00	16229.4658203
9/25/2019 16:00:00	15690.3740234
9/26/2019 16:00:00	15862.6904297
9/27/2019 16:00:00	16438.703125
9/30/2019 16:00:00	16005.4599609
10/1/2019 16:00:00	16389.4726562
10/2/2019 16:00:00	17236.2714844
10/3/2019 16:00:00	16655.3261719
10/4/2019 16:00:00	15951.3066406
10/7/2019 16:00:00	16113.7744141
10/8/2019 16:00:00	16832.5644531
10/9/2019 16:00:00	16325.4707031
10/10/2019 16:00:00	15961.1494141
10/11/2019 16:00:00	15365.4404297
10/14/2019 16:00:00	15350.6679688
10/15/2019 16:00:00	14774.6484375
10/16/2019 16:00:00	14878.0380859
10/17/2019 16:00:00	14769.7265625
10/18/2019 16:00:00	15188.2041016
10/21/2019 16:00:00	14794.3466797
10/22/2019 16:00:00	15143.8945312
10/23/2019 16:00:00	15065.1230469
10/24/2019 16:00:00	14631.8779297
10/25/2019 16:00:00	14302.0185547
10/28/2019 16:00:00	13858.9267578
10/29/2019 16:00:00	14183.8642578
10/30/2019 16:00:00	13986.9316406
10/31/2019 16:00:00	13977.0859375
11/1/2019 16:00:00	13597.9941406
11/4/2019 16:00:00	13351.8310547
11/5/2019 16:00:00	13341.9853516
11/6/2019 16:00:00	13420.7597656
11/7/2019 16:00:00	13292.7539062
11/8/2019 16:00:00	13130.2880859
11/11/2019 16:00:00	13189.3652344
11/12/2019 16:00:00	13076.1298828
11/13/2019 16:00:00	13095.8261719
11/14/2019 16:00:00	13100.7490234
11/15/2019 16:00:00	12859.5078125
11/18/2019 16:00:00	12780.7363281
11/19/2019 16:00:00	12741.3515625
11/20/2019 16:00:00	12972.7431641
11/21/2019 16:00:00	13066.2861328
11/22/2019 16:00:00	13031.8212891
11/25/2019 16:00:00	12569.0380859
11/26/2019 16:00:00	12505.0351562
11/27/2019 16:00:00	12253.9492188
11/29/2019 16:00:00	12421.3388672
12/2/2019 16:00:00	12825.0478516
12/3/2019 16:00:00	13100.7490234
12/4/2019 16:00:00	12903.8173828
12/5/2019 16:00:00	12839.8154297
12/6/2019 16:00:00	12441.0322266
12/9/2019 16:00:00	12593.6533203
12/10/2019 16:00:00	12623.1923828
12/11/2019 16:00:00	12426.2617188
12/12/2019 16:00:00	12150.5605469
12/13/2019 16:00:00	12037.328125
12/16/2019 16:00:00	11692.7001953
12/17/2019 16:00:00	11673.0068359
12/18/2019 16:00:00	11648.390625
12/19/2019 16:00:00	11412.0742188
12/20/2019 16:00:00	11288.9951172
12/23/2019 16:00:00	11195.4521484
12/24/2019 16:00:00	11184.5703125
12/26/2019 16:00:00	10887.7675781
12/27/2019 16:00:00	10927.3388672
12/30/2019 16:00:00	11140.0478516
12/31/2019 16:00:00	11075.7421875
1/2/2020 16:00:00	10536.5488281
1/3/2020 16:00:00	10818.5117188
1/6/2020 16:00:00	10610.7490234
1/7/2020 16:00:00	10615.6962891
1/8/2020 16:00:00	10378.2509766
1/9/2020 16:00:00	10116.0761719
1/10/2020 16:00:00	10200.1699219
1/13/2020 16:00:00	9844.00390625
1/14/2020 16:00:00	9962.72753906
1/15/2020 16:00:00	9957.77832031
1/16/2020 16:00:00	9675.81640625
1/17/2020 16:00:00	9527.41308594
1/21/2020 16:00:00	9547.20117188
1/22/2020 16:00:00	9473
1/23/2020 16:00:00	9383.95898438
1/24/2020 16:00:00	9626.34667969
1/27/2020 16:00:00	10219.9580078
1/28/2020 16:00:00	9750.01757812
1/29/2020 16:00:00	9710.44433594
1/30/2020 16:00:00	9601.61425781
1/31/2020 16:00:00	10071.5546875
2/3/2020 16:00:00	9616.45507812
2/4/2020 16:00:00	8958.5390625
2/5/2020 16:00:00	8854.65625
2/6/2020 16:00:00	8637.00195312
2/7/2020 16:00:00	8745.828125
2/10/2020 16:00:00	8429.23828125
2/11/2020 16:00:00	8429.23828125
2/12/2020 16:00:00	8186.84814453
2/13/2020 16:00:00	8221.47460938
2/14/2020 16:00:00	8157.16601562
2/18/2020 16:00:00	8137.38183594
2/19/2020 16:00:00	7909.83056641
2/20/2020 16:00:00	8137.38183594
2/21/2020 16:00:00	8602.37402344
2/24/2020 16:00:00	9601.61425781
2/25/2020 16:00:00	10373.3056641
2/26/2020 16:00:00	10224.9042969
2/27/2020 16:00:00	11753.4453125
2/28/2020 16:00:00	11575.3652344
3/2/2020 16:00:00	9928.09960938
3/3/2020 16:00:00	10922.390625
3/4/2020 16:00:00	9562.04101562
3/5/2020 16:00:00	10407.9326172
3/6/2020 16:00:00	10927.3388672
3/9/2020 16:00:00	13187.9990234
3/10/2020 16:00:00	11130.1552734
3/11/2020 16:00:00	12505.3486328
3/12/2020 16:00:00	15963.1171875
3/13/2020 16:00:00	11436.8554688
3/16/2020 16:00:00	15181.5302734
3/17/2020 16:00:00	12406.4140625
3/18/2020 16:00:00	13326.5058594
3/19/2020 16:00:00	13158.3193359
3/20/2020 16:00:00	14503.8320312
3/23/2020 16:00:00	14582.9794922
3/24/2020 16:00:00	11298.3466797
3/25/2020 16:00:00	11489.3369141
3/26/2020 16:00:00	9658.78125
3/27/2020 16:00:00	10591.4238281
3/30/2020 16:00:00	9445.46679688
3/31/2020 16:00:00	9653.82226562
4/1/2020 16:00:00	10889.0732422
4/2/2020 16:00:00	10244.1640625
4/3/2020 16:00:00	10645.9912109
4/6/2020 16:00:00	8408.64746094
4/7/2020 16:00:00	8383.84277344
4/8/2020 16:00:00	7853.03125
4/9/2020 16:00:00	7813.34521484
4/13/2020 16:00:00	7550.42089844
4/14/2020 16:00:00	6563.20947266
4/15/2020 16:00:00	6781.48828125
4/16/2020 16:00:00	6414.38476562
4/17/2020 16:00:00	6255.63623047
4/20/2020 16:00:00	6459.03173828
4/21/2020 16:00:00	7168.43359375
4/22/2020 16:00:00	6523.52294922
4/23/2020 16:00:00	6573.13085938
4/24/2020 16:00:00	6250.67578125
4/27/2020 16:00:00	6126.65478516
4/28/2020 16:00:00	6449.11132812
4/29/2020 16:00:00	5784.35498047
4/30/2020 16:00:00	5744.66845703
5/1/2020 16:00:00	6260.59814453
5/4/2020 16:00:00	6037.359375
5/5/2020 16:00:00	5833.96435547
5/6/2020 16:00:00	5724.82519531
5/7/2020 16:00:00	5501.58691406
5/8/2020 16:00:00	5278.34912109
5/11/2020 16:00:00	5144.40527344
5/12/2020 16:00:00	5451.97900391
5/13/2020 16:00:00	5655.37402344
5/14/2020 16:00:00	5466.86083984
5/15/2020 16:00:00	5357.72167969
5/18/2020 16:00:00	5060.07128906
5/19/2020 16:00:00	5104.71826172
5/20/2020 16:00:00	4792.18505859
5/21/2020 16:00:00	4941.01074219
5/22/2020 16:00:00	4896.36279297
5/26/2020 16:00:00	4921.16748047
5/27/2020 16:00:00	4851.71582031
5/28/2020 16:00:00	4876.51953125
5/29/2020 16:00:00	4678.0859375
6/1/2020 16:00:00	4613.59423828
6/2/2020 16:00:00	4529.25927734
6/3/2020 16:00:00	4449.88574219
6/4/2020 16:00:00	4554.06396484
6/5/2020 16:00:00	4286.17773438
6/8/2020 16:00:00	4182
6/9/2020 16:00:00	4087.74389648
6/10/2020 16:00:00	3933.95800781
6/11/2020 16:00:00	4524.29980469
6/12/2020 16:00:00	4420.12158203
6/15/2020 16:00:00	4256.41210938
6/16/2020 16:00:00	4043.09692383
6/17/2020 16:00:00	3998.44873047
6/18/2020 16:00:00	3963.72265625
6/19/2020 16:00:00	3968.68261719
6/22/2020 16:00:00	3829.77978516
6/23/2020 16:00:00	3730.56225586
6/24/2020 16:00:00	3948.83959961
6/25/2020 16:00:00	3839.69995117
6/26/2020 16:00:00	4117.50927734
6/29/2020 16:00:00	3993.48657227
6/30/2020 16:00:00	3750.40551758
7/1/2020 16:00:00	3616.46313477
7/2/2020 16:00:00	3542.04956055
7/6/2020 16:00:00	3284.08569336
7/7/2020 16:00:00	3348.57617188
7/8/2020 16:00:00	3214.63305664
7/9/2020 16:00:00	3135.25952148
7/10/2020 16:00:00	3065.80786133
7/13/2020 16:00:00	3254.32006836
7/14/2020 16:00:00	3184.86816406
7/15/2020 16:00:00	3165.0246582
7/16/2020 16:00:00	3234.47680664
7/17/2020 16:00:00	3229.51586914
7/20/2020 16:00:00	2946.74780273
7/21/2020 16:00:00	3036.04272461
7/22/2020 16:00:00	3001.31640625
7/23/2020 16:00:00	3239.4375
7/24/2020 16:00:00	3333.69384766
7/27/2020 16:00:00	3150.14233398
7/28/2020 16:00:00	3269.20263672
7/29/2020 16:00:00	3155.10327148
7/30/2020 16:00:00	3105.49462891
7/31/2020 16:00:00	2941.78613281
8/3/2020 16:00:00	2827.68701172
8/4/2020 16:00:00	2788
8/5/2020 16:00:00	2773.11767578
8/6/2020 16:00:00	2659.01806641
8/7/2020 16:00:00	2748.31298828
8/10/2020 16:00:00	2788
8/11/2020 16:00:00	2946.74780273
8/12/2020 16:00:00	2718.54785156
8/13/2020 16:00:00	2703.66552734
8/14/2020 16:00:00	2718.54785156
8/17/2020 16:00:00	2619.33056641
8/18/2020 16:00:00	2544.91796875
8/19/2020 16:00:00	2595.51855469
8/20/2020 16:00:00	2486.38012695
8/21/2020 16:00:00	2434.78710938
8/24/2020 16:00:00	2388.1550293
8/25/2020 16:00:00	2332.59375
8/26/2020 16:00:00	2182.77587891
8/27/2020 16:00:00	2204.60302734
8/28/2020 16:00:00	2167.89306641
8/31/2020 16:00:00	2118.28466797
9/1/2020 16:00:00	2008.15356445
9/2/2020 16:00:00	1950.60778809
9/3/2020 16:00:00	2250.2434082
9/4/2020 16:00:00	2339.53857422
9/8/2020 16:00:00	2671.91601562
9/9/2020 16:00:00	2440.73974609
9/10/2020 16:00:00	2580.63623047
9/11/2020 16:00:00	2635.20556641
9/14/2020 16:00:00	2500.27026367
9/15/2020 16:00:00	2391.13134766
9/16/2020 16:00:00	2508.20776367
9/17/2020 16:00:00	2621.31542969
9/18/2020 16:00:00	2726.4855957
9/21/2020 16:00:00	2689.7746582
9/22/2020 16:00:00	2541.94165039
9/23/2020 16:00:00	2778.078125
9/24/2020 16:00:00	2735.41503906
9/25/2020 16:00:00	2542.93359375
9/28/2020 16:00:00	2387.1628418
9/29/2020 16:00:00	2417.92041016
9/30/2020 16:00:00	2366.32739258
10/1/2020 16:00:00	2255.20410156
10/2/2020 16:00:00	2441.73217773
10/5/2020 16:00:00	2287.9453125
10/6/2020 16:00:00	2410.97509766
10/7/2020 16:00:00	2283.97729492
10/8/2020 16:00:00	2246.27441406
10/9/2020 16:00:00	2145.07299805
10/12/2020 16:00:00	1946.63916016
10/13/2020 16:00:00	1944.65454102
10/14/2020 16:00:00	1993.27087402
10/15/2020 16:00:00	2035.93469238
10/16/2020 16:00:00	2067.68408203
10/19/2020 16:00:00	2167.89306641
10/20/2020 16:00:00	2152.01879883
10/21/2020 16:00:00	2158.96362305
10/22/2020 16:00:00	2157.97167969
10/23/2020 16:00:00	2143.08886719
10/26/2020 16:00:00	2240.3215332
10/27/2020 16:00:00	2188.72851562
10/28/2020 16:00:00	2445.70092773
10/29/2020 16:00:00	2317.71118164
10/30/2020 16:00:00	2483.40356445
11/2/2020 16:00:00	2475.46606445
11/3/2020 16:00:00	2349.46069336
11/4/2020 16:00:00	2031.96582031
11/5/2020 16:00:00	1875.20275879
11/6/2020 16:00:00	1868.25756836
11/9/2020 16:00:00	1982.35705566
11/10/2020 16:00:00	2087.52709961
11/11/2020 16:00:00	1948.62316895
11/12/2020 16:00:00	1974.4197998
11/13/2020 16:00:00	1923.81921387
11/16/2020 16:00:00	1880.16357422
11/17/2020 16:00:00	1895.04614258
11/18/2020 16:00:00	1939.69372559
11/19/2020 16:00:00	1892.06970215
11/20/2020 16:00:00	1931.7565918
11/23/2020 16:00:00	1930.76428223
11/24/2020 16:00:00	1850.39831543
11/25/2020 16:00:00	1814.68029785
11/27/2020 16:00:00	1766.06408691
11/30/2020 16:00:00	1756.14221191
12/1/2020 16:00:00	1685.69799805
12/2/2020 16:00:00	1678.75280762
12/3/2020 16:00:00	1671.80773926
12/4/2020 16:00:00	1650.97216797
12/7/2020 16:00:00	1623.19128418
12/8/2020 16:00:00	1607.31652832
12/9/2020 16:00:00	1715.46337891
12/10/2020 16:00:00	1696.61193848
12/11/2020 16:00:00	1706.53381348
12/14/2020 16:00:00	1668.83117676
12/15/2020 16:00:00	1617.23840332
12/16/2020 16:00:00	1590.44995117
12/17/2020 16:00:00	1557.70825195
12/18/2020 16:00:00	1572.59057617
12/21/2020 16:00:00	1582.5123291
12/22/2020 16:00:00	1568.62219238
12/23/2020 16:00:00	1591.44213867
12/24/2020 16:00:00	1570.60644531
12/28/2020 16:00:00	1522.98205566
12/29/2020 16:00:00	1519.01342773
12/30/2020 16:00:00	1519.01342773
12/31/2020 16:00:00	1506.11535645
1/4/2021 16:00:00	1571.59863281
1/5/2021 16:00:00	1532.90393066
1/6/2021 16:00:00	1596.4029541
1/7/2021 16:00:00	1477.34216309
1/8/2021 16:00:00	1422.77282715
1/11/2021 16:00:00	1484.28747559
1/12/2021 16:00:00	1490.24035645
1/13/2021 16:00:00	1462.4597168
1/14/2021 16:00:00	1484.28747559
1/15/2021 16:00:00	1520.00585938
1/19/2021 16:00:00	1452.53808594
1/20/2021 16:00:00	1352.32873535
1/21/2021 16:00:00	1317.6027832
1/22/2021 16:00:00	1329.5090332
1/25/2021 16:00:00	1292.79846191
1/26/2021 16:00:00	1290.81408691
1/27/2021 16:00:00	1395.98425293
1/28/2021 16:00:00	1374.15649414
1/29/2021 16:00:00	1459.48352051
2/1/2021 16:00:00	1350.34423828
2/2/2021 16:00:00	1286.84558105
2/3/2021 16:00:00	1299.74389648
2/4/2021 16:00:00	1254.10388184
2/5/2021 16:00:00	1241.20556641
2/8/2021 16:00:00	1216.40136719
2/9/2021 16:00:00	1217.39355469
2/10/2021 16:00:00	1225.33117676
2/11/2021 16:00:00	1205.48754883
2/12/2021 16:00:00	1186.63635254
2/16/2021 16:00:00	1194.5736084
2/17/2021 16:00:00	1212.43273926
2/18/2021 16:00:00	1228.30761719
2/19/2021 16:00:00	1244.18225098
2/22/2021 16:00:00	1341.41491699
2/23/2021 16:00:00	1352.32873535
2/24/2021 16:00:00	1318.5949707
2/25/2021 16:00:00	1458.49108887
2/26/2021 16:00:00	1436.66320801
3/1/2021 16:00:00	1308.6730957
3/2/2021 16:00:00	1371.18005371
3/3/2021 16:00:00	1490.24035645
3/4/2021 16:00:00	1563.66113281
3/5/2021 16:00:00	1492.22497559
3/8/2021 16:00:00	1619.22265625
3/9/2021 16:00:00	1427.73376465
3/10/2021 16:00:00	1438.64758301
3/11/2021 16:00:00	1338.43847656
3/12/2021 16:00:00	1371.18005371
3/15/2021 16:00:00	1327.5246582
3/16/2021 16:00:00	1305.69689941
3/17/2021 16:00:00	1289.82189941
3/18/2021 16:00:00	1407.89050293
3/19/2021 16:00:00	1390.03125
3/22/2021 16:00:00	1314.62634277
3/23/2021 16:00:00	1332.48535156
3/24/2021 16:00:00	1398.96069336
3/25/2021 16:00:00	1405.90600586
3/26/2021 16:00:00	1342.40710449
3/29/2021 16:00:00	1344.39135742
3/30/2021 16:00:00	1364.23486328
3/31/2021 16:00:00	1301.72802734
4/1/2021 16:00:00	1234.26062012
4/5/2021 16:00:00	1161.83203125
4/6/2021 16:00:00	1164.80847168
4/7/2021 16:00:00	1154.88696289
4/8/2021 16:00:00	1118.17651367
4/9/2021 16:00:00	1098.33312988
4/12/2021 16:00:00	1103.29370117
4/13/2021 16:00:00	1063.60705566
4/14/2021 16:00:00	1102.30151367
4/15/2021 16:00:00	1050.70898438
4/16/2021 16:00:00	1047.7322998
4/19/2021 16:00:00	1077.49755859
4/20/2021 16:00:00	1100.31738281
4/21/2021 16:00:00	1071.54443359
4/22/2021 16:00:00	1110.23913574
4/23/2021 16:00:00	1068.56774902
4/26/2021 16:00:00	1046.74023438
4/27/2021 16:00:00	1060.63049316
4/28/2021 16:00:00	1072.53649902
4/29/2021 16:00:00	1059.63867188
4/30/2021 16:00:00	1080.47424316
5/3/2021 16:00:00	1097.34094238
5/4/2021 16:00:00	1156.87109375
5/5/2021 16:00:00	1168.77722168
5/6/2021 16:00:00	1142.98083496
5/7/2021 16:00:00	1114.20788574
5/10/2021 16:00:00	1198.54211426
5/11/2021 16:00:00	1202.51098633
5/12/2021 16:00:00	1295.77502441
5/13/2021 16:00:00	1267.00231934
5/14/2021 16:00:00	1183.65979004
5/17/2021 16:00:00	1204.4954834
5/18/2021 16:00:00	1228.30761719
5/19/2021 16:00:00	1224.33874512
5/20/2021 16:00:00	1152.90246582
5/21/2021 16:00:00	1171.75366211
5/24/2021 16:00:00	1112.22351074
5/25/2021 16:00:00	1107.26269531
5/26/2021 16:00:00	1096.34863281
5/27/2021 16:00:00	1109.24694824
5/28/2021 16:00:00	1098.33312988
6/1/2021 16:00:00	1109.24694824
6/2/2021 16:00:00	1103.29370117
6/3/2021 16:00:00	1138.01977539
6/4/2021 16:00:00	1078.48962402
6/7/2021 16:00:00	1069.56005859
6/8/2021 16:00:00	1068.56774902
6/9/2021 16:00:00	1066.58325195
6/10/2021 16:00:00	1032.84985352
6/11/2021 16:00:00	1024.91247559
6/14/2021 16:00:00	996.139404297
6/15/2021 16:00:00	1014.99072266
6/16/2021 16:00:00	1026.89672852
6/17/2021 16:00:00	987.209899902
6/18/2021 16:00:00	1010.02966309
6/21/2021 16:00:00	992.170654297
6/22/2021 16:00:00	964.389892578
6/23/2021 16:00:00	962.405517578
6/24/2021 16:00:00	944.546508789
6/25/2021 16:00:00	946.530944824
6/28/2021 16:00:00	912.797119141
6/29/2021 16:00:00	902.875488281
6/30/2021 16:00:00	906.844238281
7/1/2021 16:00:00	906.844238281
7/2/2021 16:00:00	875.094726562
7/6/2021 16:00:00	865.172790527
7/7/2021 16:00:00	858.227661133
7/8/2021 16:00:00	874.102355957
7/9/2021 16:00:00	857.235534668
7/12/2021 16:00:00	848.305969238
7/13/2021 16:00:00	848.305969238
7/14/2021 16:00:00	843.345275879
7/15/2021 16:00:00	860.212097168
7/16/2021 16:00:00	881.047668457
7/19/2021 16:00:00	902.875488281
7/20/2021 16:00:00	872.118225098
7/21/2021 16:00:00	851.282592773
7/22/2021 16:00:00	833.423461914
7/23/2021 16:00:00	805.64263916
7/26/2021 16:00:00	803.65826416
7/27/2021 16:00:00	829.454833984
7/28/2021 16:00:00	819.53302002
7/29/2021 16:00:00	814.57208252
7/30/2021 16:00:00	827.470458984
8/2/2021 16:00:00	827.470458984
8/3/2021 16:00:00	812.58795166
8/4/2021 16:00:00	808.61920166
8/5/2021 16:00:00	793.736633301
8/6/2021 16:00:00	803.65826416
8/9/2021 16:00:00	800.68182373
8/10/2021 16:00:00	812.58795166
8/11/2021 16:00:00	815.564453125
8/12/2021 16:00:00	806.634887695
8/13/2021 16:00:00	798.69744873
8/16/2021 16:00:00	797.70526123
8/17/2021 16:00:00	819.53302002
8/18/2021 16:00:00	843.345275879
8/19/2021 16:00:00	829.454833984
8/20/2021 16:00:00	803.65826416
8/23/2021 16:00:00	767.940246582
8/24/2021 16:00:00	760.994934082
8/25/2021 16:00:00	760.002929688
8/26/2021 16:00:00	772.901123047
8/27/2021 16:00:00	751.073303223
8/30/2021 16:00:00	724.284667969
8/31/2021 16:00:00	726.269042969
9/1/2021 16:00:00	723.292419434
9/2/2021 16:00:00	725.276794434
9/3/2021 16:00:00	717.339477539
9/7/2021 16:00:00	713.370788574
9/8/2021 16:00:00	722.300476074
9/9/2021 16:00:00	729.245544434
9/10/2021 16:00:00	747.104675293
9/13/2021 16:00:00	748.096740723
9/14/2021 16:00:00	754.049804688
9/15/2021 16:00:00	736.190734863
9/16/2021 16:00:00	736.190734863
9/17/2021 16:00:00	761.987182617
9/20/2021 16:00:00	808.61920166
9/21/2021 16:00:00	806.634887695
9/22/2021 16:00:00	782.822875977
9/23/2021 16:00:00	760.994934082
9/24/2021 16:00:00	758.018493652
9/27/2021 16:00:00	776.869750977
9/28/2021 16:00:00	842.352966309
9/29/2021 16:00:00	847.313964844
9/30/2021 16:00:00	856.243469238
10/1/2021 16:00:00	840.368652344
10/4/2021 16:00:00	892.953735352
10/5/2021 16:00:00	856.243469238
10/6/2021 16:00:00	840.368652344
10/7/2021 16:00:00	816.55657959
10/8/2021 16:00:00	830.446899414
10/11/2021 16:00:00	848.305969238
10/12/2021 16:00:00	856.243469238
10/13/2021 16:00:00	836.400024414
10/14/2021 16:00:00	789.767883301
10/15/2021 16:00:00	774.885498047
10/18/2021 16:00:00	751.073303223
10/19/2021 16:00:00	736.190734863
10/20/2021 16:00:00	737.182922363
10/21/2021 16:00:00	724.284667969
10/22/2021 16:00:00	742.143737793
10/25/2021 16:00:00	719.323791504
10/26/2021 16:00:00	713.370788574
10/27/2021 16:00:00	707.417724609
10/28/2021 16:00:00	684.597839355
10/29/2021 16:00:00	673.683959961
11/1/2021 16:00:00	667.731018066
11/2/2021 16:00:00	657.809326172
11/3/2021 16:00:00	636.973632812
11/4/2021 16:00:00	614.153808594
11/5/2021 16:00:00	612.169372559
11/8/2021 16:00:00	614.153808594
11/9/2021 16:00:00	626.059753418
11/10/2021 16:00:00	654.832641602
11/11/2021 16:00:00	647.887512207
11/12/2021 16:00:00	627.051940918
11/15/2021 16:00:00	628.044128418
11/16/2021 16:00:00	614.153808594
11/17/2021 16:00:00	614.153808594
11/18/2021 16:00:00	594.310302734
11/19/2021 16:00:00	584.38861084
11/22/2021 16:00:00	606.216369629
11/23/2021 16:00:00	614.153808594
11/24/2021 16:00:00	607.208435059
11/26/2021 16:00:00	640.942443848
11/29/2021 16:00:00	600.263244629
11/30/2021 16:00:00	626.059753418
12/1/2021 16:00:00	659.793640137
12/2/2021 16:00:00	643.918945312
12/3/2021 16:00:00	676.660522461
12/6/2021 16:00:00	660.785705566
12/7/2021 16:00:00	600.263244629
12/8/2021 16:00:00	593.31817627
12/9/2021 16:00:00	618.122436523
12/10/2021 16:00:00	598.278991699
12/13/2021 16:00:00	625.067565918
12/14/2021 16:00:00	643.918945312
12/15/2021 16:00:00	601.255493164
12/16/2021 16:00:00	644.910949707
12/17/2021 16:00:00	654.832641602
12/20/2021 16:00:00	674.676086426
12/21/2021 16:00:00	629.036193848
12/22/2021 16:00:00	607.208435059
12/23/2021 16:00:00	593.31817627
12/27/2021 16:00:00	564.545166016
12/28/2021 16:00:00	570.49822998
12/29/2021 16:00:00	571.49041748
12/30/2021 16:00:00	576.45123291
12/31/2021 16:00:00	589.349487305
1/3/2022 16:00:00	569.50604248
1/4/2022 16:00:00	592.32598877
1/5/2022 16:00:00	647.887512207
1/6/2022 16:00:00	648.879638672
1/7/2022 16:00:00	668.723144531
1/10/2022 16:00:00	665.746643066
1/11/2022 16:00:00	637.965881348
1/12/2022 16:00:00	629.036193848
1/13/2022 16:00:00	675.866821289
1/14/2022 16:00:00	664.754516602
1/18/2022 16:00:00	712.378662109
1/19/2022 16:00:00	737.182922363
1/20/2022 16:00:00	766.154296875
1/21/2022 16:00:00	829.256469727
1/24/2022 16:00:00	818.937805176
1/25/2022 16:00:00	874.697937012
1/26/2022 16:00:00	876.086853027
1/27/2022 16:00:00	904.859680176
1/28/2022 16:00:00	819.929992676
1/31/2022 16:00:00	741.747009277
2/1/2022 16:00:00	725.872253418
2/2/2022 16:00:00	708.608337402
2/3/2022 16:00:00	792.942993164
2/4/2022 16:00:00	764.963806152
2/7/2022 16:00:00	781.036804199
2/8/2022 16:00:00	755.637207031
2/9/2022 16:00:00	707.616088867
2/10/2022 16:00:00	754.645080566
2/11/2022 16:00:00	825.882995605
2/14/2022 16:00:00	823.898620605
2/15/2022 16:00:00	762.979370117
2/16/2022 16:00:00	763.574645996
2/17/2022 16:00:00	831.240722656
2/18/2022 16:00:00	859.021606445
2/22/2022 16:00:00	885.016418457
2/23/2022 16:00:00	952.682250977
2/24/2022 16:00:00	859.616699219
2/25/2022 16:00:00	816.953430176
2/28/2022 16:00:00	808.222351074
3/1/2022 16:00:00	846.321777344
3/2/2022 16:00:00	805.245727539
3/3/2022 16:00:00	838.781188965
3/4/2022 16:00:00	875.29284668
3/7/2022 16:00:00	972.525817871
3/8/2022 16:00:00	985.622619629
3/9/2022 16:00:00	880.253967285
3/10/2022 16:00:00	908.233032227
3/11/2022 16:00:00	963.199462891
3/14/2022 16:00:00	1019.75317383
3/15/2022 16:00:00	925.496948242
3/16/2022 16:00:00	821.120544434
3/17/2022 16:00:00	792.149169922
3/18/2022 16:00:00	743.929748535
3/21/2022 16:00:00	748.890380859
3/22/2022 16:00:00	705.036560059
3/23/2022 16:00:00	734.801574707
3/24/2022 16:00:00	686.383789062
3/25/2022 16:00:00	687.574401855
3/28/2022 16:00:00	656.02331543
3/29/2022 16:00:00	622.487976074
3/30/2022 16:00:00	641.339233398
3/31/2022 16:00:00	668.127868652
4/1/2022 16:00:00	670.31060791
4/4/2022 16:00:00	629.234741211
4/5/2022 16:00:00	670.112182617
4/6/2022 16:00:00	713.966003418
4/7/2022 16:00:00	709.203674316
4/8/2022 16:00:00	738.174987793
4/11/2022 16:00:00	790.561706543
4/12/2022 16:00:00	801.475524902
4/13/2022 16:00:00	753.256164551
4/14/2022 16:00:00	804.451965332
4/18/2022 16:00:00	801.277099609
4/19/2022 16:00:00	749.485839844
4/20/2022 16:00:00	782.624389648
4/21/2022 16:00:00	829.454833984
4/22/2022 16:00:00	895.731811523
4/25/2022 16:00:00	860.807434082
4/26/2022 16:00:00	956.452697754
4/27/2022 16:00:00	961.611938477
4/28/2022 16:00:00	860.212097168
4/29/2022 16:00:00	972.922607422
5/2/2022 16:00:00	925.496948242
5/3/2022 16:00:00	923.314147949
5/4/2022 16:00:00	829.256469727
5/5/2022 16:00:00	951.491943359
5/6/2022 16:00:00	988.400695801
5/9/2022 16:00:00	1103.49243164
5/10/2022 16:00:00	1064.59912109
5/11/2022 16:00:00	1159.45080566
5/12/2022 16:00:00	1165.99926758
5/13/2022 16:00:00	1040.58862305
5/16/2022 16:00:00	1072.53649902
5/17/2022 16:00:00	991.178527832
5/18/2022 16:00:00	1135.24194336
5/19/2022 16:00:00	1156.07763672
5/20/2022 16:00:00	1165.40380859
5/23/2022 16:00:00	1107.4609375
5/24/2022 16:00:00	1177.50805664
5/25/2022 16:00:00	1129.09033203
5/26/2022 16:00:00	1035.03271484
5/27/2022 16:00:00	932.839050293
5/31/2022 16:00:00	938.792114258
6/1/2022 16:00:00	962.405517578
6/2/2022 16:00:00	883.032043457
6/3/2022 16:00:00	951.690246582
6/6/2022 16:00:00	941.569946289
6/7/2022 16:00:00	917.757873535
6/8/2022 16:00:00	936.609313965
6/9/2022 16:00:00	1012.60974121
6/10/2022 16:00:00	1121.54992676
6/13/2022 16:00:00	1274.14575195
6/14/2022 16:00:00	1266.60534668
6/15/2022 16:00:00	1174.1348877
6/16/2022 16:00:00	1311.45117188
6/17/2022 16:00:00	1269.18505859
6/21/2022 16:00:00	1174.33349609
6/22/2022 16:00:00	1178.50048828
6/23/2022 16:00:00	1128.0982666
6/24/2022 16:00:00	1012.21264648
6/27/2022 16:00:00	1031.85766602
6/28/2022 16:00:00	1126.51062012
6/29/2022 16:00:00	1124.12939453
6/30/2022 16:00:00	1167.58666992
7/1/2022 16:00:00	1143.37756348
7/5/2022 16:00:00	1084.64135742
7/6/2022 16:00:00	1064.59912109
7/7/2022 16:00:00	997.726928711
7/8/2022 16:00:00	992.964477539
7/11/2022 16:00:00	1056.46350098
7/12/2022 16:00:00	1087.02233887
7/13/2022 16:00:00	1093.76916504
7/14/2022 16:00:00	1082.06152344
7/15/2022 16:00:00	1024.71411133
7/18/2022 16:00:00	1049.51843262
7/19/2022 16:00:00	955.460388184
7/20/2022 16:00:00	908.034790039
7/21/2022 16:00:00	869.141601562
7/22/2022 16:00:00	914.38458252
7/25/2022 16:00:00	929.266967773
7/26/2022 16:00:00	984.630249023
7/27/2022 16:00:00	862.593261719
7/28/2022 16:00:00	836.003112793
7/29/2022 16:00:00	790.363220215
8/1/2022 16:00:00	791.553894043
8/2/2022 16:00:00	799.292724609
8/3/2022 16:00:00	735.396911621
8/4/2022 16:00:00	724.284667969
8/5/2022 16:00:00	741.747009277
8/8/2022 16:00:00	749.088867188
8/9/2022 16:00:00	774.290161133
8/10/2022 16:00:00	710.989501953
8/11/2022 16:00:00	721.109741211
8/12/2022 16:00:00	680.430786133
8/15/2022 16:00:00	663.762329102
8/16/2022 16:00:00	668.524719238
8/17/2022 16:00:00	692.138305664
8/18/2022 16:00:00	687.376037598
8/19/2022 16:00:00	727.459594727
8/22/2022 16:00:00	784.608764648
8/23/2022 16:00:00	787.38671875
8/24/2022 16:00:00	780.640014648
8/25/2022 16:00:00	740.159484863
8/26/2022 16:00:00	830.645446777
8/29/2022 16:00:00	855.648254395
8/30/2022 16:00:00	883.627380371
8/31/2022 16:00:00	900.692687988
9/1/2022 16:00:00	899.303649902
9/2/2022 16:00:00	937.204528809
9/6/2022 16:00:00	958.238586426
9/7/2022 16:00:00	901.287963867
9/8/2022 16:00:00	886.802246094
9/9/2022 16:00:00	830.248474121
9/12/2022 16:00:00	799.888000488
9/13/2022 16:00:00	931.846740723
9/14/2022 16:00:00	909.622253418
9/15/2022 16:00:00	955.262023926
9/16/2022 16:00:00	974.708557129
9/19/2022 16:00:00	950.89654541
9/20/2022 16:00:00	973.914733887
9/21/2022 16:00:00	1027.49182129
9/22/2022 16:00:00	1065.19482422
9/23/2022 16:00:00	1116.390625
9/26/2022 16:00:00	1130.47937012
9/27/2022 16:00:00	1129.68566895
9/28/2022 16:00:00	1065.19482422
9/29/2022 16:00:00	1153.89465332
9/30/2022 16:00:00	1216.79821777
10/3/2022 16:00:00	1130.47937012
10/4/2022 16:00:00	1025.11071777
10/5/2022 16:00:00	1024.11889648
10/6/2022 16:00:00	1051.10559082
10/7/2022 16:00:00	1172.15039062
10/10/2022 16:00:00	1209.05932617
10/11/2022 16:00:00	1254.10388184
10/12/2022 16:00:00	1257.08056641
10/13/2022 16:00:00	1172.94421387
10/14/2022 16:00:00	1277.51916504
10/17/2022 16:00:00	1150.91809082
10/18/2022 16:00:00	1122.93896484
10/19/2022 16:00:00	1134.24963379
10/20/2022 16:00:00	1154.68847656
10/21/2022 16:00:00	1073.13208008
10/24/2022 16:00:00	1036.61999512
10/25/2022 16:00:00	974.510131836
10/26/2022 16:00:00	1038.20727539
10/27/2022 16:00:00	1095.35681152
10/28/2022 16:00:00	995.742431641
10/31/2022 16:00:00	1029.87353516
11/1/2022 16:00:00	1061.42443848
11/2/2022 16:00:00	1171.55517578
11/3/2022 16:00:00	1239.22131348
11/4/2022 16:00:00	1181.67553711
11/7/2022 16:00:00	1144.17126465
11/8/2022 16:00:00	1119.1685791
11/9/2022 16:00:00	1197.94702148
11/10/2022 16:00:00	934.228088379
11/11/2022 16:00:00	880.452331543
11/14/2022 16:00:00	903.272338867
11/15/2022 16:00:00	866.561889648
11/16/2022 16:00:00	901.883239746
11/17/2022 16:00:00	908.630004883
11/18/2022 16:00:00	909.42376709
11/21/2022 16:00:00	937.402893066
11/22/2022 16:00:00	899.303649902
11/23/2022 16:00:00	871.91973877
11/25/2022 16:00:00	889.580322266
11/28/2022 16:00:00	929.266967773
11/29/2022 16:00:00	950.89654541
11/30/2022 16:00:00	821.120544434
12/1/2022 16:00:00	818.54095459
12/2/2022 16:00:00	829.256469727
12/5/2022 16:00:00	870.133850098
12/6/2022 16:00:00	924.306335449
12/7/2022 16:00:00	937.402893066
12/8/2022 16:00:00	904.859680176
12/9/2022 16:00:00	922.520507812
12/12/2022 16:00:00	888.389709473
12/13/2022 16:00:00	860.01361084
12/14/2022 16:00:00	881.642822266
12/15/2022 16:00:00	967.961853027
12/16/2022 16:00:00	996.933227539
12/19/2022 16:00:00	1038.00927734
12/20/2022 16:00:00	1042.37463379
12/21/2022 16:00:00	998.123779297
12/22/2022 16:00:00	1069.7947998
12/23/2022 16:00:00	1064.81921387
12/27/2022 16:00:00	1110.79553223
12/28/2022 16:00:00	1155.77661133
12/29/2022 16:00:00	1071.98461914
12/30/2022 16:00:00	1074.9699707
1/3/2023 16:00:00	1097.65942383
1/4/2023 16:00:00	1082.93139648
1/5/2023 16:00:00	1133.0871582
1/6/2023 16:00:00	1042.92590332
1/9/2023 16:00:00	1020.63427734
1/10/2023 16:00:00	995.755371094
1/11/2023 16:00:00	944.604187012
1/12/2023 16:00:00	930.273925781
1/13/2023 16:00:00	911.764099121
1/17/2023 16:00:00	907.982299805
1/18/2023 16:00:00	942.215698242
1/19/2023 16:00:00	971.672485352
1/20/2023 16:00:00	891.46270752
1/23/2023 16:00:00	832.748352051
1/24/2023 16:00:00	838.520324707
1/25/2023 16:00:00	844.292236328
1/26/2023 16:00:00	795.92755127
1/27/2023 16:00:00	773.238037109
1/30/2023 16:00:00	820.010314941
1/31/2023 16:00:00	783.388549805
2/1/2023 16:00:00	733.232543945
2/2/2023 16:00:00	657.003540039
2/3/2023 16:00:00	690.042785645
2/6/2023 16:00:00	708.154541016
2/7/2023 16:00:00	664.367675781
2/8/2023 16:00:00	699.795227051
2/9/2023 16:00:00	719.101379395
2/10/2023 16:00:00	733.829650879
2/13/2023 16:00:00	698.601074219
2/14/2023 16:00:00	683.872741699
2/15/2023 16:00:00	668.348144531
2/16/2023 16:00:00	706.562438965
2/17/2023 16:00:00	722.285888672
2/21/2023 16:00:00	773.636047363
2/22/2023 16:00:00	773.03894043
2/23/2023 16:00:00	753.334777832
2/24/2023 16:00:00	791.946960449
2/27/2023 16:00:00	774.83026123
2/28/2023 16:00:00	778.810974121
3/1/2023 16:00:00	797.519836426
3/2/2023 16:00:00	778.810974121
3/3/2023 16:00:00	731.043334961
3/6/2023 16:00:00	728.455871582
3/7/2023 16:00:00	755.524230957
3/8/2023 16:00:00	744.577392578
3/9/2023 16:00:00	785.179992676
3/10/2023 16:00:00	817.621948242
3/13/2023 16:00:00	799.90814209
3/14/2023 16:00:00	745.572631836
3/15/2023 16:00:00	735.023864746
3/16/2023 16:00:00	677.105712891
3/17/2023 16:00:00	686.460266113
3/20/2023 16:00:00	680.091064453
3/21/2023 16:00:00	651.629699707
3/22/2023 16:00:00	678.146606445
3/23/2023 16:00:00	654.713928223
3/24/2023 16:00:00	647.704101562
3/27/2023 16:00:00	661.122802734
3/28/2023 16:00:00	671.938049316
3/29/2023 16:00:00	636.088012695
3/30/2023 16:00:00	618.463378906
3/31/2023 16:00:00	588.020874023
4/3/2023 16:00:00	592.026367188
4/4/2023 16:00:00	598.234985352
4/5/2023 16:00:00	617.662109375
4/6/2023 16:00:00	605.044616699
4/10/2023 16:00:00	606.646850586
4/11/2023 16:00:00	618.463378906
4/12/2023 16:00:00	634.686035156
4/13/2023 16:00:00	598.83581543
4/14/2023 16:00:00	602.240600586
4/17/2023 16:00:00	601.43951416
4/18/2023 16:00:00	601.239318848
4/19/2023 16:00:00	602.240600586
4/20/2023 16:00:00	617.061462402
4/21/2023 16:00:00	615.45904541
4/24/2023 16:00:00	619.464660645
4/25/2023 16:00:00	654.713928223
4/26/2023 16:00:00	643.898803711
4/27/2023 16:00:00	592.026367188
4/28/2023 16:00:00	580.009643555
5/1/2023 16:00:00	581.812072754
5/2/2023 16:00:00	597.03338623
5/3/2023 16:00:00	609.250427246
5/4/2023 16:00:00	616.460510254
5/5/2023 16:00:00	577.606323242
5/8/2023 16:00:00	573.600708008
5/9/2023 16:00:00	584.81640625
5/10/2023 16:00:00	566.190368652
5/11/2023 16:00:00	561.58392334
5/12/2023 16:00:00	567.592346191
5/15/2023 16:00:00	558.780029297
5/16/2023 16:00:00	556.977416992
5/17/2023 16:00:00	536.949462891
5/18/2023 16:00:00	508.309509277
5/19/2023 16:00:00	511.914611816
5/22/2023 16:00:00	506.707336426
5/23/2023 16:00:00	526.134460449
5/24/2023 16:00:00	534.145629883
5/25/2023 16:00:00	496.69342041
5/26/2023 16:00:00	458.840576172
5/30/2023 16:00:00	452.431488037
5/31/2023 16:00:00	461.844726562
6/1/2023 16:00:00	445.021240234
6/2/2023 16:00:00	435.407806396
6/5/2023 16:00:00	434.606689453
6/6/2023 16:00:00	435.007263184
6/7/2023 16:00:00	457.438537598
6/8/2023 16:00:00	441.616455078
6/9/2023 16:00:00	436.409118652
6/12/2023 16:00:00	414.378448486
6/13/2023 16:00:00	404.965301514
6/14/2023 16:00:00	396.153015137
6/15/2023 16:00:00	383.13482666
6/16/2023 16:00:00	390.34487915
6/20/2023 16:00:00	391.947143555
6/21/2023 16:00:00	407.906005859
6/22/2023 16:00:00	394.302368164
6/23/2023 16:00:00	406.484771729
6/26/2023 16:00:00	422.524810791
6/27/2023 16:00:00	401.611816406
6/28/2023 16:00:00	398.972290039
6/29/2023 16:00:00	402.017913818
6/30/2023 16:00:00	383.947357178
7/3/2023 16:00:00	381.510894775
7/5/2023 16:00:00	381.510894775
7/6/2023 16:00:00	390.647644043
7/7/2023 16:00:00	394.911468506
7/10/2023 16:00:00	394.505371094
7/11/2023 16:00:00	389.023345947
7/12/2023 16:00:00	374.404510498
7/13/2023 16:00:00	356.13104248
7/14/2023 16:00:00	356.33404541
7/17/2023 16:00:00	346.791168213
7/18/2023 16:00:00	338.263458252
7/19/2023 16:00:00	338.263458252
7/20/2023 16:00:00	362.425231934
7/21/2023 16:00:00	366.07989502
7/24/2023 16:00:00	364.252563477
7/25/2023 16:00:00	356.943084717
7/26/2023 16:00:00	360.597869873
7/27/2023 16:00:00	364.049530029
7/28/2023 16:00:00	344.354675293
7/31/2023 16:00:00	343.339508057
8/1/2023 16:00:00	346.385131836
8/2/2023 16:00:00	369.125549316
8/3/2023 16:00:00	371.968048096
8/4/2023 16:00:00	377.044006348
8/7/2023 16:00:00	367.704284668
8/8/2023 16:00:00	377.450164795
8/9/2023 16:00:00	389.835540771
8/10/2023 16:00:00	388.414245605
8/11/2023 16:00:00	396.129760742
8/14/2023 16:00:00	382.932189941
8/15/2023 16:00:00	395.114562988
8/16/2023 16:00:00	408.109069824
8/17/2023 16:00:00	421.915740967
8/18/2023 16:00:00	423.946136475
8/21/2023 16:00:00	403.439147949
8/22/2023 16:00:00	405.672607422
8/23/2023 16:00:00	386.383850098
8/24/2023 16:00:00	412.372894287
8/25/2023 16:00:00	402.423980713
8/28/2023 16:00:00	393.490264893
8/29/2023 16:00:00	368.313323975
8/30/2023 16:00:00	362.019134521
8/31/2023 16:00:00	359.582672119
9/1/2023 16:00:00	360.800872803
9/5/2023 16:00:00	359.785675049
9/6/2023 16:00:00	369.125549316
9/7/2023 16:00:00	377.856201172
9/8/2023 16:00:00	376.434936523
9/11/2023 16:00:00	363.23739624
9/12/2023 16:00:00	375.41973877
9/13/2023 16:00:00	371.561950684
9/14/2023 16:00:00	363.034332275
9/15/2023 16:00:00	382.119995117
9/18/2023 16:00:00	380.698730469
9/19/2023 16:00:00	383.541290283
9/20/2023 16:00:00	399.944000244
9/21/2023 16:00:00	423.081237793
9/22/2023 16:00:00	422.874664307
9/25/2023 16:00:00	416.883728027
9/26/2023 16:00:00	435.889312744
9/27/2023 16:00:00	432.790618896
9/28/2023 16:00:00	423.081237793
9/29/2023 16:00:00	422.254882812
10/2/2023 16:00:00	412.132385254
10/3/2023 16:00:00	434.03012085
10/4/2023 16:00:00	416.677215576
10/5/2023 16:00:00	420.808776855
10/6/2023 16:00:00	399.944000244
10/9/2023 16:00:00	393.746520996
10/10/2023 16:00:00	387.548980713
10/11/2023 16:00:00	379.492279053
10/12/2023 16:00:00	384.037109375
10/13/2023 16:00:00	398.704467773
10/16/2023 16:00:00	385.070037842
10/17/2023 16:00:00	388.995056152
10/18/2023 16:00:00	405.108520508
10/19/2023 16:00:00	416.470550537
10/20/2023 16:00:00	435.476135254
10/23/2023 16:00:00	431.75769043
10/24/2023 16:00:00	419.569335938
10/25/2023 16:00:00	450.350067139
10/26/2023 16:00:00	476.999298096
10/27/2023 16:00:00	469.975463867
10/30/2023 16:00:00	455.1015625
10/31/2023 16:00:00	448.284301758
11/1/2023 16:00:00	424.940460205
11/2/2023 16:00:00	402.836090088
11/3/2023 16:00:00	388.788482666
11/6/2023 16:00:00	384.450286865
11/7/2023 16:00:00	373.914489746
11/8/2023 16:00:00	373.088195801
11/9/2023 16:00:00	382.384460449
11/10/2023 16:00:00	356.974731445
11/13/2023 16:00:00	360.280090332
11/14/2023 16:00:00	337.556030273
11/15/2023 16:00:00	336.729644775
11/16/2023 16:00:00	336.109924316
11/17/2023 16:00:00	336.316497803
11/20/2023 16:00:00	324.334747314
11/21/2023 16:00:00	330.325653076
11/22/2023 16:00:00	326.607147217
11/24/2023 16:00:00	328.466369629
11/27/2023 16:00:00	329.086151123
11/28/2023 16:00:00	326.813690186
11/29/2023 16:00:00	328.259796143
11/30/2023 16:00:00	330.945343018
12/1/2023 16:00:00	328.466369629
12/4/2023 16:00:00	337.762573242
12/5/2023 16:00:00	335.283630371
12/6/2023 16:00:00	341.274505615
12/7/2023 16:00:00	327.43347168
12/8/2023 16:00:00	323.508392334
12/11/2023 16:00:00	315.24508667
12/12/2023 16:00:00	307.808135986
12/13/2023 16:00:00	296.239501953
12/14/2023 16:00:00	297.68560791
12/15/2023 16:00:00	294.380249023
12/18/2023 16:00:00	287.769592285
12/19/2023 16:00:00	283.844512939
12/20/2023 16:00:00	296.563476562
12/21/2023 16:00:00	286.860809326
12/22/2023 16:00:00	285.384307861
12/26/2023 16:00:00	280.322052002
12/27/2023 16:00:00	278.845581055
12/28/2023 16:00:00	279.90020752
12/29/2023 16:00:00	283.696838379
1/2/2024 16:00:00	298.250854492
1/3/2024 16:00:00	307.742553711
1/4/2024 16:00:00	313.01574707
1/5/2024 16:00:00	312.172027588
1/8/2024 16:00:00	292.977661133
1/9/2024 16:00:00	291.501190186
1/10/2024 16:00:00	285.595214844
1/11/2024 16:00:00	284.540588379
1/12/2024 16:00:00	284.118743896
1/16/2024 16:00:00	284.540588379
1/17/2024 16:00:00	289.391937256
1/18/2024 16:00:00	277.369049072
1/19/2024 16:00:00	261.127716064
1/22/2024 16:00:00	260.283996582
1/23/2024 16:00:00	257.120056152
1/24/2024 16:00:00	252.901519775
1/25/2024 16:00:00	252.479675293
1/26/2024 16:00:00	257.120056152
1/29/2024 16:00:00	249.526657104
1/30/2024 16:00:00	254.58895874
1/31/2024 16:00:00	269.564788818
2/1/2024 16:00:00	260.283996582
2/2/2024 16:00:00	247.206512451
2/5/2024 16:00:00	248.472091675
2/6/2024 16:00:00	250.159484863
2/7/2024 16:00:00	242.777053833
2/8/2024 16:00:00	241.511535645
2/9/2024 16:00:00	234.550888062
2/12/2024 16:00:00	237.503829956
2/13/2024 16:00:00	248.89390564
2/14/2024 16:00:00	240.667770386
2/15/2024 16:00:00	238.98034668
2/16/2024 16:00:00	245.730041504
2/20/2024 16:00:00	251.425079346
2/21/2024 16:00:00	254.58895874
2/22/2024 16:00:00	232.441619873
2/23/2024 16:00:00	234.550888062
2/26/2024 16:00:00	235.183639526
2/27/2024 16:00:00	233.496276855
2/28/2024 16:00:00	237.292938232
2/29/2024 16:00:00	231.808868408
3/1/2024 16:00:00	221.262496948
3/4/2024 16:00:00	224.004547119
3/5/2024 16:00:00	236.027374268
3/6/2024 16:00:00	231.597915649
3/7/2024 16:00:00	221.684341431
3/8/2024 16:00:00	231.176040649
3/11/2024 16:00:00	233.918106079
3/12/2024 16:00:00	223.793609619
3/13/2024 16:00:00	229.488632202
3/14/2024 16:00:00	231.176040649
3/15/2024 16:00:00	239.613098145
3/18/2024 16:00:00	233.074401855
3/19/2024 16:00:00	231.386947632
3/20/2024 16:00:00	223.335754395
3/21/2024 16:00:00	220.552093506
3/22/2024 16:00:00	220.123825073
3/25/2024 16:00:00	222.479232788
3/26/2024 16:00:00	224.406402588
3/27/2024 16:00:00	222.693359375
3/28/2024 16:00:00	224.406402588
4/1/2024 16:00:00	222.907470703
4/2/2024 16:00:00	228.688980103
4/3/2024 16:00:00	227.404190063
4/4/2024 16:00:00	238.110626221
4/5/2024 16:00:00	229.973709106
4/8/2024 16:00:00	229.973709106
4/9/2024 16:00:00	227.190078735
4/10/2024 16:00:00	233.399734497
4/11/2024 16:00:00	222.693359375
4/12/2024 16:00:00	233.185623169
4/15/2024 16:00:00	244.962722778
4/16/2024 16:00:00	244.962722778
4/17/2024 16:00:00	253.956069946
4/18/2024 16:00:00	258.452789307
4/19/2024 16:00:00	274.940704346
4/22/2024 16:00:00	267.017944336
4/23/2024 16:00:00	255.026763916
4/24/2024 16:00:00	252.885452271
4/25/2024 16:00:00	256.953857422
4/26/2024 16:00:00	244.748535156
4/29/2024 16:00:00	242.179077148
4/30/2024 16:00:00	255.883255005
5/1/2024 16:00:00	261.664672852
5/2/2024 16:00:00	252.243057251
5/3/2024 16:00:00	237.254074097
5/6/2024 16:00:00	229.1171875
5/7/2024 16:00:00	229.54548645
5/8/2024 16:00:00	229.973709106
5/9/2024 16:00:00	228.688980103
5/10/2024 16:00:00	227.190078735
5/13/2024 16:00:00	225.905288696
5/14/2024 16:00:00	221.408599854
5/15/2024 16:00:00	211.344558716
5/16/2024 16:00:00	212.843460083
5/17/2024 16:00:00	213.485824585
5/20/2024 16:00:00	208.989151001
5/21/2024 16:00:00	207.918502808
5/22/2024 16:00:00	208.346755981
5/23/2024 16:00:00	211.558685303
5/24/2024 16:00:00	205.563110352
5/28/2024 16:00:00	203.207702637
5/29/2024 16:00:00	207.490264893
5/30/2024 16:00:00	214.556503296
5/31/2024 16:00:00	214.556503296
6/3/2024 16:00:00	212.629302979
6/4/2024 16:00:00	211.130447388
6/5/2024 16:00:00	198.282730103
6/6/2024 16:00:00	198.925140381
6/7/2024 16:00:00	199.567520142
6/10/2024 16:00:00	197.426223755
6/11/2024 16:00:00	193.357772827
6/12/2024 16:00:00	185.863327026
6/13/2024 16:00:00	182.865493774
6/14/2024 16:00:00	180.510116577
6/17/2024 16:00:00	174.086242676
6/18/2024 16:00:00	173.87210083
6/20/2024 16:00:00	178.154693604
6/21/2024 16:00:00	179.867706299
6/24/2024 16:00:00	186.077438354
6/25/2024 16:00:00	179.653579712
6/26/2024 16:00:00	178.56211853
6/27/2024 16:00:00	177.470672607
6/28/2024 16:00:00	180.745040894
7/1/2024 16:00:00	177.252380371
7/2/2024 16:00:00	172.013397217
7/3/2024 16:00:00	167.865875244
7/5/2024 16:00:00	162.62689209
7/8/2024 16:00:00	161.535430908
7/9/2024 16:00:00	161.317138672
7/10/2024 16:00:00	156.51473999
7/11/2024 16:00:00	166.556137085
7/12/2024 16:00:00	163.936630249
7/15/2024 16:00:00	162.845169067
7/16/2024 16:00:00	162.845169067
7/17/2024 16:00:00	177.034103394
7/18/2024 16:00:00	179.653579712
7/19/2024 16:00:00	184.674285889
7/22/2024 16:00:00	176.59753418
7/23/2024 16:00:00	178.56211853
7/24/2024 16:00:00	197.771743774
7/25/2024 16:00:00	204.538772583
7/26/2024 16:00:00	198.644927979
7/29/2024 16:00:00	197.553466797
7/30/2024 16:00:00	205.848510742
7/31/2024 16:00:00	187.512069702
8/1/2024 16:00:00	201.264404297
8/2/2024 16:00:00	215.889923096
8/5/2024 16:00:00	235.536102295
8/6/2024 16:00:00	228.987380981
8/7/2024 16:00:00	236.40927124
8/8/2024 16:00:00	214.798477173
8/9/2024 16:00:00	211.742370605
8/12/2024 16:00:00	210.650939941
8/13/2024 16:00:00	195.152267456
8/14/2024 16:00:00	194.93397522
8/15/2024 16:00:00	180.30847168
8/16/2024 16:00:00	179.653579712
8/19/2024 16:00:00	173.104858398
8/20/2024 16:00:00	174.414611816
8/21/2024 16:00:00	171.576812744
8/22/2024 16:00:00	179.871887207
8/23/2024 16:00:00	174.196304321
8/26/2024 16:00:00	179.653579712
8/27/2024 16:00:00	177.90725708
8/28/2024 16:00:00	184.237716675
8/29/2024 16:00:00	184.892562866
8/30/2024 16:00:00	178.998703003
9/3/2024 16:00:00	195.370559692
9/4/2024 16:00:00	196.68031311
9/5/2024 16:00:00	196.462020874
9/6/2024 16:00:00	212.178970337
9/9/2024 16:00:00	204.320495605
9/10/2024 16:00:00	199.081497192
9/11/2024 16:00:00	186.202331543
9/12/2024 16:00:00	180.745040894
9/13/2024 16:00:00	178.343856812
9/16/2024 16:00:00	181.181610107
9/17/2024 16:00:00	180.745040894
9/18/2024 16:00:00	183.364532471
9/19/2024 16:00:00	169.393920898
9/20/2024 16:00:00	170.921936035
9/23/2024 16:00:00	169.612213135
9/24/2024 16:00:00	166.992721558
9/25/2024 16:00:00	166.30255127
9/26/2024 16:00:00	162.963150024
9/27/2024 16:00:00	165.857315063
9/30/2024 16:00:00	164.521530151
10/1/2024 16:00:00	171.868255615
10/2/2024 16:00:00	170.755111694
10/3/2024 16:00:00	171.645614624
10/4/2024 16:00:00	165.41204834
10/7/2024 16:00:00	170.977737427
10/8/2024 16:00:00	163.408416748
10/9/2024 16:00:00	159.623718262
10/10/2024 16:00:00	160.291610718
10/11/2024 16:00:00	159.623718262
10/14/2024 16:00:00	155.616470337
10/15/2024 16:00:00	162.072662354
10/16/2024 16:00:00	161.850006104
10/17/2024 16:00:00	161.62739563
10/18/2024 16:00:00	158.733230591
10/21/2024 16:00:00	158.065353394
10/22/2024 16:00:00	157.397460938
10/23/2024 16:00:00	164.966796875
10/24/2024 16:00:00	161.182144165
10/25/2024 16:00:00	158.287963867
10/28/2024 16:00:00	158.287963867
10/29/2024 16:00:00	154.05809021
10/30/2024 16:00:00	157.174835205
10/31/2024 16:00:00	169.196716309
11/1/2024 16:00:00	165.634689331
11/4/2024 16:00:00	167.415710449
11/5/2024 16:00:00	160.959503174
11/6/2024 16:00:00	148.047119141
11/7/2024 16:00:00	141.101165771
11/8/2024 16:00:00	140.833984375
11/11/2024 16:00:00	141.101165771
11/12/2024 16:00:00	141.858108521
11/13/2024 16:00:00	142.525985718
11/14/2024 16:00:00	145.509170532
11/15/2024 16:00:00	156.239822388
11/18/2024 16:00:00	152.989456177
11/19/2024 16:00:00	150.006240845
11/20/2024 16:00:00	150.139846802
11/21/2024 16:00:00	148.670471191
11/22/2024 16:00:00	148.180679321
11/25/2024 16:00:00	147.601852417
11/26/2024 16:00:00	145.242050171
11/27/2024 16:00:00	148.759521484
11/29/2024 16:00:00	145.063919067
12/2/2024 16:00:00	140.388763428
12/3/2024 16:00:00	139.142059326
12/4/2024 16:00:00	134.066146851
12/5/2024 16:00:00	135.268310547
12/6/2024 16:00:00	131.750808716
12/9/2024 16:00:00	134.956619263
12/10/2024 16:00:00	136.425964355
12/11/2024 16:00:00	129.079284668
12/12/2024 16:00:00	131.661758423
12/13/2024 16:00:00	128.81211853
12/16/2024 16:00:00	123.335494995
12/17/2024 16:00:00	124.982948303
12/18/2024 16:00:00	138.474151611
12/19/2024 16:00:00	140.477813721
12/20/2024 16:00:00	136.915756226
12/23/2024 16:00:00	133.014099121
12/24/2024 16:00:00	127.753890991
12/26/2024 16:00:00	128.119827271
12/27/2024 16:00:00	133.334243774
12/30/2024 16:00:00	138.777435303
12/31/2024 16:00:00	142.436676025
1/2/2025 16:00:00	143.351470947
1/3/2025 16:00:00	136.490371704
1/6/2025 16:00:00	131.779098511
1/7/2025 16:00:00	138.914642334
1/8/2025 16:00:00	138.823165894
1/10/2025 16:00:00	145.592788696
1/13/2025 16:00:00	147.056488037
1/14/2025 16:00:00	147.559646606
1/15/2025 16:00:00	137.588150024
1/16/2025 16:00:00	140.378341675
1/17/2025 16:00:00	133.517227173
1/21/2025 16:00:00	131.275924683
1/22/2025 16:00:00	126.29019165
1/23/2025 16:00:00	125.512611389
1/24/2025 16:00:00	127.753890991
1/27/2025 16:00:00	139.051864624
1/28/2025 16:00:00	132.831100464
1/29/2025 16:00:00	133.700180054
1/30/2025 16:00:00	131.962036133
1/31/2025 16:00:00	132.785369873
2/3/2025 16:00:00	135.941497803
2/4/2025 16:00:00	131.047225952
2/5/2025 16:00:00	129.400558472
2/6/2025 16:00:00	127.342193604
2/7/2025 16:00:00	132.327941895
2/10/2025 16:00:00	127.66242981
2/11/2025 16:00:00	128.531494141
2/12/2025 16:00:00	128.348526001
2/13/2025 16:00:00	122.905387878
2/14/2025 16:00:00	121.624641418
2/18/2025 16:00:00	120.801300049
2/19/2025 16:00:00	120.755561829
2/20/2025 16:00:00	122.40222168
2/21/2025 16:00:00	130.086654663
2/24/2025 16:00:00	134.797958374
2/25/2025 16:00:00	139.920928955
2/26/2025 16:00:00	139.006103516
2/27/2025 16:00:00	150.578552246
2/28/2025 16:00:00	143.625930786
3/3/2025 16:00:00	152.911315918
3/4/2025 16:00:00	154.64944458
3/5/2025 16:00:00	148.703170776
3/6/2025 16:00:00	160.87020874
3/7/2025 16:00:00	157.66835022
3/10/2025 16:00:00	175.507232666
3/11/2025 16:00:00	177.474075317
3/12/2025 16:00:00	171.482040405
3/13/2025 16:00:00	180.858886719
3/14/2025 16:00:00	168.005752563
3/17/2025 16:00:00	164.758163452
3/18/2025 16:00:00	173.082992554
3/19/2025 16:00:00	166.496307373
3/20/2025 16:00:00	168.097244263
3/21/2025 16:00:00	166.496307373
3/24/2025 16:00:00	156.11315918
3/25/2025 16:00:00	153.322967529
3/26/2025 16:00:00	161.778533936
3/27/2025 16:00:00	164.609420776
3/28/2025 16:00:00	177.742904663
3/31/2025 16:00:00	177.928527832
4/1/2025 16:00:00	173.751800537
4/2/2025 16:00:00	169.853530884
4/3/2025 16:00:00	197.373519897
4/4/2025 16:00:00	233.711044312
4/7/2025 16:00:00	232.829284668
4/8/2025 16:00:00	245.823532104
4/9/2025 16:00:00	159.086853027
4/10/2025 16:00:00	177.325241089
4/11/2025 16:00:00	168.090026855
4/14/2025 16:00:00	164.516601562
4/15/2025 16:00:00	164.006103516
4/16/2025 16:00:00	178.856704712
4/17/2025 16:00:00	179.320770264
4/21/2025 16:00:00	192.547058105
4/22/2025 16:00:00	177.650085449
4/23/2025 16:00:00	165.95526123
4/24/2025 16:00:00	151.847213745
4/25/2025 16:00:00	146.881546021
4/28/2025 16:00:00	147.067153931
4/29/2025 16:00:00	144.23626709
4/30/2025 16:00:00	144.143463135
5/1/2025 16:00:00	139.270614624
5/2/2025 16:00:00	132.773498535
5/5/2025 16:00:00	135.233123779
5/6/2025 16:00:00	138.899353027
5/7/2025 16:00:00	137.367874146
5/8/2025 16:00:00	133.283981323
5/9/2025 16:00:00	133.65524292
5/12/2025 16:00:00	117.505226135
5/13/2025 16:00:00	112.121887207
5/14/2025 16:00:00	110.17275238
5/15/2025 16:00:00	109.755081177
5/16/2025 16:00:00	108.502067566
5/19/2025 16:00:00	108.316421509
5/20/2025 16:00:00	109.476623535
5/21/2025 16:00:00	113.978225708
5/22/2025 16:00:00	113.421318054
5/23/2025 16:00:00	116.762702942
5/27/2025 16:00:00	108.594871521
5/28/2025 16:00:00	110.079940796
5/29/2025 16:00:00	109.430221558
5/30/2025 16:00:00	110.126342773
6/2/2025 16:00:00	107.573905945
6/3/2025 16:00:00	105.067863464
6/4/2025 16:00:00	104.325332642
6/5/2025 16:00:00	106.692146301
6/6/2025 16:00:00	103.72203064
6/9/2025 16:00:00	103.350761414
6/10/2025 16:00:00	101.216003418
6/11/2025 16:00:00	102.376197815
6/12/2025 16:00:00	101.726478577
6/13/2025 16:00:00	105.624771118
6/16/2025 16:00:00	101.262405396
6/17/2025 16:00:00	104.278930664
6/18/2025 16:00:00	104.418151855
6/20/2025 16:00:00	105.949615479
6/23/2025 16:00:00	102.654647827
6/24/2025 16:00:00	97.9674377441
6/25/2025 16:00:00	97.2486343384
6/26/2025 16:00:00	94.6177597046
6/27/2025 16:00:00	93.6781463623
6/30/2025 16:00:00	91.9398956299
7/1/2025 16:00:00	94.2889022827
7/2/2025 16:00:00	92.3627166748
7/3/2025 16:00:00	89.8727722168
7/7/2025 16:00:00	91.8929138184
7/8/2025 16:00:00	91.7519836426
7/9/2025 16:00:00	89.8727722168
7/10/2025 16:00:00	90.2486190796
7/11/2025 16:00:00	91.000289917
7/14/2025 16:00:00	90.1076812744
7/15/2025 16:00:00	89.8727722168
7/16/2025 16:00:00	89.5908889771
7/17/2025 16:00:00	87.4767913818
7/18/2025 16:00:00	87.8526382446
7/21/2025 16:00:00	86.5371932983
7/22/2025 16:00:00	87.8996124268
7/23/2025 16:00:00	86.7720870972
7/24/2025 16:00:00	86.2083358765
7/25/2025 16:00:00	85.73853302
7/28/2025 16:00:00	84.9398727417
7/29/2025 16:00:00	85.3626861572
7/30/2025 16:00:00	85.0338363647
7/31/2025 16:00:00	86.5371932983
8/1/2025 16:00:00	91.7049865723
8/4/2025 16:00:00	86.6781311035
8/5/2025 16:00:00	88.5103530884
8/6/2025 16:00:00	85.1747741699
8/7/2025 16:00:00	84.3291320801
8/8/2025 16:00:00	82.1210632324
8/11/2025 16:00:00	82.9667129517
8/12/2025 16:00:00	79.7720718384
8/13/2025 16:00:00	79.6781158447
8/14/2025 16:00:00	79.9130172729
8/15/2025 16:00:00	81.1344909668
8/18/2025 16:00:00	81.2284469604
8/19/2025 16:00:00	84.5640335083
8/20/2025 16:00:00	86.1143722534
8/21/2025 16:00:00	87.3358459473
8/22/2025 16:00:00	83.3895263672
8/25/2025 16:00:00	84.1881942749
8/26/2025 16:00:00	83.1546325684
8/27/2025 16:00:00	82.8257675171
8/28/2025 16:00:00	81.3224105835
8/29/2025 16:00:00	84.3291320801
9/2/2025 16:00:00	86.4432373047
9/3/2025 16:00:00	84.5170516968
9/4/2025 16:00:00	82.1680450439
9/5/2025 16:00:00	81.9801330566
9/8/2025 16:00:00	80.8056335449
9/9/2025 16:00:00	80.1479110718
9/10/2025 16:00:00	80.1009292603
9/11/2025 16:00:00	78.7385101318
9/12/2025 16:00:00	77.7989120483
9/15/2025 16:00:00	75.8257446289
9/16/2025 16:00:00	76.0606460571
9/17/2025 16:00:00	76.5774307251
9/18/2025 16:00:00	74.510307312
9/19/2025 16:00:00	73.0539245605
9/22/2025 16:00:00	71.8324508667
9/23/2025 16:00:00	73.2888336182
9/24/2025 16:00:00	74.1144485474
9/25/2025 16:00:00	75.1166229248
9/26/2025 16:00:00	74.2098922729
9/29/2025 16:00:00	73.2076873779
9/30/2025 16:00:00	72.6827468872
10/1/2025 16:00:00	71.6328277588
10/2/2025 16:00:00	70.8215179443
10/3/2025 16:00:00	71.8237228394
10/6/2025 16:00:00	70.2011260986
10/7/2025 16:00:00	71.3464889526
10/8/2025 16:00:00	68.9125823975
10/9/2025 16:00:00	69.198928833
10/10/2025 16:00:00	76.5006103516
10/13/2025 16:00:00	71.6805419922
10/14/2025 16:00:00	73.0645294189
10/15/2025 16:00:00	71.6328277588
10/16/2025 16:00:00	72.3963928223
10/17/2025 16:00:00	71.0601425171
10/20/2025 16:00:00	68.3876419067
10/21/2025 16:00:00	68.4830856323
10/22/2025 16:00:00	70.582901001
10/23/2025 16:00:00	68.7217025757
10/24/2025 16:00:00	66.6218643188
10/27/2025 16:00:00	63.0903282166
10/28/2025 16:00:00	61.6586303711
10/29/2025 16:00:00	60.8950576782
10/30/2025 16:00:00	63.7107391357
10/31/2025 16:00:00	62.8039970398
11/3/2025 16:00:00	61.9926948547
11/4/2025 16:00:00	65.8105697632
11/5/2025 16:00:00	64.474319458
11/6/2025 16:00:00	68.149017334
11/7/2025 16:00:00	68.8648681641
11/10/2025 16:00:00	64.3311462402
11/11/2025 16:00:00	64.8560943604
11/12/2025 16:00:00	65.0469970703
11/13/2025 16:00:00	69.1034851074
11/14/2025 16:00:00	68.960319519
11/17/2025 16:00:00	70.8215179443
11/18/2025 16:00:00	73.3985900879
11/19/2025 16:00:00	72.1577758789
11/20/2025 16:00:00	77.2355499268
11/21/2025 16:00:00	75.6034088135
11/24/2025 16:00:00	69.8288879395
11/25/2025 16:00:00	68.5689849854
11/26/2025 16:00:00	66.7841262817
11/28/2025 16:00:00	65.2951583862
12/1/2025 16:00:00	65.9537353516
12/2/2025 16:00:00	64.4265975952
12/3/2025 16:00:00	63.9779853821
12/4/2025 16:00:00	64.1975250244
12/5/2025 16:00:00	63.4625778198
12/8/2025 16:00:00	63.8825416565
12/9/2025 16:00:00	63.6534729004
12/10/2025 16:00:00	62.9185256958
12/11/2025 16:00:00	63.5389328003
12/12/2025 16:00:00	67.2900009155
12/15/2025 16:00:00	68.330368042
12/16/2025 16:00:00	67.9294891357
12/17/2025 16:00:00	71.7187271118
12/18/2025 16:00:00	68.6453399658
12/19/2025 16:00:00	65.9728317261
12/22/2025 16:00:00	65.1042556763
12/23/2025 16:00:00	64.1784286499
12/24/2025 16:00:00	63.6765937805
12/26/2025 16:00:00	63.7839927673
12/29/2025 16:00:00	64.7310409546
12/30/2025 16:00:00	65.1996688843
12/31/2025 16:00:00	66.8789749146
1/2/2026 16:00:00	67.337852478
1/5/2026 16:00:00	65.765953064
1/6/2026 16:00:00	64.0573654175
1/7/2026 16:00:00	63.8718605042
1/8/2026 16:00:00	65.0141677856
1/9/2026 16:00:00	63.1396064758
1/12/2026 16:00:00	62.9833946228
1/13/2026 16:00:00	63.3153495789
1/14/2026 16:00:00	65.3558883667
1/15/2026 16:00:00	64.691986084
1/16/2026 16:00:00	65.00440979
1/20/2026 16:00:00	69.0952453613
1/21/2026 16:00:00	66.3615188599
1/22/2026 16:00:00	64.8970108032
1/23/2026 16:00:00	64.3502731323
1/26/2026 16:00:00	63.5301399231
1/27/2026 16:00:00	61.8313217163
1/28/2026 16:00:00	61.3041000366
1/29/2026 16:00:00	62.3683052063
1/30/2026 16:00:00	64.691986084
2/2/2026 16:00:00	63.3739280701
2/3/2026 16:00:00	66.3517532349
2/4/2026 16:00:00	69.7982177734
2/5/2026 16:00:00	72.8150939941
2/6/2026 16:00:00	68.3337173462
2/9/2026 16:00:00	66.7911071777
2/10/2026 16:00:00	67.7381439209
2/11/2026 16:00:00	67.2499847412
2/12/2026 16:00:00	71.3701095581
2/13/2026 16:00:00	71.0088729858
2/17/2026 16:00:00	71.2334289551
2/18/2026 16:00:00	69.7103500366
2/19/2026 16:00:00	70.5011749268
2/20/2026 16:00:00	68.7047195435
2/23/2026 16:00:00	71.2334289551
2/24/2026 16:00:00	68.9878616333
2/25/2026 16:00:00	66.0393295288
2/26/2026 16:00:00	68.411819458
2/27/2026 16:00:00	69.1733627319
3/2/2026 16:00:00	68.9195098877
3/3/2026 16:00:00	71.1455612183
3/4/2026 16:00:00	67.9724731445
3/5/2026 16:00:00	68.5973205566
3/6/2026 16:00:00	71.7215957642
3/9/2026 16:00:00	68.9292755127
3/10/2026 16:00:00	68.9195098877
3/11/2026 16:00:00	68.9780960083
3/12/2026 16:00:00	72.5710144043
3/13/2026 16:00:00	73.9476394653
3/16/2026 16:00:00	71.4775085449
3/17/2026 16:00:00	70.4425964355
3/18/2026 16:00:00	73.4301834106
3/19/2026 16:00:00	74.1136169434
3/20/2026 16:00:00	78.3509140015
3/23/2026 16:00:00	75.6464691162
3/24/2026 16:00:00	77.2671813965
3/25/2026 16:00:00	75.7494354248
3/26/2026 16:00:00	81.202293396
3/27/2026 16:00:00	86.0448989868
3/30/2026 16:00:00	88.0134429932
3/31/2026 16:00:00	79.2239074707
4/1/2026 16:00:00	76.2317276001
4/2/2026 16:00:00	76.0742492676
4/6/2026 16:00:00	74.7257919312
4/7/2026 16:00:00	74.7159576416
4/8/2026 16:00:00	68.1114959717
4/9/2026 16:00:00	66.7925796509
4/10/2026 16:00:00	66.5563583374
4/13/2026 16:00:00	64.5385971069
4/14/2026 16:00:00	61.0444374084
4/15/2026 16:00:00	58.5050201416
4/16/2026 16:00:00	57.6880760193
4/17/2026 16:00:00	55.5029983521
4/20/2026 16:00:00	56.0148162842
4/21/2026 16:00:00	56.6841201782
4/22/2026 16:00:00	53.8691101074
4/23/2026 16:00:00	54.7844810486
4/24/2026 16:00:00	51.6741867065
4/27/2026 16:00:00	51.6249732971
4/28/2026 16:00:00	53.1998062134
4/29/2026 16:00:00	52.2450637817
4/30/2026 16:00:00	50.8375587463
5/1/2026 16:00:00	49.4300498962
5/4/2026 16:00:00	49.7154884338
5/5/2026 16:00:00	47.8256912231
5/6/2026 16:00:00	44.8728790283
5/7/2026 16:00:00	45.0106773376
5/8/2026 16:00:00	41.9003829956
5/11/2026 16:00:00	41.5558891296
5/12/2026 16:00:00	42.6287460327
5/13/2026 16:00:00	41.3295097351
5/14/2026 16:00:00	40.4239768982
5/15/2026 16:00:00	42.3039321899
5/18/2026 16:00:00	42.8551254272
5/19/2026 16:00:00	43.6720695496
5/20/2026 16:00:00	41.5263595581
5/21/2026 16:00:00	41.2999763489
5/22/2026 16:00:00	40.8472137451
5/26/2026 16:00:00	38.6621322632
5/27/2026 16:00:00	38.8196144104
5/28/2026 16:00:00	37.8648757935
5/29/2026 16:00:00	37.481010437
6/1/2026 16:00:00	36.8313903809
6/2/2026 16:00:00	36.3294143677
6/3/2026 16:00:00	36.6050071716
6/4/2026 16:00:00	37.1660423279
6/5/2026 16:00:00	42.5106277466
6/8/2026 16:00:00	40.6109886169
6/9/2026 16:00:00	41.9988098145
6/10/2026 16:00:00	44.5382270813
6/11/2026 16:00:00	40.1877555847
6/12/2026 16:00:00	39.4101791382
6/15/2026 16:00:00	35.7388534546
6/16/2026 16:00:00	37.746761322
6/17/2026 16:00:00	38.8983612061
6/18/2026 16:00:00	36.1719322205
6/22/2026 16:00:00	36.3490982056
6/23/2026 16:00:00	39.922000885
6/24/2026 16:00:00	40.4500007629
6/25/2026 16:00:00	39.4700012207
6/26/2026 16:00:00	41.3100013733
6/29/2026 16:00:00	38.1599998474
6/30/2026 16:00:00	36.3100013733
7/1/2026 16:00:00	37.8800010681
7/2/2026 16:00:00	39.9500007629
7/6/2026 16:00:00	38.2799987793
7/7/2026 16:00:00	40.3800010681
7/8/2026 16:00:00	40.0800018311
7/9/2026 16:00:00	38.0999984741
7/10/2026 16:00:00	37.7799987793
7/13/2026 16:00:00	39.9500007629
7/14/2026 16:00:00	38.6300010681
7/15/2026 16:00:00	38.9399986267
7/16/2026 16:00:00	40.8899993896
7/17/2026 16:00:00	42.7900009155
7/20/2026 16:00:00	42.6800003052
7/21/2026 16:00:00	40.3100013733
7/22/2026 16:00:00	40.9399986267
7/23/2026 16:00:00	43.2700004578
7/24/2026 16:00:00	44.7900009155
7/27/2026 16:00:00	45.2200012207
7/28/2026 16:00:00	46.5099983215
7/29/2026 16:00:00	49.4399986267
7/30/2026 16:00:00	44.6199989319
7/31/2026 16:00:00	43.7299995422
8/3/2026 16:00:00	41.4300003052
8/4/2026 16:00:00	37.2599983215
8/5/2026 16:00:00	38.2900009155
8/6/2026 16:00:00	38.0849990845
